index,target,actual,predicted,abs_error,percent_error
0,Melt(K),465.0,457.3525781497571,7.647421850242893,1.644606849514597
1,Melt(K),688.0,689.0051314369482,1.0051314369482043,0.14609468560293645
2,Melt(K),821.2,849.698274775511,28.498274775510936,3.4703208445580733
3,Melt(K),1045.0,1056.6162408738335,11.616240873833476,1.1116019974960254
4,Melt(K),1692.0,1740.002642500048,48.00264250004807,2.8370356087498845
5,Melt(K),875.0,875.5276984848834,0.5276984848834445,0.060308398272393586
6,Melt(K),1505.0,1746.6076592123418,241.6076592123418,16.053665063942965
7,Melt(K),1042.7,1046.8283369601786,4.128336960178558,0.39592758800983546
8,Melt(K),1131.2,1121.3143955609062,9.885604439093868,0.8739042113767556
9,Melt(K),1132.0,1124.4417731128879,7.558226887112141,0.6676878875540756
10,Melt(K),1766.0,1615.6099148712738,150.39008512872624,8.515859860063768
11,Melt(K),883.0,872.0915880410398,10.908411958960187,1.2353807428040968
12,Melt(K),1121.2,1077.8384250199815,43.36157498001853,3.8674255244397515
13,Melt(K),987.0,1014.4638537294113,27.463853729411312,2.7825586351987117
14,Melt(K),1534.2,1558.1074293082243,23.90742930822421,1.5582993943569414
15,Melt(K),1073.8,1071.785403790495,2.0145962095050436,0.18761372783619315
16,Melt(K),1268.0,1238.9779660640681,29.02203393593186,2.2888039381649716
17,Melt(K),1031.0,1032.0617128602462,1.061712860246189,0.10297893891815596
18,Melt(K),1650.0,1684.9296020338331,34.929602033833135,2.1169455778080675
19,Melt(K),1075.0,1072.6625588247873,2.337441175212689,0.21743638839187784
20,Melt(K),1735.0,1739.2845418657291,4.284541865729125,0.2469476579670964
21,Melt(K),1040.0,1042.2834302809883,2.283430280988341,0.21956060394118646
22,Melt(K),1699.0,1708.6532105520864,9.65321055208642,0.5681701325536442
23,Melt(K),1146.0,1177.175666723777,31.175666723777113,2.7203897664726955
24,Melt(K),1746.0,1615.0662499212312,130.93375007876875,7.499069305771402
25,Melt(K),1043.0,1035.038044139508,7.961955860492026,0.7633706481775665
26,Melt(K),1384.0,1414.1076608945787,30.107660894578657,2.175409024174757
27,Melt(K),1114.0,1141.3484488800423,27.34844888004227,2.454977457813487
28,Melt(K),861.0,819.6375217072712,41.36247829272884,4.804004447471404
29,Melt(K),1768.2,1775.785615255476,7.585615255475886,0.4290021069718291
30,Melt(K),1309.0,1235.475660797072,73.5243392029281,5.616832635823381
31,Melt(K),710.0,613.4049101205903,96.59508987940967,13.604942236536555
32,Melt(K),1191.0,1184.0892746324653,6.910725367534724,0.5802456227988848
33,Melt(K),452.0,456.36363906735835,4.363639067358349,0.9654068733093671
34,Melt(K),414.0,420.0858847628131,6.085884762813123,1.4700204741094463
35,Melt(K),531.0,529.9760565105212,1.0239434894788246,0.1928330488660683
36,Melt(K),905.0,902.3789079718753,2.6210920281247354,0.2896234285220699
37,Melt(K),942.0,938.955174535838,3.044825464162045,0.3232298794227221
38,Melt(K),972.0,965.9427597799815,6.057240220018457,0.6231728621418159
39,Melt(K),1000.0,996.1976355130545,3.802364486945521,0.3802364486945517
40,Melt(K),1024.0,1021.4056724877992,2.5943275122008345,0.2533522961133625
41,Melt(K),1030.0,1021.988634071934,8.01136592806597,0.7778025172879576
42,Melt(K),992.0,984.7842312744917,7.215768725508269,0.7273960408778489
43,Melt(K),966.0,959.0540103622579,6.945989637742059,0.7190465463501089
44,Melt(K),937.0,932.4258020514726,4.574197948527399,0.4881748077403835
45,Melt(K),945.0,939.9055642080366,5.094435791963406,0.5390937345993017
46,Melt(K),994.0,987.4545933393488,6.545406660651224,0.6584916157596798
47,Melt(K),959.0,956.6763590471883,2.323640952811729,0.24229832667484116
48,Melt(K),897.0,896.3083251947274,0.6916748052725552,0.07710978877063036
49,Melt(K),824.0,829.9404659173028,5.940465917302845,0.7209303297697618
50,Melt(K),815.0,813.8506351562472,1.1493648437527781,0.1410263611966597
51,Melt(K),778.0,774.284707504469,3.7152924955310027,0.47754402256182493
52,Melt(K),755.0,751.0900140368519,3.909985963148074,0.5178789355163005
53,Melt(K),756.0,758.4831757550454,2.4831757550454086,0.32846240146103245
54,Melt(K),761.0,761.0853748418148,0.08537484181476884,0.011218770277893393
55,Melt(K),761.0,755.5748007299658,5.425199270034227,0.7129039776654691
56,Melt(K),752.0,745.9160407464807,6.0839592535193106,0.809037134776503
57,Melt(K),746.0,743.7211629198741,2.278837080125868,0.30547413942705964
58,Melt(K),709.0,702.3662661008918,6.633733899108165,0.9356465301986115
59,Melt(K),704.0,704.2596227824289,0.2596227824288917,0.036878236140467514
60,Melt(K),703.0,699.6708553117983,3.3291446882017226,0.4735625445521647
61,Melt(K),697.6,695.7584262783788,1.8415737216212165,0.2639870587186373
62,Melt(K),842.0,834.5120992125852,7.487900787414787,0.8892993809281209
63,Melt(K),960.0,962.1494335266851,2.1494335266851294,0.22389932569636742
64,Melt(K),992.0,990.6555927120164,1.3444072879835858,0.13552492822415166
65,Melt(K),1012.0,1010.2545826217524,1.7454173782475664,0.1724720729493641
66,Melt(K),1040.0,1034.7121742488148,5.28782575118521,0.5084447837678082
67,Melt(K),1088.0,1089.4036240933158,1.4036240933157842,0.1290095674003477
68,Melt(K),1051.0,1049.0870742912975,1.9129257087024598,0.1820100579165041
69,Melt(K),1039.0,1043.3206864999454,4.3206864999453956,0.41585048122669793
70,Melt(K),1029.0,1034.4088336314646,5.408833631464631,0.5256398086943271
71,Melt(K),999.0,996.7486257559472,2.2513742440528404,0.2253627871924763
72,Melt(K),960.0,964.7679630441927,4.7679630441926975,0.49666281710340543
73,Melt(K),930.0,929.3790507324145,0.6209492675855017,0.06676873845005388
74,Melt(K),874.0,872.471003024146,1.5289969758540565,0.17494244574989185
75,Melt(K),864.0,860.5280408776797,3.4719591223202997,0.4018471206389231
76,Melt(K),815.0,813.3397749276553,1.6602250723447014,0.20370859783370543
77,Melt(K),837.0,836.1799480198122,0.8200519801878272,0.09797514697584543
78,Melt(K),858.0,853.4974090078525,4.502590992147475,0.5247775049122925
79,Melt(K),869.0,867.2957551870985,1.7042448129014929,0.19611562864228893
80,Melt(K),879.0,875.807208304944,3.19279169505603,0.3632299994375457
81,Melt(K),883.0,878.8149584387089,4.1850415612910865,0.4739571417090693
82,Melt(K),883.0,878.8765396338644,4.123460366135646,0.46698305392249617
83,Melt(K),879.0,877.2792631271658,1.720736872834209,0.19576073638614414
84,Melt(K),880.0,876.672592140806,3.327407859193954,0.378114529453858
85,Melt(K),874.0,871.852306402293,2.1476935977069616,0.24573153291841637
86,Melt(K),957.0,955.2660664745486,1.733933525451448,0.18118427643170806
87,Melt(K),993.0,989.2630860262366,3.7369139737634214,0.37632567711615483
96,Melt(K),1049.0,1048.1326592688497,0.867340731150307,0.08268262451385187
97,Melt(K),1013.0,1011.1843031565843,1.815696843415708,0.17923956993244877
98,Melt(K),939.0,932.2389943492344,6.761005650765583,0.7200219010399974
99,Melt(K),852.0,850.5992891257621,1.400710874237916,0.16440268476970823
100,Melt(K),779.0,772.8704973603992,6.129502639600787,0.7868424441079306
101,Melt(K),890.0,886.3871155220759,3.6128844779241263,0.40594207617124967
102,Melt(K),935.0,933.4966349123432,1.503365087656789,0.16078770990981683
103,Melt(K),1034.0,1030.266461907731,3.7335380922691,0.3610771849389842
104,Melt(K),961.0,954.8512279711182,6.148772028881808,0.6398305961375444
105,Melt(K),904.0,898.3956334881924,5.604366511807598,0.6199520477663265
106,Melt(K),831.0,823.2442170665412,7.755782933458818,0.9333072122092428
107,Melt(K),738.0,731.1463216318493,6.853678368150668,0.9286827057114713
108,Melt(K),644.0,641.5060201471556,2.4939798528444044,0.38726395230503113
109,Melt(K),645.0,656.4555203446268,11.455520344626848,1.776049665833617
110,Melt(K),717.0,716.3161770516964,0.6838229483036002,0.09537279613718261
111,Melt(K),787.0,780.9703642166002,6.02963578339984,0.7661544832782506
112,Melt(K),798.0,798.1351420738443,0.1351420738443494,0.016935096972976092
113,Melt(K),830.0,829.2979050411735,0.7020949588264784,0.08458975407547922
114,Melt(K),828.0,826.9222932240723,1.0777067759277088,0.1301578231796748
115,Melt(K),909.0,905.6809641823052,3.3190358176948394,0.3651304529917311
116,Melt(K),983.0,984.218642018408,1.2186420184079907,0.12397172109949027
117,Melt(K),1019.0,1017.3739354010268,1.6260645989732438,0.15957454356950365
118,Melt(K),1045.0,1043.2412077528784,1.7587922471216189,0.1683054781934562
119,Melt(K),814.0,810.6593448259982,3.3406551740017676,0.41039989852601516
120,Melt(K),804.0,801.0279043490019,2.972095650998085,0.36966363818384096
121,Melt(K),796.0,794.1712440553529,1.8287559446471278,0.2297432091265233
122,Melt(K),788.0,787.1850901837042,0.8149098162957671,0.10341495130656929
123,Melt(K),782.0,779.5199480489359,2.4800519510640697,0.31714219323069903
124,Melt(K),774.0,772.7125837517326,1.287416248267391,0.1663328486133578
125,Melt(K),769.0,767.2068643520174,1.7931356479825808,0.2331775875139894
126,Melt(K),768.0,764.7172231733828,3.282776826617237,0.42744489929911883
127,Melt(K),768.0,763.5445663950404,4.45543360495958,0.5801345839791112
128,Melt(K),772.0,768.351425965953,3.6485740340469874,0.4726132168454641
129,Melt(K),778.0,774.994761085405,3.0052389145949974,0.38627749544922796
130,Melt(K),778.0,774.3618906717311,3.6381093282689108,0.4676233069754378
131,Melt(K),771.0,768.3961460972854,2.6038539027146044,0.33772424159722453
132,Melt(K),750.0,744.9092241590079,5.090775840992137,0.678770112132284
133,Melt(K),714.0,710.7312464612487,3.268753538751298,0.45780861887273017
134,Melt(K),661.0,643.6932823787604,17.306717621239613,2.6182628776459285
135,Melt(K),654.0,644.7720910825747,9.227908917425339,1.4109952473127407
136,Melt(K),686.0,675.368109189061,10.631890810939012,1.5498383106325067
137,Melt(K),715.0,712.2401362333505,2.7598637666494596,0.3859949323985253
138,Melt(K),730.0,723.7309135820474,6.269086417952622,0.8587789613633716
139,Melt(K),733.0,716.7375593141542,16.26244068584583,2.218614008983057
140,Melt(K),783.0,774.8472262093859,8.152773790614106,1.0412227063364106
141,Melt(K),748.0,757.8987312117484,9.89873121174844,1.323359787666902
142,Melt(K),919.0,917.6553942528909,1.3446057471090853,0.14631183320011792
143,Melt(K),894.0,893.4749677789865,0.5250322210134755,0.058728436354974815
144,Melt(K),1043.0,1049.8995294105284,6.89952941052843,0.6615080930516226
145,Melt(K),1201.0,1214.2158782938827,13.215878293882724,1.1004061860018912
146,Melt(K),1304.0,1326.074456095359,22.074456095358983,1.6928263876809024
147,Melt(K),1073.0,1086.4552510191295,13.455251019129491,1.2539842515498116
148,Melt(K),999.0,1004.481740976172,5.481740976171977,0.5487228204376348
149,Melt(K),971.0,963.6663263624447,7.333673637555307,0.7552701995422554
150,Melt(K),884.0,882.6010331370959,1.3989668629041034,0.15825417001177622
151,Melt(K),858.0,853.670431755812,4.3295682441879535,0.5046116834717889
152,Melt(K),771.0,769.6113604591806,1.3886395408194403,0.18010888985984935
153,Melt(K),908.0,890.6579522630909,17.34204773690908,1.909917151641967
154,Melt(K),996.0,994.7762743133471,1.2237256866528696,0.12286402476434422
155,Melt(K),996.0,995.9532489931142,0.046751006885756397,0.004693876193349031
156,Melt(K),911.0,908.2895482592161,2.710451740783924,0.29752488921887166
157,Melt(K),787.0,785.6814308987676,1.318569101232356,0.1675437231553182
158,Melt(K),848.0,844.0648794882139,3.9351205117860673,0.4640472301634508
159,Melt(K),846.0,843.6100219362952,2.3899780637048025,0.28250331722278954
160,Melt(K),930.0,929.8135135090097,0.186486490990319,0.020052310859174065
161,Melt(K),910.0,904.9986449525393,5.00135504746072,0.5495994557649136
162,Melt(K),891.0,888.2233639120194,2.7766360879805916,0.3116314352391233
163,Melt(K),909.0,900.7607952819595,8.239204718040469,0.9064031593003806
164,Melt(K),957.0,955.9156260337729,1.0843739662270764,0.1133097143392973
165,Melt(K),971.0,969.6108194509234,1.3891805490766274,0.1430669978451726
166,Melt(K),991.0,985.4849112600175,5.515088739982502,0.5565175317843084
167,Melt(K),1016.0,1014.1154028295426,1.8845971704573685,0.1854918474859613
168,Melt(K),1031.0,1029.8083180788576,1.19168192114239,0.11558505539693394
169,Melt(K),1037.0,1034.3168916888199,2.683108311180149,0.2587375420617306
170,Melt(K),1057.0,1053.793460656544,3.2065393434559155,0.303362284149093
171,Melt(K),1069.0,1062.877769562163,6.122230437837061,0.5727063084973859
172,Melt(K),1079.0,1076.6112163243722,2.388783675627792,0.221388663172177
173,Melt(K),1089.0,1079.4564669243175,9.54353307568249,0.8763574908799341
174,Melt(K),1102.0,1091.3528726585787,10.64712734142131,0.9661640055736208
175,Melt(K),1091.0,1086.9585107106177,4.041489289382298,0.37043898161157607
176,Melt(K),1047.0,1043.0250985488105,3.974901451189453,0.37964674796460834
177,Melt(K),999.0,997.9992905596145,1.000709440385549,0.10017111515370851
178,Melt(K),1048.0,1047.9677300364406,0.032269963559429016,0.0030791949961287202
179,Melt(K),1095.0,1092.3069096266488,2.693090373351197,0.24594432633344243
180,Melt(K),1163.0,1162.3437586612163,0.6562413387837296,0.056426598347698115
181,Melt(K),1184.0,1176.4420582538273,7.5579417461726734,0.6383396745078267
202,Melt(K),449.0,431.7130567388784,17.28694326112162,3.850098721853359
203,Melt(K),415.0,399.8827287803256,15.117271219674421,3.6427159565480443
204,Melt(K),413.0,396.72238991329385,16.277610086706147,3.9413099483549896
205,Melt(K),388.0,393.3618077046506,5.361807704650573,1.3819092022295256
206,Melt(K),384.0,371.59643916880304,12.403560831196955,3.230093966457532
207,Melt(K),393.0,377.18310924157913,15.816890758420868,4.024654137002755
208,Melt(K),407.0,391.3094564910535,15.690543508946519,3.855170395318545
209,Melt(K),424.0,434.4125607889533,10.412560788953272,2.4557926389040676
210,Melt(K),424.0,412.3214966558524,11.6785033441476,2.75436399626122
211,Melt(K),428.0,413.059214295172,14.940785704827988,3.490837781501858
212,Melt(K),430.0,417.8827565351304,12.117243464869603,2.817963596481296
213,Melt(K),966.0,963.5458220904975,2.454177909502505,0.25405568421350955
214,Melt(K),942.0,938.8054463870093,3.194553612990717,0.3391245873663178
215,Melt(K),934.0,933.6390534545452,0.36094654545479443,0.03864524041271885
216,Melt(K),913.0,912.2643471364331,0.7356528635668838,0.08057534102594556
217,Melt(K),892.0,887.5168557862892,4.48314421371083,0.5025946427926934
218,Melt(K),850.0,849.9580313513451,0.04196864865491534,0.004937488077048858
219,Melt(K),834.0,828.7618185836362,5.238181416363773,0.6280793065184372
220,Melt(K),770.0,764.4627340875143,5.537265912485736,0.7191254431799649
221,Melt(K),755.0,748.0632466763252,6.936753323674793,0.9187752746589117
222,Melt(K),736.0,733.6213248690316,2.3786751309684178,0.3231895558380998
223,Melt(K),741.0,735.8452223246363,5.154777675363675,0.695651508146244
224,Melt(K),797.0,794.9688232336404,2.0311767663596356,0.25485279377159764
225,Melt(K),849.0,848.5606027593167,0.43939724068332,0.0517546808814275
226,Melt(K),865.0,860.9036061851473,4.096393814852718,0.473571539289331
227,Melt(K),928.0,933.9595343058816,5.9595343058815615,0.6421911967544779
228,Melt(K),962.0,963.6621166333877,1.6621166333876545,0.17277719681784331
229,Melt(K),1026.0,1023.5827517102638,2.4172482897362215,0.23559924851230207
230,Melt(K),1055.0,1052.5333174511602,2.466682548839799,0.23380877240187647
231,Melt(K),723.0,719.9230366410051,3.076963358994931,0.4255827605802111
232,Melt(K),872.0,867.9306030789918,4.069396921008206,0.4666739588312157
233,Melt(K),935.0,934.4458355198522,0.5541644801478469,0.05926892835805843
234,Melt(K),812.0,808.3581224496841,3.6418775503159395,0.44850708747733187
235,Melt(K),730.0,726.9140472879544,3.0859527120455823,0.42273324822542163
236,Melt(K),678.0,669.0802232994788,8.919776700521197,1.3156012832627115
237,Melt(K),695.0,688.9049259103198,6.0950740896802245,0.8769890776518295
238,Melt(K),701.0,698.6737057749049,2.3262942250951255,0.3318536697710588
239,Melt(K),701.0,699.3151240950631,1.6848759049369164,0.24035319613936004
240,Melt(K),688.0,683.666275884134,4.333724115865948,0.6299017610270264
241,Melt(K),660.0,659.811032718067,0.1889672819329462,0.028631406353476652
242,Melt(K),722.0,720.594971745367,1.4050282546329527,0.1946022513342037
243,Melt(K),855.0,850.3027023133454,4.697297686654565,0.5493915422987788
244,Melt(K),922.0,920.8051724547515,1.1948275452484722,0.1295908400486411
245,Melt(K),992.0,989.8221799089389,2.1778200910611076,0.21953831563115983
246,Melt(K),1090.0,1068.755644657323,21.244355342676954,1.9490234259336638
247,Melt(K),1062.0,1057.9979580810977,4.0020419189022505,0.37684010535802703
248,Melt(K),1025.0,1020.6391753616936,4.36082463830644,0.42544630617623763
249,Melt(K),975.0,971.1114754522017,3.8885245477982835,0.3988230305434133
250,Melt(K),914.0,912.3362266704655,1.6637733295344788,0.1820320929468793
251,Melt(K),807.0,804.3869985978921,2.6130014021078978,0.3237919953045718
252,Melt(K),829.0,828.2486475945532,0.7513524054468235,0.09063358328670959
253,Melt(K),827.0,825.2782698683199,1.7217301316801468,0.20818985872794976
254,Melt(K),846.0,844.7185311384634,1.2814688615366094,0.1514738607017267
255,Melt(K),944.0,941.0674311521011,2.9325688478988923,0.31065347965030604
256,Melt(K),1004.0,1002.0135470802519,1.9864529197481033,0.1978538764689344
257,Melt(K),1034.0,1030.6277405464218,3.372259453578181,0.32613727790891467
258,Melt(K),1063.0,1058.6952319168088,4.30476808319122,0.4049640717959752
259,Melt(K),1070.0,1064.8310260759474,5.16897392405258,0.4830816751451005
260,Melt(K),1071.0,1066.9897243612409,4.01027563875914,0.37444216981878026
261,Melt(K),1072.0,1067.1705909954253,4.8294090045747,0.4505045713222664
262,Melt(K),846.0,842.5786577394715,3.4213422605284904,0.4044139787858731
263,Melt(K),813.0,807.3661241494904,5.633875850509639,0.6929736593492782
264,Melt(K),766.0,763.806151824255,2.193848175744961,0.2864031561024749
265,Melt(K),822.0,817.367177390588,4.63282260941196,0.5636037237727438
266,Melt(K),897.0,896.3988241895828,0.6011758104172031,0.0670207146507472
267,Melt(K),925.0,919.7956714214766,5.204328578523359,0.5626301165971193
268,Melt(K),957.0,958.2106101922459,1.2106101922458947,0.12650054255442983
269,Melt(K),983.0,980.2780891901523,2.7219108098477136,0.276898352985525
270,Melt(K),1028.0,1024.1159613845496,3.884038615450436,0.3778247680399253
271,Melt(K),1034.0,1035.8508586216367,1.8508586216366893,0.17899986669600462
272,Melt(K),1055.0,1057.6420447234482,2.64204472344818,0.2504307794737609
273,Melt(K),1063.0,1057.7495718394164,5.250428160583624,0.4939255089918739
274,Melt(K),1078.0,1084.0074650164563,6.007465016456308,0.5572787584838871
275,Melt(K),1089.0,1084.0662189508714,4.933781049128584,0.45305611103109084
276,Melt(K),859.0,855.8545112781279,3.145488721872084,0.36618029358231435
277,Melt(K),854.0,851.9663001247661,2.0336998752338786,0.23813815869249136
278,Melt(K),850.0,849.2007879721573,0.7992120278427137,0.09402494445208386
279,Melt(K),846.0,844.9385705710038,1.0614294289962345,0.12546447151255713
280,Melt(K),831.0,830.9681405215362,0.031859478463843516,0.003833872257983571
281,Melt(K),830.0,830.510084161278,0.5100841612779732,0.06145592304553886
282,Melt(K),800.0,798.3163075749854,1.6836924250145557,0.2104615531268192
283,Melt(K),760.0,759.2654165194114,0.7345834805886398,0.09665572113008405
284,Melt(K),751.0,745.2832130125721,5.716786987427895,0.7612233005895989
285,Melt(K),684.0,681.7539555179477,2.246044482052298,0.32836907632343487
286,Melt(K),666.0,662.637737487611,3.362262512388952,0.5048442210794214
287,Melt(K),667.0,665.1775387235022,1.8224612764978474,0.27323257518708316
288,Melt(K),679.0,674.7642786272877,4.235721372712305,0.6238175806645506
289,Melt(K),711.0,708.3222093978751,2.677790602124901,0.37662315079112474
290,Melt(K),1021.0,1016.7935221352184,4.206477864781618,0.41199587314217573
291,Melt(K),928.0,927.6758095665717,0.3241904334282708,0.0349343139470119
292,Melt(K),867.0,866.1616195426635,0.8383804573364841,0.09669901468702227
293,Melt(K),850.0,848.5493442818256,1.4506557181744029,0.17066537860875308
294,Melt(K),843.0,840.3696594923174,2.630340507682604,0.3120214125364888
295,Melt(K),846.0,843.1769455249512,2.8230544750488207,0.3336943823934772
296,Melt(K),849.0,847.7144367658865,1.2855632341135106,0.15142087563174428
297,Melt(K),850.0,848.3898016043971,1.610198395602879,0.18943510536504435
298,Melt(K),853.0,849.2352126058488,3.764787394151199,0.44135842838818223
299,Melt(K),853.0,850.0937132637893,2.9062867362107454,0.34071356813724996
300,Melt(K),850.0,847.954945875164,2.0450541248360423,0.24059460292188703
301,Melt(K),844.0,840.6359694602687,3.3640305397312886,0.3985818175037067
302,Melt(K),841.0,838.1983591766204,2.8016408233795573,0.3331320836360944
303,Melt(K),837.0,835.3513064538407,1.6486935461592793,0.19697652881233899
304,Melt(K),830.0,828.7455027742127,1.2544972257873042,0.15114424407075935
305,Melt(K),824.0,825.3840647024509,1.384064702450928,0.16796901728773378
306,Melt(K),819.0,817.1910861834444,1.8089138165555596,0.22086859787003144
307,Melt(K),822.0,817.9959254793732,4.004074520626773,0.487113688640726
308,Melt(K),829.0,829.047470140738,0.04747014073802802,0.00572619309264511
309,Melt(K),836.0,834.6339989041796,1.3660010958203657,0.16339726026559379
310,Melt(K),839.0,836.4516302076817,2.54836979231834,0.3037389502167267
311,Melt(K),850.0,849.0594027956079,0.9405972043921338,0.11065849463436855
312,Melt(K),1024.0,1020.7775654444997,3.2224345555002856,0.3146908745605745
313,Melt(K),996.0,992.1019429921555,3.8980570078445,0.3913711855265558
314,Melt(K),950.0,947.2400977763618,2.7599022236381643,0.2905160235408591
315,Melt(K),841.0,838.4824892099014,2.5175107900986404,0.2993472996550104
316,Melt(K),846.0,844.9640970510568,1.0359029489432032,0.12244715708548487
317,Melt(K),810.0,807.2331641736318,2.766835826368151,0.34158466992199354
318,Melt(K),614.0,665.1761825494643,51.17618254946433,8.334883151378541
319,Melt(K),622.0,692.6297202116629,70.62972021166286,11.355260484190152
320,Melt(K),662.0,669.434066100614,7.434066100614018,1.1229707100625388
321,Melt(K),699.0,699.016701766177,0.01670176617699326,0.0023893799967086176
322,Melt(K),737.0,735.0969926401907,1.903007359809294,0.25820995384115214
323,Melt(K),783.0,781.3891164308183,1.6108835691817376,0.20573225660047706
324,Melt(K),807.0,814.3234739123709,7.3234739123709005,0.9074936694387722
325,Melt(K),845.0,844.3828352911187,0.6171647088813188,0.07303724365459385
326,Melt(K),856.0,855.3650296278303,0.6349703721697324,0.07417878179552939
327,Melt(K),851.0,852.6873624854809,1.6873624854808895,0.19827996304123238
328,Melt(K),845.0,846.261260620288,1.2612606202879988,0.14926161186840203
329,Melt(K),837.0,837.8649009952655,0.8649009952655433,0.10333345224200027
330,Melt(K),866.0,864.6437517050932,1.3562482949067771,0.15661065761048215
331,Melt(K),931.0,931.8878520813614,0.8878520813614159,0.0953654222729769
332,Melt(K),953.0,950.8345243159778,2.1654756840222262,0.22722724911041176
333,Melt(K),982.0,980.6593273891671,1.3406726108329394,0.13652470578746823
334,Melt(K),1001.0,1000.09970500503,0.9002949949699541,0.08993955993705827
335,Melt(K),1018.0,1016.4903570699348,1.5096429300651835,0.14829498330699234
336,Melt(K),1025.0,1021.7846550548174,3.215344945182551,0.3136921897739071
337,Melt(K),1047.0,1044.6755793540538,2.3244206459462475,0.22200770257366242
338,Melt(K),1059.0,1047.4047207137362,11.595279286263803,1.0949272224989417
339,Melt(K),1071.0,1064.5607537934507,6.439246206549342,0.601236807334205
340,Melt(K),1082.0,1084.618129584368,2.6181295843680346,0.24197131093974422
341,Melt(K),1086.0,1091.9177938607177,5.917793860717666,0.544916561760374
342,Melt(K),1080.0,1076.3046504765298,3.695349523470213,0.34216199291390836
343,Melt(K),1034.0,1030.3664589696239,3.6335410303761364,0.35140628920465505
344,Melt(K),982.0,980.0629654258183,1.9370345741816664,0.19725402995739963
345,Melt(K),930.0,921.757342776968,8.242657223031983,0.886307228283008
346,Melt(K),1007.0,1005.9284646927556,1.0715353072444032,0.1064086700342008
347,Melt(K),1074.0,1070.7776967381767,3.222303261823299,0.3000282366688358
348,Melt(K),1132.0,1129.0889761909757,2.9110238090243,0.2571575803024998
349,Melt(K),1184.0,1160.7896758430848,23.21032415691525,1.9603314321718945
350,Melt(K),1229.0,1219.3688561405352,9.631143859464828,0.7836569454405875
351,Melt(K),1341.0,1342.3482669594218,1.348266959421835,0.10054190599715393
352,Melt(K),1300.0,1326.50267602518,26.502676025180108,2.0386673865523144
353,Melt(K),1234.0,1260.320736923727,26.320736923727054,2.1329608528141843
354,Melt(K),1132.0,1156.1938386542395,24.19383865423947,2.137264898784404
355,Melt(K),1042.0,1050.6477076308347,8.647707630834702,0.8299143599649419
356,Melt(K),978.0,989.9531952373203,11.953195237320301,1.2222081019754896
357,Melt(K),975.0,981.6690346684347,6.669034668434733,0.684003555736895
358,Melt(K),975.0,980.1184804909719,5.118480490971933,0.5249723580484028
359,Melt(K),1191.0,1196.919466319934,5.9194663199339175,0.4970164836216552
360,Melt(K),1048.0,1055.6606812157318,7.660681215731756,0.7309810320354723
361,Melt(K),976.0,970.999389131752,5.000610868248032,0.5123576709270519
362,Melt(K),962.0,962.9177359499391,0.9177359499391287,0.09539874739491971
363,Melt(K),978.0,980.1300322713079,2.1300322713078685,0.21779471076767548
364,Melt(K),951.0,943.4941232339394,7.505876766060624,0.7892614895962793
365,Melt(K),933.0,932.2333381965395,0.7666618034604653,0.08217168311473359
366,Melt(K),900.0,900.5218794998145,0.5218794998145313,0.05798661109050341
367,Melt(K),993.0,991.8199095222469,1.1800904777530832,0.11884093431551682
368,Melt(K),887.0,884.6551401149027,2.3448598850973212,0.26435849888357593
369,Melt(K),783.2,778.8483463528528,4.351653647147259,0.5556248272659925
370,Melt(K),794.0,790.6780975959781,3.3219024040218983,0.41837561763499925
371,Melt(K),783.0,781.7708286613802,1.2291713386198353,0.156982291011473
372,Melt(K),1033.0,1031.7075525012601,1.2924474987398753,0.12511592436978453
373,Melt(K),1025.0,1024.9300837636572,0.06991623634280586,0.00682109622856642
374,Melt(K),1201.0,1199.622803244003,1.3771967559969198,0.11467083730199157
375,Melt(K),673.0,643.4724700060881,29.527529993911912,4.387448736093888
376,Melt(K),621.0,617.9646657764756,3.035334223524387,0.48878167850634174
377,Melt(K),631.0,605.4152559769151,25.58474402308491,4.0546345519944325
378,Melt(K),642.0,629.735264143504,12.264735856496031,1.910394993223678
379,Melt(K),646.0,635.3848847590576,10.615115240942373,1.6432066936443275
380,Melt(K),647.0,639.9118131248749,7.088186875125075,1.0955466576700252
381,Melt(K),645.0,632.5621038195504,12.43789618044957,1.9283559969689226
382,Melt(K),643.0,630.6808361416311,12.319163858368938,1.9158886249407339
383,Melt(K),626.0,620.3867876032032,5.6132123967968255,0.8966792966129099
384,Melt(K),610.0,601.9875875137623,8.012412486237736,1.3135102436455282
385,Melt(K),612.0,606.1391891504813,5.860810849518657,0.957648831620694
386,Melt(K),728.0,719.7123351825991,8.287664817400923,1.1384154968957296
387,Melt(K),845.0,842.0798577414898,2.920142258510168,0.3455789655041615
388,Melt(K),860.0,854.860667679989,5.139332320011022,0.5975967813966298
389,Melt(K),846.0,843.4650793070728,2.534920692927244,0.29963601571243986
390,Melt(K),851.0,849.6254696814669,1.3745303185330613,0.16151942638461336
391,Melt(K),957.0,953.0443360651564,3.955663934843642,0.4133400140902443
408,Melt(K),976.0,972.887867696889,3.112132303111025,0.3188660146630145
409,Melt(K),752.0,751.2129969128837,0.7870030871163181,0.10465466583993577
410,Melt(K),823.0,819.9039634786903,3.0960365213096566,0.37618912774114854
411,Melt(K),925.0,922.8741691236648,2.125830876335158,0.2298195541983952
412,Melt(K),772.0,769.2534520006735,2.7465479993264807,0.3557704662339996
413,Melt(K),720.0,717.5163365314735,2.4836634685265153,0.3449532595175711
414,Melt(K),769.0,766.1282509652738,2.8717490347262355,0.373439406336311
415,Melt(K),752.0,751.3785040573196,0.6214959426804398,0.08264573705856902
416,Melt(K),911.0,909.447192485468,1.5528075145319917,0.1704508797510417
417,Melt(K),1003.0,999.5409269267711,3.459073073228865,0.34487268925512077
418,Melt(K),875.0,870.6564399454911,4.343560054508885,0.4964068633724434
419,Melt(K),699.0,693.6656676296143,5.3343323703857095,0.763137678166767
420,Melt(K),808.0,804.7830703034998,3.2169296965001877,0.39813486342824056
421,Melt(K),815.0,814.4311961447182,0.5688038552817716,0.06979188408365286
422,Melt(K),893.0,892.5103719989812,0.48962800101878656,0.054829563383962596
423,Melt(K),1001.0,997.1510839897222,3.848916010277776,0.38450709393384336
424,Melt(K),1013.0,1016.2144931584817,3.214493158481673,0.31732410251546594
425,Melt(K),920.0,915.7252417616787,4.274758238321283,0.4646476346001389
426,Melt(K),809.0,805.0193067790199,3.980693220980129,0.4920510779950709
427,Melt(K),868.0,867.0745816909714,0.9254183090286006,0.10661501256089856
428,Melt(K),846.0,846.3737202845358,0.37372028453580697,0.04417497453141921
429,Melt(K),998.0,994.5575413217233,3.4424586782766937,0.3449357393062816
430,Melt(K),818.0,816.9363284775167,1.0636715224833324,0.13003319345761993
431,Melt(K),808.0,803.6627635714491,4.337236428550909,0.5367866867018445
432,Melt(K),792.0,793.5551504102489,1.5551504102488707,0.1963573750314228
433,Melt(K),893.0,891.9408604733198,1.0591395266801555,0.11860465024413823
434,Melt(K),956.0,955.8324065499521,0.16759345004788884,0.017530695611703836
435,Melt(K),1004.0,1000.2997184654361,3.700281534563942,0.36855393770557154
436,Melt(K),827.0,825.5467110998138,1.4532889001861804,0.17573021767668423
437,Melt(K),788.0,785.9769304454379,2.0230695545620847,0.2567347150459495
438,Melt(K),759.0,757.2697769695565,1.7302230304435398,0.22796087357622363
439,Melt(K),822.0,819.4962431409141,2.503756859085911,0.3045932918595995
440,Melt(K),959.0,956.3574603894887,2.642539610511335,0.2755515756529022
441,Melt(K),1038.0,1032.6856571898177,5.314342810182325,0.5119790761254643
442,Melt(K),795.0,793.1219311366389,1.8780688633611362,0.23623507715234388
443,Melt(K),767.0,764.1422291571514,2.857770842848595,0.37259072266604837
444,Melt(K),728.0,724.6306772867179,3.369322713282145,0.46281905402227197
445,Melt(K),707.0,705.3825416550511,1.6174583449488864,0.22877770084142632
446,Melt(K),918.0,915.6245626093846,2.3754373906153887,0.2587622429864255
447,Melt(K),1034.0,1029.1961075957258,4.8038924042741655,0.4645930758485649
448,Melt(K),987.0,988.2248147526594,1.2248147526594266,0.1240947064497898
449,Melt(K),886.0,878.3496888738347,7.65031112616532,0.8634662670615476
450,Melt(K),816.0,813.0540985347046,2.9459014652953783,0.3610173364332567
451,Melt(K),867.0,863.3633256208324,3.63667437916763,0.4194549456940745
452,Melt(K),858.0,855.6741963993389,2.325803600661061,0.27107268072972707
453,Melt(K),1003.0,999.5969070403272,3.40309295967279,0.33929142170217214
454,Melt(K),795.0,791.0011094961875,3.998890503812504,0.5030050948191822
455,Melt(K),735.0,729.7186033057578,5.281396694242176,0.7185573733662814
456,Melt(K),814.0,813.424266375137,0.5757336248630054,0.07072894654336667
457,Melt(K),811.0,805.5757301678364,5.424269832163645,0.6688372172828161
458,Melt(K),928.0,927.4759663810081,0.5240336189918935,0.05646913997757467
459,Melt(K),1009.0,1006.6131336080009,2.3868663919990922,0.23655762061437957
460,Melt(K),946.0,944.9276192609495,1.072380739050459,0.11335948615755367
461,Melt(K),925.0,920.9524354640535,4.047564535946549,0.43757454442665344
462,Melt(K),881.0,876.4744426612416,4.525557338758404,0.5136841474186604
463,Melt(K),894.0,893.5245459503045,0.475454049695486,0.05318277960799613
464,Melt(K),960.0,958.4028492344236,1.5971507655764299,0.16636987141421128
465,Melt(K),1014.0,1012.7071856590212,1.2928143409787936,0.12749648333124183
466,Melt(K),843.0,840.8649619081386,2.135038091861361,0.253266677563625
467,Melt(K),850.0,848.5580778504003,1.4419221495996908,0.1696378999529046
468,Melt(K),878.0,873.8283754130921,4.17162458690791,0.47512808506923754
469,Melt(K),965.0,964.5658387227356,0.4341612772643657,0.044990805934131115
470,Melt(K),1029.0,1026.4122134950217,2.5877865049783395,0.251485568996923
471,Melt(K),858.0,854.7609981405832,3.239001859416817,0.37750604422107376
472,Melt(K),816.0,813.2895994339278,2.710400566072167,0.3321569321166867
473,Melt(K),878.0,875.2699457473052,2.7300542526947993,0.3109401198969016
474,Melt(K),966.0,963.1934293488138,2.8065706511862345,0.29053526409795355
475,Melt(K),1032.0,1030.203135756393,1.796864243606933,0.17411475228749337
476,Melt(K),779.0,776.654083699672,2.3459163003279855,0.30114458284056256
477,Melt(K),733.0,727.4029343821426,5.5970656178574245,0.7635833039368918
478,Melt(K),882.0,879.2762373799686,2.72376262003138,0.3088166235863239
479,Melt(K),991.0,987.0681106622267,3.9318893377733275,0.3967597717228379
480,Melt(K),1034.0,1031.2890879388951,2.710912061104864,0.262177181925035
481,Melt(K),976.0,973.6083972460901,2.391602753909865,0.24504126576945312
482,Melt(K),884.0,880.9253778253751,3.074622174624892,0.3478079383059829
483,Melt(K),714.0,713.3013792477916,0.6986207522083987,0.09784604372666635
484,Melt(K),914.0,912.0094087345377,1.9905912654622853,0.2177889787157859
485,Melt(K),1028.0,1025.230428070286,2.7695719297139476,0.26941361183987794
486,Melt(K),1051.0,1054.617730174407,3.6177301744069155,0.3442179043203532
487,Melt(K),1042.0,1042.7681445212986,0.7681445212986091,0.07371828419372442
488,Melt(K),969.0,968.946344860602,0.05365513939796074,0.005537166088540834
489,Melt(K),805.0,803.9363585894446,1.0636414105554195,0.1321293677708594
490,Melt(K),866.0,862.2923309023016,3.7076690976983855,0.4281373092030463
491,Melt(K),859.0,857.016525554889,1.9834744451110282,0.23090505763807054
492,Melt(K),944.0,941.3987290775171,2.601270922482854,0.2755583604325054
493,Melt(K),1042.0,1039.6050952973765,2.394904702623535,0.22983730351473441
494,Melt(K),1042.0,1041.5092013678843,0.4907986321156841,0.047101596172330486
495,Melt(K),954.0,953.7580018818772,0.2419981181227513,0.025366679048506396
496,Melt(K),832.0,832.5722893265188,0.572289326518785,0.06878477482196926
497,Melt(K),833.0,833.622566639285,0.6225666392849689,0.07473789187094455
498,Melt(K),947.0,946.165779373472,0.8342206265280083,0.08809087925322148
499,Melt(K),1043.0,1041.373405770646,1.626594229353941,0.15595342563316775
500,Melt(K),1067.0,1062.4876011179497,4.51239888205032,0.4229052373055592
501,Melt(K),999.0,996.3867968250682,2.613203174931755,0.26158189939256776
502,Melt(K),821.0,819.3776412215984,1.6223587784015763,0.19760764657753646
503,Melt(K),839.0,836.5677879835207,2.4322120164792977,0.2898941616781043
504,Melt(K),882.0,879.0343069319215,2.965693068078508,0.3362463796007375
505,Melt(K),1010.0,1009.984821880719,0.015178119281017644,0.001502784087229468
506,Melt(K),1081.0,1076.2724855831218,4.7275144168781935,0.43732788315246895
507,Melt(K),1001.0,998.5652566433453,2.434743356654735,0.24323110456091235
508,Melt(K),808.0,804.9608728690905,3.039127130909492,0.3761295954095901
509,Melt(K),817.0,817.0029689000187,0.002968900018686327,0.0003633904551635646
510,Melt(K),961.0,959.666223176142,1.3337768238579883,0.13879051236815682
511,Melt(K),891.0,888.7213901706117,2.2786098293883015,0.255736232254579
512,Melt(K),1056.0,1053.335599537284,2.664400462716003,0.2523106498784092
513,Melt(K),1017.0,1015.0717708039739,1.928229196026109,0.18959972428968605
514,Melt(K),796.0,796.1517663049801,0.15176630498012855,0.019066118716096526
515,Melt(K),834.0,831.8964125710728,2.1035874289271987,0.25222870850446
516,Melt(K),900.0,900.0290635523373,0.02906355233733393,0.0032292835930371
517,Melt(K),996.0,993.2549810978747,2.7450189021252527,0.27560430744229414
518,Melt(K),382.0,368.92357937261784,13.076420627382163,3.423146761094798
519,Melt(K),402.0,388.9468868249547,13.053113175045326,3.2470430783694755
520,Melt(K),394.0,380.9389399065839,13.061060093416074,3.314989871425391
521,Melt(K),414.0,397.3311264597449,16.668873540255106,4.026297956583349
522,Melt(K),387.0,373.85795153760785,13.142048462392154,3.3958781556568782
523,Melt(K),395.0,382.4951997041726,12.504800295827408,3.1657722267917405
524,Melt(K),380.0,366.4190143487908,13.580985651209176,3.5739435924234577
525,Melt(K),447.0,436.26145713757546,10.738542862424538,2.402358582197878
526,Melt(K),443.0,431.1415237011328,11.858476298867174,2.6768569523402137
527,Melt(K),454.0,447.4257468896375,6.57425311036252,1.4480733723265429
528,Melt(K),821.0,820.8047419409453,0.1952580590547086,0.023782954817869472
529,Melt(K),812.0,811.9017102743455,0.09828972565446747,0.01210464601656002
530,Melt(K),837.0,835.406825218056,1.593174781943958,0.1903434625978442
531,Melt(K),845.0,843.0941553505086,1.9058446494914278,0.22554374550194384
532,Melt(K),839.0,835.5913742477643,3.4086257522357073,0.4062724376919789
533,Melt(K),849.0,847.5289636089319,1.4710363910680826,0.17326694830012732
534,Melt(K),800.0,799.2343485785478,0.7656514214521621,0.09570642768152014
535,Melt(K),823.0,821.4206377239291,1.579362276070924,0.19190307121153366
536,Melt(K),836.0,831.2494422762425,4.750557723757538,0.568248531549944
537,Melt(K),825.0,824.8091605709443,0.19083942905569984,0.023132052006751468
538,Melt(K),962.0,966.8635281875652,4.86352818756518,0.5055642606616606
539,Melt(K),898.0,898.7810485151867,0.7810485151867397,0.08697644935264352
540,Melt(K),810.0,804.2979352069067,5.702064793093314,0.7039586164312724
541,Melt(K),815.0,814.233879696615,0.766120303385037,0.09400249121288785
542,Melt(K),812.0,811.3500018237328,0.6499981762672178,0.08004903648611046
543,Melt(K),1023.0,1023.7200119447892,0.7200119447892348,0.0703823992951353
544,Melt(K),970.0,970.3086137804929,0.30861378049291943,0.03181585365906382
545,Melt(K),890.0,885.2443490433209,4.755650956679119,0.5343428041212487
546,Melt(K),822.0,818.7938898611753,3.2061101388246698,0.3900377297840226
547,Melt(K),784.0,782.455594211692,1.5444057883080404,0.1969905342229641
548,Melt(K),824.0,823.90877807877,0.09122192123004425,0.011070621508500501
549,Melt(K),781.0,776.8109430683165,4.189056931683467,0.5363709259517877
550,Melt(K),821.0,818.0650491051152,2.9349508948847642,0.35748488366440445
551,Melt(K),832.0,829.5912766348694,2.4087233651306406,0.2895100198474324
552,Melt(K),815.0,808.7095833344151,6.290416665584871,0.7718302657159342
554,Melt(K),588.0,579.6405411773954,8.359458822604552,1.4216766705109758
555,Melt(K),735.0,726.0135253725114,8.986474627488633,1.2226496091821253
556,Melt(K),977.0,970.9983088359886,6.00169116401139,0.6142979697043381
557,Melt(K),902.0,899.8023930949535,2.197606905046541,0.24363712916258745
558,Melt(K),793.0,788.6600578603454,4.339942139654568,0.5472814804104114
559,Melt(K),725.0,725.9278358739581,0.9278358739580881,0.12797736192525336
560,Melt(K),708.0,701.5334137254388,6.466586274561223,0.9133596432996065
561,Melt(K),681.0,672.7803166919063,8.21968330809375,1.2070019541987866
562,Melt(K),651.0,643.8660211920068,7.1339788079932305,1.0958492792616312
563,Melt(K),968.0,964.750460437818,3.249539562182008,0.33569623576260377
564,Melt(K),890.0,886.061921359053,3.9380786409469692,0.4424807461738163
565,Melt(K),777.0,769.387776399655,7.6122236003450325,0.9796941570585614
566,Melt(K),719.0,712.4454854190768,6.554514580923183,0.9116153798224164
567,Melt(K),703.0,698.3039714499234,4.696028550076562,0.6679983712768927
568,Melt(K),688.0,680.442669016408,7.55733098359201,1.0984492708709301
569,Melt(K),674.0,666.5129308808779,7.487069119122111,1.1108411155967508
570,Melt(K),698.0,688.45690386228,9.54309613772,1.3672057503896826
571,Melt(K),710.0,710.7735092598949,0.7735092598949223,0.10894496618238327
572,Melt(K),738.0,736.4061068523574,1.593893147642575,0.21597468125238115
573,Melt(K),959.0,941.3150061779265,17.684993822073466,1.8441078020931645
574,Melt(K),761.0,754.379706020636,6.620293979363964,0.8699466464341598
575,Melt(K),718.0,716.9107788236007,1.0892211763992918,0.15170211370463654
576,Melt(K),737.0,732.7889677064918,4.211032293508197,0.5713748023756026
577,Melt(K),950.0,939.2771040987536,10.722895901246375,1.1287258843417225
578,Melt(K),746.0,741.7582193066246,4.241780693375404,0.5686033101039407
579,Melt(K),746.0,739.2761271517818,6.723872848218207,0.9013234380989541
580,Melt(K),779.0,772.6291651113047,6.370834888695299,0.817822193670769
581,Melt(K),797.0,773.0226642367205,23.977335763279484,3.0084486528581498
582,Melt(K),812.0,807.4506568690476,4.549343130952366,0.5602639323832955
583,Melt(K),860.0,858.3740073884999,1.6259926115001235,0.18906890831396764
584,Melt(K),719.0,730.1130978777896,11.113097877789642,1.5456325282043986
585,Melt(K),785.0,784.0449466166366,0.9550533833634063,0.12166285138387326
586,Melt(K),835.0,822.1153486886809,12.88465131131909,1.5430720133316256
587,Melt(K),768.0,776.5852583097724,8.585258309772371,1.1178721757516092
588,Melt(K),829.0,830.948750733896,1.948750733895963,0.23507246488491684
589,Melt(K),899.0,901.7396604130778,2.739660413077786,0.30474531847361325
590,Melt(K),927.0,929.9034883682455,2.903488368245462,0.3132134162077086
591,Melt(K),872.0,876.6099194312729,4.609919431272942,0.5286604852377221
592,Melt(K),956.0,965.2423228696341,9.242322869634108,0.9667701746479183
593,Melt(K),999.0,998.4818331318892,0.5181668681108249,0.05186855536644889
594,Melt(K),987.0,978.899658375501,8.100341624499038,0.8207033054203677
596,Melt(K),1008.0,1009.6828339617734,1.68283396177344,0.16694781366799982
597,Melt(K),941.0,936.4995990283529,4.500400971647082,0.47825727647684135
598,Melt(K),837.0,834.2132306405912,2.7867693594088223,0.33294735476807874
599,Melt(K),778.0,774.0626391139638,3.937360886036231,0.5060875174853761
600,Melt(K),943.0,939.9275706963681,3.072429303631907,0.3258143482112305
601,Melt(K),1041.0,1037.2123649366047,3.787635063395328,0.3638458274154971
602,Melt(K),899.0,897.5715036789726,1.42849632102741,0.15889836718881073
603,Melt(K),829.0,827.6069672786981,1.3930327213018927,0.1680377227143415
604,Melt(K),728.0,725.8766847140106,2.123315285989406,0.291664187635907
605,Melt(K),860.0,857.7191004832334,2.280899516766567,0.2652208740426238
606,Melt(K),981.0,979.7578204646813,1.2421795353186553,0.12662380584288013
607,Melt(K),1043.0,1040.6322534770168,2.367746522983225,0.227013089451891
608,Melt(K),747.0,742.5177608006087,4.4822391993913016,0.6000320213375228
609,Melt(K),746.0,740.4330121110736,5.5669878889264055,0.7462450253252544
610,Melt(K),830.0,828.7335543233002,1.2664456766998455,0.15258381646986072
611,Melt(K),921.0,919.5376122494107,1.4623877505893006,0.1587826004982952
612,Melt(K),993.0,989.5854386109868,3.4145613890132154,0.34386318116950776
613,Melt(K),1049.0,1045.9694079714025,3.030592028597539,0.2889029579215955
614,Melt(K),818.0,815.4145872716366,2.5854127283633943,0.31606512571679596
615,Melt(K),808.0,803.0376970294684,4.962302970531596,0.6141464072440086
616,Melt(K),792.0,792.3759103353688,0.37591033536875784,0.04746342618292391
617,Melt(K),893.0,892.2127659700818,0.7872340299181815,0.08815610637381642
618,Melt(K),981.0,980.4428297158629,0.5571702841371007,0.056796155365657505
619,Melt(K),1037.0,1033.2276680381274,3.7723319618726237,0.36377357395107235
620,Melt(K),827.0,824.8058720076181,2.1941279923819366,0.2653117282203064
621,Melt(K),788.0,784.6456476972481,3.354352302751863,0.4256792262375455
622,Melt(K),759.0,755.383599663264,3.6164003367359783,0.4764690825739095
623,Melt(K),822.0,815.6717976078911,6.328202392108892,0.7698543056093533
624,Melt(K),959.0,958.59596318358,0.404036816419989,0.04213105489259526
625,Melt(K),1038.0,1034.4883383446384,3.5116616553616495,0.33831037142212395
626,Melt(K),795.0,792.4397911290457,2.560208870954284,0.32203885169236235
627,Melt(K),767.0,762.0838710078872,4.916128992112817,0.6409555400407837
628,Melt(K),728.0,723.4294358154497,4.570564184550335,0.6278247506250452
629,Melt(K),707.0,700.4720021037556,6.527997896244415,0.9233377505296189
630,Melt(K),918.0,915.4477093834115,2.5522906165884933,0.27802730028197065
631,Melt(K),1034.0,1031.3674779708044,2.63252202919557,0.25459594092800464
632,Melt(K),1036.0,1037.8182987861674,1.818298786167361,0.1755114658462702
633,Melt(K),998.0,998.3493242067505,0.3493242067504525,0.03500242552609741
634,Melt(K),946.0,946.6066024401428,0.6066024401427512,0.06412287950769033
635,Melt(K),885.0,876.5738696500588,8.426130349941218,0.9521051242871421
636,Melt(K),853.0,851.6435282301686,1.356471769831387,0.1590236541420147
637,Melt(K),1030.0,1028.4059462071875,1.594053792812474,0.15476250415655074
638,Melt(K),991.0,984.6712489000354,6.32875109996462,0.638622714426298
639,Melt(K),992.0,989.3087241555968,2.691275844403208,0.271297968185807
640,Melt(K),977.0,975.5440568556559,1.4559431443441326,0.14902181620717822
641,Melt(K),872.0,867.2516133011102,4.748386698889817,0.5445397590469967
642,Melt(K),933.0,929.8261873529459,3.173812647054092,0.34017284534341785
643,Melt(K),944.0,941.6368044498874,2.3631955501125503,0.2503385116644648
644,Melt(K),978.0,976.2249254000716,1.7750745999284163,0.18150047034032868
645,Melt(K),1005.0,1001.8123828073612,3.187617192638754,0.3171758400635573
646,Melt(K),951.0,950.088303943254,0.9116960567459955,0.09586709324353256
647,Melt(K),934.0,933.273639207282,0.7263607927179692,0.07776882149014651
648,Melt(K),840.0,837.9219862066923,2.0780137933077185,0.24738259444139477
649,Melt(K),955.0,952.8176110688468,2.182388931153241,0.22852240116787842
650,Melt(K),974.0,969.9242064948287,4.075793505171305,0.4184592921120432
651,Melt(K),746.0,740.3367071331583,5.6632928668417435,0.7591545397911174
652,Melt(K),1027.0,1023.3332788366718,3.6667211633282477,0.3570322456989527
653,Melt(K),1030.0,1028.120242357479,1.8797576425210991,0.18250074199233957
654,Melt(K),984.0,981.8367681250339,2.1632318749660726,0.2198406376998039
655,Melt(K),914.0,913.0218730791175,0.9781269208824597,0.10701607449479854
656,Melt(K),779.0,774.1865036139957,4.813496386004317,0.6179071098850206
657,Melt(K),1002.0,998.4983566333265,3.501643366673534,0.34946540585564173
658,Melt(K),1031.0,1027.9041498514587,3.095850148541331,0.3002764450573548
659,Melt(K),963.0,962.3167933967259,0.6832066032741295,0.07094564935349208
660,Melt(K),893.0,891.569153540692,1.4308464593079862,0.16022916677581014
661,Melt(K),781.0,777.8671880138994,3.1328119861005916,0.4011282952753633
662,Melt(K),994.0,993.3755245975858,0.6244754024141912,0.06282448716440549
663,Melt(K),1004.0,1001.4302718989958,2.569728101004216,0.25594901404424436
664,Melt(K),992.0,990.4924914889663,1.507508511033734,0.15196658377356176
665,Melt(K),957.0,954.5099242165176,2.490075783482439,0.2601960066334834
666,Melt(K),912.0,908.5480706523227,3.4519293476772646,0.3785010249646119
667,Melt(K),997.0,992.5158241663171,4.484175833682912,0.44976688402035175
668,Melt(K),984.0,981.7944819720133,2.2055180279867272,0.22413801097426067
669,Melt(K),995.0,992.4786778607541,2.5213221392458536,0.25339920997445736
670,Melt(K),986.0,983.2444846573401,2.755515342659919,0.2794640306957319
671,Melt(K),939.0,936.826970799517,2.173029200483029,0.23141951016858642
672,Melt(K),771.0,768.204620171918,2.795379828081991,0.36256547705343545
673,Melt(K),933.0,929.4889276612253,3.5110723387747385,0.3763207222695321
674,Melt(K),944.0,942.4230614920821,1.57693850791793,0.16704857075401783
675,Melt(K),1001.0,997.1869962465823,3.813003753417661,0.38091945588587983
676,Melt(K),951.0,949.5175411795666,1.4824588204334077,0.15588420824746646
677,Melt(K),867.0,865.1257476910616,1.8742523089383667,0.21617673690177214
678,Melt(K),997.0,993.6495875242067,3.3504124757932914,0.3360493957666287
679,Melt(K),840.0,836.9453332965389,3.0546667034610664,0.3636507980310789
680,Melt(K),949.0,947.2256305562327,1.7743694437673412,0.18697254412722225
681,Melt(K),979.0,977.9833333972977,1.0166666027023439,0.1038474568643864
682,Melt(K),746.0,746.1636633253645,0.1636633253644959,0.021938783560924355
683,Melt(K),1027.0,1024.6730106524426,2.326989347557401,0.22658124124220047
765,Melt(K),828.0,822.257608718139,5.742391281861046,0.6935255171329757
766,Melt(K),958.0,957.6659234953019,0.334076504698146,0.03487228650293796
767,Melt(K),803.0,799.3824814297456,3.617518570254447,0.4505004446145009
769,Melt(K),698.0,709.9765377914363,11.976537791436272,1.715836359804621
770,Melt(K),751.0,745.1827725201184,5.817227479881581,0.7745975339389577
771,Melt(K),828.0,825.1303043567582,2.869695643241812,0.34658159942533917
772,Melt(K),808.0,802.0090629323647,5.990937067635286,0.7414526073806038
773,Melt(K),870.0,863.6011696099401,6.398830390059857,0.7354977459838907
784,Melt(K),793.0,794.473548264422,1.4735482644219928,0.18581945326885133
785,Melt(K),813.0,807.9380284841463,5.0619715158536565,0.6226287227372264
786,Melt(K),803.0,799.1941619600631,3.80583803993693,0.4739524333669894
788,Melt(K),698.0,695.8957965149776,2.104203485022367,0.30146181733844757
789,Melt(K),773.0,767.7341242056777,5.265875794322255,0.6812258466134862
790,Melt(K),753.0,745.9214371812886,7.078562818711362,0.9400481830957971
793,Melt(K),710.0,704.7434907412255,5.256509258774486,0.7403534167287997
794,Melt(K),751.0,748.3049084595067,2.6950915404933085,0.3588670493333295
795,Melt(K),778.0,770.4116683640057,7.5883316359943365,0.9753639634954148
796,Melt(K),725.0,714.4534907087066,10.546509291293432,1.4546909367301266
797,Melt(K),763.0,751.5180326761732,11.48196732382678,1.504844996569694
798,Melt(K),818.0,812.9411096714528,5.05889032854725,0.6184462504336483
0,Boil(K),453.0,471.0328606305486,18.032860630548612,3.9807639361034375
1,Boil(K),760.0,796.9721714966142,36.97217149661424,4.8647594074492355
2,Boil(K),1442.0,1466.3045165496508,24.30451654965077,1.6854727149549762
3,Boil(K),2230.0,2230.9370286207277,0.9370286207276877,0.042019220660434405
4,Boil(K),2724.0,2722.2198005607975,1.7801994392025335,0.06535240232021046
5,Boil(K),1868.0,1876.257674752888,8.257674752888079,0.4420596762788049
6,Boil(K),2550.0,2546.992618376219,3.0073816237809297,0.11793653426591877
7,Boil(K),1688.0,1704.0203849261702,16.02038492617021,0.9490749363844906
8,Boil(K),1771.0,1786.116429287385,15.116429287385017,0.8535533194457938
9,Boil(K),1983.0,1989.6471229175943,6.647122917594288,0.3352053917092428
10,Boil(K),2600.0,2585.257981553715,14.742018446284874,0.5670007094724949
11,Boil(K),1655.0,1678.1160171976594,23.116017197659403,1.3967381992543437
12,Boil(K),1943.0,1969.5074621705912,26.507462170591225,1.364254357724715
13,Boil(K),1640.0,1645.2613927262623,5.261392726262329,0.32081662965014185
14,Boil(K),2512.0,2509.143271205288,2.856728794712126,0.11372328004427248
15,Boil(K),1715.0,1733.1294603009715,18.12946030097146,1.0571113878117464
16,Boil(K),1978.0,1989.642280739581,11.64228073958111,0.5885885105956069
17,Boil(K),1897.0,1906.2465039352683,9.246503935268265,0.4874277245792441
18,Boil(K),2573.0,2549.0443110108636,23.955688989136434,0.9310411577588972
19,Boil(K),1800.0,1797.2368416438635,2.7631583561365005,0.15350879756313884
20,Boil(K),2500.0,2497.6408190973507,2.359180902649314,0.09436723610597252
21,Boil(K),2063.0,2058.676252753666,4.323747246333824,0.20958542153823662
22,Boil(K),2493.0,2486.5235670405127,6.476432959487283,0.259784715583124
23,Boil(K),2310.0,2311.6132838498406,1.6132838498406272,0.06983912769872842
24,Boil(K),2762.0,2751.8462018635946,10.153798136405385,0.36762484201322887
25,Boil(K),1195.0,1192.302166683556,2.6978333164440755,0.22576011016268396
27,Boil(K),2000.0,1998.032494835501,1.9675051644990162,0.09837525822495077
28,Boil(K),1075.0,1072.1301406822954,2.869859317704595,0.26696365746089235
29,Boil(K),2550.0,2541.3403476196663,8.659652380333682,0.33959421099347764
30,Boil(K),1723.0,1754.300937359706,31.30093735970604,1.8166533580792816
31,Boil(K),604.0,509.33722213271676,94.66277786728324,15.67264534226541
32,Boil(K),1173.0,1169.4984092542343,3.501590745765725,0.29851583510364216
61,Boil(K),1691.0,1697.9667400715675,6.9667400715675285,0.4119893596432599
108,Boil(K),1673.0,1688.176564077008,15.176564077007924,0.9071466872090804
139,Boil(K),1673.0,1696.025352474679,23.02535247467904,1.3762912417620459
384,Boil(K),1673.0,1690.004579547697,17.00457954769695,1.01641240572008
555,Boil(K),1843.0,1870.871634133363,27.87163413336293,1.5122970229714008
0,rho_a,2.56,2.5926880253460944,0.032688025346094385,1.2768759900813131
1,rho_a,2.28,2.266766405504904,0.013233594495095868,0.5804208111881607
2,rho_a,1.97,1.9239886716570633,0.04601132834293664,2.3356004234981365
3,rho_a,2.53,2.533689085624749,0.003689085624749122,0.14581366105721993
4,rho_a,3.18,3.15040530512726,0.029594694872740135,0.9306507821613468
5,rho_a,4.15,4.146340882146816,0.0036591178531839574,0.08817151453453194
7,rho_a,2.14,2.183733309648025,0.04373330964802502,2.043612600374046
8,rho_a,2.65,2.63752884631542,0.01247115368457985,0.4706095730028356
9,rho_a,4.09,4.062520445194113,0.02747955480588704,0.6718717556449957
10,rho_a,5.79,5.7487854784331205,0.04121452156687955,0.7118224795660177
11,rho_a,1.88,1.912790617702918,0.03279061770291802,1.7441817927074779
12,rho_a,2.37,2.3857870839239124,0.01578708392391226,0.6661216845529788
13,rho_a,1.97,2.017421473230999,0.04742147323099899,2.4071813822829906
14,rho_a,3.24,3.1947209304179,0.04527906958210037,1.3975021475952591
15,rho_a,2.14,2.2120269575976437,0.07202695759764355,3.365745682131303
16,rho_a,2.76,2.7605855316783634,0.0005855316783636155,0.021214915882732006
17,rho_a,4.26,4.242061110497265,0.01793888950273459,0.4211006925523563
23,rho_a,3.39,3.4220311830556875,0.03203118305568742,0.9448726565096746
24,rho_a,4.78,4.752092817796547,0.027907182203453118,0.5838322636704452
25,rho_a,4.82,4.819249889449555,0.000750110550445271,0.015562459552803222
26,rho_a,7.11,7.059229397345305,0.05077060265469502,0.714073173764949
27,rho_a,6.27,6.260641150406474,0.009358849593525953,0.14926394886003924
28,rho_a,5.63,5.544203951063082,0.08579604893691783,1.5239085068721598
30,rho_a,7.78,7.449787500610026,0.3302124993899742,4.244376598842311
31,rho_a,6.94,7.171454073020934,0.23145407302093357,3.3350730982838646
32,rho_a,5.36,5.353208504619026,0.006791495380974233,0.1267070033763613
33,rho_a,2.03,2.0382207724250603,0.008220772425060474,0.4049641588697746
34,rho_a,1.99,1.981051650610593,0.008948349389406918,0.4496657984624332
35,rho_a,1.96,1.9809302046645023,0.02093020466450235,1.0678675849230443
36,rho_a,1.97,2.006703610722389,0.036703610722389035,1.863127447836061
41,rho_a,2.14,2.140105967864266,0.00010596786426608773,0.004951769358226084
42,rho_a,2.14,2.139956299898725,4.370010127496826e-05,0.002042060807240553
43,rho_a,2.13,2.1261490531656406,0.00385094683435927,0.18079562602617194
44,rho_a,2.13,2.131152710107309,0.0011527101073092183,0.05411784541355292
45,rho_a,2.13,2.135029830136613,0.005029830136613178,0.23614225993478014
46,rho_a,2.14,2.1591877060232707,0.01918770602327058,0.8966217767879258
47,rho_a,2.08,2.09379995249383,0.013799952493830148,0.6634592545107457
48,rho_a,2.22,2.207429064841512,0.012570935158488172,0.566258340472185
49,rho_a,2.26,2.2504107405693206,0.009589259430679231,0.4243035146316367
50,rho_a,2.16,2.155477466826842,0.004522533173158205,0.2093765357942644
51,rho_a,2.19,2.185299222394604,0.004700777605395778,0.21464737924171834
53,rho_a,2.19,2.189615253726588,0.0003847462734118956,0.017568322986836526
54,rho_a,2.1,2.086231482315268,0.013768517684732196,0.6556436992726494
57,rho_a,2.14,2.1507734809406953,0.01077348094069519,0.503433688817297
59,rho_a,2.0,2.0246934398662373,0.024693439866237288,1.234671993311247
61,rho_a,2.06,2.072847305467919,0.01284730546791879,0.6236556052384734
62,rho_a,2.08,2.0869308635502497,0.006930863550249633,0.33321459376184137
64,rho_a,2.16,2.170657072800474,0.010657072800473788,0.49338300002170615
66,rho_a,2.14,2.1701068133023433,0.030106813302343216,1.4068604346882778
67,rho_a,5.68,5.650374366410879,0.02962563358912096,0.521578056146404
69,rho_a,4.88,4.8756366409512415,0.004363359048758397,0.08941309526142424
70,rho_a,4.86,4.874523351021265,0.014523351021265007,0.29883438315353944
72,rho_a,4.53,4.55141219819007,0.021412198190069454,0.47267545673432065
74,rho_a,4.61,4.585455824749838,0.024544175250162503,0.5324116106324768
75,rho_a,4.43,4.450252859957834,0.02025285995783399,0.4571751683482939
77,rho_a,4.12,4.099279016355847,0.020720983644153534,0.5029364962171967
78,rho_a,3.99,3.9831809453066094,0.006819054693390836,0.17090362640072998
79,rho_a,3.8,3.7722958579765864,0.027704142023413425,0.7290563690370035
80,rho_a,3.61,3.615851561952817,0.005851561952816997,0.16209312888685254
81,rho_a,3.55,3.543959959417959,0.006040040582040884,0.17014198822645585
82,rho_a,3.49,3.449073849356442,0.04092615064355831,1.172669072880991
84,rho_a,3.33,3.3196380160163637,0.010361983983636414,0.31117069019919824
85,rho_a,3.12,3.135061332063882,0.015061332063881938,0.48273500204734326
86,rho_a,2.76,2.766503320999764,0.0065033209997640284,0.23562757245513305
87,rho_a,2.67,2.6587812467634677,0.011218753236532208,0.42017802384000025
88,rho_a,2.58,2.5991365111045046,0.01913651110450454,0.7417252366084155
89,rho_a,2.55,2.5446650238549213,0.005334976145078496,0.20921475078730997
90,rho_a,2.4679,2.4558878045346333,0.012012195465366915,0.4867375284801672
91,rho_a,2.3804,2.38548196903393,0.0050819690339301005,0.21349222962224693
92,rho_a,2.3369,2.3436951930499434,0.006795193049943471,0.2907780842115864
93,rho_a,2.3173,2.3210855636364087,0.0037855636364088063,0.16336096476102244
94,rho_a,2.2469,2.2238515257442604,0.023048474255739748,1.0257899441777332
95,rho_a,2.1695,2.176385874942582,0.006885874942581971,0.317394558311998
97,rho_a,2.42,2.407543517575328,0.01245648242467201,0.5147306787052423
98,rho_a,2.46,2.438166681934284,0.02183331806571598,0.8875332547035407
99,rho_a,2.52,2.5186657152347944,0.0013342847652055845,0.05294780814305774
101,rho_a,2.58,2.602407545303652,0.022407545303651855,0.8685095078931461
103,rho_a,2.63,2.593328883417148,0.03667111658285194,1.3943390335679846
104,rho_a,2.12,2.1194154102595997,0.0005845897404004319,0.027574987754724344
106,rho_a,2.08,2.06875034464801,0.011249655351989851,0.540848814999252
108,rho_a,2.03,2.0499157134047428,0.019915713404742963,0.9810696258489238
110,rho_a,2.0,2.009908572826782,0.009908572826781814,0.49542864133884296
112,rho_a,1.97,1.981034509438757,0.011034509438756945,0.5601273826777332
113,rho_a,1.9123,1.9381826146952936,0.025882614695293515,1.353480870955393
114,rho_a,1.9421,1.9582130981618935,0.016113098161893546,0.829673969511624
115,rho_a,1.9625,1.9779151566845445,0.015415156684544629,0.7854856909318101
116,rho_a,1.9989,2.0110164127625856,0.012116412762585682,0.6061540228415438
117,rho_a,2.0489,2.070864612914412,0.021964612914411763,1.0720197625262844
118,rho_a,2.0877,2.1040298454728488,0.01632984547284888,0.7821931059463074
127,rho_a,2.08,2.0924273610124606,0.012427361012460558,0.5974692794449319
130,rho_a,2.16,2.153246190082112,0.006753809917888098,0.3126763850872672
135,rho_a,2.35,2.301628454991967,0.04837154500803287,2.058363617362225
139,rho_a,2.41,2.4005207846167576,0.00947921538324259,0.39332843913853344
141,rho_a,3.3,3.3198875179897143,0.019887517989714443,0.6026520602941945
142,rho_a,4.89,4.880062136138262,0.009937863861737561,0.20322829983099241
143,rho_a,4.79,4.736695135967963,0.053304864032036825,1.1128364098543986
144,rho_a,6.16,6.1955158538839665,0.035515853883966386,0.5765560695448152
145,rho_a,6.93,6.872243505663125,0.05775649433687491,0.8334270467080314
146,rho_a,7.35,7.286959165000181,0.0630408349998186,0.8576984353715651
147,rho_a,7.89,7.828328982542497,0.061671017457502586,0.7816352022496169
148,rho_a,6.96,6.885569663933131,0.074430336066869,1.0694013802709526
150,rho_a,6.39,6.319989045418343,0.07001095458165629,1.095633092044528
152,rho_a,6.11,6.06629769665528,0.04370230334472058,0.7152586472129857
154,rho_a,4.46,4.438857205717733,0.02114279428226684,0.4740536834587915
155,rho_a,4.74,4.721703277352107,0.01829672264789295,0.3860068069174913
156,rho_a,4.49,4.491800339064176,0.001800339064176093,0.04009663840034949
157,rho_a,4.42,4.435620521057513,0.015620521057512882,0.35340545378980426
158,rho_a,3.88,3.8867633155548895,0.006763315554889626,0.17431225656927535
159,rho_a,3.82,3.8224491603338735,0.0024491603338736567,0.06411414486578575
160,rho_a,3.68,3.7018220944406908,0.02182209444069061,0.5929916967577358
161,rho_a,3.21,3.1996008053722527,0.010399194627747299,0.32396244946243175
162,rho_a,3.19,3.1981239024091384,0.008123902409138406,0.25466778712024635
163,rho_a,3.25,3.241677269306083,0.00832273069391709,0.25608402135121633
164,rho_a,3.29,3.308676437588745,0.018676437588744932,0.5676728750376673
165,rho_a,3.25,3.2394082329175546,0.010591767082445358,0.32590052561360305
166,rho_a,3.23,3.2222201668237074,0.007779833176292605,0.24086170824427852
167,rho_a,3.18,3.1858826497132493,0.005882649713249144,0.18498898469331113
168,rho_a,3.0,3.0075089965257624,0.007508996525762424,0.25029988419199733
169,rho_a,2.88,2.8462833998915293,0.03371660010847055,1.1707152815437099
170,rho_a,3.34,3.346830468054933,0.0068304680549329255,0.2045050315847569
171,rho_a,3.32,3.3324960582126004,0.01249605821260058,0.3763872955601451
172,rho_a,3.02,3.0496446280042453,0.029644628004245277,0.9816101988157437
173,rho_a,3.3,3.3188937765804116,0.018893776580411803,0.5725386842547296
174,rho_a,3.44,3.4407565197664827,0.0007565197664827217,0.02199185367681691
175,rho_a,1.87,1.9246921891732547,0.05469218917325458,2.924715998568199
176,rho_a,2.11,2.141919702321853,0.03191970232185293,1.5127821005610331
177,rho_a,2.57,2.5824133010028936,0.012413301002893729,0.48300782112408164
179,rho_a,2.53,2.521176515203522,0.008823484796477654,0.34875433978158765
181,rho_a,2.6,2.6091556830380696,0.009155683038069462,0.35214165531022845
182,rho_a,2.737,2.7407728565802,0.0037728565801997682,0.13784642236749686
183,rho_a,2.8284,2.824448596076227,0.0039514039237729115,0.13970456525850355
184,rho_a,3.0937,3.116287563299307,0.02258756329930689,0.7301148559750327
185,rho_a,3.1491,3.1556869442599615,0.006586944259961758,0.2091691041872175
186,rho_a,3.3373,3.336326240953639,0.0009737590463609891,0.029178049511901755
187,rho_a,3.7062,3.7234533581774514,0.01725335817745144,0.46552690565665056
188,rho_a,3.8372,3.854974713984247,0.017774713984247015,0.46322094194314556
189,rho_a,3.9815,3.9889951644989097,0.007495164498909634,0.18824976764806609
190,rho_a,3.878,3.894571478832796,0.01657147883279597,0.42732023808127123
191,rho_a,4.3678,4.389842334173283,0.02204233417328272,0.5046552995393029
192,rho_a,4.6945,4.661481866957558,0.03301813304244128,0.7033365223651985
193,rho_a,2.5583,2.5544892309788776,0.0038107690211224288,0.1489570816996028
194,rho_a,2.5232,2.5214209443369624,0.0017790556630377097,0.07050791308802332
195,rho_a,2.4333,2.4258868407533134,0.007413159246686618,0.3046545533507406
196,rho_a,2.3593,2.351519337274772,0.007780662725228371,0.3297869166797386
197,rho_a,2.3152,2.315947239906844,0.0007472399068442215,0.03227539335020295
198,rho_a,2.2777,2.261404039532338,0.016295960467661796,0.7154568410086772
199,rho_a,2.23,2.2166184994649667,0.013381500535033286,0.6000672885662459
200,rho_a,2.215,2.1954821775814883,0.01951782241851152,0.8811657976750659
201,rho_a,2.1577,2.15670576205998,0.0009942379400200707,0.04607859943549195
202,rho_a,2.01,2.0045021040559794,0.005497895944020392,0.2735271613939133
205,rho_a,2.03,2.0205843004666235,0.009415699533376287,0.4638275632202783
209,rho_a,2.07,2.0547902311998816,0.015209768800118262,0.7347714396188848
214,rho_a,2.15,2.1668066257940906,0.016806625794090646,0.7817035253061781
216,rho_a,2.14,2.1402827341802437,0.0002827341802436045,0.013211877581470672
218,rho_a,2.2,2.1863032961177487,0.013696703882251526,0.6225774491929681
220,rho_a,2.2,2.1845869455853757,0.015413054414624483,0.7005933824826125
222,rho_a,2.13,2.121686236787838,0.008313763212161707,0.39031752169754946
224,rho_a,2.12,2.1126209485974896,0.007379051402510495,0.3480684623824063
226,rho_a,2.04,2.0433619590813112,0.0033619590813112055,0.1648019157504685
227,rho_a,2.05,2.0731726246488087,0.02317262464880887,1.1303719340876863
229,rho_a,2.14,2.1596779178397494,0.01967791783974926,0.9195288710158908
230,rho_a,2.14,2.1646944074475716,0.024694407447571454,1.1539442732504632
231,rho_a,4.12,4.100877910352003,0.019122089647996887,0.46412838951437485
232,rho_a,3.63,3.6029476899556614,0.0270523100443385,0.745242700945759
233,rho_a,4.29,4.307845634366966,0.0178456343669664,0.4159821530760429
234,rho_a,4.13,4.1192235235739725,0.010776476426027415,0.2609316325913997
235,rho_a,4.02,4.013966121648634,0.006033878351365374,0.1500964764020864
236,rho_a,3.91,3.889993761867674,0.02000623813232627,0.5116684944327661
237,rho_a,3.83,3.822943425401829,0.007056574598171217,0.18424476757622388
238,rho_a,3.77,3.778290221963351,0.008290221963350941,0.21989978682622657
239,rho_a,3.69,3.7092154850061347,0.01921548500613479,0.5207448511146229
240,rho_a,3.64,3.647041136638317,0.007041136638316736,0.19343781973392313
241,rho_a,3.59,3.603373894365305,0.013373894365305006,0.3725318764707878
242,rho_a,3.47,3.449621367830288,0.02037863216971214,0.5872804659857713
243,rho_a,3.23,3.2293976812883365,0.0006023187116634965,0.01864763813199102
244,rho_a,3.16,3.1463760828105776,0.013623917189422574,0.43113661991829944
245,rho_a,2.82,2.8193081281777284,0.0006918718222714837,0.024534461782668028
251,rho_a,4.54,4.488397635600993,0.051602364399006895,1.1366159559250115
252,rho_a,4.22,4.1966171824830605,0.02338281751693927,0.5540952018230741
254,rho_a,3.85,3.8360248136038444,0.013975186396155692,0.3629918544455081
256,rho_a,3.17,3.1751279176113125,0.0051279176113125935,0.16176396250192351
258,rho_a,2.37,2.363723981885909,0.006276018114091286,0.2648108908898159
259,rho_a,2.34,2.3451077762301544,0.00510777623015457,0.21828103547659777
260,rho_a,2.23,2.23269381673468,0.0026938167346801656,0.12079895671206088
261,rho_a,2.18,2.1902040837507855,0.010204083750785298,0.46807723627434017
262,rho_a,2.6228,2.692572463235481,0.06977246323548103,2.6602281239688286
263,rho_a,3.1962,3.1999722058231694,0.0037722058231692834,0.1180215826033447
264,rho_a,3.5606,3.5468525274527236,0.013747472547276374,0.38609988617852364
265,rho_a,4.0976,4.076182842929326,0.021417157070674264,0.522675641123317
266,rho_a,4.4433,4.450410030983339,0.007110030983339399,0.16001690147723088
268,rho_a,4.6328,4.632698968794659,0.00010103120534044052,0.0021807806367729822
271,rho_a,5.189,5.219601175978558,0.030601175978557826,0.5897316627202145
272,rho_a,5.3611,5.310509606691977,0.050590393308023174,0.9436569604747856
274,rho_a,5.53,5.498598635391412,0.031401364608588445,0.5678366113667769
275,rho_a,5.63,5.576029656589567,0.05397034341043305,0.9586206644835429
276,rho_a,4.93,4.9435126829776905,0.013512682977690815,0.27409093261030576
277,rho_a,4.86,4.894925741558028,0.034925741558027745,0.7186366575724394
279,rho_a,4.72,4.715296757937014,0.00470324206298578,0.09964495896154202
280,rho_a,4.69,4.671790133967984,0.018209866032016464,0.38827006464845587
283,rho_a,4.45,4.463804675690637,0.013804675690637147,0.31021743125020323
285,rho_a,4.13,4.116817699147953,0.013182300852046858,0.31918404000105727
287,rho_a,3.86,3.8880562775498952,0.02805627754989537,0.7268465686499508
289,rho_a,3.41,3.4383405501110964,0.028340550111096263,0.831101176278239
292,rho_a,2.3445,2.3288447625371553,0.015655237462844696,0.667743120615825
294,rho_a,2.9844,2.9791956815142906,0.005204318485709347,0.17438408007330128
295,rho_a,3.3512,3.3549201569550853,0.0037201569550853186,0.1110096966783304
296,rho_a,3.4894,3.4603497161547105,0.029050283845289293,0.8325294848765108
297,rho_a,3.5102,3.502101687987339,0.008098312012661424,0.2307079942071425
298,rho_a,3.814,3.820669705769402,0.006669705769402068,0.17487429914526267
299,rho_a,4.0148,4.0022432216978885,0.01255677830211166,0.3127622372747965
300,rho_a,4.0705,4.070894103556289,0.00039410355628888283,0.009681944633061934
301,rho_a,4.2327,4.210326103159118,0.022373896840882423,0.5285963295503375
303,rho_a,4.3478,4.351335783844459,0.0035357838444589618,0.08132351636363559
305,rho_a,4.4816,4.502812161532289,0.02121216153228911,0.47331670680748783
306,rho_a,4.6067,4.604685414170712,0.0020145858292881513,0.04373164801892274
308,rho_a,4.7798,4.747800870566737,0.03199912943326311,0.6694658653763005
310,rho_a,5.0017,5.0222383145051435,0.020538314505143873,0.4106266770326043
312,rho_a,2.4133,2.4137321240477165,0.0004321240477165311,0.017905939904543654
314,rho_a,2.9156,2.9477435528200844,0.03214355282008441,1.1024678563614139
315,rho_a,3.1907,3.222218955533647,0.03151895553364703,0.9878382653849359
316,rho_a,3.3889,3.4274194938574816,0.038519493857481546,1.1366370756726425
317,rho_a,3.5373,3.5505682979349005,0.013268297934900364,0.375096766881424
318,rho_a,3.79,3.805368833488909,0.01536883348890905,0.405510118440765
319,rho_a,3.85,3.8373552780386007,0.01264472196139943,0.3284343366596401
320,rho_a,4.11,4.101597791967554,0.008402208032446623,0.20443328546093864
321,rho_a,4.17,4.158428364303337,0.011571635696663307,0.2774972589127226
323,rho_a,4.51,4.533969676743047,0.023969676743047508,0.5314784200231085
324,rho_a,4.71,4.67148090402938,0.038519095970619865,0.8178152010745581
325,rho_a,5.25,5.211303879495057,0.038696120504942755,0.7370689619987693
326,rho_a,5.54,5.416649599275706,0.12335040072429404,2.226541529318985
328,rho_a,5.46,5.403456598242014,0.056543401757985556,1.0355934387907546
329,rho_a,5.83,5.7333796014591085,0.09662039854089155,1.6572967159669807
331,rho_a,5.7,5.724729853675434,0.02472985367543412,0.4338570820250839
333,rho_a,6.16,6.072709233038374,0.08729076696162608,1.4170579052209724
334,rho_a,6.36,6.310948862946903,0.04905113705309727,0.7712442932875716
335,rho_a,6.31,6.173400105944097,0.13659989405590256,2.164816070616179
337,rho_a,6.2096,6.132515279620989,0.07708472037901082,1.241379805124298
339,rho_a,6.26,6.171548042771947,0.08845195722805244,1.4129705627482159
340,rho_a,6.2957,6.289092216674964,0.006607783325035754,0.10495708698055346
341,rho_a,6.42,6.5429420570686965,0.12294205706869654,1.914985312596221
342,rho_a,2.4,2.4001998059587226,0.00019980595872270968,0.008325248280109434
343,rho_a,2.43,2.4178615862903183,0.012138413709681828,0.4995231979290877
344,rho_a,2.47,2.454532161610131,0.015467838389869204,0.6262282748932364
345,rho_a,2.53,2.57387897328607,0.043878973286070266,1.7343467701997204
346,rho_a,2.56,2.564534699901843,0.0045346999018427425,0.17713671491566294
347,rho_a,2.58,2.6058306064920522,0.025830606492052155,1.0011862981411683
348,rho_a,2.58,2.5997335028258535,0.0197335028258534,0.7648644506141763
349,rho_a,2.68,2.6604152514104706,0.01958474858952952,0.7307742011015751
350,rho_a,2.92,2.881374618709611,0.03862538129038873,1.3227870304923117
352,rho_a,7.13,7.038957410512032,0.09104258948796762,1.2768946632251732
353,rho_a,6.96,7.002368973348632,0.042368973348631656,0.6087496170779536
354,rho_a,6.54,6.642635332673738,0.1026353326737377,1.569347594399419
355,rho_a,6.04,6.06154130629716,0.021541306297160112,0.35664414399265804
356,rho_a,5.55,5.529983616530219,0.020016383469780408,0.3606555580139964
357,rho_a,5.0,5.055738048653314,0.05573804865331411,1.1147609730660593
358,rho_a,4.43,4.438075164819893,0.008075164819893565,0.18228363024586328
359,rho_a,3.75,3.7457490930670323,0.004250906932967702,0.11335751821244182
360,rho_a,6.58,6.637001398008801,0.05700139800880066,0.8662826445105167
362,rho_a,6.82,6.743770347555225,0.0762296524447752,1.1177368393660414
363,rho_a,6.08,6.092084304631796,0.012084304631795995,0.1987550103913488
365,rho_a,5.51,5.494452503962098,0.015547496037902064,0.28216871212158334
366,rho_a,4.78,4.720687205898951,0.05931279410104917,1.2408534330760828
367,rho_a,4.79,4.75975295603384,0.030247043966159737,0.6314622957443303
368,rho_a,4.34,4.362323036249225,0.022323036249225048,0.5143556739451591
369,rho_a,4.06,4.082338632007628,0.02233863200762798,0.5502126110251842
371,rho_a,3.86,3.8837804483111715,0.023780448311171654,0.6160737904447019
372,rho_a,3.66,3.6918153841436934,0.031815384143693226,0.8692727908110528
373,rho_a,3.41,3.41986123488341,0.009861234883409953,0.2891857737069519
374,rho_a,3.02,3.0465602936602965,0.02656029366029644,0.879479922526081
376,rho_a,2.54,2.5403983574556976,0.0003983574556976066,0.015683364397537394
378,rho_a,2.54,2.540534224466753,0.0005342244667527751,0.021032459320967117
380,rho_a,2.51,2.488318940744632,0.021681059255367785,0.8637872213290497
381,rho_a,2.56,2.5609508228462285,0.000950822846228494,0.03714151743078604
382,rho_a,2.38,2.3830592065613727,0.003059206561372818,0.12853809081392994
385,rho_a,2.53,2.5265781725014747,0.003421827498525154,0.13525009875588148
386,rho_a,2.58,2.598922083040403,0.01892208304040288,0.7334140713331607
387,rho_a,2.55,2.553542565088957,0.003542565088957339,0.13892412113552743
388,rho_a,2.45,2.436648079564116,0.013351920435884068,0.5449763443215762
390,rho_a,2.55,2.553423394711123,0.0034233947111230734,0.1342507729851659
392,rho_a,2.35,2.339936411955163,0.01006358804483698,0.42823778914181687
393,rho_a,2.69,2.695231686311667,0.005231686311667261,0.19448647998755822
394,rho_a,3.02,3.0472554692941256,0.02725546929412559,0.9024989832488929
395,rho_a,3.27,3.300060980939542,0.030060980939541793,0.9192960531967156
396,rho_a,3.61,3.6379990001170834,0.02799900011708356,0.7755955711101331
397,rho_a,3.91,3.9014806082330726,0.008519391766927509,0.21788725746612095
398,rho_a,4.26,4.249154955872487,0.01084504412751297,0.25457850064578463
399,rho_a,4.63,4.625151016678212,0.0048489833217875145,0.10472966137767747
400,rho_a,2.52,2.522854830814921,0.0028548308149209944,0.1132869370999945
401,rho_a,2.6122,2.6012414523764287,0.010958547623571402,0.41951411161347546
402,rho_a,2.84,2.8382488530565633,0.0017511469434365878,0.06166010364211166
403,rho_a,2.97,2.9540260341184346,0.015973965881565633,0.5378439690761028
404,rho_a,3.14,3.164907508619348,0.024907508619347762,0.7932327585777016
405,rho_a,3.41,3.4341015954786873,0.024101595478687177,0.7067916562662788
406,rho_a,3.61,3.6332541519145667,0.023254151914566812,0.6441593328133066
407,rho_a,4.17,4.1913425236999435,0.021342523699943605,0.5118111199026016
408,rho_a,2.07,2.10166478043896,0.03166478043896026,1.5296995381132834
409,rho_a,2.04,2.0254778864397975,0.014522113560202499,0.7118683117742833
410,rho_a,2.03,2.050951364893236,0.020951364893236235,1.0320869405530007
411,rho_a,1.91,1.9802927194022926,0.07029271940229265,3.6802470891233425
412,rho_a,3.0445,3.0518886438214725,0.007388643821472307,0.24268825164952798
413,rho_a,3.01,3.0388085303282892,0.02880853032828945,0.9570940308398631
414,rho_a,2.74,2.7353435812530393,0.0046564187469608775,0.1699422900350065
415,rho_a,2.57,2.5850938449228327,0.015093844922832833,0.5873091409660296
416,rho_a,2.31,2.3151493521923885,0.0051493521923884344,0.22291567932407813
417,rho_a,2.19,2.2004328394258863,0.010432839425886353,0.47638536191240133
418,rho_a,4.19,4.1828919693071995,0.00710803069280086,0.16964273729830937
419,rho_a,3.54,3.5271270407398485,0.012872959260151529,0.3636429169533303
420,rho_a,3.0,3.0146656459497696,0.014665645949769601,0.4888548649921571
421,rho_a,2.81,2.813669219862216,0.003669219862215911,0.13057721929589342
422,rho_a,2.6,2.620328352540228,0.0203283525402278,0.7818597130853839
423,rho_a,2.15,2.1871812053374105,0.03718120533741054,1.7293583877857324
424,rho_a,4.4034,4.440136769651957,0.03673676965195671,0.8342819106133526
425,rho_a,3.88,3.893033764411811,0.013033764411811255,0.33592176319092515
426,rho_a,3.74,3.773995313383562,0.033995313383561765,0.9089655984907131
427,rho_a,3.26,3.288218721405583,0.028218721405583125,0.8656049510912414
428,rho_a,2.62,2.6125639221792922,0.007436077820707876,0.2838197641490472
429,rho_a,2.5,2.5121566169377605,0.01215661693776049,0.48626467751022506
430,rho_a,3.1,3.134704314161161,0.03470431416116071,1.1194940051983713
431,rho_a,2.84,2.8430225305111336,0.0030225305111337697,0.10642713067368681
432,rho_a,2.78,2.7980477359306617,0.01804773593066189,0.6491991341962373
433,rho_a,2.66,2.643950884749035,0.016049115250964974,0.6033501974044714
434,rho_a,2.43,2.4271536467864756,0.002846353213524555,0.11713387709972771
435,rho_a,2.24,2.2308012540695925,0.009198745930407703,0.41065830046444624
436,rho_a,3.37,3.397988040474766,0.027988040474765885,0.8305056520699579
437,rho_a,3.46,3.4472831547350853,0.012716845264914678,0.36753888048875727
438,rho_a,3.19,3.187343514790134,0.002656485209866055,0.08327539842837688
439,rho_a,2.97,2.9536411271140954,0.016358872885904763,0.5508038008720287
440,rho_a,2.82,2.816741964577438,0.003258035422561978,0.11553317101279513
441,rho_a,2.43,2.427548791612222,0.0024512083877783475,0.10087277315956125
442,rho_a,4.15,4.180075629412271,0.03007562941227082,0.7247139617412909
443,rho_a,3.7551,3.7779230239380297,0.022823023938029596,0.6077873808426811
444,rho_a,3.59,3.610895257038218,0.02089525703821815,0.5820405860226276
445,rho_a,3.31,3.334620443857844,0.0246204438578439,0.7438200561279897
446,rho_a,3.1,3.1278538484140057,0.027853848414005622,0.8985112391611818
447,rho_a,2.69,2.687087748787233,0.0029122512127668365,0.10826212686861539
448,rho_a,4.1,4.103625533296118,0.003625533296117922,0.08842764136870825
449,rho_a,4.02,4.0140988115928575,0.005901188407142044,0.14679573152090986
450,rho_a,3.63,3.62376410498606,0.006235895013940063,0.17178774143080838
451,rho_a,2.96,2.938319242679745,0.021680757320254873,0.7324580175759307
452,rho_a,2.58,2.605226880084495,0.02522688008449503,0.9777860497862499
453,rho_a,2.37,2.366247935801976,0.0037520641980242075,0.15831494506424573
454,rho_a,3.6,3.608607371722325,0.008607371722324952,0.23909365895340448
455,rho_a,3.2,3.2050894860064414,0.005089486006441213,0.1590464377012382
456,rho_a,3.2,3.1978020801596307,0.0021979198403694333,0.06868499501152332
457,rho_a,2.69,2.69447406818893,0.004474068188930147,0.16632223750663508
458,rho_a,2.74,2.740822564777617,0.0008225647776169964,0.030020612321777232
459,rho_a,2.41,2.4157462088885326,0.0057462088885325,0.23843190408838652
460,rho_a,2.91,2.875949992910799,0.03405000708920136,1.17010333639827
461,rho_a,2.85,2.8422015505054734,0.0077984494945266825,0.2736298068254016
462,rho_a,2.62,2.614895376134882,0.005104623865118008,0.1948329719509946
463,rho_a,2.54,2.547037436644697,0.007037436644696804,0.2770644348304737
464,rho_a,2.17,2.2124018172261177,0.0424018172261178,1.9540007938294128
465,rho_a,2.16,2.170917514178635,0.010917514178634846,0.5054404712328606
486,rho_a,5.67,5.661634433104167,0.008365566895832899,0.14754086236034256
487,rho_a,5.16,5.175833512149613,0.01583351214961315,0.3068510106513581
488,rho_a,4.55,4.559591825128084,0.00959182512808443,0.21080934347433675
489,rho_a,3.95,3.9591142489875537,0.00911424898755353,0.2307404806974993
490,rho_a,3.38,3.3802262430007666,0.00022624300076667936,0.006693579904337645
491,rho_a,3.1,3.11829746542055,0.018297465420550107,0.590240820017555
492,rho_a,2.79,2.799539477513975,0.00953947751397477,0.3419167567731667
493,rho_a,5.65,5.622485962736772,0.027514037263228097,0.4869741108535084
494,rho_a,4.89,4.867367680289682,0.02263231971031754,0.4628286239327794
495,rho_a,4.09,4.063376013607047,0.026623986392952936,0.6509532125414774
496,rho_a,3.46,3.4459276113987776,0.014072388601222396,0.4067164335612234
497,rho_a,3.1,3.1216446300024123,0.021644630002412235,0.6982138710453307
498,rho_a,2.77,2.7671200716133195,0.002879928386680497,0.10396853381514286
499,rho_a,5.64,5.62691374894076,0.013086251059239551,0.23202572800066013
500,rho_a,4.71,4.698414189822867,0.011585810177132672,0.24598323093694716
501,rho_a,4.2,4.1926255221636195,0.007374477836380677,0.17558280562806955
502,rho_a,3.68,3.692679601958071,0.01267960195807083,0.34455440103443974
503,rho_a,3.1889,3.1829996323605756,0.005900367639424253,0.1850283056672333
504,rho_a,2.95,2.92572611560121,0.02427388439879019,0.8228435389417613
505,rho_a,5.11,5.059347425754998,0.050652574245002135,0.9912441143834094
506,rho_a,4.55,4.557529544503986,0.007529544503985797,0.16548449459305806
507,rho_a,4.04,4.037571610764418,0.0024283892355816405,0.06010864444507523
508,rho_a,3.68,3.6933143210051593,0.013314321005159169,0.361802201227053
509,rho_a,3.21,3.1812216256564083,0.02877837434359165,0.8965225652206444
510,rho_a,2.79,2.799106406371525,0.009106406371524933,0.3263944936029272
511,rho_a,4.91,4.935710513114601,0.025710513114600708,0.5236357049815779
512,rho_a,4.1,4.0986639522346815,0.001336047765318149,0.03258653086141032
513,rho_a,4.06,4.070101943651713,0.010101943651713796,0.24881634610126377
514,rho_a,3.59,3.6106411597187265,0.0206411597187266,0.5749626662596337
515,rho_a,3.4068,3.430515638858408,0.023715638858408106,0.6961265368792163
516,rho_a,3.06,3.0621710522156196,0.002171052215619529,0.07094941881107253
517,rho_a,2.6,2.6048188555912555,0.004818855591255389,0.1853405996635975
518,rho_a,2.01,1.9772665155531033,0.0327334844468965,1.6285315645214038
519,rho_a,1.98,1.93818529855914,0.04181470144086008,2.11185360812318
520,rho_a,2.03,1.9997865950103182,0.030213404989681614,1.4883450733825976
521,rho_a,2.04,2.010575728102743,0.029424271897256826,1.4423662694726667
522,rho_a,2.02,1.9991542778502518,0.020845722149748225,1.0319664430563318
523,rho_a,2.0,1.9868657181574847,0.013134281842515305,0.6567140921254369
524,rho_a,2.03,2.00430722550983,0.0256927744901696,1.265653915771278
525,rho_a,2.05,2.025613466877359,0.02438653312264094,1.1895869815916609
526,rho_a,2.07,2.0438807775422063,0.026119222457793523,1.2617981863662273
527,rho_a,2.11,2.0771045709579297,0.03289542904207021,1.5590250730831574
528,rho_a,5.5,5.44077439715843,0.05922560284157008,1.0768291425738057
529,rho_a,5.14,5.083330943215132,0.05666905678486778,1.1025108323902093
530,rho_a,4.33,4.330085624282814,8.562428281422285e-05,0.0019774661158014567
531,rho_a,4.06,4.064093310604552,0.004093310604551981,0.10082045824017175
532,rho_a,3.17,3.1931927163739493,0.023192716373949374,0.731631431354639
533,rho_a,4.64,4.646367541424008,0.006367541424008749,0.13723149620705555
534,rho_a,4.68,4.653312828539944,0.026687171460055836,0.5702387064113277
535,rho_a,4.2,4.191251539453482,0.008748460546518011,0.20829667967895066
536,rho_a,3.58,3.5531603481782383,0.026839651821761734,0.7497109447417384
537,rho_a,2.84,2.841312722953956,0.0013127229539562357,0.04622263922379484
538,rho_a,5.56,5.557193573146547,0.0028064268534526704,0.05047530311964327
539,rho_a,5.24,5.254507345479601,0.01450734547960053,0.2768577381602626
540,rho_a,4.21,4.180691624150233,0.029308375849766755,0.6961609465501138
541,rho_a,4.35,4.347284554974431,0.0027154450255686413,0.06242402357627626
542,rho_a,3.82,3.813021426819866,0.006978573180133729,0.18268516178355765
543,rho_a,5.56,5.550160755655339,0.009839244344660436,0.17696482634278177
544,rho_a,5.22,5.204986319667914,0.0150136803320855,0.2876183971663338
545,rho_a,4.44,4.441993615699316,0.001993615699315221,0.04490125448907144
546,rho_a,4.39,4.381884932485729,0.008115067514270713,0.1848534741291313
547,rho_a,4.05,4.059976482449245,0.009976482449244983,0.2463328999812968
548,rho_a,3.27,3.312047218649707,0.04204721864970695,1.2858476651282598
549,rho_a,3.3,3.298012651252014,0.0019873487479857843,0.060222689332884306
550,rho_a,4.04,4.030898914318056,0.009101085681944454,0.22527439806787627
551,rho_a,4.44,4.426478035049065,0.01352196495093505,0.3045487601561262
553,rho_a,2.7,2.7040861213421454,0.004086121342145255,0.15133782748680522
554,rho_a,2.38,2.3594683996926924,0.020531600307307496,0.8626722818192802
555,rho_a,2.68,2.684501697640003,0.004501697640002966,0.16797379253736142
556,rho_a,2.5,2.494996643278732,0.005003356721267949,0.2001342688506379
557,rho_a,2.52,2.5080447796941043,0.011955220305895686,0.4744135042020215
558,rho_a,2.51,2.4976965967337232,0.012303403266276547,0.49017542893512533
559,rho_a,2.49,2.4708196772074924,0.01918032279250781,0.770294088052213
560,rho_a,2.47,2.4398733466060767,0.030126653393923508,1.2197025665551138
561,rho_a,2.53,2.4846014826491434,0.04539851735085643,1.7944078004283985
562,rho_a,2.42,2.3760405879441047,0.043959412055895264,1.8165046304081445
564,rho_a,2.75,2.7579278755915007,0.007927875591500655,0.2882863851453735
565,rho_a,2.76,2.7574061373012126,0.0025938626987871416,0.09398053256471746
566,rho_a,2.71,2.6892962391740447,0.020703760825955264,0.7639764142416098
567,rho_a,2.66,2.6250131117503344,0.03498688824966578,1.3152965507388206
568,rho_a,2.72,2.7196985167842955,0.00030148321570466763,0.011083941753844
569,rho_a,2.66,2.613252537207257,0.04674746279274311,1.7574234132603583
570,rho_a,2.65,2.6058381100193895,0.044161889980610436,1.666486414362029
571,rho_a,2.58,2.5902971325674846,0.010297132567484546,0.399113665406223
572,rho_a,2.54,2.521762397946571,0.018237602053428947,0.7180158288748727
573,rho_a,2.97,2.9322705089702295,0.037729491029770745,1.2703532333251866
574,rho_a,3.0,3.0017052853971515,0.0017052853971515347,0.05684284657169887
576,rho_a,3.0,3.003847010271638,0.0038470102716381405,0.1282336757212286
577,rho_a,3.3,3.2904802269098323,0.009519773090167494,0.28847797242923057
578,rho_a,3.26,3.2759516319400763,0.01595163194007654,0.4893138631923818
579,rho_a,3.14,3.1557187929293673,0.015718792929367176,0.5005985009351009
580,rho_a,3.15,3.1552199302024815,0.005219930202481571,0.16571206991999726
581,rho_a,3.04,3.0321532304308416,0.007846769569158418,0.25811742003802096
582,rho_a,2.99,2.9555424174277314,0.03445758257226883,1.1524275107778361
583,rho_a,3.71,3.731187954341674,0.021187954341673976,0.5711038906110044
584,rho_a,3.53,3.526093312397987,0.003906687602012848,0.11067103688418532
585,rho_a,3.64,3.6429161335982356,0.002916133598235504,0.08011356039106327
586,rho_a,3.5,3.4855833678460892,0.014416632153910758,0.41190377582590393
587,rho_a,4.21,4.183686717319094,0.02631328268090627,0.6250185909952498
588,rho_a,4.08,4.079470060712349,0.0005299392876514375,0.012988708030669304
589,rho_a,4.04,4.049940695494759,0.009940695494758955,0.24605681917714095
590,rho_a,3.86,3.8693776965767444,0.009377696576744476,0.24294550716948307
591,rho_a,5.37,5.326812835186955,0.04318716481304552,0.8042302572260238
592,rho_a,5.0,5.019404728767757,0.019404728767757007,0.38809457535506253
593,rho_a,5.09,5.030453275488515,0.05954672451148468,1.1698767094591942
595,rho_a,5.1651,5.22121243934931,0.05611243934931043,1.0863766306421863
596,rho_a,4.5132,4.558641410977838,0.045441410977837826,1.0068556894847946
597,rho_a,4.1485,4.137933165270429,0.01056683472957154,0.2547145891182112
598,rho_a,3.7207,3.745629931772282,0.0249299317722822,0.6700333746949633
599,rho_a,3.4612,3.457302640299008,0.0038973597009919203,0.11260140127674778
600,rho_a,3.0048,3.046275311751052,0.041475311751052235,1.380301908647445
601,rho_a,2.5705,2.5799884741428043,0.009488474142804293,0.3691295134332076
602,rho_a,4.1172,4.112128423708927,0.005071576291073576,0.12318022663636316
603,rho_a,3.5206,3.5080599150746115,0.012540084925388495,0.35619169815897667
604,rho_a,3.2354,3.236724671772871,0.001324671772870989,0.04094306029766272
605,rho_a,2.9017,2.857197414889203,0.044502585110796744,1.5336728507695974
606,rho_a,2.5322,2.5446011801800634,0.01240118018006342,0.48973936419155367
607,rho_a,2.1709,2.193483647172034,0.02258364717203376,1.040289611314356
608,rho_a,3.0159,3.03848726392368,0.02258726392368038,0.7489394185375142
609,rho_a,2.8949,2.847700936348488,0.04719906365151161,1.6304212114924628
610,rho_a,2.7987,2.814311280718569,0.015611280718568654,0.5578047207118689
611,rho_a,2.4786,2.4599358943829475,0.018664105617052673,0.7530099901978997
612,rho_a,2.3136,2.3344045620845604,0.020804562084560274,0.8992289974304668
613,rho_a,2.0934,2.0990312673796874,0.0056312673796874435,0.2690010212899949
614,rho_a,3.2385,3.238882571545257,0.00038257154525700443,0.011813232831770458
615,rho_a,2.975,2.9703011059140505,0.00469889408594959,0.15794601969573144
616,rho_a,2.8503,2.8447900752270807,0.005509924772919117,0.1933103453291648
617,rho_a,2.6562,2.630131049155431,0.026068950844569283,0.9814378000361218
618,rho_a,2.3359,2.3462220511347223,0.010322051134722177,0.4418875437611951
619,rho_a,2.2985,2.270447557534508,0.02805244246549199,1.2204673685220702
620,rho_a,3.8061,3.8117318375249134,0.0056318375249135855,0.14796872191776636
621,rho_a,3.4705,3.464614629214615,0.005885370785384758,0.16958279168370732
622,rho_a,3.1172,3.148823128846458,0.031623128846458126,1.0144722458118818
623,rho_a,3.1849,3.1935912906117747,0.008691290611774871,0.2728905338243632
624,rho_a,2.9366,2.9146928317311818,0.02190716826881811,0.7460045041480164
625,rho_a,2.5383,2.531347464740892,0.006952535259108217,0.2739051829612527
626,rho_a,3.8859,3.906440659462593,0.02054065946259298,0.5285946489252862
627,rho_a,3.6231,3.6347090807038835,0.011609080703883556,0.32041844563717126
628,rho_a,3.5502,3.5619836641627556,0.01178366416275578,0.3319155023027565
629,rho_a,3.213,3.1996164451158893,0.013383554884110804,0.41654388061334074
630,rho_a,3.0177,3.0479953774999773,0.03029537749997724,1.0039227723089506
631,rho_a,2.5956,2.5989535361993252,0.0033535361993251023,0.12920080903543726
632,rho_a,6.3104,6.268591486882265,0.04180851311773459,0.6625334862723119
633,rho_a,5.3876,5.310666204549108,0.07693379545089218,1.427978978596739
634,rho_a,4.6172,4.602979086053743,0.014220913946257241,0.30799865603080134
635,rho_a,4.0392,4.040492637263625,0.0012926372636252736,0.03200230896278851
636,rho_a,3.3352,3.3321856295566685,0.0030143704433314156,0.09038050021979227
637,rho_a,2.677,2.65418838103856,0.02281161896144024,0.8521336929933402
638,rho_a,5.8288,5.690427634007609,0.13837236599239144,2.373942595257475
639,rho_a,4.8451,4.874502880896709,0.029402880896708616,0.6068580812924923
640,rho_a,4.2536,4.222976059969206,0.03062394003079394,0.7199534519180634
641,rho_a,3.7195,3.732111411583177,0.012611411583177023,0.3390620132591379
642,rho_a,3.3402,3.35173177617371,0.011531776173710373,0.3452420865129909
643,rho_a,5.3995,5.298537313893178,0.10096268610682202,1.8698525068395837
644,rho_a,4.936,4.930523768671009,0.005476231328991332,0.11094471898278409
645,rho_a,4.2368,4.196269747738695,0.04053025226130469,0.9566241564693903
646,rho_a,3.8237,3.822592961319401,0.0011070386805989152,0.028952027632885048
647,rho_a,3.2382,3.2380923613622112,0.00010763863778873173,0.0033240268602525627
648,rho_a,4.9478,4.947946988332788,0.00014698833278803392,0.0029707816158293424
649,rho_a,4.5514,4.581167786915392,0.029767786915392058,0.6540358332685661
650,rho_a,3.9243,3.949401045997539,0.02510104599753893,0.6396311698272948
651,rho_a,3.3817,3.379662707014271,0.002037292985729078,0.06024463984766465
652,rho_a,2.6198,2.6886145081340853,0.06881450813408518,2.626708456143939
684,rho_a,2.64,2.6339659294298534,0.00603407057014671,0.22856327917213728
685,rho_a,2.9,2.8435498060342397,0.05645019396576023,1.9465584126117506
686,rho_a,3.21,3.1866483047276684,0.023351695272331607,0.7274671424400103
687,rho_a,3.37,3.3481848643090286,0.021815135690971488,0.6473334032927304
688,rho_a,3.7,3.70290551197877,0.002905511978769759,0.07852735077753983
689,rho_a,3.96,3.946185802957421,0.013814197042579135,0.34884335966100116
690,rho_a,4.07,4.064081453411209,0.005918546588791429,0.14541883510540476
691,rho_a,4.1,4.068872628470687,0.031127371529312775,0.7592041836415899
692,rho_a,3.81,3.794634717688624,0.015365282311376127,0.4032882496423122
693,rho_a,3.68,3.681079273101542,0.0010792731015416557,0.029328073411450065
694,rho_a,3.44,3.4205996036977253,0.019400396302274636,0.5639650087868894
695,rho_a,3.19,3.1857254356032896,0.0042745643967103675,0.1339988839093739
696,rho_a,3.03,3.0300564313136653,5.643131366550591e-05,0.0018624195929203727
697,rho_a,2.7,2.6928214635262178,0.007178536473782415,0.2658717212511021
698,rho_a,3.78,3.79485516175106,0.014855161751060386,0.39299369711789567
699,rho_a,3.68,3.676232806006487,0.003767193993513107,0.10236940199761095
700,rho_a,3.46,3.4197071037752917,0.04029289622470822,1.1645345729681091
701,rho_a,2.96,2.926176077032908,0.033823922967092024,1.1427001002392094
702,rho_a,2.7,2.688468818502483,0.011531181497517196,0.4270807962041824
703,rho_a,3.73,3.7454258368698192,0.015425836869819243,0.41356131018271064
704,rho_a,3.66,3.666374257810222,0.006374257810221717,0.17416004945956218
705,rho_a,3.41,3.4141104366407067,0.0041104366407065385,0.12054066395030301
706,rho_a,3.14,3.1452189520866694,0.005218952086669226,0.16620866518049565
707,rho_a,3.0,3.0015601405076855,0.0015601405076854924,0.05200468358949908
708,rho_a,2.73,2.7296860256075153,0.00031397439248470604,0.011500893497604067
709,rho_a,5.72,5.78417392881647,0.06417392881647022,1.1219218324555769
710,rho_a,3.69,3.6869081918640587,0.003091808135941232,0.0837888383723684
711,rho_a,3.61,3.6024130015312683,0.007586998468731565,0.2101661625686832
712,rho_a,3.34,3.325157157741158,0.014842842258842026,0.4443964748154965
713,rho_a,3.13,3.1336663602269703,0.003666360226970422,0.11713610948783548
714,rho_a,3.01,3.030245910632584,0.020245910632584074,0.6726216157002441
715,rho_a,2.93,2.8955734889796463,0.03442651102035388,1.1749662464280588
716,rho_a,2.7,2.6912050317767306,0.008794968223269528,0.32573956382467667
717,rho_a,2.54,2.526843866627001,0.013156133372999257,0.5179580068107904
718,rho_a,4.78,4.717088745517544,0.06291125448245616,1.3161350310134516
719,rho_a,3.5,3.4763749366435035,0.0236250633564965,0.6750018101854214
720,rho_a,3.33,3.312570720602184,0.01742927939781591,0.5234017837180384
721,rho_a,3.13,3.1281686236382633,0.0018313763617365808,0.05851042689252382
722,rho_a,2.91,2.8604274982658637,0.04957250173413641,1.7035223963614903
723,rho_a,2.79,2.7900225042371147,2.2504237114695513e-05,0.0008066034808131701
724,rho_a,2.68,2.6419600813588007,0.03803991864119949,1.4193999492979585
725,rho_a,2.6,2.5987191159306837,0.0012808840693163681,0.04926477189676444
726,rho_a,6.46,6.418446070388292,0.04155392961170801,0.6432496843916652
727,rho_a,5.57,5.566626723477754,0.0033732765222467265,0.06056151745504705
728,rho_a,4.05,4.039001214159212,0.01099878584078784,0.27157495903173146
729,rho_a,3.49,3.433555414215749,0.05644458578425127,1.6173233749064495
730,rho_a,3.17,3.1720757180456514,0.0020757180456514313,0.06548006453157024
731,rho_a,2.84,2.8256779708646027,0.014322029135397152,0.5042968005419757
732,rho_a,2.73,2.720568556985826,0.009431443014173979,0.3454741030831694
733,rho_a,2.61,2.5843078540940096,0.025692145905990227,0.9843734063594016
734,rho_a,2.53,2.4982670893996213,0.03173291060037853,1.2542652411211852
735,rho_a,3.86,3.8537319226557982,0.00626807734420165,0.16238542342487114
736,rho_a,4.32,4.305923021392023,0.014076978607977075,0.3258559862956902
737,rho_a,4.4,4.4151476703209145,0.01514767032091413,0.344265234566152
738,rho_a,5.43,5.3724549995637805,0.05754500043621924,1.0597605973519086
739,rho_a,5.65,5.673545630202094,0.023545630202093548,0.4167368177360952
740,rho_a,6.01,5.8854141823312425,0.12458581766875731,2.072975335586299
741,rho_a,6.44,6.461427104459629,0.021427104459628588,0.3327190133482183
743,rho_a,3.79,3.787768725902698,0.0022312740973018386,0.058872667474967014
744,rho_a,4.39,4.386094007637596,0.00390599236240341,0.08897476907522825
745,rho_a,2.71,2.6998399445353667,0.010160055464633277,0.37490979574278704
746,rho_a,3.01,3.0326725887719137,0.022672588771913915,0.7532421518905775
747,rho_a,3.38,3.365260827695062,0.01473917230493793,0.43607018653649615
748,rho_a,3.62,3.6040817905401314,0.01591820945986866,0.439729543090173
749,rho_a,3.01,3.0358299965575455,0.025829996557545698,0.8581394205161833
750,rho_a,3.14,3.1467156076570353,0.006715607657035161,0.213872855319523
751,rho_a,3.49,3.4349853398710772,0.055014660128922976,1.576351293091897
752,rho_a,3.53,3.515587671795062,0.014412328204937985,0.4082812522644165
753,rho_a,3.68,3.669757424508347,0.010242575491653305,0.27833085575137284
755,rho_a,6.34,6.3314145162859194,0.00858548371408041,0.13541772419683054
756,rho_a,6.33,6.32540833728885,0.004591662711150413,0.07253811549999506
757,rho_a,5.65,5.630771519905689,0.019228480094310996,0.3403270813151786
758,rho_a,5.21,5.250848606411471,0.04084860641147081,0.7840423495482336
759,rho_a,4.0,3.983938898461707,0.016061101538292988,0.40152753845722433
760,rho_a,3.84,3.819389296547118,0.02061070345288174,0.5367370690853223
761,rho_a,3.73,3.7454258368698192,0.015425836869819243,0.41356131018271064
762,rho_a,3.02,3.0320735436800876,0.012073543680087617,0.3997862145723053
763,rho_a,3.02,3.031551590413367,0.011551590413366952,0.3825029938199711
764,rho_a,2.6,2.59845026447807,0.0015497355219302733,0.05960521238191066
765,rho_a,2.3,2.2884631598259872,0.011536840174012575,0.5016017466959808
766,rho_a,2.73,2.7237870811216434,0.006212918878356621,0.22757944609356576
767,rho_a,4.7,4.70746679821248,0.007466798212480086,0.15886804707401056
768,rho_a,5.311,5.299622056558707,0.011377943441292615,0.21423354248334536
769,rho_a,3.38,3.371574852994249,0.008425147005751032,0.24926470431208697
770,rho_a,2.22,2.218772058332301,0.0012279416676990174,0.05531268773416505
771,rho_a,2.39,2.4035932418512034,0.013593241851203253,0.5687548891714462
772,rho_a,2.34,2.3394757102226773,0.0005242897773225508,0.022405546039415674
773,rho_a,2.37,2.355765250915387,0.014234749084613085,0.6006223242450244
774,rho_a,2.93,2.902845336699931,0.027154663300068993,0.9267803174081817
775,rho_a,2.91,2.866759205144664,0.04324079485533616,1.4859379675368145
776,rho_a,3.18,3.1887724394740564,0.00877243947405626,0.2758628765425629
777,rho_a,3.08,3.1281100547030043,0.048110054703004224,1.5620147630840455
778,rho_a,3.44,3.4434110126748414,0.0034110126748414515,0.09915734519885058
779,rho_a,3.5,3.4985493997194146,0.0014506002805854123,0.04144572230242851
780,rho_a,4.02,4.031995641922272,0.011995641922272426,0.29839905279277223
781,rho_a,4.29,4.290473335744121,0.0004733357441208952,0.011033467228922723
782,rho_a,4.41,4.409849367159693,0.00015063284030691904,0.0034157106645552127
783,rho_a,3.97,4.005650657883084,0.03565065788308397,0.8980014580119644
784,rho_a,3.93,3.930864023586251,0.0008640235862507062,0.021985332983472935
785,rho_a,4.04,4.04772978658725,0.007729786587249876,0.19133135116950403
786,rho_a,3.9,3.9131274289639038,0.013127428963903842,0.33660074266411477
787,rho_a,4.55,4.55329515320651,0.003295153206510193,0.0724209495936147
788,rho_a,4.0,4.002628247057691,0.0026282470576912687,0.06570617644226528
789,rho_a,4.0,4.014744659610356,0.014744659610355981,0.3686164902588074
791,rho_a,3.82,3.80014321704747,0.019856782952529795,0.5198110720556177
792,rho_a,2.71,2.7052649234768533,0.004735076523146642,0.17472607096475626
794,rho_a,3.719,3.7310409585949267,0.01204095859492682,0.32376871726065026
795,rho_a,2.72,2.7249104028080167,0.0049104028080164674,0.18052951500053904
796,rho_a,2.65,2.6335424992474774,0.016457500752522503,0.6210377642458978
797,rho_a,2.67,2.6334923392626957,0.03650766073730427,1.3673281175015204
798,rho_a,3.49,3.459172211430269,0.03082778856973123,0.8833177240608135
799,rho_a,7.5329,7.587179420604622,0.05427942060462243,0.7205647307758662
800,rho_a,5.843,5.829641501521515,0.013358498478485359,0.22862396848336594
801,rho_a,2.3824,2.3891529122024173,0.006752912202417249,0.2834499749166561
802,rho_a,4.4768,4.513657510258764,0.03685751025876449,0.8233003542431259
803,rho_a,5.8436,5.829368581017359,0.01423141898264113,0.24353855470324276
804,rho_a,8.4199,8.460128430345026,0.04022843034502621,0.4777780062117297
805,rho_a,8.4178,8.345687175821144,0.07211282417885556,0.8566706761724797
806,rho_a,6.307,6.309173579529537,0.0021735795295363403,0.03446297018449335
807,rho_a,8.4178,8.345687175821144,0.07211282417885556,0.8566706761724797
808,rho_a,7.9529,8.077157725385597,0.12425772538559698,1.5624203169357262
809,rho_a,7.7926,7.736674802915304,0.05592519708469634,0.7176705731679949
810,rho_a,7.3999,7.485101148578213,0.08520114857821337,1.1513824319004562
811,rho_a,6.9582,6.984349459337308,0.026149459337307945,0.37580781433853855
812,rho_a,6.2609,6.304730785566406,0.04383078556640552,0.7000716441150395
813,rho_a,6.3212,6.359547971010417,0.03834797101041687,0.6066565052586661
814,rho_a,5.519,5.499109532502809,0.019890467497191366,0.3603998459356362
815,rho_a,5.818,5.824279937003637,0.006279937003637492,0.10793979036844986
818,rho_a,5.984,5.8989125876869855,0.08508741231301453,1.4219153127172512
820,rho_a,6.124,6.1448432781469755,0.02084327814697584,0.3403539867239131
822,rho_a,6.31,6.302243652387064,0.007756347612935421,0.1229215152604468
823,rho_a,4.993,5.041266011376462,0.04826601137646147,0.9666735705277749
824,rho_a,4.7056,4.702555497384736,0.0030445026152632337,0.06469956254808286
825,rho_a,6.321,6.334156606652336,0.013156606652335867,0.20814122215367484
831,rho_a,3.954,3.9469205526680593,0.00707944733194088,0.17904520313452427
834,rho_a,4.657,4.642791819225396,0.014208180774604173,0.3050929949452678
836,rho_a,5.462,5.473702703997573,0.011702703997573671,0.21425675572265707
838,rho_a,6.316,6.309788455353626,0.006211544646373746,0.09834617869494557
839,rho_a,3.9663,3.9585842185568776,0.007715781443122349,0.19453348065250747
840,rho_a,4.743,4.71304886147106,0.029951138528939936,0.6314808882338946
841,rho_a,4.3431,4.351444834437294,0.008344834437294502,0.19214004829022083
842,rho_a,6.321,6.334156606652336,0.013156606652335867,0.20814122215367484
843,rho_a,4.626,4.591590653659255,0.03440934634074555,0.7438250397911395
844,rho_a,4.2101,4.182413995519148,0.027686004480851345,0.6576091893504851
845,rho_a,4.727,4.6869925699098305,0.04000743009016983,0.8463598495908897
846,rho_a,4.4345,4.420860566883938,0.013639433116061639,0.3075754451698853
847,rho_a,6.321,6.334156606652336,0.013156606652335867,0.20814122215367484
848,rho_a,5.505,5.490131446557162,0.014868553442838106,0.27009179732671035
849,rho_a,7.5329,7.587179420604622,0.05427942060462243,0.7205647307758662
850,rho_a,9.4488,9.134456352989115,0.3143436470108849,3.3268102511520152
851,rho_a,6.9369,6.970284856574917,0.03338485657491752,0.48126478073653517
852,rho_a,6.8323,6.855523986116324,0.02322398611632437,0.33991461318034877
853,rho_a,6.5069,6.451678121014506,0.05522187898549369,0.8486664769012157
854,rho_a,6.5301,6.498938161048463,0.03116183895153668,0.4772030895626699
855,rho_a,6.2184,6.312589025475318,0.09418902547531793,1.5146826430480957
856,rho_a,6.1122,6.137342947361697,0.02514294736169731,0.4113567514429043
857,rho_a,6.0549,6.096299110841166,0.041399110841165765,0.6837290597889135
858,rho_a,6.0687,6.128102671337262,0.059402671337262625,0.9788368404642318
859,rho_a,5.6412,5.697009822779323,0.05580982277932289,0.9893253701218356
860,rho_a,5.5045,5.51718364702653,0.012683647026530132,0.23042323601649245
861,rho_a,8.4199,8.460128430345026,0.04022843034502621,0.4777780062117297
862,rho_a,7.1012,7.10579161322771,0.004591613227709956,0.06465968044428139
863,rho_a,7.0975,7.093223268903497,0.004276731096503283,0.06025686645301417
864,rho_a,6.8537,6.956236927439237,0.10253692743923715,1.4960813493328011
865,rho_a,6.6984,6.743542865646695,0.04514286564669501,0.6739350538440264
866,rho_a,6.4121,6.477109594386109,0.06500959438610909,1.0138580868373692
867,rho_a,6.0941,6.130613955630061,0.03651395563006066,0.599168960634953
868,rho_a,5.4719,5.484780991485614,0.012880991485614501,0.2354025381606416
869,rho_a,8.4178,8.345687175821144,0.07211282417885556,0.8566706761724797
870,rho_a,8.0119,8.062885150223192,0.050985150223191056,0.6363677807159935
871,rho_a,7.9781,8.05077113391022,0.0726711339102204,0.9108827153108043
872,rho_a,7.6632,7.697947854627053,0.03474785462705299,0.45343791923802657
873,rho_a,7.4291,7.435923936739916,0.006823936739915659,0.09185415110733118
874,rho_a,6.9222,6.960339373526727,0.03813937352672703,0.5509718518205414
875,rho_a,6.6613,6.715134529596378,0.053834529596378466,0.8081685196038368
876,rho_a,6.4556,6.460515449323683,0.004915449323683596,0.07614240850862561
877,rho_a,6.2636,6.265455420196341,0.0018554201963407735,0.029622265092606122
878,rho_a,5.8137,5.815764245011708,0.002064245011708543,0.03550656228749657
879,rho_a,5.835,5.838239037587394,0.0032390375873943,0.05551049849860745
880,rho_a,5.4719,5.484780991485614,0.012880991485614501,0.2354025381606416
881,rho_a,5.5677,5.610755704793713,0.04305570479371301,0.773312225761181
882,rho_a,4.5218,4.521493550672944,0.00030644932705570227,0.00677715350204862
883,rho_a,4.5514,4.572458993522723,0.02105899352272278,0.462692655506397
884,rho_a,4.6599,4.66729342215759,0.007393422157589313,0.15866053257768892
885,rho_a,4.7017,4.7056665052401065,0.003966505240106777,0.08436321415883474
886,rho_a,4.7896,4.754278866804552,0.03532113319544816,0.7374547602188238
887,rho_a,4.8674,4.897317994151116,0.02991799415111629,0.6146606843717415
890,rho_a,3.526,3.4904284465912667,0.03557155340873308,1.0088358879388257
892,rho_a,4.263,4.2475854217556765,0.015414578244323351,0.361589918937831
893,rho_a,4.723,4.705800927304351,0.017199072695649242,0.36415567850191827
894,rho_a,5.519,5.500768721656677,0.01823127834332272,0.3303366251733904
895,rho_a,6.112,6.10390268836974,0.008097311630260506,0.1324821929034552
897,rho_a,6.056,6.0741612447885185,0.018161244788518438,0.2998884542357239
898,rho_a,6.022,5.900943613081706,0.12105638691829412,2.0102355848268685
900,rho_a,5.948,5.884216563724328,0.0637834362756724,1.0723509797522137
901,rho_a,5.893,5.814365109831617,0.07863489016838265,1.3343779088472647
902,rho_a,5.864,5.772027242750397,0.09197275724960274,1.5684303760161504
904,rho_a,5.682,5.728416960442784,0.04641696044278376,0.8169123625972472
906,rho_a,5.519,5.500768721656677,0.01823127834332272,0.3303366251733904
907,rho_a,8.9502,9.41506134534836,0.46486134534835877,5.1938654482392215
908,rho_a,3.4849,3.453375011137134,0.03152498886286592,0.9046167425996979
909,rho_a,6.415,6.422914539779887,0.007914539779886987,0.12337552267943495
910,rho_a,7.5329,7.587179420604622,0.05427942060462243,0.7205647307758662
911,rho_a,7.4651,7.598702629465807,0.13360262946580725,1.7896964470106143
912,rho_a,7.5082,7.609307472640379,0.10110747264037823,1.346627322665416
913,rho_a,6.7416,6.743234350259348,0.0016343502593478831,0.0242427652092625
914,rho_a,6.7956,6.823181213632765,0.027581213632764445,0.40586870376067435
915,rho_a,6.7032,6.747316257479773,0.044116257479773324,0.6581372699571361
916,rho_a,6.4086,6.304816588436181,0.10378341156381854,1.6194396836095613
917,rho_a,6.4109,6.334769892512732,0.076130107487268,1.18751045075194
918,rho_a,8.4178,8.345687175821144,0.07211282417885556,0.8566706761724797
919,rho_a,7.8607,7.690002232066316,0.1706977679336834,2.171533933792941
920,rho_a,7.4642,7.448556231317162,0.01564376868283812,0.20958399671546885
921,rho_a,7.4962,7.690866932967418,0.19466693296741777,2.5968748561590114
922,rho_a,7.0626,7.104820403385933,0.042220403385933025,0.5978025569326741
923,rho_a,6.6858,6.700523741888433,0.014723741888432507,0.22022408520192502
924,rho_a,6.6967,6.696631262583418,6.873741658175447e-05,0.0010264371493682591
925,rho_a,6.4109,6.334769892512732,0.076130107487268,1.18751045075194
926,rho_a,3.954,3.9664660590667236,0.012466059066723378,0.3152771640546339
927,rho_a,5.2239,5.219526439997382,0.004373560002618682,0.0837221233679405
928,rho_a,5.1927,5.227028243405568,0.03432824340556806,0.6610865908980192
929,rho_a,5.5315,5.5052883377294854,0.026211662270514857,0.47386174221296423
931,rho_a,5.6361,5.678502488980643,0.042402488980642694,0.7523374138257868
933,rho_a,5.688,5.67215633643169,0.015843663568309907,0.27854542138373983
934,rho_a,5.8212,5.799221022537035,0.02197897746296551,0.3775678118422616
935,rho_a,5.9339,5.89678043764853,0.03711956235146996,0.6255508578079122
937,rho_a,6.0287,5.8965546300786595,0.13214536992134018,2.1919380616271877
940,rho_a,6.0884,6.036708066068432,0.05169193393156846,0.8490232890670778
941,rho_a,6.2888,6.304787862439619,0.01598786243961925,0.25422755437629924
947,rho_a,4.503,4.525447344783714,0.02244734478371413,0.4984975523808382
948,rho_a,4.48596,4.499704567802624,0.013744567802623564,0.3063907792896169
949,rho_a,4.49724,4.499201108787436,0.001961108787436494,0.04360694086675512
950,rho_a,4.51914,4.521493550672944,0.0023535506729439604,0.052079614106742424
951,rho_a,4.17118,4.170783091687898,0.0003969083121013739,0.009515492309161407
952,rho_a,4.19018,4.191537354017046,0.0013573540170463971,0.03239369232457969
953,rho_a,4.22265,4.208968538171221,0.01368146182877883,0.3240017957627459
954,rho_a,4.25588,4.249824365810547,0.006055634189453762,0.14228864980808525
955,rho_a,4.28659,4.2557240375840495,0.030865962415950854,0.7200586577196244
956,rho_a,4.32044,4.315669654923664,0.004770345076335225,0.11041340873462242
957,rho_a,4.3522,4.357177596010948,0.004977596010948382,0.1143696523814907
958,rho_a,4.38472,4.393970573726774,0.009250573726774292,0.21097296353637593
959,rho_a,4.41756,4.41010071752273,0.007459282477269902,0.16885526121361596
960,rho_a,4.44985,4.4523763308400275,0.002526330840027846,0.056773393261060005
961,rho_a,4.48142,4.490301431954397,0.008881431954397279,0.19818343191210144
962,rho_a,4.51403,4.521663030342326,0.007633030342326208,0.16909569369996472
963,rho_a,4.04352,4.042123935628844,0.001396064371156136,0.034525966760540094
964,rho_a,4.11302,4.110954429292168,0.0020655707078320873,0.05022029330836186
965,rho_a,4.18407,4.189569161137202,0.005499161137201725,0.13143090668178137
966,rho_a,4.19126,4.189559870204782,0.0017001297952177197,0.04056369194985074
967,rho_a,4.25666,4.249003199006989,0.007656800993011359,0.1798781437326345
968,rho_a,4.33081,4.3373191231888875,0.006509123188887855,0.15029805484161976
969,rho_a,4.4065,4.410771838716945,0.00427183871694492,0.09694403079414389
970,rho_a,4.48374,4.50011307881867,0.016373078818669562,0.36516566122625105
971,rho_a,3.6294,3.614483615141134,0.014916384858866039,0.4109876249204257
972,rho_a,3.6936,3.7091662199175666,0.01556621991756657,0.4214376196004536
973,rho_a,3.7596,3.765411922360399,0.00581192236039918,0.1545888488242801
975,rho_a,3.8291,3.812923308482344,0.016176691517655772,0.4224671990193922
976,rho_a,3.9039,3.881411194433975,0.02248880556602506,0.5760599801741668
977,rho_a,3.9856,3.98019688623765,0.005403113762350031,0.13556588123114904
978,rho_a,4.0761,4.066021078835253,0.010078921164747179,0.2472687413150979
979,rho_a,4.1507,4.166200208147451,0.015500208147451566,0.3734360022995599
980,rho_a,4.1771,4.186838753362639,0.00973875336263852,0.23314628241210858
982,rho_a,4.2903,4.286229641967181,0.004070358032818966,0.09487350611421153
983,rho_a,4.4175,4.4079460650883995,0.009553934911600948,0.2162747008850885
984,rho_a,4.5605,4.5759580244066695,0.015458024406669324,0.33895459722981985
989,rho_a,6.2743,6.23712383541543,0.037176164584570515,0.5925149352846467
991,rho_a,6.1625,6.216091145556778,0.05359114555677813,0.8696331936189766
992,rho_a,6.1413,6.216752338059809,0.07545233805980889,1.2286053125526615
993,rho_a,6.1357,6.1194119571454015,0.016288042854598395,0.2654634818292247
994,rho_a,6.1269,6.125207213262005,0.0016927867379950001,0.027628763942527605
995,rho_a,6.0709,6.081490256905146,0.0105902569051457,0.17444294758839637
996,rho_a,6.0299,5.897459799389702,0.13244020061029715,2.1963913267264
997,rho_a,5.9756,5.892140841502291,0.08345915849770869,1.3966657490075427
998,rho_a,5.9126,5.813079063300404,0.09952093669959616,1.6832009048401604
999,rho_a,5.867,5.772439195233833,0.09456080476616702,1.6117403232682954
1000,rho_a,5.751,5.738148386363138,0.012851613636862602,0.2234674602131867
1001,rho_a,5.696,5.765320825826531,0.06932082582653099,1.2170088803812995
1003,rho_a,5.633,5.685038008527501,0.052038008527500956,0.9238062937598388
1004,rho_a,5.5599,5.510657357932586,0.04924264206741391,0.885674959395044
1005,rho_a,5.4362,5.353177168187564,0.08302283181243642,1.5272218059015699
1006,rho_a,5.2677,5.300890887718173,0.03319088771817302,0.6300831049256169
1007,rho_a,4.6292,4.634310913276885,0.005110913276885398,0.11040597245494457
1008,rho_a,2.305,2.289510124649484,0.015489875350516158,0.6720119457921664
1009,rho_a,2.534,2.5299655181614518,0.004034481838548043,0.15921396363640297
1010,rho_a,2.743,2.739836069674284,0.0031639303257158247,0.11534561887403104
1012,rho_a,2.973,2.9472459395983424,0.025754060401657508,0.8662650656457734
1013,rho_a,3.185,3.1782788264404425,0.006721173559557592,0.21102585744287225
1014,rho_a,3.386,3.361606802845236,0.024393197154763957,0.7204133831883269
1015,rho_a,3.602,3.594741231092956,0.007258768907044022,0.20152051379905628
1016,rho_a,3.667,3.67828610017962,0.011286100179620284,0.3077747526484103
1017,rho_a,3.817,3.8090102041241685,0.007989795875831707,0.2093213485939118
1019,rho_a,4.039,4.037115917708392,0.001884082291607747,0.04664724663548603
1020,rho_a,4.308,4.312637405727214,0.004637405727214272,0.10764637249798505
1021,rho_a,4.487,4.501334786650856,0.014334786650856302,0.3194737385971274
1022,rho_a,2.1057,2.072017777092344,0.0336822229076561,1.5995736765750155
1023,rho_a,2.3492,2.3388012725434524,0.010398727456547796,0.4426497299737514
1024,rho_a,2.6359,2.625743300462637,0.010156699537362979,0.38532188388630545
1026,rho_a,2.8897,2.837831304027508,0.051868695972491885,1.7949508936039704
1027,rho_a,3.1637,3.152749968992626,0.010950031007373795,0.34611470769574654
1028,rho_a,3.395,3.38963111048147,0.005368889518530207,0.1581410756562187
1029,rho_a,3.6925,3.712622892627578,0.02012289262757827,0.5449666249850459
1030,rho_a,3.8696,3.8759756707329176,0.006375670732917449,0.1647630435423765
1032,rho_a,4.0901,4.071109899286818,0.018990100713181413,0.46429428897036185
1033,rho_a,4.3095,4.315343991734433,0.005843991734432841,0.13560718724751095
1034,rho_a,4.503,4.524316975416686,0.021316975416685757,0.47339496816968735
1035,rho_a,4.1905,4.190215534407691,0.0002844655923093242,0.006788344882693147
1036,rho_a,4.2251,4.207640077096217,0.017459922903783287,0.41324283221176195
1037,rho_a,4.2558,4.249554389802329,0.006245610197670892,0.14675525630126943
1038,rho_a,4.2894,4.289125303545503,0.00027469645449684776,0.006404076432526315
1039,rho_a,4.3205,4.315128937415281,0.0053710625847189775,0.12431576402540757
1040,rho_a,4.3539,4.356003943193156,0.002103943193155544,0.04832318595179174
1041,rho_a,4.3849,4.393271096627156,0.008371096627156405,0.19090735540501483
1042,rho_a,4.418,4.4515186029158675,0.03351860291586739,0.7586827278374786
1043,rho_a,4.4501,4.452955599897077,0.0028555998970771768,0.06416934219627728
1044,rho_a,4.4844,4.499189214156386,0.014789214156386343,0.32979248408667927
1045,rho_a,4.5147,4.521663030342326,0.0069630303423258155,0.15423018898983926
1046,rho_a,2.3569,2.3533226477600735,0.003577352239926501,0.15178209681891397
1047,rho_a,2.8,2.8141999140252123,0.014199914025212479,0.5071397866145503
1049,rho_a,3.2373,3.228039816880475,0.0092601831195247,0.28604649305043833
1051,rho_a,3.6923,3.710177672595703,0.017877672595703054,0.48418797485844084
1053,rho_a,4.1045,4.1102973948970245,0.005797394897024688,0.1412448507010178
1054,rho_a,4.503,4.524316975416686,0.021316975416685757,0.47339496816968735
1055,rho_a,3.109,3.104425601013252,0.004574398986747941,0.14713409413787293
1056,rho_a,3.228,3.1934112147776825,0.034588785222317675,1.071523705771591
1057,rho_a,3.384,3.3803207028962357,0.0036792971037642452,0.10872627375186637
1059,rho_a,3.519,3.4858196526991923,0.03318034730080788,0.9428913697299928
1060,rho_a,3.655,3.6719803300520057,0.016980330052005943,0.46457811359784673
1061,rho_a,3.789,3.7840916875905575,0.004908312409442672,0.1295411034426333
1062,rho_a,3.922,3.921548645312881,0.0004513546871192098,0.011508278610889716
1063,rho_a,4.061,4.062011241440007,0.0010112414400067493,0.02490129130771978
1065,rho_a,4.194,4.183676332653987,0.010323667346012755,0.24615325097783244
1066,rho_a,4.329,4.337331383965058,0.008331383965058059,0.19245516204795876
1067,rho_a,4.463,4.491751437059,0.028751437059000295,0.6442177248262122
1068,rho_a,5.807,5.751055482933204,0.055944517066796706,0.9633979174580174
1069,rho_a,5.695,5.6650849409905195,0.02991505900948077,0.5252863741786745
1071,rho_a,5.582,5.567495384648924,0.0145046153510755,0.259846208367483
1072,rho_a,5.467,5.4635228698204585,0.003477130179541099,0.06360216168905182
1074,rho_a,5.351,5.31368240628924,0.03731759371076038,0.6973947619277406
1076,rho_a,5.23,5.25801676211261,0.028016762112609506,0.5356933482333489
1080,rho_a,5.103,5.087089806355054,0.01591019364494617,0.31178118057893495
1084,rho_a,4.97,4.962813097469119,0.007186902530881056,0.1446056847259479
1087,rho_a,4.828,4.799967995091152,0.02803200490884805,0.5806131919809909
1089,rho_a,4.684,4.657842662263999,0.026157337736001374,0.5584401736976043
1091,rho_a,4.521,4.520204616359061,0.0007953836409386739,0.017593090929849547
1096,rho_a,2.93,2.9003095208794485,0.02969047912055167,1.0133269324416907
1097,rho_a,2.52,2.520894736411532,0.0008947364115319267,0.03550541315601475
1098,rho_a,4.415,4.431130677875646,0.016130677875645816,0.36536076728521316
1099,rho_a,4.564,4.594786378687135,0.030786378687134963,0.6745481745645973
1101,rho_a,4.571,4.5902800170108975,0.019280017010897765,0.4217899149178199
1108,rho_a,3.0422,3.050364194615136,0.008164194615136289,0.2683648220082048
1109,rho_a,3.0466,3.050016746194694,0.003416746194693676,0.1121494844972282
1110,rho_a,2.973,2.963802381230807,0.009197618769192673,0.3093716370396764
1111,rho_a,2.115,2.1257722327572015,0.010772232757201294,0.5093254258721608
1112,rho_a,3.2522,3.241032926379222,0.01116707362077829,0.34336983029256674
1113,rho_a,3.212,3.1988240989734718,0.013175901026528436,0.4102086247361249
1115,rho_a,3.235935,3.2242253927879228,0.011709607212077255,0.3618616323280176
1116,rho_a,3.1458,3.1419705601104995,0.0038294398895004633,0.12173182940743996
1118,rho_a,3.0736,3.109849002553818,0.036249002553818244,1.179366298601199
1119,rho_a,3.132648,3.1360749677841966,0.0034269677841964885,0.10939523956076119
1121,rho_a,3.006758,3.0319033947834124,0.025145394783412378,0.8362959301481534
1122,rho_a,2.9672,2.9082362675879008,0.05896373241209929,1.9871842953653078
1123,rho_a,2.97381,2.9508934489422742,0.02291655105772561,0.7706124822271061
1125,rho_a,3.5491,3.557718406134124,0.008618406134123902,0.24283356721764596
1126,rho_a,4.4973,4.447963735864045,0.049336264135955155,1.0970196370254193
1127,rho_a,4.4393,4.403426261721902,0.03587373827809781,0.8080944806183346
1128,rho_a,4.1321,4.087207682527241,0.044892317472759125,1.086428631270982
1129,rho_a,4.2456,4.178923445929918,0.06667655407008155,1.5704860106949747
1130,rho_a,4.2233,4.171000066859661,0.05229993314033887,1.2383665176598035
1131,rho_a,4.1432,4.087796200003419,0.05540379999658107,1.3372224366810121
1132,rho_a,3.9315,3.9184354210281596,0.013064578971840657,0.33230520086067233
1133,rho_a,3.7383,3.755013745835247,0.01671374583524665,0.44709482479314605
1134,rho_a,3.4969,3.503902680479717,0.007002680479716972,0.2002539529215868
1135,rho_a,3.3615,3.337469467596396,0.024030532403604088,0.7148752760254927
1136,rho_a,3.3951,3.394549332149872,0.0005506678501276951,0.016219488384069187
1137,rho_a,3.3838,3.3821544331086124,0.0016455668913875066,0.04863073737771205
1140,rho_a,3.4219,3.4252893307939956,0.003389330793995615,0.0990482128055941
1141,rho_a,3.4186,3.4243307934008222,0.005730793400822165,0.16763568129703646
1142,rho_a,3.2364,3.2333353353246688,0.0030646646753313966,0.09469363105087286
1143,rho_a,3.5104,3.5049758258852366,0.005424174114763591,0.15451726625917406
1144,rho_a,3.2035,3.1778852658903296,0.025614734109670412,0.799585893855546
1145,rho_a,3.2491,3.220090852666491,0.02900914733350879,0.8928363957249658
1146,rho_a,3.2763,3.308966102621782,0.032666102621782045,0.9970424754073826
1147,rho_a,3.2968,3.3089850364017006,0.012185036401700433,0.36960192919487794
1148,rho_a,3.3275,3.3225000711939052,0.0049999288060949,0.15026082061888496
1149,rho_a,3.4969,3.5038612450569726,0.006961245056972487,0.1990690342008778
1150,rho_a,3.026,3.0427792867484795,0.016779286748479727,0.5545038581782612
1151,rho_a,3.267,3.298177074440661,0.0311770744406612,0.9543028601362613
1153,rho_a,3.321,3.339354839867606,0.018354839867605666,0.5526901495814555
1157,rho_a,3.421,3.4365841087767555,0.015584108776755645,0.4555424956665037
1158,rho_a,4.6695,4.681451510841716,0.011951510841715418,0.2559484065041837
1159,rho_a,4.7948,4.715383384600357,0.0794166153996434,1.6563071535752654
1161,rho_a,4.5433,4.525203167461991,0.01809683253800909,0.398319119098565
1163,rho_a,4.4314,4.4397485137063795,0.008348513706379457,0.18839449623995966
1164,rho_a,4.9025,4.887686500352935,0.014813499647065242,0.3021621549630234
1166,rho_a,4.305,4.304497625446995,0.0005023745530046142,0.011669559883960453
1167,rho_a,4.268,4.218396930271273,0.04960306972872708,1.1622087565303527
1169,rho_a,4.253,4.195351291008161,0.05764870899183894,1.355483399760766
1171,rho_a,4.2046,4.1714835157244305,0.03311648427556957,0.7876250838501092
1172,rho_a,4.1157,4.095747491800266,0.01995250819973471,0.4847901499071812
1173,rho_a,4.0644,4.058703830633357,0.005696169366642856,0.14014785372112623
1175,rho_a,4.0764,4.054486996062465,0.02191300393753437,0.5375577454991903
1176,rho_a,3.9943,3.9741047374767375,0.020195262523262425,0.5056020459969799
1178,rho_a,3.9073,3.8689748636487553,0.038325136351244904,0.9808598354678446
1179,rho_a,3.8138,3.8031576878830324,0.010642312116967645,0.27904746229390254
1180,rho_a,3.813,3.8022650783031033,0.010734921696896826,0.2815347940439027
1182,rho_a,3.7832,3.7845133673708315,0.001313367370831653,0.03471577952081058
1183,rho_a,3.7046,3.7091700263929983,0.004570026392998194,0.12336085928297146
1184,rho_a,3.7167,3.7282472077640803,0.011547207764080358,0.3106844180072982
1186,rho_a,3.6406,3.6379004488517244,0.0026995511482756918,0.07415127034760617
1187,rho_a,3.4797,3.465579810256913,0.014120189743086708,0.405787560510465
1189,rho_a,3.7214,3.7351105570318803,0.013710557031880288,0.3684247066124739
1190,rho_a,3.7597,3.764792154099715,0.005092154099715085,0.13544043672935954
1191,rho_a,3.679,3.6863997862833244,0.007399786283324605,0.2011358054722097
1192,rho_a,3.6714,3.6848413845580468,0.013441384558046554,0.36611059971789756
1193,rho_a,3.6617,3.6808785338444965,0.019178533844496304,0.5237603802739456
1194,rho_a,3.6119,3.619116733538814,0.007216733538814246,0.19980435612315536
1195,rho_a,3.5915,3.5964650475163604,0.00496504751636051,0.13824439694721224
1196,rho_a,3.4797,3.465579810256913,0.014120189743086708,0.405787560510465
1197,rho_a,2.5574,2.5587791356818976,0.0013791356818977363,0.05392725744495179
1198,rho_a,5.05,5.027794569943857,0.02220543005614317,0.43971148626017376
1199,rho_a,4.356,4.350845448095518,0.0051545519044822186,0.11833222921214498
1200,rho_a,3.894,3.8553115367950084,0.03868846320499175,0.9935404007442685
1201,rho_a,3.142,3.141640030869143,0.0003599691308568964,0.011456687805753719
1202,rho_a,2.371,2.362783289703148,0.008216710296852003,0.3465504131947928
1208,rho_a,1.9734,1.99310415333226,0.019704153332259944,0.9984875510413478
1209,rho_a,1.9556,1.9795274812772274,0.023927481277227436,1.223536575844508
1210,rho_a,1.9889,1.9884884257685553,0.00041157423144455585,0.02069356083485087
1211,rho_a,2.0252,2.0396513741031965,0.014451374103196635,0.7135776270585373
1212,rho_a,1.95522,1.9619879524139168,0.006767952413916811,0.34614787153943544
1213,rho_a,1.95742,1.9615370233291214,0.00411702332912145,0.2103290724075235
1214,rho_a,1.9228,1.9548739666717965,0.032073966671796406,1.668086471384425
1215,rho_a,1.97188,1.9650754569945783,0.00680454300542177,0.345078960454912
1216,rho_a,1.9885,1.9701870569358184,0.01831294306418152,0.920942573003385
1217,rho_a,1.99139,1.9745328877105808,0.016857112289419218,0.8464997960927167
1218,rho_a,2.0242,2.0297103561276555,0.005510356127655491,0.2722238972262014
1219,rho_a,2.0142,2.0115303092162327,0.002669690783767553,0.1325434804769252
1220,rho_a,2.005635,2.0154733645970273,0.009838364597027471,0.49053614426466263
1221,rho_a,1.9195,1.878676972123103,0.04082302787689707,2.1267532105692
1222,rho_a,2.4087,2.412438144994412,0.0037381449944118295,0.1551934651226918
1223,rho_a,2.3536,2.340527478106563,0.013072521893437106,0.5554266610057592
1224,rho_a,2.316,2.318710859217387,0.002710859217387007,0.11704918900629692
1225,rho_a,2.2786,2.254247807306133,0.024352192693867014,1.068734867631718
1226,rho_a,2.2567,2.241546714793124,0.015153285206876088,0.6714798248269319
1227,rho_a,2.25,2.2119752285140883,0.03802477148591166,1.6899898438175447
1231,rho_a,2.068,2.0646568790968924,0.0033431209031076214,0.16165961813858823
1235,rho_a,2.034,2.032810792578142,0.0011892074218580184,0.0584664415859112
1238,rho_a,2.011,2.0156610613331774,0.00466106133317723,0.23177828608527656
1239,rho_a,2.371,2.362783289703148,0.008216710296852003,0.3465504131947928
1240,rho_a,2.2536,2.2562606339625737,0.0026606339625736553,0.11806149993665577
1241,rho_a,2.2482,2.2187340585150874,0.029465941484912772,1.3106459160617232
1242,rho_a,4.7793,4.732835134141847,0.04646486585815346,0.9722106973436222
1243,rho_a,2.77,2.776168085385606,0.00616808538560587,0.22267456265717125
1244,rho_a,2.3289,2.3141561677556544,0.014743832244345612,0.6330813793782163
1245,rho_a,2.4298,2.407258326609189,0.022541673390811034,0.9277172356079412
1246,rho_a,2.666,2.6267838462998485,0.03921615370015141,1.4709735071319092
1247,rho_a,2.7935,2.804699813269492,0.011199813269492154,0.40092404759220135
1248,rho_a,2.8751,2.8547038024216667,0.020396197578333553,0.7094082841753837
1250,rho_a,3.0422,3.0288376355198836,0.013362364480116184,0.4392335967428766
1251,rho_a,3.1456,3.1390599774762387,0.006540022523761291,0.20791017687433913
1252,rho_a,3.205,3.1823154983734403,0.022684501626559772,0.7077847621389296
1253,rho_a,3.1147,3.151324713140937,0.03662471314093718,1.1758664764158802
1254,rho_a,2.9235,2.922223039362618,0.0012769606373823628,0.04367917350374297
1255,rho_a,3.307,3.310061604681349,0.003061604681349195,0.09257951863768579
1256,rho_a,3.2349,3.2141550002550594,0.020744999744940706,0.6412872034663913
1257,rho_a,3.2549,3.2296120243152022,0.025287975684797903,0.7769202029183733
1258,rho_a,3.2415,3.2159379347476738,0.02556206525232607,0.788587544418269
1259,rho_a,3.2294,3.2147765553561287,0.01462344464387133,0.45282233987325204
1260,rho_a,2.755,2.7596726342085343,0.004672634208534365,0.1696055974059045
1262,rho_a,2.868,2.8373511194595276,0.030648880540472323,1.0686499491095411
1263,rho_a,3.0535,3.0690488265574376,0.0155488265574375,0.5092132489743706
1265,rho_a,3.2415,3.2338212792582146,0.007678720741785217,0.2368878834423214
1267,rho_a,3.2612,3.2775799115548385,0.016379911554838422,0.5022663913539004
1268,rho_a,3.2733,3.26436883903079,0.008931160969209984,0.27284883662381254
1270,rho_a,3.2258,3.2056414544586724,0.020158545541327566,0.624916161613284
1271,rho_a,3.1679,3.1889018382105645,0.02100183821056456,0.6629577388982585
1273,rho_a,2.9921,2.976820277579532,0.015279722420468378,0.5106688419659526
1274,rho_a,2.7198,2.738198182232616,0.01839818223261558,0.6764534977795724
1275,rho_a,2.495,2.4853195268228534,0.009680473177146709,0.38799491691955224
1276,rho_a,4.1844,4.1814492827285985,0.002950717271401615,0.07051709376256834
1277,rho_a,4.383,4.350863339364293,0.032136660635707415,0.7332115134770724
1279,rho_a,1.71795,1.7185537765484398,0.0006037765484396829,0.03514517584559104
1312,rho_a,2.053,2.02542949315195,0.02757050684805007,1.342937498686636
1314,rho_a,1.933,1.9158077276977743,0.017192272302225753,0.889408810254364
1317,rho_a,1.799,1.770554050602724,0.02844594939727596,1.5812089714986186
1318,rho_a,1.548,1.608364025728503,0.06036402572850297,3.8994848661798427
1326,rho_a,3.639,3.6326946537096028,0.006305346290397029,0.17327140121998616
1327,rho_a,3.6297,3.6184812813559777,0.011218718644022463,0.30908115392510044
1328,rho_a,3.6412,3.6455239145954126,0.004323914595412592,0.118749714253856
1329,rho_a,3.6392,3.6458962991496984,0.006696299149698159,0.18400470294834906
1330,rho_a,2.022,2.0095529225951956,0.012447077404804219,0.6155824631453048
1331,rho_a,2.555,2.539896608513585,0.015103391486415152,0.5911307822469369
1333,rho_a,2.635,2.625473771684593,0.009526228315406726,0.3615266912866456
1334,rho_a,2.6639,2.629214369554278,0.03468563044572193,1.3020620310713205
1336,rho_a,2.833,2.8303635078661777,0.0026364921338224434,0.09306361220690125
1338,rho_a,2.8823,2.8377939784434645,0.04450602155653538,1.5441148234576532
1339,rho_a,2.977,2.9556324811808876,0.021367518819112252,0.7177534033962067
1341,rho_a,2.9956,2.9955768918749284,2.310812507166915e-05,0.0007714022256530055
1342,rho_a,3.1823,3.1851672594224087,0.002867259422408619,0.09010022381320798
1344,rho_a,3.066,3.10414481505637,0.03814481505637035,1.2441231264304602
1345,rho_a,3.225,3.1721568178856745,0.05284318211432559,1.638548282614239
1346,rho_a,3.374,3.3632877289594543,0.01071227104054584,0.31749469592598295
1348,rho_a,3.376,3.3776225278444354,0.0016225278444355062,0.04806065889914175
1350,rho_a,3.421,3.4285332479577515,0.0075332479577516764,0.22020602039606765
1353,rho_a,3.533,3.5237070752750714,0.009292924724928486,0.2630321178863814
1354,rho_a,3.6392,3.6326946537096028,0.006505346290397451,0.17875759206407077
1365,rho_a,2.3351,2.3397591633260495,0.00465916332604932,0.1995273575456008
1367,rho_a,2.5229,2.517309544470598,0.005590455529401961,0.2215884707836119
1370,rho_a,2.6841,2.648556396941019,0.03554360305898108,1.3242279743291172
1372,rho_a,2.843,2.8299811315535495,0.013018868446450504,0.45792713494357806
1373,rho_a,2.9965,2.985803240108001,0.010696759891999363,0.35697513405625875
1374,rho_a,3.0901,3.1021311864891623,0.012031186489162238,0.38934618585671477
1375,rho_a,2.3442,2.353761753994694,0.009561753994693944,0.4078898555878281
1376,rho_a,2.4388,2.4379090743989376,0.0008909256010625199,0.03653131052411655
1377,rho_a,2.4821,2.4725351086090748,0.009564891390925201,0.38535479597604233
1378,rho_a,2.5572,2.5574836836990795,0.00028368369907960655,0.011093528041588285
1379,rho_a,2.6668,2.6420514316443913,0.02474856835560857,0.9280249120893689
1380,rho_a,2.7783,2.7922584657159417,0.013958465715941504,0.5024103126349379
1381,rho_a,3.1366,3.147395545042366,0.010795545042365795,0.34417984576810406
1382,rho_a,3.1748,3.174981193626356,0.00018119362635626857,0.00570724538100704
1383,rho_a,3.2156,3.1932103943500705,0.02238960564992931,0.6962808076229118
1384,rho_a,3.2565,3.2806837598920775,0.02418375989207755,0.7426304281305119
1385,rho_a,3.7366,3.7478737727439455,0.011273772743945365,0.3017120575909208
1386,rho_a,5.035,5.0309762711669475,0.004023728833052687,0.0799151704677634
1387,rho_a,2.942,2.9044829772737573,0.03751702272624291,1.2752217106128536
1388,rho_a,3.574,3.554865460815544,0.019134539184455956,0.5353816223964915
1389,rho_a,3.556,3.5410597801929247,0.014940219807075383,0.42014116442832344
1390,rho_a,3.803,3.7967685469599184,0.006231453040081547,0.16385624612358424
1391,rho_a,3.974,3.973610121263453,0.0003898787365472778,0.009810738212057867
1392,rho_a,4.18,4.189508812587998,0.009508812587998072,0.2274835547367416
1393,rho_a,4.356,4.3569222131987955,0.0009222131987955962,0.02117110190072049
1394,rho_a,4.704,4.694862969770254,0.009137030229745768,0.19423958821734325
1395,rho_a,4.551,4.573225810536875,0.02222581053687467,0.4883720179492372
1396,rho_a,5.035,5.0309762711669475,0.004023728833052687,0.0799151704677634
1397,rho_a,4.0152,3.989955327492846,0.02524467250715423,0.6287276476177511
1398,rho_a,4.099,4.076642830545293,0.02235716945470756,0.5454298476384998
1399,rho_a,4.25,4.219910148426819,0.030089851573181114,0.7079965076040949
1400,rho_a,4.292,4.29716541170459,0.005165411704590284,0.12034976012556105
1401,rho_a,4.331,4.343605109662716,0.012605109662715996,0.2910438619882956
1402,rho_a,3.7808,3.7960693623004778,0.015269362300477596,0.4038659093438837
1403,rho_a,3.8593,3.8795694247192403,0.020269424719240092,0.5252098753461726
1404,rho_a,3.8851,3.8810569688376986,0.004043031162301425,0.10406504754833554
1405,rho_a,3.8866,3.8752725063676037,0.01132749363239638,0.29144994680166375
1406,rho_a,3.9558,3.9615440198974947,0.005744019897494734,0.14520501282909354
1407,rho_a,3.9816,3.9771755221178333,0.004424477882166489,0.11112311337566248
1408,rho_a,4.1136,4.083467788754896,0.030132211245104124,0.7325022181324582
1409,rho_a,4.1154,4.112709970028586,0.0026900299714140985,0.06536496990361677
1410,rho_a,4.0725,4.044134666180584,0.02836533381941564,0.6965091177264254
1411,rho_a,4.1382,4.11693472438901,0.021265275610990564,0.513877425232841
1413,rho_a,4.3316,4.300809085970999,0.030790914029000582,0.7108438920720629
1414,rho_a,2.1559,2.1602808362535093,0.004380836253509379,0.20320220109964968
1415,rho_a,2.485,2.4675384094525015,0.017461590547498407,0.7026797001002567
1416,rho_a,2.2758,2.245015773992299,0.0307842260077007,1.3526771248654177
1417,rho_a,2.7114,2.7008898418440133,0.010510158155986549,0.38762846337621426
1418,rho_a,2.858,2.8440059166344684,0.013994083365531651,0.4896460239862405
1419,rho_a,3.3797,3.3746606355407223,0.005039364459277884,0.1491068573919695
1420,rho_a,2.9626,2.9221439929416304,0.040456007058369714,1.3655575190155962
1421,rho_a,3.2396,3.2172343877173812,0.022365612282618574,0.6903819077235359
1422,rho_a,3.1602,3.155316437456975,0.004883562543025022,0.15453333785910625
1423,rho_a,3.4446,3.4412659669454944,0.0033340330545055252,0.09679013686653189
1424,rho_a,3.7621,3.771584970124331,0.009484970124330694,0.25211903257032436
1425,rho_a,3.9881,3.9841322327699396,0.003967767230060648,0.09949016398935967
1426,rho_a,3.734,3.772901126667266,0.038901126667266084,1.041808427082369
1427,rho_a,3.732,3.769589141860159,0.037589141860158826,1.007211732587051
1428,rho_a,3.706,3.724872328852528,0.018872328852527875,0.5092371519838851
1429,rho_a,3.744,3.772285834034478,0.02828583403447782,0.7554977039121331
1430,rho_a,3.785,3.801088910155782,0.016088910155781733,0.4250702815264856
1431,rho_a,3.942,3.947149386368605,0.005149386368604958,0.13062877647396376
1432,rho_a,4.158,4.162235700286339,0.004235700286338684,0.10186869375511459
1433,rho_a,4.3316,4.343929745812716,0.012329745812715842,0.2846464542596961
1434,rho_a,1.8965,1.8900986852245294,0.006401314775470679,0.3375330754266967
1435,rho_a,2.689,2.6292210779782055,0.05977892202179458,2.223091187124297
1436,rho_a,3.069,3.101206230256478,0.03220623025647784,1.0494047004388187
1437,rho_a,3.43,3.4145329023904036,0.015467097609596525,0.4509357903671141
1438,rho_a,3.735,3.7548672020705087,0.01986720207050885,0.5319197341500276
1439,rho_a,3.868,3.879323447328685,0.011323447328685177,0.2927468285595204
1441,rho_a,3.977,3.9821382862684294,0.005138286268429493,0.12920005703867743
1442,rho_a,4.3316,4.300809085970999,0.030790914029000582,0.7108438920720629
1443,rho_a,1.988,1.9737990138453636,0.014200986154636386,0.7143353196493583
1444,rho_a,2.171,2.14789937689852,0.023100623101479645,1.0640544956918012
1446,rho_a,2.461,2.4385115175015963,0.022488482498403517,0.9137944940428435
1449,rho_a,3.01,3.038581319803451,0.028581319803451244,0.9495455084199916
1452,rho_a,3.569,3.5480883611005143,0.020911638899485663,0.5859243177214851
1454,rho_a,3.836,3.8134631530955803,0.022536846904419594,0.5875090433893044
1456,rho_a,3.3688,3.368673432351521,0.00012656764847873703,0.003757054395591886
1457,rho_a,3.5384,3.52594580149109,0.012454198508910164,0.35197260086215926
1459,rho_a,3.7392,3.7625180991009115,0.02331809910091165,0.6236119785222886
1460,rho_a,2.2259,2.1859211464889583,0.03997885351104191,1.7960759023776425
1461,rho_a,2.1654,2.1574826566646603,0.007917343335339666,0.36562959893488545
1462,rho_a,2.2436,2.2261111461686642,0.017488853831335582,0.7794996359122743
1463,rho_a,2.6378,2.6240194209777776,0.013780579022222295,0.5224269854506434
1464,rho_a,2.6709,2.647373849700334,0.023526150299665982,0.8808323149371812
1465,rho_a,2.5799,2.590303793391206,0.010403793391206229,0.40326343622629546
1466,rho_a,3.0067,3.0444308049711903,0.03773080497119041,1.2548909093417322
1467,rho_a,2.9889,2.962337733050422,0.026562266949578195,0.8886970775057481
1468,rho_a,3.1909,3.1832949209944967,0.007605079005503335,0.2383364883105378
1469,rho_a,3.3008,3.3194440899913413,0.01864408999134115,0.5648354941630969
1470,rho_a,3.2735,3.291731185639074,0.018231185639074,0.5569325076849986
1471,rho_a,3.4208,3.4224496842228183,0.001649684222818415,0.048225100058990084
1472,rho_a,3.2956,3.313028452709613,0.01742845270961313,0.528840050661726
1473,rho_a,3.7799,3.779077978692743,0.0008220213072571703,0.021747170752055685
1474,rho_a,3.6532,3.6423214941608917,0.010878505839108321,0.2977801883035515
1475,rho_a,3.6349,3.6420351030828373,0.007135103082837269,0.1962943432511295
1476,rho_a,6.112,6.101076149765911,0.010923850234089372,0.17872791613363193
1477,rho_a,5.799,5.799855429110993,0.0008554291109925671,0.014751321106956709
1478,rho_a,5.728,5.7630533086514095,0.035053308651409765,0.611964187349924
1479,rho_a,5.503,5.480399057869347,0.022600942130653223,0.41070220117479767
1480,rho_a,3.6008,3.5910380840507985,0.009761915949201505,0.2711040865696177
1481,rho_a,5.775,5.772631631694615,0.0023683683053850046,0.04101070658674622
1482,rho_a,3.063,3.0608283542039723,0.00217164579602791,0.0708993077384003
1483,rho_a,3.825,3.78923096490297,0.03576903509703033,0.9351381724711367
1484,rho_a,4.21,4.167279493421118,0.042720506578882045,1.0147388736074086
1485,rho_a,4.264,4.240004787824484,0.023995212175516478,0.5627394975495039
1486,rho_a,4.117,4.0935498172395075,0.02345018276049249,0.5695939460890647
1487,rho_a,4.08,4.072788956143635,0.007211043856365507,0.17674127098930734
1488,rho_a,4.579,4.56751925512165,0.011480744878349824,0.2507260292279388
1489,rho_a,3.3191,3.321280313371457,0.0021803133714568546,0.06568989700389255
1490,rho_a,3.6575,3.6655013878611267,0.008001387861126474,0.2187665854032614
1491,rho_a,4.2048,4.187193110396482,0.01760688960351775,0.41873310510639183
1492,rho_a,3.9704,3.9793818948609023,0.008981894860902173,0.22622140995617343
1493,rho_a,2.7571,2.7727475216745296,0.015647521674529763,0.5675355146539511
1494,rho_a,3.3934,3.3919124150370368,0.0014875849629634175,0.04383759541943122
1495,rho_a,3.9022,3.8733535576174036,0.028846442382596482,0.7392353642199039
1496,rho_a,4.3643,4.373346535236403,0.009046535236403308,0.20728490792111529
1497,rho_a,5.222,5.214683381564191,0.007316618435809552,0.14011142159724532
1498,rho_a,2.66,2.6455257566180026,0.014474243381997542,0.5441444880448157
1499,rho_a,2.276,2.2621316217031264,0.013868378296873374,0.609331208122464
1500,rho_a,2.122,2.1396964467650657,0.017696446765065765,0.8339513084381445
1501,rho_a,2.068,2.103295580831405,0.03529558083140483,1.7067495566435085
1502,rho_a,2.176,2.182569048095339,0.006569048095338648,0.30188640144005646
1503,rho_a,2.209,2.2062632190744296,0.0027367809255705033,0.12389230084061857
1504,rho_a,2.199,2.2097011079623194,0.0107011079623196,0.486635196103444
1505,rho_a,2.139,2.157468397165681,0.01846839716568116,0.863412677217042
1506,rho_a,2.228,2.2286926483880336,0.0006926483880334011,0.031088347757320025
1507,rho_a,2.175,2.186423233551932,0.0114232335519322,0.5252061403184803
1508,rho_a,2.158,2.158994505996124,0.000994505996124051,0.04608461520498564
1509,rho_a,2.145,2.1597912395396257,0.014791239539625689,0.689568276905305
1510,rho_a,1.972,1.9821845886276932,0.010184588627693225,0.5164598695582181
1513,rho_a,2.413,2.4151841793375444,0.002184179337544556,0.09051717105444057
1517,rho_a,2.349,2.336439567893648,0.01256043210635216,0.5347140104873057
1522,rho_a,2.158,2.151807835368982,0.006192164631018127,0.2869399736337005
1526,rho_a,2.075,2.090363669505967,0.015363669505966904,0.7404178075161204
1536,rho_a,2.024,2.034982526738692,0.010982526738692044,0.542614957444991
1537,rho_a,2.018,2.0238993909628373,0.005899390962837536,0.29233850162708686
1538,rho_a,2.554,2.549696467123242,0.004303532876757998,0.16850167880799974
1540,rho_a,2.447,2.430087114611045,0.01691288538895508,0.6911681809950211
1542,rho_a,2.545,2.5399961436521714,0.005003856347828517,0.19661518066116113
1543,rho_a,2.576,2.5893135944251444,0.013313594425144348,0.5168320817212414
1544,rho_a,2.531,2.535742448122602,0.004742448122601939,0.1873744813354431
1547,rho_a,2.383,2.3862582621103106,0.0032582621103105502,0.13672942133064134
1548,rho_a,2.561,2.5616157851376418,0.0006157851376418222,0.02404471447253345
1549,rho_a,2.511,2.5020137498789365,0.008986250121063577,0.357875353287933
1551,rho_a,2.538,2.536721690504898,0.0012783094951016594,0.05036680437750811
1553,rho_a,2.54,2.541399498889855,0.001399498889854911,0.05509838149032913
1555,rho_a,1.971,1.9760022440786282,0.005002244078628149,0.253792190696378
1557,rho_a,2.89,2.8602686647137143,0.029731335286285798,1.0287659268607443
1558,rho_a,4.502,4.53867438078036,0.03667438078035978,0.8146241843703163
1559,rho_a,6.2457,6.262065003954958,0.016365003954957658,0.2620203332685694
1560,rho_a,6.1477,6.230282179494571,0.0825821794945707,1.3433020396987045
1561,rho_a,6.0788,6.093186253995967,0.014386253995966491,0.23666272941969013
1562,rho_a,5.517,5.504546259578844,0.012453740421156212,0.22573392099245884
1563,rho_a,6.5207,6.451507126528739,0.0691928734712608,1.061126466042759
1564,rho_a,6.4205,6.455229833890916,0.03472983389091677,0.5409210169131901
1565,rho_a,6.1798,6.247245078729169,0.06744507872916916,1.0913796357351087
1566,rho_a,6.2892,6.311412308697436,0.02221230869743618,0.35318178301584696
1567,rho_a,6.2457,6.262065003954958,0.016365003954957658,0.2620203332685694
1568,rho_a,8.4886,8.578608961715872,0.09000896171587236,1.0603510792811743
1569,rho_a,7.8451,7.733709331106397,0.11139066889360372,1.4198757044982155
1570,rho_a,8.1537,8.086096823480684,0.06760317651931658,0.8291104224990897
1571,rho_a,8.4896,8.575550691074827,0.085950691074828,1.0124233306023591
1572,rho_a,8.558,8.595628922985501,0.037628922985501134,0.4396929537917357
1573,rho_a,8.7006,8.599891242965246,0.10070875703475402,1.1574920928986787
1574,rho_a,8.8526,8.6252383970523,0.2273616029477008,2.5683031306923967
1575,rho_a,8.4886,8.578608961715872,0.09000896171587236,1.0603510792811743
1576,rho_a,7.237,7.26165123957635,0.024651239576350292,0.34062787862853233
1577,rho_a,6.0594,6.0364809665250965,0.02291903347490365,0.37823932196091803
1578,rho_a,5.073,5.072239986070576,0.0007600139294243746,0.014981547987861714
1579,rho_a,6.186,6.187174698471971,0.0011746984719707143,0.018989629356135216
1580,rho_a,3.8531,3.8335592595638817,0.01954074043611831,0.507143350448035
1581,rho_a,3.6916,3.708295549425993,0.016695549425992606,0.45225781303467555
1582,rho_a,3.5736,3.547594685373862,0.026005314626138087,0.7277063640623128
1583,rho_a,3.4679,3.457885487715571,0.010014512284429067,0.2887774239287805
1584,rho_a,3.375,3.3844299212958275,0.009429921295827537,0.27940507543184423
1585,rho_a,3.3102,3.3279491684581894,0.017749168458189413,0.5361962557604993
1586,rho_a,3.2916,3.322119344916932,0.03051934491693231,0.9271887506660299
1587,rho_a,3.2706,3.305385022611841,0.03478502261184113,1.0635670094732006
1588,rho_a,3.1976,3.190505634669095,0.007094365330905017,0.2218653155773955
1589,rho_a,3.0787,3.1189930014399843,0.040293001439984266,1.3087667340101723
1590,rho_a,2.952,2.9222625406712543,0.029737459328745608,1.0073665084260004
1591,rho_a,2.3313,2.3302767782657092,0.0010232217342909244,0.043890607570475075
1592,rho_a,2.37,2.3742678579697345,0.00426785796973439,0.1800783953473666
1594,rho_a,2.3875,2.398076517197249,0.010576517197248947,0.442995484701341
1596,rho_a,2.4078,2.4203914914513183,0.012591491451318326,0.522945902953447
1612,rho_a,2.3384,2.3399084837256066,0.0015084837256065242,0.06450922535091853
1613,rho_a,2.3475,2.3539527444429043,0.0064527444429041125,0.2748772925623584
1615,rho_a,2.3573,2.365928478634809,0.008628478634808978,0.36603226720423016
1616,rho_a,2.392,2.397708404827389,0.005708404827389213,0.23864568676366332
1618,rho_a,2.4226,2.4215505398550485,0.0010494601449515528,0.04331957999468008
1620,rho_a,2.398,2.3942225745987438,0.0037774254012563624,0.15752399504815626
1622,rho_a,2.3956,2.3932541333213315,0.002345866678668429,0.09792397222689304
1624,rho_a,2.4017,2.417121054264481,0.01542105426448126,0.6420891145636357
1627,rho_a,2.4269,2.4329427021139596,0.0060427021139597414,0.24898850854824062
1631,rho_a,3.618,3.6306327344374965,0.012632734437496573,0.3491634725675258
1633,rho_a,2.5261,2.513749710535606,0.012350289464393871,0.4889073854712395
1634,rho_a,2.6143,2.5988557112146777,0.015444288785322335,0.59076191658633
1635,rho_a,2.5615,2.5550094136902817,0.006490586309718438,0.2533900569867618
1636,rho_a,2.5025,2.5030632971893976,0.0005632971893976269,0.02250937819769837
1637,rho_a,4.375,4.395920828862603,0.020920828862602825,0.47819037400224096
1638,rho_a,3.8243,3.820614895939149,0.0036851040608509855,0.09636022437701074
1639,rho_a,1.635,1.6717577741860985,0.03675777418609849,2.2481819074052605
1640,rho_a,2.2372,2.2176818644675946,0.019518135532405445,0.8724358811191095
1641,rho_a,3.8335,3.817010393648151,0.016489606351848707,0.4301449420071581
1642,rho_a,3.2884,3.3253866348071814,0.03698663480718123,1.124760820069638
1643,rho_a,2.3585,2.355661167461369,0.002838832538630598,0.12036601817381362
1644,rho_a,2.8162,2.820906733165444,0.00470673316544401,0.16713064290328597
1645,rho_a,3.2133,3.206712306253352,0.006587693746647805,0.20501334287635
1646,rho_a,4.256,4.2490986982816645,0.006901301718335695,0.1621546456375487
1647,rho_a,4.017,4.012566165199031,0.004433834800969372,0.11037676875698949
1648,rho_a,4.011,4.000840139790785,0.010159860209214777,0.25329993042164656
1649,rho_a,3.643,3.641553306792149,0.0014466932078507355,0.03971158956492831
1650,rho_a,3.32,3.3213357084258313,0.0013357084258314167,0.04023218150093417
1651,rho_a,2.956,2.919998267615452,0.036001732384547847,1.2179205813442378
1652,rho_a,2.781,2.7965602330584654,0.015560233058465212,0.5595193476612591
1653,rho_a,2.589,2.5984362131285352,0.009436213128535265,0.3644732764979382
1654,rho_a,2.1866,2.189541596711874,0.002941596711873995,0.13452834134604635
1655,rho_a,2.2231,2.2135754555300653,0.009524544469934781,0.4284352692155322
1656,rho_a,2.254,2.2510505989654073,0.0029494010345927357,0.13085186488870573
1657,rho_a,2.265,2.2504980448912804,0.014501955108719766,0.6402629187069917
1658,rho_a,2.3934,2.3894067557421,0.0039932442579000416,0.16684399840805433
1659,rho_a,2.4067,2.4126709283839416,0.005970928383941754,0.24809608110438663
1660,rho_a,2.3534,2.333529758746055,0.01987024125394532,0.8443206107732164
1661,rho_a,2.4968,2.4794383805260543,0.017361619473945655,0.6953548331439724
1662,rho_a,4.0742,4.083896584628095,0.009696584628094307,0.23799972087997462
1663,rho_a,4.113,4.106845360682388,0.00615463931761262,0.1496386899492128
1664,rho_a,3.9523,3.9651127281224476,0.012812728122447492,0.32418409843494295
1665,rho_a,3.7984,3.8002879702342547,0.0018879702342546878,0.04970435536684369
1666,rho_a,3.4343,3.4250093194909303,0.00929068050906956,0.27052617735977796
1667,rho_a,3.5606,3.5453648348031583,0.015235165196841649,0.42788196362515785
1668,rho_a,4.0791,4.065407901443403,0.013692098556597365,0.3356646945795398
1669,rho_a,2.85,2.8369722817455187,0.013027718254481346,0.45711292120971136
1670,rho_a,2.5377,2.5244138029792906,0.013286197020709434,0.5235527060213657
1671,rho_a,1.8767,1.8897061493927465,0.013006149392746469,0.6930329510704715
1672,rho_a,1.9945,1.9718854178194654,0.02261458218053458,1.1338471887953494
1673,rho_a,2.0718,2.0534197242493817,0.018380275750618402,0.887164579139373
1674,rho_a,2.1411,2.1345987085408717,0.0065012914591280335,0.3036425883482788
1675,rho_a,2.2101,2.1790704202297957,0.031029579770204485,1.403989854313852
1676,rho_a,2.2633,2.229860397028793,0.03343960297120718,1.4774710807755227
1677,rho_a,2.3407,2.3256230832609335,0.015076916739066526,0.6441199956876185
1678,rho_a,2.3703,2.350231217168832,0.020068782831167642,0.8466769114103352
1679,rho_a,2.4169,2.410167029539524,0.00673297046047594,0.2785787769652511
1680,rho_a,2.4186,2.4116127969378542,0.006987203062145841,0.2888945283280804
1681,rho_a,2.4852,2.464925360952644,0.020274639047356047,0.8158151878057255
1682,rho_a,1.95,1.9356575053041507,0.01434249469584925,0.7355125485047126
1683,rho_a,2.4864,2.445555804757836,0.040844195242164094,1.6427041200992465
1684,rho_a,2.3796,2.3676344169710024,0.011965583028997528,0.5028401003947092
1685,rho_a,2.3656,2.347986543544007,0.017613456455993326,0.7445661335807355
1686,rho_a,2.268,2.2322046130993636,0.03579538690063622,1.5782798457063685
1687,rho_a,2.2379,2.199478333630461,0.0384216663695387,1.7168625215390112
1688,rho_a,2.1352,2.1376055566624492,0.0024055566624490154,0.11266188939902062
1689,rho_a,2.4986,2.4794383805260543,0.0191616194739459,0.7668942397317791
1690,rho_a,2.928,2.8984513672640833,0.02954863273591668,1.0091746152973562
1691,rho_a,2.962,2.9259803844507575,0.03601961554924271,1.216057243390633
1692,rho_a,2.916,2.866685797684842,0.04931420231515782,1.691159201479455
1693,rho_a,2.848,2.8302797784948894,0.017720221505110434,0.6221987888028164
1694,rho_a,2.916,2.868938012338534,0.04706198766146574,1.6139227593089713
1695,rho_a,2.889,2.844515362179319,0.044484637820680906,1.5397936248066981
1696,rho_a,2.84,2.8338578015695157,0.006142198430484136,0.2162745926226047
1697,rho_a,2.72,2.7259852968202565,0.005985296820256281,0.2200476772152235
1698,rho_a,2.1319,2.109697822398301,0.022202177601698736,1.0414267836994382
1700,rho_a,2.1305,2.1224951393276763,0.008004860672323755,0.37572685624595153
1703,rho_a,2.1791,2.1723626768548865,0.00673732314511355,0.30917916319170563
1706,rho_a,2.38,2.388023519222793,0.008023519222793318,0.3371226564197457
1708,rho_a,2.4925,2.4796703094350483,0.012829690564951868,0.5147318180520248
1709,rho_a,2.4637,2.4454527926906744,0.018247207309325386,0.7406424203157033
1711,rho_a,2.4651,2.453516857195334,0.011583142804666213,0.469885311129833
1713,rho_a,2.4986,2.476059160241854,0.022540839758146358,0.9021387880467996
1714,rho_a,4.038,4.034376129765151,0.0036238702348496687,0.0897441861032385
1715,rho_a,3.976,3.97629102918041,0.00029102918040990744,0.0073196473946135375
1716,rho_a,3.751,3.7638993857565857,0.01289938575658578,0.3438919156646852
1717,rho_a,3.543,3.5133287741905286,0.02967122580947157,0.837460508311126
1718,rho_a,3.224,3.196560629311499,0.027439370688500997,0.8510971057224715
1719,rho_a,2.805,2.7978576641616657,0.007142335838334457,0.25462872863928376
1720,rho_a,2.588,2.5984362131285352,0.010436213128535154,0.4032539848736909
1721,rho_a,4.06,4.0696109921901344,0.009610992190134837,0.23672394556976528
1722,rho_a,3.909,3.885498354055708,0.023501645944291827,0.601218878083546
1723,rho_a,3.558,3.548281965386223,0.009718034613776627,0.27313194529999707
1724,rho_a,3.303,3.3253994755380414,0.022399475538041447,0.6781554810183066
1725,rho_a,3.008,3.0374800554459376,0.02948005544593757,0.9800550347715349
1726,rho_a,2.772,2.8067764394011823,0.03477643940118247,1.254561305958511
1727,rho_a,2.588,2.5984362131285352,0.010436213128535154,0.4032539848736909
1728,rho_a,3.084,3.104461080037991,0.020461080037990964,0.6634591452005295
1729,rho_a,2.9062,2.8875020730576586,0.018697926942341514,0.6433805981121423
1730,rho_a,2.8413,2.8576511731344163,0.016351173134416364,0.5754821079931935
1731,rho_a,2.8188,2.8373700990048354,0.018570099004835416,0.6587944871870594
1732,rho_a,2.8233,2.8482308940656553,0.024930894065655185,0.8830409118990667
1733,rho_a,2.8183,2.839318611687181,0.02101861168718111,0.7457904299461964
1734,rho_a,2.7579,2.7757352477790525,0.017835247779052654,0.6466966814984658
1735,rho_a,2.666,2.6653118225250685,0.0006881774749314395,0.02581310858706607
1736,rho_a,2.6091,2.6153250159651327,0.006225015965132474,0.23858863075888573
1737,rho_a,2.5496,2.5478746408442396,0.00172535915576022,0.06767175854092969
1738,rho_a,2.4852,2.464925360952644,0.020274639047356047,0.8158151878057255
1739,rho_a,3.2429,3.223983010992585,0.018916989007415008,0.5833355640756476
1740,rho_a,3.0117,3.0391029453898715,0.027402945389871647,0.9098829694147009
1741,rho_a,2.4793,2.454146711453076,0.02515328854692367,1.0145318657247417
1742,rho_a,3.179,3.176226459772721,0.0027735402272788257,0.0872456818898381
1750,rho_a,2.892,2.8587831651972824,0.03321683480271753,1.148576583772685
1751,rho_a,2.874,2.858026767809401,0.015973232190598985,0.5557840010644894
1752,rho_a,2.969,2.9683670052433606,0.0006329947566392491,0.021320133265039943
1753,rho_a,3.0511,3.051446693912669,0.00034669391266906047,0.011362915429482706
1754,rho_a,2.074,2.053011772637892,0.020988227362107814,1.0119685324058676
1755,rho_a,2.12,2.0943522207261314,0.025647779273868743,1.2098009091441813
1756,rho_a,2.336,2.3206682848385713,0.015331715161428505,0.6563234230060763
1757,rho_a,2.453,2.4093425156611525,0.04365748433884731,1.7797588397402981
1758,rho_a,2.809,2.8158917058038573,0.006891705803857118,0.24534374524224506
1759,rho_a,6.034,5.944715639768255,0.08928436023174502,1.479687773147667
1761,rho_a,3.2892,3.301861469187363,0.012661469187362773,0.3849406903611493
1763,rho_a,3.256,3.222214980617062,0.033785019382937875,1.0376234454216062
1764,rho_a,3.265,3.2597237286841514,0.005276271315848735,0.16160095913773717
1765,rho_a,3.295,3.318493869768343,0.02349386976834289,0.7130157744563205
1766,rho_a,3.289,3.3096084668278483,0.020608466827848115,0.6265876201836986
1767,rho_a,3.402,3.3984017807075353,0.0035982192924648437,0.1057677628590178
1768,rho_a,2.7571,2.7727475216745296,0.015647521674529763,0.5675355146539511
1769,rho_a,2.8803,2.851804885232057,0.028495114767943086,0.9893106540267746
1770,rho_a,2.9258,2.9115993548793586,0.014200645120641564,0.4853593930082955
1771,rho_a,3.0783,3.1210186792467898,0.04271867924678974,1.3877360636317402
1772,rho_a,2.18,2.1600539110229144,0.01994608897708572,0.9149582099576407
1773,rho_a,2.3,2.2743663640656964,0.025633635934303456,1.1145059101866222
1774,rho_a,2.2,2.189877613685677,0.010122386314323162,0.4601084688326618
1775,rho_a,2.4,2.4174506443443966,0.017450644344396693,0.7271101810162259
1776,rho_a,5.54,5.506976041278493,0.03302395872150665,0.5961003379332255
1777,rho_a,2.54,2.5344530136260124,0.00554698637398765,0.21838529031438841
1778,rho_a,5.398,5.312350799590144,0.08564920040985591,1.5866839646135613
1779,rho_a,8.4084,8.211636968569424,0.19676303143057616,2.3400769638760375
1781,rho_a,9.563,9.197092081743094,0.36590791825690694,3.8262879667140925
1782,rho_a,3.42,3.419620701725761,0.0003792982742387707,0.0110905928139959
1783,rho_a,3.0,3.0089805148282878,0.008980514828287767,0.2993504942761591
1784,rho_a,2.65,2.6373019766318446,0.012698023368155287,0.4791706931377545
1785,rho_a,2.7,2.7000760480706245,7.604807062433494e-05,0.002816595208307658
1786,rho_a,4.233,4.2102086477840075,0.022791352215992156,0.5384207941409584
1787,rho_a,2.48,2.472143422755824,0.007856577244175877,0.3167974695230931
1788,rho_a,2.405,2.4619127518609782,0.05691275186097844,2.3664345888130884
1789,rho_a,2.51,2.5350471720639622,0.025047172063962453,0.9978953013526882
1790,rho_a,2.625,2.6143402677256025,0.010659732274397538,0.4060850390245134
1791,rho_a,2.695,2.701155370175204,0.006155370175203956,0.22839963544347577
1792,rho_a,2.763,2.7724354579987813,0.009435457998781427,0.3414932319499823
1793,rho_a,2.808,2.804414802604562,0.0035851973954379446,0.12767796992295827
1794,rho_a,2.816,2.8124751479176897,0.003524852082310126,0.125172304059264
1795,rho_a,2.823,2.8249814318586233,0.001981431858623317,0.07018887207306465
1796,rho_a,1.67,1.655693349875398,0.01430665012460186,0.8566856362031913
1797,rho_a,2.6569,2.6391206186339082,0.017779381366091584,0.669177664424137
1798,rho_a,2.6994,2.6984996158423615,0.0009003841576382676,0.033354973610355415
1799,rho_a,2.7439,2.74136476802264,0.002535231977359942,0.09239520308170916
1800,rho_a,2.7909,2.8040488923353233,0.013148892335323126,0.47113448476543096
1801,rho_a,2.8407,2.8398736942797163,0.0008263057202837487,0.029088102238302455
1802,rho_a,2.8458,2.843423528937695,0.0023764710623050966,0.08350801399621412
1803,rho_a,2.8936,2.852764923576232,0.04083507642376816,1.411220501235625
1804,rho_a,2.95,2.9279216713922596,0.022078328607740616,0.7484179189062078
1805,rho_a,3.0103,3.0357674769614373,0.025467476961437363,0.8460112600547753
1806,rho_a,3.0748,3.1157634411489195,0.040963441148919255,1.3322310767824226
1807,rho_a,3.1437,3.151374712251363,0.007674712251362958,0.2441299186105709
1808,rho_a,3.4974,3.4912418488624524,0.006158151137547474,0.17607797614072493
1813,rho_a,4.9831,5.007881974221054,0.024781974221053993,0.4973204274658148
1814,rho_a,4.1,4.068975947757735,0.031024052242264233,0.7566842010306505
1817,rho_a,4.384,4.4060419075618675,0.02204190756186719,0.5027807381811624
1820,rho_a,4.504,4.536516568279943,0.032516568279943314,0.7219486740660768
1823,rho_a,4.644,4.653003940106361,0.00900394010636063,0.19388329255725004
1827,rho_a,4.9831,5.007881974221054,0.024781974221053993,0.4973204274658148
1828,rho_a,3.4395,3.4398276265198557,0.00032762651985596136,0.009525411247444864
1829,rho_a,3.314,3.3283138880894105,0.014313888089410476,0.4319217890587253
1830,rho_a,3.5369,3.52468085459465,0.012219145405349963,0.3454761346192006
1831,rho_a,3.694,3.706165341366971,0.012165341366971116,0.3293270537890586
1832,rho_a,4.0665,4.067736562736897,0.0012365627368975396,0.030408526666598688
1833,rho_a,4.5717,4.5797843371663305,0.008084337166330613,0.17683437597237012
1834,rho_a,4.4627,4.4661306996630294,0.003430699663029557,0.07687497844418824
1835,rho_a,2.07,2.082935945882676,0.012935945882676325,0.6249249218681197
1836,rho_a,2.731,2.721284228317898,0.009715771682101693,0.3557587580409423
1837,rho_a,3.294,3.307242445279734,0.01324244527973395,0.4020171608904046
1838,rho_a,3.404,3.414944334289781,0.010944334289781033,0.32151393330722144
1840,rho_a,3.991,3.9730990748694124,0.01790092513058772,0.4485323259980765
1841,rho_a,4.559,4.569917978886119,0.010917978886118895,0.23948187949367186
1844,rho_a,4.88,4.88656169546319,0.006561695463189743,0.13446097260631965
1845,rho_a,4.463,4.505610706697634,0.04261070669763356,0.9547547994090076
1856,rho_a,4.08,4.077620610988016,0.002379389011983868,0.05831835813684521
1857,rho_a,4.157,4.165538266368083,0.008538266368082859,0.20539490902287236
1858,rho_a,4.209,4.191135678831715,0.01786432116828429,0.42443148415965903
1859,rho_a,4.287,4.278195226853595,0.008804773146405154,0.2053830918218591
1860,rho_a,4.403,4.386818579397033,0.016181420602966234,0.36750898485038747
1861,rho_a,4.47,4.473636511685835,0.003636511685835231,0.08135372898958429
1862,rho_a,4.571,4.57806767882356,0.007067678823560186,0.15461996988752222
1863,rho_a,4.645,4.657321047447851,0.012321047447851008,0.26525398165443176
1864,rho_a,4.747,4.725249245943859,0.02175075405614102,0.4582000011825666
1865,rho_a,4.834,4.817870143724548,0.016129856275451715,0.3336751401623579
1866,rho_a,2.822,2.830540268918879,0.008540268918879157,0.30263178309270483
1867,rho_a,3.049,3.0305129064212903,0.01848709357870959,0.6063330134045105
1868,rho_a,3.29,3.309014231945792,0.01901423194579177,0.5779401807229785
1869,rho_a,3.514,3.4832954716891242,0.030704528310875556,0.8737771289375873
1870,rho_a,3.71,3.7321330969600477,0.022133096960047727,0.5965794328852226
1871,rho_a,3.921,3.924027226891729,0.0030272268917292955,0.07720548053375474
1872,rho_a,4.093,4.077134354800384,0.015865645199616196,0.3876287612903083
1873,rho_a,4.29,4.2925070750843295,0.0025070750843294576,0.05843997865568469
1874,rho_a,4.482,4.497021207533835,0.015021207533834513,0.3351451926334485
1875,rho_a,4.668,4.670485513574738,0.0024855135747374746,0.05324579208948033
1876,rho_a,4.834,4.817870143724548,0.016129856275451715,0.3336751401623579
1877,rho_a,4.078,4.057856991957085,0.02014300804291569,0.4939433065941821
1878,rho_a,5.133,5.124364765071739,0.008635234928260793,0.16822978625090806
1881,rho_a,4.928,4.941873860970818,0.013873860970818441,0.2815312696999924
1884,rho_a,4.607,4.607334631369417,0.0003346313694168046,0.007263541771580897
1885,rho_a,4.425,4.4631904744315625,0.03819047443156265,0.8630615690746671
1886,rho_a,4.058,4.066730695585861,0.008730695585860815,0.21514774731046485
1887,rho_a,3.718,3.7494978095439664,0.031497809543966415,0.8471707784819242
1888,rho_a,3.783,3.8052570132156784,0.022257013215678523,0.5883429345935142
1889,rho_a,3.707,3.726111900343383,0.01911190034338306,0.5155624586829756
1890,rho_a,3.824,3.8264231011127117,0.002423101112711823,0.06336561487215453
1891,rho_a,3.949,3.975375262322452,0.02637526232245202,0.6678972479727866
1892,rho_a,4.083,4.073072445104136,0.00992755489586461,0.24314364182861076
1893,rho_a,4.156,4.1716358707332475,0.015635870733247792,0.37622403111751757
1894,rho_a,4.059,4.066730695585861,0.007730695585860481,0.19045813219656507
1895,rho_a,2.908,2.851410882421201,0.05658911757879892,1.945980659517863
1896,rho_a,3.082,3.1055284291605108,0.0235284291605109,0.7634143140980942
1897,rho_a,2.991,2.9540975627343404,0.03690243726565967,1.2337825899581187
1898,rho_a,3.175,3.164252863161958,0.010747136838041627,0.33849249883585014
1901,rho_a,3.421,3.427722505275878,0.0067225052758783654,0.1965070235567495
1904,rho_a,3.562,3.5467548153676085,0.015245184632391329,0.42799507670935005
1906,rho_a,3.721,3.740008788988057,0.019008788988057024,0.5108516255859155
1908,rho_a,3.834,3.816651126825465,0.01734887317453504,0.45250060444784856
1909,rho_a,3.953,3.9689283184377913,0.01592831843779141,0.40294253573962513
1910,rho_a,4.025,4.016528558844521,0.008471441155479376,0.21047058771372099
1911,rho_a,4.058,4.066730695585861,0.008730695585860815,0.21514774731046485
1913,rho_a,2.692,2.692005745538893,5.745538892654167e-06,0.00021343012231248262
1916,rho_a,3.015,3.0336035056560426,0.01860350565604252,0.6170316967176235
1920,rho_a,3.438,3.4328037185906077,0.005196281409392434,0.1511425657181769
1923,rho_a,3.887,3.880627584074791,0.006372415925209207,0.16394175264233515
1924,rho_a,4.099,4.068975947757735,0.030024052242264787,0.7324726089840805
1925,rho_a,1.835,1.8308684457610398,0.004131554238960167,0.22515281956173924
1926,rho_a,2.73,2.722992704144464,0.007007295855535833,0.25667750386568744
1927,rho_a,3.476,3.4483453552659724,0.027654644734027567,0.795588168412532
1928,rho_a,3.818,3.8179529382364894,4.7061763510658494e-05,0.001232628693311843
1929,rho_a,4.078,4.065721627583713,0.012278372416287375,0.30108809260138214
1934,rho_a,3.123,3.1343097833282716,0.011309783328271372,0.3621448392016571
1935,rho_a,3.325,3.3293866958028193,0.0043866958028191405,0.1319307008366262
1938,rho_a,3.566,3.5569332217859393,0.009066778214060545,0.25425625950807634
1940,rho_a,3.827,3.8236522128676267,0.00334778713237327,0.0874781064116121
1942,rho_a,3.937,3.947450926919588,0.010450926919588266,0.2654540746656239
1943,rho_a,4.099,4.068975947757735,0.030024052242264787,0.7324726089840805
1951,rho_a,6.112,6.108772097989707,0.0032279020102929934,0.05281253289091075
1952,rho_a,5.793,5.817246290123103,0.024246290123103087,0.41854462494560507
1954,rho_a,5.602,5.608791593354016,0.006791593354015468,0.12123515448079714
1957,rho_a,5.048,5.065386097273767,0.017386097273766943,0.3444155561363609
1959,rho_a,4.584,4.620238332903858,0.03623833290385825,0.7905395485133148
1960,rho_a,4.078,4.057856991957085,0.02014300804291569,0.4939433065941821
1961,rho_a,3.092,3.10213306938311,0.010133069383110094,0.32771893218327347
1962,rho_a,3.177,3.1606699993269136,0.01633000067308643,0.5140069459578624
1963,rho_a,3.243,3.221725429805152,0.021274570194847797,0.6560151154745988
1964,rho_a,3.367,3.36514065963261,0.0018593403673898834,0.05522246413392727
1965,rho_a,3.526,3.5012086881782083,0.024791311821791506,0.7031001651101666
1966,rho_a,3.754,3.7624777260236075,0.008477726023607524,0.22583180670232458
1967,rho_a,3.915,3.8794014039699474,0.035598596030052665,0.9092872549180989
1968,rho_a,4.059,4.066730695585861,0.007730695585860481,0.19045813219656507
1969,rho_a,6.802,6.74819848810195,0.05380151189804927,0.7909660673043423
1970,rho_a,6.548,6.662509467299441,0.11450946729944089,1.7487701175843524
1971,rho_a,6.259,6.2475997195151844,0.011400280484815895,0.18214220298472714
1972,rho_a,5.931,5.821424214471378,0.10957578552862213,1.8475094508279153
1973,rho_a,5.593,5.588970089290764,0.004029910709236084,0.0720527571828243
1974,rho_a,5.398,5.323082196666728,0.07491780333327203,1.3878807583041524
1975,rho_a,5.18,5.243589380460216,0.06358938046021656,1.227594217378461
1976,rho_a,4.922,4.945190414275987,0.023190414275987337,0.47115835587124394
1977,rho_a,4.661,4.66563163424057,0.004631634240570115,0.09936996868846003
1978,rho_a,4.098,4.076642830545293,0.021357169454707225,0.5211607968448515
1979,rho_a,4.08,4.077620610988016,0.002379389011983868,0.05831835813684521
1980,rho_a,4.067,4.075729890297048,0.008729890297047405,0.21465183912085709
1981,rho_a,4.016,3.997201852196645,0.018798147803355203,0.4680813696053417
1982,rho_a,3.967,3.9736634403731923,0.00666344037319222,0.1679717764857711
1983,rho_a,3.926,3.9240525413743295,0.001947458625670695,0.04960414227382065
1984,rho_a,3.92,3.924027226891729,0.004027226891729185,0.10273537989102444
1985,rho_a,3.927,3.931424039031041,0.004424039031040827,0.11265696539444106
1986,rho_a,3.942,3.945542819098382,0.003542819098381944,0.08987364531661708
1987,rho_a,3.969,3.9870523691106388,0.0180523691106389,0.45483419275974685
1988,rho_a,4.004,4.0120010526763785,0.008001052676378961,0.19982649041900508
1989,rho_a,4.098,4.076642830545293,0.021357169454707225,0.5211607968448515
1990,rho_a,2.822,2.830540268918879,0.008540268918879157,0.30263178309270483
1991,rho_a,2.916,2.8807559377864673,0.0352440622135326,1.2086441088312934
1992,rho_a,2.997,2.994951467504863,0.002048532495136701,0.06835276927380773
1993,rho_a,3.135,3.140435637954518,0.005435637954518402,0.1733855806863371
1994,rho_a,3.263,3.278091000663239,0.015091000663239207,0.4624885278343421
1995,rho_a,3.388,3.395883398686443,0.007883398686443055,0.23268591164228833
1996,rho_a,3.516,3.4840745782786335,0.031925421721366476,0.9080040307553298
1997,rho_a,3.643,3.6423570107198455,0.0006429892801542714,0.017649993965251028
1998,rho_a,3.785,3.8016480829511474,0.01664808295114728,0.4398436711002082
1999,rho_a,3.92,3.9334518258033655,0.013451825803365569,0.34315882151434024
2000,rho_a,4.098,4.076642830545293,0.021357169454707225,0.5211607968448515
2001,rho_a,5.133,5.126385414518989,0.006614585481011126,0.12886392910597774
2002,rho_a,4.2631,4.2649995418780176,0.0018995418780178852,0.044557760268758406
2003,rho_a,4.4331,4.46174971385063,0.028649713850630754,0.6462681611203062
2004,rho_a,4.6243,4.601389734073765,0.02291026592623524,0.4954320854233135
2005,rho_a,4.8803,4.880526334547006,0.0002263345470057132,0.004637717906802181
2006,rho_a,5.0443,5.043629640936267,0.0006703590637329171,0.013289436864040287
2007,rho_a,5.078,5.052883628025091,0.025116371974909235,0.4946115000965791
2008,rho_a,3.37,3.3689880973688444,0.0010119026311556922,0.03002678430728166
2009,rho_a,3.767,3.7548823974720937,0.012117602527906168,0.3216777947412517
2010,rho_a,4.074,4.05437526892822,0.019624731071779422,0.48170670279270017
2011,rho_a,4.454,4.449184739990262,0.004815260009737976,0.10811091175879872
2012,rho_a,4.784,4.731657951760285,0.05234204823971478,1.094106359525582
2013,rho_a,4.965,4.967419188333454,0.0024191883334543363,0.04872484055294762
2014,rho_a,5.133,5.102752013459874,0.03024798654012617,0.5892847562852187
2015,rho_a,4.4989,4.497058124494308,0.0018418755056917036,0.0409405744891261
2016,rho_a,4.9069,4.944863913085054,0.037963913085053314,0.7736842626718615
2017,rho_a,5.078,5.052883628025091,0.025116371974909235,0.4946115000965791
2018,rho_a,4.248,4.219682910051653,0.02831708994834692,0.6665981626257121
2019,rho_a,2.574,2.5797172716323677,0.005717271632367904,0.22211622503363182
2020,rho_a,2.868,2.8355413076716465,0.03245869232835341,1.1317535679338249
2021,rho_a,3.062,3.0461696051985228,0.015830394801477077,0.5169952580493765
2022,rho_a,3.306,3.3075990090787446,0.001599009078744551,0.048366880784757024
2023,rho_a,3.521,3.479684903770942,0.041315096229058046,1.1733909749800144
2024,rho_a,3.829,3.8171197150193166,0.011880284980683609,0.3102712191350354
2025,rho_a,4.016,4.015323113625057,0.0006768863749426757,0.016854740411915016
2026,rho_a,4.336,4.344802885589278,0.008802885589277665,0.2030185790884602
2027,rho_a,6.253,6.311101642779146,0.05810164277914609,0.929180277932781
2028,rho_a,2.555,2.5484649530412025,0.006535046958797697,0.2557748320467764
2029,rho_a,2.975,2.9533115124008344,0.02168848759916564,0.7290247932490201
2030,rho_a,3.333,3.321277519677382,0.011722480322618356,0.3517095806365088
2031,rho_a,3.68,3.6811148584075655,0.0011148584075653112,0.03029506542296218
2032,rho_a,3.82,3.79988558556059,0.020114414439409867,0.5265553518168744
2033,rho_a,2.074,2.053011772637892,0.020988227362107814,1.0119685324058676
2034,rho_a,3.286,3.308995430261736,0.022995430261735894,0.6998000688292421
2035,rho_a,3.837,3.809859603417425,0.027140396582575388,0.7073337655086868
2036,rho_a,4.161,4.164484995184433,0.0034849951844337923,0.08375378958022002
2037,rho_a,4.061,4.077569506271185,0.016569506271185475,0.4080154216001328
2038,rho_a,2.682,2.6621278346611454,0.019872165338854497,0.7409457620748354
2039,rho_a,3.207,3.1829944504335543,0.024005549566445517,0.7485360014480209
2040,rho_a,3.67,3.6627612626469803,0.007238737353019609,0.19724079980974485
2041,rho_a,3.999,3.9764847476889944,0.022515252311005707,0.5630220632908246
2042,rho_a,4.063,4.062344685118483,0.0006553148815164889,0.016128842764369374
2043,rho_a,4.486,4.506764485852165,0.020764485852165393,0.46287306848329834
2044,rho_a,2.9505,2.94112820147036,0.009371798529639985,0.3176342494369364
2045,rho_a,4.3,4.314634988934862,0.014634988934862037,0.3403485798804333
2079,rho_a,2.3284,2.3515031740841152,0.02310317408411544,0.9922338981320014
2080,rho_a,2.3284,2.3515031740841152,0.02310317408411544,0.9922338981320014
2081,rho_a,2.3294,2.35149665466684,0.022096654666839743,0.9485985518515607
2082,rho_a,2.3311,2.3516060456666787,0.020506045666678574,0.8796725008223489
2083,rho_a,3.9,3.8983524929613336,0.0016475070386663404,0.04224377022220303
2084,rho_a,4.037,4.019504881095761,0.017495118904238716,0.4333693065205445
2085,rho_a,4.3,4.317520877536068,0.017520877536068014,0.4074622682805567
2086,rho_a,4.7792,4.732835134141847,0.04636486585815369,0.9701386394824235
2087,rho_a,3.3613,3.33335131423431,0.027948685765689874,0.8314844186975741
2088,rho_a,3.209,3.1892111803161383,0.019788819683861814,0.6166662413167855
2089,rho_a,3.7117,3.7305161512597906,0.018816151259790637,0.5069415971060584
2090,rho_a,3.8498,3.8328213378255027,0.016978662174497394,0.44102712282438006
2091,rho_a,4.0966,4.070026458197774,0.026573541802225265,0.6486730899335736
2092,rho_a,4.2196,4.2069303896747545,0.012669610325245273,0.3002561931283124
2093,rho_a,4.6503,4.619989932444012,0.03031006755598753,0.6517873590086879
2094,rho_a,4.5833,4.580347319260042,0.0029526807399582466,0.06442259376339324
2095,rho_a,4.8453,4.859669784486191,0.014369784486190973,0.29657161550756417
2096,rho_a,4.7792,4.732835134141847,0.04636486585815369,0.9701386394824235
2097,rho_a,3.251,3.2474659108910036,0.00353408910899633,0.1087077548137571
2098,rho_a,3.7773,3.7648769115267493,0.012423088473250576,0.32888805425164236
2099,rho_a,3.6526,3.64372953503051,0.008870464969489955,0.24285344602440798
2100,rho_a,3.6195,3.623761562673626,0.004261562673625985,0.11773898808191208
2101,rho_a,3.85,3.8360079755028478,0.013992024497152311,0.3634292077181474
2102,rho_a,3.9999,3.978605970409261,0.021294029590738894,0.532364048869561
2103,rho_a,4.0109,4.009529606464186,0.0013703935358142516,0.03416673404507491
2104,rho_a,4.2555,4.242401861453795,0.013098138546205007,0.3077931746258238
2105,rho_a,4.2797,4.249079828409557,0.030620171590443057,0.7154747199671917
2106,rho_a,4.2214,4.217773966453802,0.003626033546198393,0.08589646909076452
2107,rho_a,4.7792,4.732835134141847,0.04636486585815369,0.9701386394824235
2108,rho_a,3.731,3.7558131413794675,0.024813141379467663,0.6650533738799521
2109,rho_a,3.555,3.549705514882649,0.005294485117351311,0.14893066434176713
2110,rho_a,4.2059,4.1975989208970645,0.008301079102935205,0.19736748622014863
2111,rho_a,4.3246,4.308566951188878,0.01603304881112244,0.3707406190426567
2112,rho_a,4.4236,4.444548301667306,0.02094830166730599,0.47355777347186123
2113,rho_a,4.4832,4.4939956887027686,0.01079568870276848,0.2408031919781868
2114,rho_a,4.5882,4.585017850669404,0.003182149330595685,0.06935507019299489
2115,rho_a,4.9399,4.91282183650967,0.0270781634903301,0.5481520575381004
2116,rho_a,4.7792,4.732835134141847,0.04636486585815369,0.9701386394824235
2117,rho_a,3.477,3.45815788496243,0.01884211503756994,0.5419072487076365
2118,rho_a,4.2449,4.227424967157875,0.017475032842125593,0.4116712488426459
2119,rho_a,3.7987,3.80543328875706,0.006733288757059697,0.1772524483917636
2120,rho_a,3.9488,3.945850125286596,0.0029498747134040215,0.07470306709388358
2121,rho_a,4.0482,4.047106789188353,0.0010932108116463723,0.027004861707576266
2122,rho_a,4.1283,4.122612525109263,0.005687474890737398,0.13776796479752004
2123,rho_a,4.2236,4.223975861618556,0.0003758616185560726,0.008899081791741254
2124,rho_a,4.8135,4.749924155299861,0.06357584470013933,1.3207820650280693
2125,rho_a,4.8084,4.753052182280898,0.05534781771910158,1.1510651717637899
2126,rho_a,4.6676,4.663371129898257,0.004228870101742999,0.09060052493234408
2127,rho_a,4.5614,4.581867303702735,0.020467303702734974,0.448706618641875
2128,rho_a,4.4914,4.515048933994596,0.023648933994596,0.5265381394351591
2129,rho_a,4.4032,4.425875637859694,0.022675637859694397,0.5149808743570414
2130,rho_a,4.3567,4.373045297338716,0.016345297338715703,0.37517610436137333
2131,rho_a,4.3178,4.330418607980728,0.01261860798072778,0.29224623606292227
2132,rho_a,4.2716,4.271621953547423,2.195354742262623e-05,0.00051394202225445
2133,rho_a,4.3345,4.351128557487856,0.016628557487855744,0.38363265631219073
2134,rho_a,4.313,4.3276659429632005,0.014665942963200784,0.3400404118524782
2135,rho_a,4.2817,4.270868984634703,0.01083101536529707,0.25296063164851673
2136,rho_a,4.2811,4.270019119734664,0.011080880265335935,0.2588325492357886
2137,rho_a,4.2236,4.223975861618556,0.0003758616185560726,0.008899081791741254
2138,rho_a,3.624,3.62457211506592,0.0005721150659199203,0.015786839567322363
2139,rho_a,3.3597,3.342966306763852,0.01673369323614793,0.49807105503893045
2140,rho_a,2.843,2.8158323287534386,0.027167671246561387,0.9555987072301031
2141,rho_a,1.688,1.631703364229119,0.056296635770880954,3.3351087541971327
2142,rho_a,1.872,1.776256850144119,0.09574314985588117,5.11448450084562
2143,rho_a,2.207,2.087759778143081,0.11924022185691907,5.40281929573471
2144,rho_a,2.519,2.475710994428849,0.04328900557115123,1.7184996256901168
2145,rho_a,2.843,2.8158323287534386,0.027167671246561387,0.9555987072301031
2146,rho_a,3.7692,3.7742131156528957,0.005013115652895639,0.13300211325730416
2147,rho_a,4.8135,4.749924155299861,0.06357584470013933,1.3207820650280693
2148,rho_a,4.7942,4.748206573167003,0.045993426832996676,0.9593556137204764
2149,rho_a,4.6394,4.642023719142883,0.002623719142882841,0.056552984068678605
2150,rho_a,4.3801,4.405187182140044,0.02508718214004446,0.572753638958899
2151,rho_a,4.2382,4.2235642519146,0.014635748085400024,0.3453293399414037
2152,rho_a,4.1302,4.120205502008357,0.009994497991643314,0.24198581162270333
2153,rho_a,3.9361,3.945576719104811,0.009476719104810627,0.2407641854833012
2154,rho_a,3.8766,3.881811479493787,0.005211479493786975,0.13443428503806507
2155,rho_a,3.7693,3.783943065577862,0.014643065577862213,0.3884823595324949
2156,rho_a,4.3345,4.351128557487856,0.016628557487855744,0.38363265631219073
2157,rho_a,4.2279,4.221382163762674,0.006517836237326158,0.15416249763061132
2158,rho_a,4.1068,4.116583790067933,0.009783790067933396,0.23823390639746309
2159,rho_a,3.9872,3.991940463309037,0.00474046330903688,0.1188920372450765
2160,rho_a,3.7987,3.80543328875706,0.006733288757059697,0.1772524483917636
2161,rho_a,2.1089,2.0840353087960963,0.024864691203903888,1.1790360474129686
2162,rho_a,2.6582,2.612524466882844,0.045675533117155886,1.718288056472
2163,rho_a,3.0844,3.1042478316279034,0.01984783162790338,0.643490845152929
2164,rho_a,3.4567,3.436870012288249,0.01982998771175115,0.5736681722956986
2165,rho_a,3.7987,3.797950221610205,0.0007497783897951749,0.019737762650248174
2167,rho_a,3.707,3.7295145626605812,0.022514562660581383,0.6073526479788323
2168,rho_a,3.75,3.751413155268641,0.001413155268640942,0.03768414049708174
2169,rho_a,3.696,3.6949938590782283,0.0010061409217718698,0.027222427537110322
2170,rho_a,3.679,3.6771078236853243,0.001892176314675531,0.05143181067341714
2171,rho_a,3.707,3.7074106138372427,0.00041061383724283473,0.011076715328910816
2172,rho_a,3.708,3.7085825860395287,0.0005825860395285432,0.015711597614034144
2173,rho_a,3.74,3.7618350742458677,0.021835074245867503,0.5838255145952316
2174,rho_a,3.782,3.799517029688335,0.01751702968833513,0.46316842116156787
2175,rho_a,3.7808,3.7960693623004778,0.015269362300477596,0.4038659093438837
2176,rho_a,1.8965,1.8775349799011902,0.01896502009880985,1.0000010597838043
2177,rho_a,1.9574,1.9408821685724833,0.016517831427516727,0.8438659153728562
2178,rho_a,2.4174,2.3985812616116977,0.018818738388302503,0.7784701906302108
2180,rho_a,2.747,2.7129869350890274,0.034013064910972446,1.238189476190756
2181,rho_a,3.0975,3.122473391658686,0.02497339165868606,0.806243475663535
2183,rho_a,3.2408,3.244946263179666,0.004146263179666043,0.12793949579316105
2184,rho_a,3.3352,3.3368251326710214,0.0016251326710214897,0.048726693182447905
2186,rho_a,3.5147,3.492120585126734,0.02257941487326587,0.6424279418800878
2188,rho_a,3.697,3.7096680003642506,0.012668000364250531,0.342656217588507
2189,rho_a,3.7808,3.7954181688884914,0.014618168888491212,0.3866422156286327
2190,rho_a,1.95,1.9363755481313298,0.013624451868670118,0.6986898394186221
2191,rho_a,2.954,2.934107792663218,0.019892207336781986,0.6733990296809496
2192,rho_a,3.032,3.048884596419802,0.01688459641980211,0.5568798291489625
2193,rho_a,3.001,3.0467574201332743,0.04575742013327444,1.5247390914115027
2194,rho_a,3.829,3.820831108760623,0.008168891239377363,0.2133426805791389
2195,rho_a,2.928,2.8984513672640833,0.02954863273591668,1.0091746152973562
2196,rho_a,2.969,2.9526569397716043,0.0163430602283956,0.5504567271266452
2197,rho_a,3.167,3.1757827419627134,0.008782741962713558,0.2773205545535455
2198,rho_a,3.204,3.191256977325223,0.012743022674777116,0.3977223057045299
2199,rho_a,3.212,3.1968852804002257,0.015114719599774507,0.4705703486852366
2200,rho_a,3.24,3.237426116560016,0.0025738834399842148,0.07944084691306852
2201,rho_a,3.202,3.201345875423769,0.000654124576231041,0.020428625116515827
2202,rho_a,3.271,3.3066951826977404,0.035695182697740524,1.0912620818627212
2203,rho_a,3.473,3.4654083375903766,0.007591662409623279,0.21859091303256817
2204,rho_a,3.576,3.5580674228115026,0.0179325771884975,0.5014702793202597
2205,rho_a,3.731,3.7728275696330065,0.0418275696330066,1.1210820057088016
2206,rho_a,2.139,2.1509297420332256,0.011929742033225832,0.5577252002440513
2207,rho_a,2.7526,2.7710453724557373,0.018445372455737186,0.6701072606165256
2208,rho_a,3.2194,3.208865996231529,0.01053400376847069,0.32720394385498597
2209,rho_a,3.4953,3.501376859516021,0.006076859516021216,0.17385802409004886
2210,rho_a,3.7987,3.80543328875706,0.006733288757059697,0.1772524483917636
2211,rho_a,6.089,6.102445079918589,0.013445079918589009,0.22080932695987518
2212,rho_a,5.423,5.368883176922994,0.05411682307700616,0.9979130200441855
2213,rho_a,4.921,4.962056812089564,0.0410568120895638,0.8343184736751769
2214,rho_a,4.459,4.473742248243802,0.014742248243802436,0.3306178121506869
2215,rho_a,4.337,4.361204433588867,0.024204433588867147,0.5580916206793075
2216,rho_a,4.217,4.215738094021975,0.0012619059780245578,0.029924258430738884
2217,rho_a,3.718,3.7494978095439664,0.031497809543966415,0.8471707784819242
2218,rho_a,3.0863,3.1001514840567963,0.01385148405679626,0.4488054970933406
2219,rho_a,3.2733,3.3053562017366667,0.03205620173666679,0.9793236714220205
2220,rho_a,3.4729,3.4485300918527724,0.024369908147227726,0.701716379602658
2221,rho_a,3.6314,3.61811832554536,0.013281674454640235,0.36574528982311444
2222,rho_a,3.7987,3.797950221610205,0.0007497783897951749,0.019737762650248174
2223,rho_a,5.2508,5.234660340056591,0.016139659943409157,0.3073752560258643
2224,rho_a,4.5279,4.556404049020333,0.028504049020333433,0.6295202857909216
2225,rho_a,4.4601,4.4700982258040876,0.009998225804087824,0.2241704402162638
2226,rho_a,4.5678,4.575616163253112,0.007816163253111519,0.17111439321138858
2227,rho_a,4.5521,4.576957663637815,0.02485766363781483,0.5460702453331291
2228,rho_a,4.6211,4.6049536748311795,0.016146325168820752,0.34940436625083326
2229,rho_a,4.6966,4.659202687486326,0.03739731251367395,0.7962635207100027
2230,rho_a,4.4808,4.501660933968532,0.020860933968531725,0.4655627113133161
2231,rho_a,4.6601,4.660797611351192,0.0006976113511925064,0.01496987942731608
2232,rho_a,4.4402,4.455047750651674,0.014847750651673763,0.334393735680159
2233,rho_a,4.4225,4.455716742954117,0.03321674295411636,0.7510851996406749
2234,rho_a,4.1955,4.195530597331112,3.059733111232532e-05,0.0007292892649819575
2235,rho_a,4.0492,4.042938205944745,0.006261794055254732,0.15464274561032268
2236,rho_a,3.9243,3.938593584985041,0.014293584985040741,0.3642327290226817
2237,rho_a,3.4249,3.447438595997136,0.022538595997136035,0.6580804110230796
2238,rho_a,3.5297,3.526418703976411,0.0032812960235890642,0.09296246206726165
2239,rho_a,3.7666,3.7670797478285385,0.0004797478285385459,0.012736893446036705
2240,rho_a,3.8441,3.8446819668295644,0.000581966829564351,0.015139221913170822
2241,rho_a,3.6417,3.6476552256386845,0.005955225638684336,0.16352872665740453
2242,rho_a,3.8629,3.8814308274381073,0.018530827438107522,0.4797128436693346
2243,rho_a,3.9463,3.9435906623946217,0.0027093376053781704,0.06865513532619122
2244,rho_a,3.9315,3.9435655434175567,0.012065543417556501,0.30689414771851536
2245,rho_a,3.9309,3.937460170697033,0.006560170697033296,0.16688724457583828
2246,rho_a,3.852,3.8427143857386983,0.009285614261301589,0.24105956026218012
2247,rho_a,3.7852,3.805794883458253,0.020594883458252777,0.5440897035360703
2248,rho_a,3.667,3.6931296392080846,0.026129639208084754,0.7125617455161611
2249,rho_a,3.8047,3.8071474493126156,0.002447449312615646,0.06432699851801726
2250,rho_a,2.8375,2.839031499676346,0.0015314996763460265,0.05397355687561187
2251,rho_a,2.8516,2.847322990005873,0.004277009994126946,0.14998632326151795
2252,rho_a,2.8575,2.8476682905409185,0.009831709459081406,0.3440668227148894
2253,rho_a,2.916,2.882520266351317,0.03347973364868295,1.1481390140147967
2255,rho_a,2.9745,2.9565771858211667,0.017922814178833235,0.6025488041293398
2257,rho_a,3.0642,3.1108945198463185,0.04669451984631845,1.523873110316011
2260,rho_a,3.2111,3.1878619014639753,0.023238098536024765,0.7236803131642592
2262,rho_a,3.2531,3.25654361205499,0.0034436120549901084,0.10585632335277273
2263,rho_a,3.3095,3.3322479069587225,0.02274790695872264,0.6873517739451811
2264,rho_a,3.314,3.341730019211592,0.027730019211591905,0.8367537480864072
2266,rho_a,3.375,3.394323307699709,0.019323307699708803,0.5725424503615727
2268,rho_a,3.423,3.4467768547241744,0.023776854724174346,0.6946203541971194
2269,rho_a,3.463,3.4630676586189124,6.765861891233627e-05,0.0019537574043406503
2271,rho_a,3.471,3.465806263760486,0.005193736239514024,0.1496322742584998
2272,rho_a,3.631,3.6311741492493206,0.00017414924932079856,0.004796178719932542
2274,rho_a,3.802,3.7988457417346373,0.0031542582653627527,0.08296313165076073
2275,rho_a,2.4547,2.458792885409926,0.00409288540992625,0.1667366851315673
2276,rho_a,2.6545,2.6312088936695823,0.023291106330417755,0.8774197148392909
2277,rho_a,2.7751,2.806838410297722,0.03173841029772184,1.1436852833307052
2278,rho_a,4.8985,4.911406571022076,0.01290657102207593,0.26348006577673355
2279,rho_a,4.3677,4.405104842640075,0.0374048426400746,0.8563967909899038
2280,rho_a,4.3478,4.371734501254723,0.02393450125472274,0.5504968318394874
2281,rho_a,4.4337,4.468065518317805,0.03436551831780488,0.7750979614722946
2282,rho_a,4.4598,4.471184279959824,0.011384279959823829,0.2552643607296577
2283,rho_a,4.4988,4.539113094925472,0.04031309492547219,0.8960855100351923
2284,rho_a,4.5627,4.58290055314008,0.020200553140079514,0.44273244219596036
2285,rho_a,4.6753,4.669177625441773,0.006122374558226618,0.13095148029485398
2286,rho_a,4.7959,4.753198115345166,0.04270188465483393,0.8903831325679232
2287,rho_a,4.8135,4.749924155299861,0.06357584470013933,1.3207820650280693
2288,rho_a,4.255,4.26255333068808,0.007553330688080173,0.1775165849137109
2289,rho_a,5.2097,5.246464171234262,0.03676417123426212,0.7056869154510829
2290,rho_a,5.2965,5.327496995782823,0.030996995782823333,0.5852354532770222
2291,rho_a,5.2011,5.228079140939829,0.02697914093982856,0.5187199042476278
2292,rho_a,5.0549,5.040890051160977,0.014009948839023068,0.2771558060301944
2293,rho_a,4.9487,4.969583457323892,0.020883457323892074,0.4219988547272588
2294,rho_a,4.911,4.933638237885011,0.022638237885011847,0.4609700241296526
2295,rho_a,4.804,4.748736547924162,0.05526345207583816,1.150363282177907
2296,rho_a,4.2743,4.2701018106043875,0.004198189395612673,0.09821934341556957
2297,rho_a,5.4581,5.476056191037645,0.01795619103764512,0.3289824487943026
2298,rho_a,5.2945,5.331758977666073,0.037258977666073,0.7037298643132678
2299,rho_a,5.0863,5.046662158328381,0.039637841671618546,0.7793060116707775
2300,rho_a,4.9105,4.9427186223057,0.03221862230569972,0.6561169393278313
2301,rho_a,4.7501,4.727878164944876,0.022221835055123762,0.4678182576181361
2302,rho_a,4.6412,4.645432042796098,0.004232042796097346,0.09118423675119439
2303,rho_a,4.5019,4.53966918422524,0.03776918422524034,0.8389609770370721
2304,rho_a,4.2743,4.2701018106043875,0.004198189395612673,0.09821934341556957
2305,rho_a,3.7063,3.7190483737009274,0.012748373700927296,0.3439649704806372
2306,rho_a,3.9283,3.9275597762000185,0.0007402237999816208,0.01884336226819317
2307,rho_a,4.0206,4.011223087440824,0.009376912559176276,0.23322172211047962
2308,rho_a,4.0131,4.012555727351957,0.0005442726480424653,0.013562399343209233
2309,rho_a,4.2166,4.201132980940718,0.015467019059281384,0.36681257551766155
2310,rho_a,4.3345,4.351128557487856,0.016628557487855744,0.38363265631219073
2311,rho_a,5.4069,5.3549718624554465,0.05192813754455372,0.960404992593614
2312,rho_a,5.3599,5.331009154218182,0.028890845781817553,0.5390183731377854
2313,rho_a,5.0529,5.043622522924101,0.009277477075898766,0.18360697967299827
2314,rho_a,4.8922,4.883851644715271,0.008348355284728548,0.17064623859872535
2315,rho_a,4.7615,4.7247629872983525,0.03673701270164731,0.771542847876501
2316,rho_a,4.7125,4.701110041995017,0.011389958004983214,0.24169672159110442
2317,rho_a,4.6451,4.640452832202659,0.004647167797341645,0.10004451566899838
2318,rho_a,4.2743,4.2701018106043875,0.004198189395612673,0.09821934341556957
2320,rho_a,3.6206,3.616781903861537,0.0038180961384628453,0.10545479032375271
2321,rho_a,2.3363,2.335553153568794,0.0007468464312059275,0.03196706036063895
2322,rho_a,2.7095,2.6868773025383357,0.02262269746166412,0.8349399321519015
2323,rho_a,3.0474,3.017684899350947,0.029715100649053028,0.9750968251310388
2324,rho_a,3.3324,3.328945429761175,0.0034545702388246724,0.10366613368214007
2325,rho_a,3.5845,3.5429670405293,0.041532959470699904,1.1586820887345046
2326,rho_a,2.17212,2.1588812128339168,0.013238787166083288,0.6094869144465864
2327,rho_a,2.3369,2.3446735124290896,0.007773512429089635,0.332642065517836
2328,rho_a,2.5017,2.4858719288225855,0.015828071177414582,0.6326926161173704
2329,rho_a,2.6666,2.6368415344282035,0.0297584655717964,1.1159703582009015
2330,rho_a,2.8314,2.8092811319010713,0.0221188680989286,0.7811989863290524
2331,rho_a,2.8808,2.83755713916594,0.043242860834059815,1.5010712591656765
2332,rho_a,2.9962,3.0049561222933336,0.008756122293333668,0.2922409149366112
2333,rho_a,3.161,3.1421615874283466,0.018838412571653418,0.5959637004633805
2334,rho_a,3.3258,3.3318969526710336,0.006096952671033495,0.18332288986203807
2335,rho_a,3.4906,3.448773982960119,0.04182601703988098,1.1982472079261157
2336,rho_a,3.6554,3.681826912277376,0.026426912277375703,0.7229554160247434
2337,rho_a,3.8202,3.809154867251754,0.011045132748245923,0.28912446333288916
2338,rho_a,2.3336,2.332423665029429,0.0011763349705709025,0.05040859489931429
2339,rho_a,2.748,2.7595317974674494,0.011531797467449145,0.4196432848415192
2340,rho_a,3.0033,3.036526296411856,0.03322629641185593,1.1063262548478294
2341,rho_a,3.1321,3.135204367163561,0.003104367163561328,0.09911456095144909
2342,rho_a,3.3626,3.369477777430766,0.006877777430765786,0.20453748381501635
2343,rho_a,3.5845,3.5429670405293,0.041532959470699904,1.1586820887345046
2344,rho_a,3.118,3.1192169119081137,0.0012169119081137936,0.0390286051351316
2345,rho_a,3.1576,3.1495698296272026,0.008030170372797407,0.25431246430183885
2346,rho_a,3.1907,3.186122461348767,0.004577538651233226,0.14346502808887676
2347,rho_a,3.2029,3.1905753774420145,0.01232462255798561,0.3847957338031709
2349,rho_a,3.2482,3.2450507154189765,0.0031492845810237036,0.09695476205352915
2350,rho_a,3.2936,3.3207484175129176,0.027148417512917522,0.8242779181718872
2351,rho_a,3.3389,3.334099277029894,0.004800722970106364,0.14378157387477689
2352,rho_a,3.3842,3.3869213409003147,0.0027213409003148392,0.08041312275616203
2353,rho_a,3.4296,3.436788522798175,0.0071885227981747235,0.20960236756976403
2355,rho_a,3.4749,3.4537467947804825,0.021153205219517357,0.6087428478376722
2356,rho_a,3.5202,3.494408526634117,0.025791473365882833,0.7326706825145022
2357,rho_a,3.5845,3.5429670405293,0.041532959470699904,1.1586820887345046
2358,rho_a,3.8253,3.7944182614604047,0.030881738539595194,0.8073023956183076
2359,rho_a,3.0462,3.027798722879673,0.018401277120326576,0.6040731770835971
2360,rho_a,5.4,5.34214099643254,0.057859003567460654,1.0714630290268505
2383,rho_a,4.226,4.217590838321831,0.008409161678168964,0.19898631514829565
2384,rho_a,5.0206,5.062799560104679,0.04219956010467918,0.8405282258031067
2385,rho_a,4.8082,4.78571032219163,0.022489677808370523,0.4677359055023885
2386,rho_a,4.8889,4.913958780088604,0.02505878008860485,0.5125647914377411
2387,rho_a,4.8723,4.913314913082427,0.04101491308242711,0.841797776869624
2388,rho_a,4.7148,4.722302765338835,0.007502765338834649,0.15913220791620128
2389,rho_a,4.7106,4.722513148055753,0.011913148055752387,0.25290086306945736
2390,rho_a,4.8453,4.900850709345731,0.05555070934573081,1.1464864785610662
2391,rho_a,4.6461,4.661817690770144,0.01571769077014462,0.33829858957278663
2392,rho_a,4.6601,4.687038753640019,0.026938753640019186,0.5780724370724535
2393,rho_a,4.5956,4.603382227780699,0.007782227780698925,0.1693408429954137
2394,rho_a,4.5128,4.535887320114627,0.023087320114626664,0.5115963507051398
2395,rho_a,4.4748,4.502373238890632,0.027573238890632012,0.6161893021056997
2396,rho_a,3.83,3.825077013556346,0.004922986443653965,0.12853750505620573
2397,rho_a,4.4484,4.461796430197611,0.013396430197611053,0.3011516544736993
2398,rho_a,4.2995,4.2966899542420185,0.002810045757981605,0.06535750105781955
2399,rho_a,1.079,1.1074988867797133,0.02849888677971335,2.6412313975613473
2400,rho_a,1.0965,1.1157251902440701,0.0192251902440701,1.7533233236710046
2401,rho_a,1.1216,1.1238756284684968,0.0022756284684968264,0.20289126858905113
2402,rho_a,1.1434,1.161143210166216,0.01774321016621605,1.551793787493487
2403,rho_a,1.1711,1.2034416762933575,0.03234167629335749,2.7616494145102783
2404,rho_a,1.2076,1.2442198438472665,0.036619843847266464,3.032448148992724
2405,rho_a,1.2494,1.2504609754415363,0.0010609754415362715,0.08491879634507941
2406,rho_a,1.2923,1.2642403788689185,0.028059621131081514,2.1712931309339782
2407,rho_a,1.2973,1.3692232044718322,0.07192320447183231,5.5440687945561455
2408,rho_a,4.2668,4.236323975867386,0.0304760241326143,0.7142594949987615
2409,rho_a,2.8754,2.839561100950504,0.035838899049495776,1.246396989966033
2410,rho_a,2.895,2.8330557345723415,0.06194426542765852,2.1396982876558592
2411,rho_a,2.8908,2.8401420228482053,0.050657977151794764,1.752386092146715
2412,rho_a,2.8754,2.839561100950504,0.035838899049495776,1.246396989966033
2413,rho_a,3.7,3.738430577629966,0.0384305776299656,1.0386642602690597
2425,rho_a,4.0882,4.076639611521976,0.01156038847802332,0.2827745334871213
2426,rho_a,2.7841,2.815982120283547,0.03188212028354709,1.1451499688781164
2427,rho_a,4.778,4.70163597011243,0.07636402988756963,1.5982425677595993
2428,rho_a,4.805,4.745693184141621,0.05930681585837849,1.2342729627131352
2429,rho_a,4.819,4.804595644290709,0.014404355709291217,0.29890756815289954
2430,rho_a,4.817,4.809168194172409,0.007831805827590799,0.16258679318225394
2431,rho_a,4.841,4.808952997264277,0.03204700273572314,0.6619913806179822
2432,rho_a,4.886,4.8840576090691705,0.0019423909308295961,0.03975421471201798
2433,rho_a,4.957,4.97269315076068,0.01569315076068012,0.3165856518191841
2434,rho_a,4.971,4.972668405452987,0.0016684054529871872,0.03356277314397207
2435,rho_a,4.841,4.808952997264277,0.03204700273572314,0.6619913806179822
2436,rho_a,4.778,4.70163597011243,0.07636402988756963,1.5982425677595993
2437,rho_a,4.1484,4.109182120978013,0.03921787902198659,0.9453736144532142
2438,rho_a,5.2097,5.246464171234262,0.03676417123426212,0.7056869154510829
2439,rho_a,3.3027,3.3195412304523026,0.016841230452302458,0.5099231069215295
2440,rho_a,4.0327,3.9995804257785674,0.033119574221432746,0.8212754289043205
2441,rho_a,4.5269,4.5389868385044325,0.012086838504432151,0.26700034249551524
2442,rho_a,5.1258,5.078709006761869,0.04709099323813071,0.9187052409013524
2443,rho_a,5.2097,5.246464171234262,0.03676417123426212,0.7056869154510829
2445,rho_a,9.0928,8.968150039387533,0.12464996061246758,1.3708644269361898
2446,rho_a,6.7715,6.708085281399892,0.06341471860010728,0.9364944044908501
2447,rho_a,5.34,5.2555832257549655,0.08441677424503435,1.5808384690078379
2448,rho_a,6.548,6.627489394426628,0.07948939442662795,1.2139492123795939
2449,rho_a,6.3816,6.2114586556169815,0.1701413443830182,2.6661236113669227
2466,rho_a,5.9391,5.877907045325999,0.06119295467400043,1.0303405343232162
2467,rho_a,5.8077,5.794693069664114,0.013006930335885514,0.22396009325349578
2468,rho_a,5.807,5.800416042816092,0.00658395718390814,0.1133796656433099
2469,rho_a,5.807,5.799100974843273,0.007899025156727468,0.13602591969564504
2470,rho_a,5.807,5.824333070445276,0.01733307044527521,0.2984858006762911
2471,rho_a,5.807,5.816232059175273,0.009232059175272589,0.15898155976013428
2472,rho_a,5.807,5.827666844478272,0.020666844478271607,0.35589537589578174
2473,rho_a,6.9435,6.875813028115397,0.06768697188460315,0.9748249713342464
2474,rho_a,4.184,4.195456702685486,0.011456702685485709,0.27382176590542473
2475,rho_a,4.437,4.460446404778512,0.023446404778511898,0.5284292264707372
2476,rho_a,3.863,3.8617127340289175,0.0012872659710825296,0.03332296068035714
2477,rho_a,3.944,3.9101098482980676,0.033890151701932325,0.8592837652617579
2478,rho_a,4.5448,4.576360323597285,0.03156032359728478,0.6944271166449092
2479,rho_a,1.997,1.9440331874711834,0.05296681252881674,2.6523191050971566
2484,rho_a,2.4141,2.417492839640916,0.00339283964091619,0.1405426304177451
2485,rho_a,2.2365,2.1884922272561744,0.048007772743825505,2.1465581374381415
2491,rho_a,2.3251,2.3231331368352213,0.001966863164778676,0.08459262675918584
2492,rho_a,2.3526,2.338463903106014,0.014136096893985872,0.6008712443245713
2493,rho_a,2.3593,2.3438574294158423,0.015442570584157878,0.6545403545183457
2494,rho_a,2.3599,2.3420879343018965,0.017812065698103563,0.7547805287552868
2495,rho_a,2.3711,2.366731070078267,0.004368929921733322,0.18425751430692416
2496,rho_a,2.3795,2.373163102299218,0.0063368977007822735,0.26631215384659
2497,rho_a,2.4184,2.418130149352883,0.00026985064711704254,0.01115823052914865
2498,rho_a,2.3454,2.355469312742061,0.010069312742060799,0.42932176780321074
2499,rho_a,2.3390500000000003,2.3574580364750606,0.018408036475060285,0.7869877289947804
2500,rho_a,2.4295,2.429306036574929,0.00019396342507116415,0.00798367668537083
2501,rho_a,2.636,2.623214824013588,0.012785175986412156,0.485021850774177
2502,rho_a,2.416,2.38963491277493,0.026365087225070027,1.091270166600129
2503,rho_a,2.405,2.4025890039355287,0.0024109960644711492,0.10024931660998532
2504,rho_a,2.39,2.3839854240010965,0.0060145759989036485,0.2516558995356122
2505,rho_a,2.442,2.4402676909243155,0.0017323090756846682,0.0709381275873857
2506,rho_a,2.359,2.3597630461424206,0.0007630461424206203,0.032346169665972736
2507,rho_a,1.881,1.890198836085542,0.00919883608554195,0.489039664302874
2508,rho_a,1.935,1.9420086110902204,0.007008611090220329,0.3622021235254112
2509,rho_a,1.987,1.9633563753285688,0.02364362467143133,1.1899156855268962
2510,rho_a,1.988,1.984073927619514,0.003926072380485923,0.19748855032615434
2511,rho_a,1.945,1.9752880900858938,0.030288090085893726,1.5572282820502905
2512,rho_a,2.033,2.0503098588407482,0.017309858840748316,0.851444114153458
2513,rho_a,2.143,2.1532470921582116,0.010247092158211846,0.4781657563325742
2514,rho_a,2.149,2.155214832419966,0.006214832419965788,0.2891964830136294
2515,rho_a,2.315,2.3310043700346976,0.01600437003469768,0.6913334788203355
2516,rho_a,2.392,2.3975380902051486,0.005538090205148727,0.2315255102485958
2517,rho_a,2.294,2.236115944224865,0.057884055775135224,2.5232805481739313
2518,rho_a,2.352,2.3295119843559915,0.022488015644008374,0.9561231141155958
2519,rho_a,2.328,2.33278755054154,0.004787550541540231,0.20565079645782536
2520,rho_a,2.423,2.4212270770739837,0.0017729229260163848,0.07317057061558617
2521,rho_a,2.411,2.4222966933721732,0.011296693372173205,0.4685480452993994
2522,rho_a,2.417,2.4223169288958797,0.005316928895879869,0.2199805087247691
2523,rho_a,2.448,2.4355405301552944,0.012459469844705584,0.5089652714338437
2524,rho_a,2.434,2.4338880556166003,0.00011194438339989787,0.004599194059155788
2525,rho_a,2.425,2.434924591409975,0.009924591409975037,0.4092615014421008
2526,rho_a,2.4532,2.451666730493174,0.0015332695068259738,0.06250079515837881
2527,rho_a,2.4862,2.460641972158358,0.025558027841642073,1.027995649651347
2528,rho_a,2.4723,2.4470636738701756,0.025236326129824516,1.020763100344388
2529,rho_a,2.4614,2.4514038477222515,0.009996152277748305,0.40611653033819145
2530,rho_a,2.4509,2.4353985790147115,0.015501420985288394,0.6324787215015737
2531,rho_a,2.4506,2.4310697698827184,0.01953023011728172,0.7969570765230454
2532,rho_a,2.4413,2.4352240470174604,0.006075952982539601,0.2488818655035068
2533,rho_a,2.4359,2.424613043471907,0.011286956528093306,0.4633587802491347
2534,rho_a,2.4278,2.423830587850546,0.003969412149453788,0.16349831738414008
2535,rho_a,2.424,2.4219912809710102,0.0020087190289896917,0.08286794674046465
2536,rho_a,2.4243,2.4302208891420785,0.005920889142078334,0.2442308766273106
2537,rho_a,2.413,2.415052906977815,0.0020529069778150166,0.08507695722396046
2538,rho_a,2.4237,2.418080853735858,0.005619146264142394,0.23184165796674816
2539,rho_a,2.1786,2.1682666963567687,0.010333303643231151,0.4743093566155516
2540,rho_a,2.1099,2.10243171985645,0.0074682801435499435,0.35396370176531605
2541,rho_a,2.1906,2.198054480320021,0.007454480320021162,0.3402939979922286
2542,rho_a,2.2026,2.201500972959829,0.0010990270401709523,0.049896805601128365
2543,rho_a,2.181,2.1822895170008456,0.0012895170008455636,0.059125034426637885
2544,rho_a,2.0997,2.088993443407418,0.010706556592581684,0.509908872342553
2545,rho_a,2.2315,2.2184881593551573,0.013011840644842732,0.5830983932259421
2546,rho_a,2.3094,2.3082151265285926,0.0011848734714074993,0.051306550247119866
2547,rho_a,2.3815,2.393408590726631,0.011908590726631196,0.5000457999843039
2548,rho_a,2.753,2.751596906337108,0.00140309366289193,0.05096598848134472
2549,rho_a,2.6328,2.6094101742690765,0.02338982573092352,0.8884011596366846
2550,rho_a,3.0944,3.098225818130407,0.003825818130407388,0.12363683203225671
2551,rho_a,3.3983,3.3955361798568005,0.0027638201431994247,0.08132949248737932
2552,rho_a,3.297,3.3095575135962907,0.012557513596290537,0.3808769668270163
2553,rho_a,3.2718,3.2934315386872877,0.021631538687287843,0.6611510082303697
2554,rho_a,3.1998,3.1813964029401705,0.018403597059829746,0.5751483548916805
2555,rho_a,3.2181,3.1912384621185823,0.026861537881417874,0.8347017768686344
2556,rho_a,3.2911,3.306750810297199,0.015650810297199058,0.47554952135135065
2557,rho_a,3.1852,3.1799019901170653,0.005298009882934718,0.1663320947800155
2558,rho_a,3.0438,3.033510806892663,0.010289193107337002,0.3380377523928518
2559,rho_a,2.8854,2.836945700984794,0.04845429901520637,1.6792922650304836
2560,rho_a,4.855,4.894796739028855,0.039796739028854944,0.8197062621801595
2561,rho_a,4.307,4.314574449101935,0.0075744491019342775,0.17586368938779934
2562,rho_a,4.2357,4.211180283108586,0.024519716891413523,0.5788822837171598
2563,rho_a,4.1833,4.184534264886408,0.0012342648864080985,0.029504575010345983
2564,rho_a,4.0865,4.062942332073277,0.02355766792672309,0.5764754172694806
2565,rho_a,3.9381,3.941694052615842,0.0035940526158420028,0.09126361991419948
2566,rho_a,3.67,3.6891098654417167,0.019109865441716778,0.5207047804281082
2567,rho_a,3.3588,3.328064112599123,0.030735887400877182,0.915085369800763
2568,rho_a,2.9583,2.917258629897065,0.04104137010293485,1.3873295508542398
2569,rho_a,3.1339,3.134931561863136,0.0010315618631357992,0.03291623418537509
2570,rho_a,2.9737,2.9703691546635804,0.0033308453364195856,0.11201013338327556
2571,rho_a,3.0305,3.0275810393414195,0.0029189606585804384,0.09631944096945967
2572,rho_a,3.0019,3.019995752460135,0.01809575246013484,0.6028099690239119
2573,rho_a,2.4697,2.4735652440160267,0.0038652440160267254,0.1565066208861465
2574,rho_a,2.131,2.110920769432158,0.020079230567841666,0.9422445128030148
2575,rho_a,2.301,2.268051801569393,0.032948198430607256,1.431907797939719
2576,rho_a,2.401,2.4041220816455295,0.0031220816455297395,0.13003255499910202
2577,rho_a,2.405,2.405968298472045,0.0009682984720451593,0.040261890729511716
2578,rho_a,2.414,2.414037744021191,3.7744021190722066e-05,0.0015635468595984435
2579,rho_a,2.614,2.5920465399659074,0.021953460034092487,0.8398416233391005
2580,rho_a,2.455,2.4634591206733347,0.008459120673334652,0.3445670335369127
2581,rho_a,2.467,2.4651497359477608,0.0018502640522393143,0.07500056960837309
2582,rho_a,2.5608,2.5585753048442212,0.002224695155778722,0.0868750060831714
2583,rho_a,2.724,2.7256423252951514,0.0016423252951511813,0.06029094328746616
2584,rho_a,3.4372,3.4241399211192265,0.013060078880773318,0.379962727824087
2585,rho_a,3.0528,3.051068700171751,0.0017312998282488223,0.05671186544314253
2586,rho_a,3.411,3.425284100496902,0.014284100496901875,0.4187657724097827
2587,rho_a,3.1214,3.125954564357357,0.004554564357357016,0.14591415253910286
2588,rho_a,3.2828,3.308488012464927,0.025688012464927024,0.782503121265968
2589,rho_a,3.2815,3.306842467944035,0.025342467944035274,0.772283039586395
2590,rho_a,3.053,3.042702996549536,0.010297003450463915,0.33727492467934955
2591,rho_a,3.1488,3.1368199933692926,0.011980006630707418,0.3804626089527316
2592,rho_a,2.9297,2.9059704458435887,0.023729554156411314,0.8099653260198387
2593,rho_a,3.0074,3.0268575110261446,0.01945751102614457,0.6469877976370985
2594,rho_a,2.8797,2.852810702377699,0.02688929762230119,0.9337534334233375
2600,rho_a,4.0624,4.054847716292112,0.007552283707887852,0.18590694436505495
2601,rho_a,5.0527,5.055544654198853,0.002844654198852936,0.0562996852940482
2602,rho_a,5.1048,5.091125257402549,0.01367474259745105,0.2678800853598255
2603,rho_a,4.8683,4.913629838173218,0.04532983817321856,0.931122530928851
2604,rho_a,4.6792,4.681107203325155,0.001907203325155038,0.0407591751828225
2605,rho_a,4.4983,4.5405038032362,0.04220380323619999,0.9382167315694951
2606,rho_a,4.5201,4.538028608770044,0.017928608770043652,0.39664186124288586
2607,rho_a,4.2709,4.2608061002323545,0.010093899767645631,0.23634128093945694
2608,rho_a,4.3951,4.427286120704409,0.032186120704408516,0.7323182795477052
2609,rho_a,4.3225,4.3386317793185185,0.016131779318518724,0.3732048425336031
2610,rho_a,4.2567,4.258396238677552,0.0016962386775514204,0.039848678026429434
2611,rho_a,4.0666,4.077350626260696,0.010750626260695562,0.26436399598418625
2612,rho_a,6.3152,6.261973379383893,0.0532266206161065,0.8428334908807017
2613,rho_a,5.9017,5.809853023105909,0.09184697689409127,1.556280002271815
2614,rho_a,5.7594,5.749347887430656,0.010052112569344018,0.17453402384523167
2615,rho_a,5.3195,5.308552086268609,0.010947913731390813,0.20580719487524682
2616,rho_a,4.8095,4.762569143332069,0.046930856667930954,0.975794919802915
2617,rho_a,4.4919,4.501189267739251,0.009289267739251095,0.20680041272621888
2618,rho_a,4.308,4.305287921312589,0.002712078687411079,0.06295447278111536
2619,rho_a,4.043,4.048633444352029,0.005633444352028505,0.13933822290445488
2620,rho_a,3.098,3.109895720593002,0.011895720593002146,0.38398065180756313
2629,rho_a,2.225,2.1993919552075987,0.02560804479240142,1.1509233614557262
2630,rho_a,2.396,2.3808004959482565,0.015199504051743418,0.6343699520758378
2631,rho_a,2.555,2.5295916929001594,0.025408307099840766,0.9944542896215585
2632,rho_a,2.665,2.6231398585259242,0.041860141474075796,1.5707370159121983
2633,rho_a,2.877,2.8323368659166848,0.044663134083315015,1.552420371334706
2634,rho_a,2.933,2.88476110525134,0.04823889474865961,1.6446946726438174
2635,rho_a,3.051,3.024707046922326,0.02629295307767432,0.8617814840270632
2636,rho_a,3.078,3.103527639817769,0.025527639817769288,0.8293580187706626
2637,rho_a,3.071,3.103217505611725,0.03221750561172465,1.0490884276038475
2638,rho_a,3.123,3.121665652154972,0.001334347845028283,0.042726475985522115
2639,rho_a,3.098,3.109895720593002,0.011895720593002146,0.38398065180756313
2640,rho_a,3.004651,3.041650937396275,0.03699993739627505,1.2314221317638134
2641,rho_a,3.251,3.2474659108910036,0.00353408910899633,0.1087077548137571
2642,rho_a,3.1278,3.150034037291974,0.02223403729197404,0.7108522697092823
2643,rho_a,3.0528,3.0670405275178325,0.014240527517832557,0.46647430286385916
2644,rho_a,3.1111,3.1402614412581658,0.029161441258165777,0.9373353880671275
2645,rho_a,3.0822,3.121424262334637,0.03922426233463705,1.2726060065740161
2646,rho_a,3.1006,3.120811625878115,0.02021162587811487,0.6518617647587032
2647,rho_a,2.8505,2.8461951890309947,0.004304810969005146,0.15101950426253766
2648,rho_a,2.8953,2.849603262814304,0.045696737185696,1.5783075047725699
2649,rho_a,2.6951,2.6974354670330443,0.002335467033044214,0.08665604367345729
2650,rho_a,3.0049,3.041771937589913,0.03687193758991292,1.2270603876967834
2651,rho_a,3.2104,3.1920154034928725,0.018384596507127426,0.5726575039596842
2652,rho_a,2.7698,2.776168085385606,0.006368085385605848,0.22991137936325903
2653,rho_a,3.3652,3.366454086315602,0.0012540863156016435,0.03726632341617945
2654,rho_a,4.2618,4.212449050559606,0.04935094944039431,1.1579837026698279
2655,rho_a,4.3144,4.287342723059302,0.02705727694069804,0.6271388128289395
2656,rho_a,3.268377,3.2759999732011775,0.007622973201177441,0.23323420771762585
2657,rho_a,4.3133,4.286929865357642,0.026370134642357712,0.6113679698224468
2658,rho_a,2.0283,2.0281095961568445,0.00019040384315571757,0.00938736099963633
2659,rho_a,3.198997,3.1956151046320085,0.0033818953679913832,0.10571736603661479
2660,rho_a,4.1221,4.091965130194312,0.03013486980568736,0.7310562530186082
2661,rho_a,3.8968,3.8655455395074694,0.031254460492530445,0.8020545189006987
2662,rho_a,3.153422,3.156953335150718,0.003531335150718018,0.11198422382785742
2663,rho_a,3.8102,3.783851111331386,0.026348888668613846,0.6915355799854844
2664,rho_a,3.536696,3.509824587967364,0.026871412032635877,0.7597885719504385
2665,rho_a,3.004651,3.041650937396275,0.03699993739627505,1.2314221317638134
2666,rho_a,2.4506,2.4369984267114164,0.01360157328858369,0.5550303308813409
2667,rho_a,1.969,1.9709409295439555,0.0019409295439554164,0.09857438008910262
2668,rho_a,2.08,2.0794971385230996,0.0005028614769004847,0.024176032543280906
2670,rho_a,1.69,1.671118938657096,0.018881061342904015,1.1172225646682155
2672,rho_a,1.725,1.75754051059294,0.03254051059293994,1.8864064111838303
2674,rho_a,1.711,1.7400920943249634,0.02909209432496329,1.7002977396228103
2676,rho_a,1.702,1.7277039232953328,0.025703923295332887,1.5102187600069203
2677,rho_a,1.537,1.585567226888557,0.04856722688855708,3.159871625798665
2680,rho_a,1.425,1.4442427100398727,0.019242710039872657,1.3503656168322211
2682,rho_a,1.421,1.4452272335131804,0.024227233513180346,1.704942541390802
2683,rho_a,1.356,1.4481077332296617,0.09210773322966159,6.792605695397762
2684,rho_a,1.288,1.4656685797990856,0.17766857979908557,13.794144394328232
2685,rho_a,2.9583,2.9145052983874673,0.04379470161253263,1.4804009604339594
2686,rho_a,2.1089,2.084512153779132,0.024387846220868425,1.156424971352689
2687,rho_a,2.3228,2.3183181287290306,0.004481871270969329,0.19295123432785427
2688,rho_a,2.503,2.4832823223499356,0.01971767765006449,0.787761791852042
2689,rho_a,2.5856,2.57828780089855,0.007312199101449757,0.28280473009927787
2690,rho_a,2.6897,2.632003645659683,0.05769635434031706,2.145085115079585
2691,rho_a,2.8374,2.810945866023585,0.02645413397641505,0.9323371388033314
2692,rho_a,2.9552,2.9139745427385293,0.041225457261470755,1.3950141195674337
2693,rho_a,2.6806,2.65709681981384,0.023503180186160044,0.876788039474419
2694,rho_a,2.7232,2.7287116852475135,0.005511685247513665,0.20239737248500445
2695,rho_a,2.7657,2.7720474102391846,0.006347410239184725,0.22950465484985466
2696,rho_a,2.7956,2.8055257444211477,0.009925744421147797,0.3550488060217573
2697,rho_a,2.8378,2.8318151232961073,0.005984876703892805,0.21089846725952133
2698,rho_a,2.8691,2.84844164669722,0.020658353302779986,0.7200290440477078
2699,rho_a,2.8841,2.851595109343882,0.03250489065611806,1.1270375734581597
2700,rho_a,2.9464,2.927851700054357,0.018548299945643,0.6295241632377376
2701,rho_a,2.974,2.9560033264253947,0.01799667357460555,0.6051336104438297
2702,rho_a,3.3336,3.335463367469141,0.001863367469141064,0.05589655235002715
2703,rho_a,3.2709,3.29575489714569,0.02485489714568967,0.7598794565924384
2704,rho_a,3.2085,3.197156870656048,0.011343129343952096,0.3535337180597962
2705,rho_a,3.1426,3.1592213624347285,0.01662136243472867,0.5289048060435112
2706,rho_a,3.0501,3.0559831173155945,0.005883117315594433,0.1928827682893185
2707,rho_a,2.9552,2.9319811103022677,0.023218889697732337,0.7856960509516946
2708,rho_a,2.3151,2.3364293107627496,0.021329310762749465,0.9213127192233704
2709,rho_a,2.3811,2.3997749238667816,0.0186749238667816,0.7842981759175909
2710,rho_a,2.4836,2.4782203025358007,0.005379697464199307,0.21660885264121196
2711,rho_a,2.6277,2.608243966859144,0.019456033140855755,0.7404206393746756
2712,rho_a,2.6755,2.649152082570507,0.02634791742949316,0.9847848039425645
2713,rho_a,2.8536,2.839224187654775,0.014375812345225114,0.5037781169477178
2714,rho_a,2.94,2.904613111351817,0.03538688864818296,1.2036356683051332
2715,rho_a,3.081,3.118305488405252,0.03730548840525216,1.210824031328791
2716,rho_a,3.0049,3.0416618114709975,0.03676181147099733,1.2233955030445305
2717,rho_a,2.9552,2.9319811103022677,0.023218889697732337,0.7856960509516946
2718,rho_a,3.1799,3.1835157781243084,0.0036157781243084663,0.1137072903018123
2719,rho_a,3.0466,3.039240150889678,0.00735984911032217,0.2415758258491352
2720,rho_a,2.9552,2.9319811103022677,0.023218889697732337,0.7856960509516946
2721,rho_a,2.645,2.6382959562227644,0.006704043777235658,0.25346101237176266
2722,rho_a,2.9407,2.904613111351817,0.0360868886481831,1.2271530128258858
2723,rho_a,6.9123,6.890635058280011,0.02166494171998945,0.3134259467903059
2724,rho_a,6.508,6.404695144151797,0.10330485584820259,1.5873518108203244
2725,rho_a,6.1948,6.195868191397361,0.00106819139736114,0.017243355675097948
2726,rho_a,6.0369,6.050710311680188,0.013810311680187759,0.22876495685178602
2727,rho_a,5.7481,5.782964282551953,0.034864282551953174,0.6065357692445696
2728,rho_a,5.7411,5.7822912075760176,0.04119120757601724,0.7174793606801844
2729,rho_a,5.6355,5.704460459430417,0.06896045943041695,1.2236795214338516
2730,rho_a,5.2089,5.232212435509506,0.023312435509506457,0.4475500683350032
2731,rho_a,4.8449,4.861929321881741,0.017029321881740778,0.3514896464681885
2732,rho_a,4.2468,4.17632162221729,0.07047837778271049,1.6595643256733044
2733,rho_a,3.7868,3.765794481293839,0.021005518706160853,0.5547036734486983
2734,rho_a,2.9705,2.938463662212469,0.03203633778753101,1.0784830091742208
2740,rho_a,3.7373,3.744517976015266,0.007217976015266192,0.1931334389870832
2741,rho_a,3.3628,3.3707916139055794,0.007991613905579342,0.23764761227479975
2742,rho_a,2.9552,2.9319811103022677,0.023218889697732337,0.7856960509516946
2743,rho_a,7.4335,7.390984064162385,0.04251593583761526,0.5719504383885052
2744,rho_a,7.0219,7.003310600947503,0.018589399052496347,0.26473460249353736
2745,rho_a,7.3789,7.31724684272246,0.06165315727754006,0.8355331726616665
2746,rho_a,7.8431,7.524633981918318,0.31846601808168185,4.06046101773076
2747,rho_a,7.5097,7.493536686017037,0.01616331398296289,0.2152324857578963
2748,rho_a,7.4277,7.154834903446877,0.2728650965531232,3.673614935351272
2749,rho_a,6.5754,6.530283357214596,0.04511664278540373,0.6861429386105311
2750,rho_a,6.6265,6.5302049153805894,0.09629508461941061,1.453181688966967
2751,rho_a,6.9179,6.739291422411034,0.17860857758896653,2.5818323131143948
2752,rho_a,7.1725,7.0263102947786,0.14618970522140007,2.038197354079884
2753,rho_a,4.496,4.452877562086929,0.043122437913071465,0.9591289571410558
2754,rho_a,2.9258,2.904830080925815,0.020969919074185217,0.7167242830739643
2755,rho_a,4.1545,4.16315921093632,0.008659210936320605,0.2084296771288608
2756,rho_a,4.3189,4.277104528515063,0.0417954714849369,0.9677341796505411
2757,rho_a,4.0334,4.011640455843636,0.02175954415636472,0.5394839132334834
2758,rho_a,4.0469,4.038266142036011,0.0086338579639893,0.21334497921834408
2759,rho_a,3.8976,3.8784914259449668,0.01910857405503341,0.49026513893238166
2760,rho_a,3.789,3.7985731912911107,0.009573191291110561,0.25265746347606316
2761,rho_a,3.5238,3.4961782057465327,0.027621794253467336,0.7838638473653299
2762,rho_a,3.3719,3.380330493661065,0.008430493661065075,0.2500220546594672
2763,rho_a,3.1981,3.1900677557885526,0.008032244211447548,0.25115675593149167
2764,rho_a,3.0584,3.059354898779414,0.0009548987794141262,0.031222167780990517
2765,rho_a,2.9134,2.872300920399913,0.04109907960008741,1.4106912748017195
2766,rho_a,3.2322,3.212880042757871,0.019319957242128982,0.597733965785626
2767,rho_a,3.1447,3.1437516723050325,0.0009483276949673325,0.0301563804167975
2768,rho_a,3.1641,3.1415791285578973,0.022520871442102575,0.7117623160486539
2769,rho_a,3.2914,3.3098154449106287,0.018415444910628853,0.5595018809814443
2770,rho_a,3.081,3.1027887497041124,0.021788749704112487,0.7071973289226036
2771,rho_a,3.1198,3.1172176687291193,0.002582331270880811,0.08277233383165533
2772,rho_a,3.1834,3.176429262757935,0.006970737242064651,0.21897145322807254
2773,rho_a,2.1359,2.136161465894846,0.00026146589484588034,0.012241485783311856
2774,rho_a,2.1593,2.1544329235113056,0.004867076488694444,0.22540066172797618
2775,rho_a,2.3815,2.391912673223108,0.010412673223108015,0.4372317120765754
2776,rho_a,2.3173,2.320258262896865,0.0029582628968651825,0.12765990147429793
2777,rho_a,2.3094,2.3055912937605214,0.0038087062394787097,0.16492189484182299
2778,rho_a,2.3085,2.3055850869189984,0.0029149130810015578,0.12626870612953411
2779,rho_a,2.2292,2.2156162703801545,0.013583729619845553,0.609354459888725
2780,rho_a,2.2794,2.266785915411308,0.012614084588691732,0.55339495431632
2781,rho_a,2.0997,2.092036622560804,0.007663377439195873,0.3649748744674107
2782,rho_a,2.1813,2.1760227221530974,0.005277277846902351,0.2419326936643255
2783,rho_a,2.2178,2.211959150493934,0.005840849506066004,0.26336231878723826
2784,rho_a,2.2026,2.1903372688575167,0.012262731142483219,0.556738905951042
2785,rho_a,2.1911,2.1887744556625637,0.0023255443374363693,0.10613592886839067
2786,rho_a,2.2319,2.214392846637886,0.017507153362113836,0.7844058139749089
2787,rho_a,2.0633,2.0597361873642024,0.0035638126357975253,0.1727239197303251
2788,rho_a,2.1099,2.092171687347263,0.017728312652737,0.8402442131252
2789,rho_a,2.1786,2.170671494054594,0.007928505945405728,0.3639266476361925
2790,rho_a,2.16,2.1553984993202144,0.004601500679785708,0.21303243887886933
2791,rho_a,2.1319,2.1331762405873693,0.001276240587369415,0.05986399865701094
2792,rho_a,2.4697,2.4735652440160267,0.0038652440160267254,0.1565066208861465
2793,rho_a,2.4495,2.445803977218616,0.003696022781384034,0.15088886635568585
2794,rho_a,2.4145,2.42607636335892,0.011576363358920094,0.47945178541790434
2795,rho_a,2.4994,2.4856140178587367,0.013785982141263364,0.5515716628493977
2796,rho_a,2.4194,2.4155674099108886,0.0038325900891114095,0.15841076668222803
2797,rho_a,2.4453,2.4321545075872266,0.013145492412773407,0.5375819904620305
2798,rho_a,2.4057,2.4144921598690843,0.008792159869084326,0.36547199854847534
2799,rho_a,2.342,2.344174032913232,0.002174032913231816,0.0928280492412847
2800,rho_a,2.2536,2.243940415918083,0.009659584081917139,0.42862904161842613
2801,rho_a,2.0865,2.0894341529175473,0.0029341529175472836,0.14062558914669912
2802,rho_a,3.098,3.109895720593002,0.011895720593002146,0.38398065180756313
2803,rho_a,3.046,3.0280134670311214,0.01798653296887842,0.5904968144738186
2804,rho_a,3.05,3.029195382645283,0.020804617354716726,0.6821186017937674
2805,rho_a,3.013,3.0263929499960165,0.01339294999601659,0.44450547613714386
2806,rho_a,2.918,2.852946747079165,0.06505325292083519,2.2293780987255962
2807,rho_a,2.889,2.8288466438520823,0.0601533561479175,2.0821514762165694
2808,rho_a,2.738,2.7172051368575914,0.020794863142408637,0.7594909840175691
2809,rho_a,2.602,2.5803866517971414,0.02161334820285843,0.8306436665199893
2810,rho_a,2.521,2.4969089891797926,0.02409101082020726,0.9556132812454464
2811,rho_a,2.34,2.3463392278113737,0.00633922781137386,0.27090717142611753
2812,rho_a,2.142,2.1403530825959427,0.001646917404057202,0.07688690028274665
2813,rho_a,2.6806,2.65709681981384,0.023503180186160044,0.876788039474419
2814,rho_a,2.58,2.5977194893628783,0.01771948936287826,0.6868019132895888
2815,rho_a,2.4136,2.413437639637848,0.00016236036215211413,0.006726896012265779
2816,rho_a,2.3296,2.3372129894443274,0.007612989444327312,0.32679384633945924
2817,rho_a,2.2722,2.2519946037709992,0.02020539622900097,0.8892437386230119
2818,rho_a,2.2187,2.212760007756743,0.005939992243257031,0.2677239934761055
2819,rho_a,2.183,2.18054015250865,0.0024598474913499757,0.11268197395093216
2820,rho_a,2.13,2.1379132889295698,0.007913288929569884,0.3715159121862051
2821,rho_a,3.3594,3.3377338120031315,0.02166618799686848,0.6449421919646969
2822,rho_a,3.2676,3.27476293135715,0.007162931357150182,0.21921077724164492
2823,rho_a,3.2007,3.1925459801148244,0.0081540198851755,0.25475739323188534
2824,rho_a,3.1155,3.138208251711436,0.022708251711435867,0.7288798495082195
2825,rho_a,2.9088,2.8683418266814145,0.040458173318585366,1.3908887967055645
2826,rho_a,2.7042,2.6948405624203553,0.009359437579644858,0.3461074469211374
2827,rho_a,2.4625,2.460594657979568,0.0019053420204317995,0.07737429524592998
2828,rho_a,2.1359,2.1506261164606157,0.014726116460615835,0.6894572058902074
2829,rho_a,2.31,2.3163352117959963,0.006335211795996276,0.27425159290015294
2830,rho_a,2.2998,2.2979460576814876,0.001853942318512214,0.08061319760463552
2831,rho_a,2.2844,2.272589055394378,0.011810944605622264,0.5170261165127427
2832,rho_a,2.2547,2.2617349503868933,0.007034950386893168,0.31201270177363055
2837,rho_a,4.0108,4.020192943507304,0.009392943507304352,0.2341912712501748
2838,rho_a,4.0475,4.042736778991271,0.004763221008729168,0.11768303912854826
2839,rho_a,3.8542,3.84233523759033,0.01186476240967016,0.3078398217442551
2840,rho_a,3.5996,3.586230867639167,0.013369132360832925,0.3714060551402714
2841,rho_a,3.2647,3.2703494849080443,0.0056494849080444,0.1730475972690498
2842,rho_a,2.9406,2.89437449313341,0.04622550686658977,1.5719753406302812
2843,rho_a,2.5731,2.582746747832815,0.009646747832814828,0.37490761465979083
2844,rho_a,2.1717,2.1750445409410597,0.003344540941059737,0.1540056610516276
2845,rho_a,2.127,2.0966232510185083,0.030376748981491453,1.4281499286072954
2846,rho_a,2.146,2.1319489557663553,0.01405104423364456,0.6547550901042877
2847,rho_a,1.993,1.9733640792948186,0.019635920705181498,0.9852443906257724
2848,rho_a,2.104,2.080193232977912,0.02380676702208806,1.1315003337488947
2849,rho_a,2.05,2.056177794950308,0.006177794950308346,0.3013558512344065
2850,rho_a,2.109,2.0915723453365445,0.017427654663455527,0.8263468308889171
2851,rho_a,2.09,2.0869057035955345,0.0030942964044653465,0.14805245954372565
2852,rho_a,2.089,2.086710599613159,0.0022894003868407786,0.10959312526757696
2853,rho_a,2.1,2.089191957450705,0.010808042549295127,0.5146686928233324
2854,rho_a,1.8842,1.8735296679684164,0.01067033203158374,0.5663057017077845
2855,rho_a,1.9689,1.9634282094826132,0.0054717905173868875,0.2779110425813453
2857,rho_a,1.9945,1.9794097119042717,0.01509028809572821,0.7565950411491925
2859,rho_a,2.0286,2.0339497531742174,0.005349753174217486,0.2637165125808365
2861,rho_a,2.0768,2.07984761976014,0.003047619760140119,0.1467459437663064
2865,rho_a,2.1172,2.106922457761299,0.01027754223870092,0.48543086334290886
2866,rho_a,2.1359,2.137349773350617,0.001449773350616912,0.06787646194186213
2867,rho_a,1.95,1.9429472689765948,0.007052731023405201,0.36167851402059403
2868,rho_a,2.0844,2.0658642550357307,0.01853574496426935,0.8892604569305536
2869,rho_a,2.2238,2.2006686729679537,0.023131327032046567,1.040171194893253
2870,rho_a,2.2582,2.242816793255532,0.015383206744468136,0.6812154257577417
2871,rho_a,2.1587,2.147345769152397,0.01135423084760312,0.5259753948023282
2872,rho_a,2.1923,2.178140072645408,0.014159927354592039,0.6458936894852703
2874,rho_a,2.19,2.1887677487004624,0.0012322512995375234,0.05626718262725848
2875,rho_a,2.0998,2.084676379695085,0.015123620304914986,0.7202409898517851
2878,rho_a,2.1387,2.1439898561155832,0.005289856115583191,0.2473397912554691
2880,rho_a,2.0007,2.024449583115009,0.023749583115008743,1.1870636834606323
2883,rho_a,2.0796,2.0820605927669553,0.0024605927669552052,0.11832048311954327
2885,rho_a,2.1561,2.157578206018989,0.00147820601898907,0.0685592513792674
2887,rho_a,2.138,2.1517118309396928,0.01371183093969286,0.6413391459161106
2888,rho_a,2.1866,2.174640061767043,0.011959938232956713,0.546965070563946
2889,rho_a,2.7574,2.756176744266993,0.0012232557330071891,0.044362650794471076
2890,rho_a,2.8831,2.8409043959077342,0.04219560409226597,1.4635497933561559
2891,rho_a,2.6045,2.5931760272332918,0.011323972766708046,0.4347849017739949
2892,rho_a,2.618,2.5964530393144836,0.021546960685516314,0.8230313478039757
2893,rho_a,2.5466,2.525387769241335,0.021212230758665296,0.8329628036855794
2894,rho_a,2.4889,2.4613085867369717,0.027591413263028386,1.108578619591679
2895,rho_a,2.4457,2.426586075037376,0.019113924962624207,0.7815318707370646
2896,rho_a,2.4305,2.426703414147031,0.0037965858529687146,0.1562059598011583
2897,rho_a,2.3727,2.3890772275102283,0.016377227510228298,0.6902359131041175
2898,rho_a,2.3542,2.3459390792463255,0.008260920753674572,0.3509013997821367
2899,rho_a,2.3414,2.342960767523393,0.0015607675233928475,0.06665958500863504
2900,rho_a,2.1988,2.192250008173283,0.006549991826716894,0.29788938633408746
2901,rho_a,1.7796,1.7657476151425815,0.013852384857418576,0.7783987894701501
2903,rho_a,1.8124,1.761951129041066,0.05044887095893391,2.7835395585359786
2905,rho_a,1.7908,1.7632576453169595,0.02754235468304045,1.5379916619960392
2906,rho_a,1.786,1.7913050330866296,0.005305033086629551,0.2970343273587111
2907,rho_a,2.4029,2.4088528819264186,0.0059528819264187405,0.2477373975786035
2908,rho_a,2.3318,2.3307263622716925,0.001073637728307375,0.046043302526242155
2909,rho_a,2.2639,2.260790990743753,0.0031090092562471305,0.1373297962032668
2910,rho_a,2.2206,2.2218675189855217,0.0012675189855215763,0.057080022765063736
2911,rho_a,2.2066,2.203898118977553,0.0027018810224470613,0.12244543743523234
2912,rho_a,2.1828,2.1799511765437067,0.0028488234562931147,0.13051234452500501
2913,rho_a,2.1473,2.1583762409036584,0.01107624090365844,0.5158217716971677
2914,rho_a,2.1619,2.160935686059064,0.0009643139409361012,0.04460492811580809
2915,rho_a,2.1573,2.1540984218795627,0.0032015781204375315,0.1484067176765423
2916,rho_a,2.648,2.6386547854136966,0.009345214586303552,0.3529159586971307
2917,rho_a,2.146,2.1605676079089324,0.014567607908932523,0.6788260908166698
2918,rho_a,2.1365,2.1275962721331396,0.008903727866860223,0.41674363991837376
2919,rho_a,2.14,2.133432833462257,0.006567166537743141,0.3068769410158912
2920,rho_a,2.1374,2.1491686507290795,0.01176865072907951,0.5506059104086275
2922,rho_a,2.1338,2.1199123494955274,0.013887650504472493,0.650841245874308
2923,rho_a,2.1314,2.1226656924677387,0.008734307532261454,0.4097920396104605
2924,rho_a,2.1342,2.137141263030026,0.0029412630300260645,0.1378157168974176
2925,rho_a,2.1377,2.1417945288318934,0.004094528831893207,0.19153898263981342
2926,rho_a,2.1359,2.1341506586929055,0.0017493413070943653,0.08190183562402482
2927,rho_a,3.685,3.7002530045304636,0.015253004530463521,0.4139214255212858
2928,rho_a,3.574,3.5350598926821575,0.038940107317842365,1.0895385371525315
2929,rho_a,3.343,3.328238026488308,0.014761973511692172,0.4415786273313717
2930,rho_a,3.217,3.1956315998151865,0.021368400184813563,0.6642337639044738
2931,rho_a,2.947,2.9257872335506736,0.02121276644932646,0.7198088377780543
2932,rho_a,2.681,2.661341601772934,0.019658398227066165,0.7332487216359131
2933,rho_a,2.366,2.379489798158858,0.01348979815885798,0.5701520777198764
2934,rho_a,2.228,2.227555106461897,0.00044489353810339693,0.019968291656337397
2935,rho_a,2.146,2.1605676079089324,0.014567607908932523,0.6788260908166698
2936,rho_a,4.089,4.069492118372274,0.01950788162772632,0.4770819669288713
2937,rho_a,3.879,3.8758248009371323,0.003175199062867673,0.08185612433273665
2938,rho_a,3.659,3.672545455083218,0.01354545508321836,0.37019554750518335
2939,rho_a,3.249,3.233052461781338,0.01594753821866224,0.4908445127318353
2940,rho_a,2.837,2.8166955620752594,0.020304437924740792,0.7157010195535296
2941,rho_a,2.545,2.528017666621018,0.016982333378981807,0.667282254576626
2942,rho_a,2.177,2.1750328954921043,0.0019671045078957228,0.09035849829558196
2949,rho_a,6.112,6.108772097989707,0.0032279020102929934,0.05281253289091075
2951,rho_a,5.533,5.517753794130508,0.015246205869492435,0.2755504404389965
2954,rho_a,4.863,4.90532872967933,0.04232872967932977,0.8704242171359461
2959,rho_a,4.269,4.231223462831094,0.03777653716890583,0.8849036582079406
2963,rho_a,3.959,3.96771800452667,0.00871800452666971,0.22020723734952025
2964,rho_a,3.777,3.783154715844798,0.0061547158447976535,0.1629524978765164
2965,rho_a,3.357,3.3313573683831987,0.02564263161680147,0.7638555739289196
2966,rho_a,2.97,2.9427155988426694,0.027284401157330773,0.9186667056337233
2967,rho_a,2.572,2.5849419528924646,0.012941952892464581,0.5031863488514599
2968,rho_a,2.278,2.258576815208208,0.019423184791791837,0.8526420013952287
2969,rho_a,2.177,2.1750328954921043,0.0019671045078957228,0.09035849829558196
2970,rho_a,3.0863,3.1001514840567963,0.01385148405679626,0.4488054970933406
2971,rho_a,2.9062,2.8656414817876317,0.040558518212368444,1.395585927064706
2972,rho_a,2.6333,2.6323232301985384,0.0009767698014617743,0.03709299363769427
2973,rho_a,2.4094,2.425062481786286,0.01566248178628582,0.6500573498082227
2974,rho_a,2.1089,2.0840353087960963,0.024864691203903888,1.1790360474129686
2975,rho_a,3.311,3.3163309457494985,0.00533094574949855,0.16100712019018243
2976,rho_a,3.1221,3.1241994432034286,0.002099443203428475,0.06724458548501977
2977,rho_a,3.023,3.025568517037697,0.0025685170376967825,0.08496582989401034
2978,rho_a,2.6376,2.6242415662539873,0.013358433746012643,0.5064616979833022
2979,rho_a,2.4294,2.4228063291225457,0.006593670877454105,0.27141149573768797
2980,rho_a,2.0627,2.064761431089902,0.002061431089901866,0.09993848305138249
2981,rho_a,4.822,4.809912936426816,0.012087063573184231,0.25066494345047124
2982,rho_a,4.344,4.360594612632614,0.016594612632613526,0.3820122613400024
2983,rho_a,4.204,4.188572899979249,0.01542710002075065,0.366962417239462
2984,rho_a,4.281,4.248660809114401,0.032339190885598335,0.7554120739451246
2985,rho_a,4.103,4.09842999894621,0.004570001053790129,0.11138194135483831
2986,rho_a,4.159,4.155032876900045,0.003967123099954506,0.09538646549539678
2987,rho_a,4.016,3.9970620065924,0.01893799340759994,0.4715635808664149
2988,rho_a,3.897,3.8627638016341836,0.03423619836581615,0.8785270301721162
2989,rho_a,3.599,3.590102028751242,0.008897971248758019,0.24723454428328828
2990,rho_a,3.472,3.437654397409823,0.03434560259017694,0.9892166644633366
2991,rho_a,3.292,3.30784504648234,0.015845046482340308,0.4813197594877125
2992,rho_a,3.036,3.0389081917757164,0.002908191775716329,0.0957902429418765
2993,rho_a,2.684,2.665574895113987,0.018425104886013344,0.68647931766045
2994,rho_a,2.146,2.160432622408033,0.014432622408032891,0.6725359929182743
2995,rho_a,13.652,13.252130970897849,0.3998690291021507,2.9290142770445464
2996,rho_a,8.7,10.42316474688274,1.7231647468827411,19.80649134347751
2997,rho_a,8.405,8.747252305494118,0.3422523054941191,4.072008393742753
2998,rho_a,4.099,4.051099879859246,0.04790012014075451,1.1685806328553994
2999,rho_a,3.981,3.9473733670124687,0.03362663298753121,0.8446780454037369
3000,rho_a,2.852,2.836081787152262,0.015918212847737756,0.558142105460455
3001,rho_a,2.255,2.246382623349716,0.008617376650283948,0.38214530599911867
3002,rho_a,2.0343,2.050986238059707,0.016686238059707037,0.8202447062723706
3003,rho_a,5.2508,5.234660340056591,0.016139659943409157,0.3073752560258643
3004,rho_a,5.1147,5.072334102160948,0.0423658978390522,0.8283163790455729
3005,rho_a,4.6922,4.659292256493291,0.03290774350670844,0.7013286626039263
3006,rho_a,4.5715,4.573039061876993,0.0015390618769925979,0.03366645252088507
3007,rho_a,4.5627,4.57390551906712,0.011205519067119418,0.24558965233561184
3008,rho_a,4.2492,4.2183062114002485,0.03089378859975156,0.7270495293171488
3009,rho_a,3.8979,3.8747901834530487,0.023109816546951212,0.5928786409847683
3010,rho_a,3.6615,3.684458242329508,0.022958242329507605,0.6270174062406482
3011,rho_a,3.063,3.053671737680087,0.00932826231991335,0.30454659875645784
3012,rho_a,2.969,2.9470057437870336,0.021994256212966246,0.7407967737608231
3013,rho_a,2.635,2.6265269304914476,0.0084730695085522,0.3215586151251987
3014,rho_a,2.51,2.499407019712424,0.010592980287575937,0.4220310871542517
3015,rho_a,2.36,2.355995687281335,0.00400431271866486,0.16967426773996452
3016,rho_a,2.8375,2.839031499676346,0.0015314996763460265,0.05397355687561187
3017,rho_a,2.844,2.8462618992348014,0.0022618992348015787,0.07953232189876172
3018,rho_a,2.8401,2.84536835968986,0.005268359689859725,0.18549909122417765
3020,rho_a,2.8164,2.8255349733107553,0.009134973310755523,0.3243492867047394
3021,rho_a,2.8079,2.818915521901182,0.011015521901181824,0.39230463695921863
3023,rho_a,2.8246,2.831548552683611,0.006948552683610831,0.24600129871869894
3027,rho_a,2.7976,2.8224306463093285,0.024830646309328408,0.8875695706791368
3029,rho_a,2.761,2.786497052501056,0.02549705250105605,0.9234716588571826
3030,rho_a,2.7097,2.7345726605253464,0.024872660525346202,0.9179119653591549
3032,rho_a,2.6727,2.6821420576680537,0.009442057668053838,0.35327787136791655
3034,rho_a,2.6084,2.6363801904102395,0.02798019041023947,1.0726955378863956
3036,rho_a,2.5092,2.540259083256493,0.031059083256493203,1.237808196097594
3038,rho_a,2.436,2.4583741123658127,0.02237411236581277,0.9184775191216579
3040,rho_a,2.356,2.3698798043875096,0.013879804387509687,0.5891258228991424
3041,rho_a,2.3,2.2920308993998506,0.007969100600149215,0.34648263478894564
3043,rho_a,2.164,2.1589080893632633,0.005091910636736863,0.23530086121693666
3044,rho_a,3.2021,3.180236107027154,0.021863892972846077,0.682798568840425
3045,rho_a,2.976,2.962114021449519,0.013885978550480793,0.4665987416154613
3046,rho_a,3.0969,3.1036052622007975,0.006705262200797257,0.21651529596677618
3047,rho_a,3.0614,3.0477014928024695,0.013698507197530407,0.44745891414143635
3048,rho_a,2.9978,2.9934198761892796,0.004380123810720171,0.14611127529250484
3049,rho_a,3.1085,3.1071065033565746,0.0013934966434252516,0.04482858753176141
3050,rho_a,2.9054,2.85935853327562,0.04604146672438025,1.5846859889985683
3051,rho_a,2.8491,2.852305010725316,0.003205010725316093,0.11249204047997502
3052,rho_a,2.7707,2.8112531817691417,0.04055318176914158,1.4636439083670891
3053,rho_a,2.6747,2.6575028163734182,0.017197183626581847,0.6429574765983257
3054,rho_a,2.7105,2.716331987422773,0.005831987422773022,0.21516278999339125
3055,rho_a,2.6616,2.652667063377409,0.00893293662259076,0.33562280667971905
3056,rho_a,2.6606,2.6545747903670303,0.006025209632969819,0.22646055900802653
3057,rho_a,2.313,2.3111349346087904,0.0018650653912097859,0.08063404198914739
3058,rho_a,2.273,2.249614123252971,0.023385876747028966,1.028855114255111
3059,rho_a,2.34,2.337190388812913,0.00280961118708678,0.12006885414895639
3060,rho_a,2.334,2.336637332640719,0.00263733264071897,0.11299625710016452
3061,rho_a,2.3801,2.384770174373858,0.0046701743738579715,0.19621756959186626
3062,rho_a,2.3743,2.3854915564263055,0.011191556426305649,0.4713623563282203
3063,rho_a,2.4236,2.417277826430882,0.006322173569118128,0.2608587873046509
3064,rho_a,2.451,2.4295632415868957,0.02143675841310433,0.8746127463523289
3065,rho_a,2.4913,2.4852458723503696,0.006054127649630203,0.24301078351173175
3066,rho_a,1.9892,1.9596721185231687,0.029527881476831386,1.4844098872318792
3067,rho_a,2.1467,2.1507518182694394,0.0040518182694393445,0.1887463674215054
3068,rho_a,2.1287,2.103666296720077,0.025033703279922825,1.1760089857617826
3069,rho_a,2.2076,2.174378781043427,0.033221218956572596,1.5048568108605522
3070,rho_a,2.3113,2.2902547406964757,0.02104525930352441,0.9105377624503658
3072,rho_a,2.3206,2.3324665412206036,0.011866541220603377,0.5113565983193252
3073,rho_a,2.3093,2.302458059530153,0.0068419404698469855,0.2962776802426719
3074,rho_a,2.3322,2.3268588492012596,0.005341150798740202,0.229017699971611
3075,rho_a,2.3974,2.3766186979213373,0.02078130207866291,0.8668266488134746
3077,rho_a,2.6464,2.6177271139741785,0.02867288602582141,1.0834675795726487
3078,rho_a,3.098,3.117957168115695,0.019957168115694923,0.644195226458634
3079,rho_a,3.182,3.1830104283029694,0.0010104283029694905,0.03175450355025685
3080,rho_a,3.041,3.040180238313445,0.000819761686555065,0.02695697752564273
3081,rho_a,3.16,3.1511655903682136,0.0088344096317865,0.2795699250564463
3082,rho_a,3.064,3.117876328265927,0.05387632826592714,1.7583658050231579
3083,rho_a,3.489,3.4476234381487836,0.0413765618512163,1.185914641765676
3084,rho_a,3.29,3.316425895391712,0.02642589539171203,0.803218704915015
3085,rho_a,3.201,3.1972162293083497,0.0037837706916503677,0.11820589477192082
3086,rho_a,3.158,3.1578856594120963,0.00011434058790360524,0.003620664594793193
3087,rho_a,3.064,3.1171462364856612,0.05314623648566119,1.734537744309525
3088,rho_a,2.849,2.836715223284566,0.012284776715434376,0.4311960939076891
3089,rho_a,3.3927,3.3930343462815378,0.00033434628153772294,0.009854873155234013
3090,rho_a,3.3108,3.3191188248421644,0.008318824842164396,0.25126328507194284
3091,rho_a,3.2247,3.2025509279903948,0.022149072009605142,0.686856824188243
3092,rho_a,3.1716,3.1824844940310917,0.010884494031091485,0.3431862161397418
3093,rho_a,3.0887,3.1159795248955704,0.027279524895570617,0.8832040954304978
3094,rho_a,3.0044,3.0382148611716016,0.033814861171601596,1.12551128916224
3095,rho_a,2.9281,2.9082198118127263,0.019880188187273884,0.6789449877827634
3096,rho_a,2.8122,2.8183695532202986,0.0061695532202987735,0.21938529337517174
3097,rho_a,2.6806,2.65709681981384,0.023503180186160044,0.876788039474419
3099,rho_a,4.09,4.06085239723569,0.02914760276430961,0.7126553243105742
3100,rho_a,3.738,3.7483384728987543,0.010338472898754336,0.2765776591426316
3101,rho_a,3.454,3.4286667664585235,0.025333233541476652,0.7334462519244156
3102,rho_a,3.386,3.3655786934246605,0.02042130657533958,0.6031100583382619
3103,rho_a,2.983,2.9531049937437164,0.029895006256283718,1.0021792241459502
3104,rho_a,2.555,2.5484649530412025,0.006535046958797697,0.2557748320467764
3105,rho_a,2.164,2.148342829840338,0.01565717015966195,0.7235291201319183
3106,rho_a,2.221,2.1912698994812914,0.029730100518708724,1.3385907482528292
3107,rho_a,2.266,2.231669700800837,0.03433029919916297,1.5150176169085534
3108,rho_a,2.387,2.380090362277633,0.00690963772236719,0.2894695317287095
3109,rho_a,2.432,2.4235891597123995,0.008410840287600418,0.34584047235184867
3110,rho_a,2.524,2.5124145740542643,0.01158542594573575,0.45901053667714575
3111,rho_a,2.664,2.643075141335026,0.020924858664974177,0.7854676676038409
3112,rho_a,2.074,2.053011772637892,0.020988227362107814,1.0119685324058676
3113,rho_a,2.278,2.2390185183873164,0.038981481612683666,1.7112151717588477
3114,rho_a,2.273,2.241194224466685,0.031805775533315206,1.3992862091201588
3115,rho_a,2.407,2.4205323701726593,0.013532370172659292,0.5622089809993215
3116,rho_a,2.484,2.4711074818385734,0.012892518161426558,0.5190224702665607
3117,rho_a,2.483,2.466357455087218,0.016642544912782054,0.670259561529414
3118,rho_a,2.555,2.5484649530412025,0.006535046958797697,0.2557748320467764
3119,rho_a,2.115,2.1257722327572015,0.010772232757201294,0.5093254258721608
3120,rho_a,3.370551,3.3663583862512856,0.004192613748714269,0.12438956564410464
3121,rho_a,3.34193,3.3341338808224914,0.007796119177508665,0.23328194119883813
3122,rho_a,3.330499,3.3209828899000975,0.009516110099902608,0.28572625603249696
3123,rho_a,3.321357,3.320961590184584,0.0003954098154159702,0.01190506818194645
3124,rho_a,3.279155,3.3103273011641314,0.03117230116413161,0.950619936054322
3125,rho_a,3.258434,3.2758850311732117,0.017451031173211895,0.535564973027121
3126,rho_a,3.224554,3.199692544887337,0.024861455112663133,0.7710044586834466
3127,rho_a,2.682,2.6621278346611454,0.019872165338854497,0.7409457620748354
3128,rho_a,2.601,2.607400355027501,0.006400355027500915,0.24607285765084405
3129,rho_a,2.53,2.521936437380119,0.008063562619880837,0.31871789011374113
3130,rho_a,2.568,2.5839281592971233,0.015928159297123212,0.6202554243425626
3131,rho_a,2.114,2.1116552166336815,0.0023447833663183815,0.11091690474537712
3132,rho_a,1.867,1.8836324316009463,0.016632431600946296,0.8908640386147502
3133,rho_a,2.555,2.5484649530412025,0.006535046958797697,0.2557748320467764
3134,rho_a,4.636,4.653165484099607,0.017165484099606942,0.3702649719500267
3135,rho_a,4.414,4.40033919951439,0.013660800485610025,0.30948800375185614
3136,rho_a,4.024,4.002025117461032,0.021974882538968288,0.5460954905308854
3137,rho_a,3.515,3.4790102632125723,0.035989736787427784,1.0238900935253925
3138,rho_a,3.038,3.032403469507355,0.005596530492644636,0.18421759356954553
3139,rho_a,2.555,2.5484649530412025,0.006535046958797697,0.2557748320467764
3140,rho_a,4.231,4.1917965809702356,0.03920341902976432,0.9265757274818023
3141,rho_a,3.963,3.9498441335674084,0.0131558664325917,0.3319673588843901
3142,rho_a,3.625,3.6055214701954394,0.01947852980456055,0.5373387532291084
3143,rho_a,3.385,3.37186405104355,0.013135948956449983,0.38806348468083024
3144,rho_a,2.555,2.5484649530412025,0.006535046958797697,0.2557748320467764
3145,rho_a,6.174,6.265029010441246,0.0910290104412459,1.4743927833046833
3146,rho_a,5.974,5.907956796791184,0.06604320320881651,1.1055105994108714
3147,rho_a,5.218,5.2189753747224366,0.0009753747224365839,0.018692501388202318
3148,rho_a,4.618,4.574557309580088,0.04344269041991211,0.9407252148094998
3149,rho_a,3.681,3.675719812782216,0.005280187217783894,0.14344436886124584
3150,rho_a,3.387,3.3741444575849786,0.012855542415021404,0.3795554300270921
3151,rho_a,2.555,2.5484649530412025,0.006535046958797697,0.2557748320467764
3152,rho_a,3.775,3.7673767653926067,0.0076232346073932256,0.20193998959976706
3153,rho_a,3.517,3.4807250716861726,0.03627492831382728,1.0314167845839342
3154,rho_a,3.551,3.5379566067877253,0.013043393212274879,0.3673160577941764
3155,rho_a,3.177,3.172142839405238,0.0048571605947622665,0.15288513046146482
3156,rho_a,2.825,2.8203860023843106,0.004613997615689591,0.1633273492278923
3157,rho_a,2.717,2.6997535442833263,0.017246455716673825,0.6347609759539005
3158,rho_a,2.555,2.5484649530412025,0.006535046958797697,0.2557748320467764
3159,rho_a,2.579,2.611222187764766,0.03222218776476593,1.2494062723828396
3160,rho_a,3.3594,3.324186606488845,0.03521339351115493,1.048204843458488
3161,rho_a,5.4581,5.476056191037645,0.01795619103764512,0.3289824487943026
3162,rho_a,4.8287,4.80951655352646,0.019183446473540755,0.39727973312769027
3163,rho_a,4.4004,4.407357770124432,0.006957770124431661,0.15811676494023452
3164,rho_a,3.8346,3.8101014174334145,0.024498582566585547,0.6388823493083805
3165,rho_a,3.3027,3.3195412304523026,0.016841230452302458,0.5099231069215295
3166,rho_a,3.7063,3.7190483737009274,0.012748373700927296,0.3439649704806372
3167,rho_a,3.5211,3.4908237172950156,0.030276282704984503,0.8598529637038398
3168,rho_a,3.3676,3.3642636682623293,0.0033363317376706725,0.09907149713949642
3169,rho_a,3.3159,3.318538968926199,0.00263896892619897,0.07958529889918797
3170,rho_a,3.327,3.3221545420133083,0.00484545798669167,0.14564045646799562
3171,rho_a,3.3336,3.335463367469141,0.001863367469141064,0.05589655235002715
3172,rho_a,2.165,2.1674941154742857,0.0024941154742856853,0.11520163853508236
3173,rho_a,2.426,2.4351646738167942,0.009164673816794089,0.37776891248105154
3174,rho_a,2.677,2.66222210774012,0.014777892259880243,0.5520318363793322
3175,rho_a,2.951,2.925441626162006,0.025558373837994086,0.866091963333969
3176,rho_a,3.127,3.140496988040549,0.01349698804054933,0.4316273757769432
3177,rho_a,3.298,3.317440646657354,0.01944064665735379,0.5894677579547573
3178,rho_a,3.37,3.3689880973688444,0.0010119026311556922,0.03002678430728166
3179,rho_a,3.6144,3.6120128694095137,0.0023871305904861195,0.06604500305681328
3180,rho_a,3.5477,3.5284459855139363,0.019254014486063564,0.5427182254998488
3181,rho_a,3.4977,3.480608347179671,0.017091652820329095,0.48865405324425215
3182,rho_a,3.4395,3.43166138246406,0.00783861753593973,0.22789991382286526
3183,rho_a,3.4045,3.4250537131533805,0.020553713153380393,0.6037219313665547
3184,rho_a,3.3583,3.3377338120031315,0.02056618799686838,0.6123987730953833
3185,rho_a,5.4069,5.3549718624554465,0.05192813754455372,0.960404992593614
3186,rho_a,5.1447,5.092994490679072,0.051705509320928655,1.0050247695865375
3187,rho_a,4.8583,4.880423384840906,0.022123384840906368,0.45537296669414845
3188,rho_a,4.7014,4.692233429993546,0.009166570006453156,0.19497532663570866
3189,rho_a,4.4489,4.448207202304328,0.0006927976956720983,0.015572336884891602
3190,rho_a,4.2473,4.203170813408944,0.044129186591056246,1.038993868835398
3191,rho_a,3.9602,3.9484278411203384,0.011772158879661543,0.29726172616682417
3192,rho_a,3.3027,3.3195412304523026,0.016841230452302458,0.5099231069215295
3193,rho_a,6.7797,6.738742478322841,0.04095752167715894,0.6041199710481717
3194,rho_a,6.5041,6.441498049828635,0.0626019501713655,0.9624998104481153
3195,rho_a,6.2308,6.233794629404974,0.0029946294049736366,0.04806171607134165
3196,rho_a,5.9766,5.891081635226721,0.08551836477327956,1.4308865370489117
3197,rho_a,5.8488,5.828345563622285,0.02045443637771438,0.3497202225706279
3198,rho_a,5.6518,5.6938720243228005,0.04207202432280077,0.7444004445095956
3199,rho_a,5.283,5.312305647666117,0.029305647666116208,0.5547160262371883
3200,rho_a,5.0218,5.00242252088985,0.019377479110150198,0.3858672012056701
3201,rho_a,4.0632,4.047323699065545,0.01587630093445558,0.39073392730979695
3202,rho_a,3.7256,3.7308656891171585,0.005265689117158523,0.14133801581375105
3203,rho_a,3.3583,3.3377338120031315,0.02056618799686838,0.6123987730953833
3204,rho_a,3.9667,3.958660069958368,0.008039930041631838,0.20268560873345126
3205,rho_a,3.6862,3.698786117421322,0.012586117421322207,0.34143881019257755
3206,rho_a,3.3336,3.335463367469141,0.001863367469141064,0.05589655235002715
3207,rho_a,6.232,6.168715746956369,0.06328425304363083,1.0154726098141957
3208,rho_a,6.322,6.285200248097328,0.03679975190267193,0.5820903496150919
3209,rho_a,6.0,5.878031282634192,0.12196871736580839,2.0328119560964675
3210,rho_a,5.501,5.476073415037036,0.02492658496296407,0.45312824873585783
3211,rho_a,4.985,4.939800549648144,0.04519945035185646,0.9067091344402687
3212,rho_a,4.549,4.518661023072278,0.03033897692772225,0.666937281330305
3213,rho_a,4.226,4.204814695211104,0.021185304788896353,0.5013086793395963
3214,rho_a,4.005,3.992512615232597,0.012487384767402965,0.31179487559050806
3215,rho_a,3.8,3.785513470134604,0.01448652986539578,0.3812244701418939
3216,rho_a,3.466,3.441355915028785,0.024644084971215285,0.7110238018236634
3217,rho_a,2.8,2.812078417205459,0.012078417205459324,0.4313720430519647
3218,rho_a,2.167,2.186600600698971,0.01960060069897107,0.9045039547282893
3219,rho_a,2.5949,2.5986460450690094,0.0037460450690094405,0.14436182777787185
3220,rho_a,2.5531,2.5522023835123906,0.0008976164876095538,0.035157905589644045
3221,rho_a,2.4371,2.443351303111486,0.0062513031114859174,0.25650581065542455
3222,rho_a,2.3083,2.3351570756769853,0.026857075676985254,1.163500224276464
3223,rho_a,2.2564,2.2581616348455373,0.0017616348455371522,0.07807280825812672
3224,rho_a,2.1966,2.1954272113215048,0.0011727886784953512,0.05339108979763349
3225,rho_a,2.1357,2.151535682148996,0.015835682148996,0.7414750268758995
3226,rho_a,2.0239,2.0371783806525707,0.01327838065257092,0.6560788898939849
3227,rho_a,2.8301,2.8283450410732205,0.0017549589267793486,0.062010491741589645
3228,rho_a,2.6902,2.697355445716951,0.007155445716950926,0.26598192390708
3229,rho_a,2.6331,2.6152533432652176,0.017846656734782584,0.6777811983888118
3230,rho_a,2.5639,2.570000492233592,0.006100492233592103,0.23793799421154194
3231,rho_a,2.4647,2.4593617604170133,0.005338239582986848,0.2165878030991472
3232,rho_a,2.3195,2.332529407754137,0.013029407754137079,0.5617334664423996
3233,rho_a,2.2565,2.2529112981282307,0.0035887018717692953,0.15903841665267915
3234,rho_a,2.1814,2.180233065944847,0.0011669340551532237,0.053494730684546105
3235,rho_a,2.0239,2.0371783806525707,0.01327838065257092,0.6560788898939849
3236,rho_a,2.29629,2.275064034254746,0.021225965745253816,0.924359107309816
3237,rho_a,2.2872,2.2732960143268928,0.013903985673107133,0.6079042354451318
3238,rho_a,2.2781,2.2732183201681755,0.004881679831824304,0.21428733733471583
3239,rho_a,2.2758,2.261619777133852,0.01418022286614784,0.6230873919563059
3240,rho_a,2.2689,2.2616787316939506,0.0072212683060493,0.3182717751353571
3241,rho_a,2.2598,2.255582017167642,0.004217982832357858,0.18665292646942172
3242,rho_a,2.2507,2.231550073736732,0.019149926263267947,0.8508431271719659
3243,rho_a,2.2416,2.2316101358671925,0.009989864132807558,0.44565775039271505
3244,rho_a,2.2325,2.228444328093799,0.0040556719062010416,0.18166503499212652
3245,rho_a,2.2234,2.223235806064662,0.00016419393533784188,0.007384813139235767
3246,rho_a,2.2143,2.205564336163703,0.008735663836297203,0.39451130543707974
3247,rho_a,2.167,2.181004262712883,0.014004262712883353,0.6462511634922423
3248,rho_a,2.1619,2.150093754638343,0.011806245361657197,0.5461050632153076
3249,rho_a,2.1253,2.104025312903717,0.021274687096282996,1.0010204251763508
3250,rho_a,2.1201,2.1039034701629955,0.01619652983700437,0.7639512210271558
3251,rho_a,2.1209,2.1059040693942803,0.014995930605719465,0.7070550523698617
3252,rho_a,2.1212,2.1174635981307874,0.0037364018692125356,0.17614566609517132
3253,rho_a,2.124,2.1059944880476484,0.01800551195235167,0.8477171352327304
3254,rho_a,2.1203,2.107955861746174,0.012344138253825854,0.5821882872150183
3255,rho_a,2.123,2.1115631787236957,0.01143682127630452,0.5387103757088616
3256,rho_a,2.1247,2.1121340826609236,0.012565917339076194,0.5914207812430122
3257,rho_a,2.122,2.11832714262568,0.0036728573743198822,0.17308470190000713
3259,rho_a,2.167,2.185730711313955,0.018730711313954984,0.8643613896606526
3260,rho_a,2.30556,2.2922208188574733,0.013339181142526524,0.5785657776210872
3261,rho_a,2.2921,2.2655377077585683,0.026562292241431695,1.1588627128580824
3262,rho_a,2.2787,2.264792069455643,0.013907930544357239,0.6103449574033938
3263,rho_a,2.2653,2.253591170871294,0.011708829128705744,0.5168776377831005
3264,rho_a,2.2518,2.2535313762902947,0.0017313762902948504,0.07688854650919627
3265,rho_a,2.2411,2.2284511876103523,0.012648812389647546,0.564401962859395
3266,rho_a,2.2384,2.224215760488575,0.014184239511425112,0.6336776050490875
3267,rho_a,2.225,2.218707450920956,0.006292549079044196,0.282811194563657
3268,rho_a,2.2115,2.2043832812169564,0.007116718783043652,0.321805054625387
3269,rho_a,2.1981,2.2009291804465785,0.0028291804465783166,0.1287102700776593
3270,rho_a,2.1847,2.185542456697367,0.0008424566973670444,0.0385616650966567
3271,rho_a,2.167,2.181004262712883,0.014004262712883353,0.6462511634922423
3272,rho_a,2.3063,2.308377464154063,0.002077464154063069,0.09007779361150624
3273,rho_a,2.5919,2.6073194951031233,0.01541949510312346,0.5949108801696635
3274,rho_a,2.4936,2.4999618260218295,0.006361826021829664,0.25512616385254705
3275,rho_a,2.48,2.481060186825874,0.0010601868258741654,0.042749468785231365
3276,rho_a,2.4348,2.437571806447259,0.002771806447258829,0.11384123736067399
3277,rho_a,2.3437,2.353912186610777,0.010212186610776719,0.43572925761711656
3278,rho_a,2.3064,2.316401982980058,0.010001982980058166,0.4336621132524206
3279,rho_a,2.2516,2.2637530028807626,0.01215300288076282,0.5397496394012001
3280,rho_a,2.7554,2.779032965385974,0.02363296538597437,0.8576963557365824
3281,rho_a,2.6807,2.655068880664766,0.025631119335233876,0.9561353129863213
3282,rho_a,2.6258,2.609957954381536,0.015842045618463807,0.6033226299968685
3283,rho_a,2.5652,2.5816071503107203,0.016407150310720375,0.6396051111302814
3284,rho_a,2.5255,2.520770335221499,0.004729664778500897,0.18727637214409124
3285,rho_a,2.4629,2.4622603860133307,0.0006396139866691186,0.025969953577849647
3286,rho_a,2.4126,2.41952496661062,0.006924966610620142,0.2870333503530329
3287,rho_a,2.3646,2.37077207434268,0.0061720743426803,0.261019806422976
3288,rho_a,2.3157,2.3296925692838055,0.013992569283805434,0.6042479286522171
3289,rho_a,2.2957,2.270526794757953,0.025173205242047025,1.0965372323054432
3290,rho_a,2.2516,2.2637530028807626,0.01215300288076282,0.5397496394012001
3291,rho_a,2.009,1.979517672469645,0.029482327530354846,1.4675125699522236
3292,rho_a,2.088,2.063054565053603,0.024945434946396894,1.1947047388115395
3293,rho_a,2.053,2.0601568275468303,0.0071568275468303355,0.3486033875707184
3294,rho_a,2.031,2.043196385845463,0.01219638584546301,0.6005113660983261
3295,rho_a,2.075,2.0837943496076177,0.008794349607617491,0.4238240774753374
3296,rho_a,1.838,1.8735517051667023,0.03555170516670225,1.9342603463918882
3297,rho_a,2.047,2.0500799155566933,0.00307991555669318,0.15045996857311555
3298,rho_a,2.067,2.086760746512845,0.01976074651284465,0.9560109585309671
3299,rho_a,1.999,1.9808461507375565,0.018153849262443567,0.9081465363899192
3300,rho_a,2.228,2.228465372500863,0.0004653725008627596,0.02088745515541071
3301,rho_a,2.134,2.1497451016578797,0.01574510165787979,0.7378210711280417
3302,rho_a,2.3185,2.3019441575378288,0.01655584246217101,0.7140755860325154
3303,rho_a,2.3581,2.334309990546055,0.023790009453944716,1.0088634686372346
3304,rho_a,2.3283,2.3108842881969163,0.017415711803083767,0.7480011941363349
3305,rho_a,2.4075,2.3961751861049656,0.011324813895034591,0.47039725420684886
3306,rho_a,2.3339,2.32772161643789,0.006178383562109868,0.26472357693591075
3307,rho_a,2.3199,2.3116374646225673,0.008262535377432823,0.35615911795462135
3308,rho_a,2.3089,2.3029144496969245,0.00598555030307546,0.25923817848641634
3309,rho_a,2.1721,2.15888627784141,0.013213722158589736,0.6083385736652849
3310,rho_a,2.2193,2.208834725269428,0.010465274730572016,0.47155746093666023
3311,rho_a,2.2516,2.2355005574392064,0.01609944256079343,0.7150223201628301
3312,rho_a,2.2569,2.247441971129371,0.009458028870628965,0.41907168552548957
3313,rho_a,2.244,2.205737660060059,0.038262339939941103,1.7050953627417134
3314,rho_a,2.2216,2.217726112247191,0.0038738877528090576,0.17437377353291833
3315,rho_a,2.2027,2.2020911457592534,0.0006088542407467479,0.027641269385139666
3316,rho_a,2.1984,2.1950681356479125,0.0033318643520874325,0.15155860407959956
3317,rho_a,2.1831,2.187357385077098,0.004257385077098164,0.19501557771500222
3318,rho_a,2.1845,2.183310603768372,0.0011893962316280593,0.05444706942675737
3319,rho_a,2.2113,2.212110851618874,0.0008108516188740644,0.036668548766503765
3320,rho_a,2.2722,2.2541949616545436,0.018005038345456637,0.7924055252816086
3321,rho_a,3.1403,3.138891940789538,0.0014080592104619427,0.04483836609436979
3322,rho_a,2.9356,2.9148004273771706,0.020799572622829388,0.7085288398563259
3323,rho_a,2.7417,2.753621967023374,0.011921967023374336,0.4348384952172006
3324,rho_a,2.6148,2.606281845007108,0.00851815499289188,0.3257669799942107
3325,rho_a,2.5389,2.5380143187586146,0.0008856812413853277,0.034884447649965684
3326,rho_a,2.3339,2.351357492418529,0.01745749241852934,0.7479965901933185
3327,rho_a,2.5045,2.4895422879511697,0.014957712048830452,0.5972334617218797
3328,rho_a,2.4589,2.4447427604929413,0.014157239507058605,0.575754992356454
3329,rho_a,2.406,2.3991209236821813,0.006879076317818811,0.2859133964179531
3330,rho_a,2.3448,2.3343090244107447,0.010490975589255491,0.44741451677119654
3331,rho_a,2.3089,2.3029144496969245,0.00598555030307546,0.25923817848641634
3332,rho_a,2.1619,2.1582153844369283,0.003684615563071869,0.17043413493085546
3333,rho_a,2.1749,2.1691067308007828,0.005793269199217299,0.2663694514329227
3334,rho_a,2.1879,2.1850621613176635,0.0028378386823364465,0.1297060506574866
3335,rho_a,2.2009,2.187677917458887,0.0132220825411129,0.6007579872373526
3336,rho_a,2.214,2.20176607961763,0.012233920382370034,0.5525709296460934
3337,rho_a,2.2237,2.2183622461473815,0.0053377538526184765,0.2400392972350621
3338,rho_a,2.227,2.22389653075186,0.0031034692481397563,0.13935649969188876
3339,rho_a,2.24,2.227406762880377,0.012593237119623346,0.5621980856972197
3340,rho_a,2.253,2.2576371034377054,0.004637103437705292,0.20581906070586922
3341,rho_a,2.266,2.259080122838665,0.00691987716133502,0.3053785155044998
3342,rho_a,2.279,2.27432114022504,0.004678859774959854,0.20530319328467753
3343,rho_a,2.2921,2.2767415711221752,0.015358428877824792,0.6700592852763008
3344,rho_a,2.2775,2.2479906676373598,0.029509332362640084,1.2956896756367564
3345,rho_a,2.281,2.2601605895452144,0.020839410454785767,0.9136085249792473
3346,rho_a,2.285,2.264239134997566,0.020760865002434237,0.9085717725350174
3348,rho_a,2.2863,2.265032477473918,0.021267522526082328,0.9302157427316198
3349,rho_a,2.2905,2.2670405212113462,0.023459478788653954,1.0242077620014716
3350,rho_a,2.2906,2.2693058938911195,0.021294106108880495,0.9296300580141098
3351,rho_a,2.2911,2.2704679635951655,0.020632036404834686,0.9005297195594116
3352,rho_a,2.294,2.268736674443945,0.02526332555605526,1.1012783590254684
3353,rho_a,2.2978,2.268291515049164,0.029508484950836245,1.284205977492532
3355,rho_a,2.2992,2.2970369169323193,0.002163083067680649,0.09407981331244382
3356,rho_a,2.3022,2.2985814479257645,0.0036185520742355592,0.15717800687316424
3357,rho_a,2.3043,2.2923560086040213,0.011943991395978681,0.5183349128140216
3358,rho_a,3.3165,3.3193108786770553,0.0028108786770553174,0.0847543698795257
3359,rho_a,3.172,3.168726876860005,0.003273123139995171,0.10318799306412796
3360,rho_a,3.1114,3.1262835843895194,0.0148835843895192,0.4783565079872217
3361,rho_a,3.0175,3.043893816994318,0.026393816994318087,0.8746915325371778
3362,rho_a,2.8531,2.85012584264185,0.002974157358150098,0.10424301139634276
3363,rho_a,2.6787,2.6698440263604466,0.008855973639553483,0.3306071467334967
3364,rho_a,2.4943,2.486774562023233,0.00752543797676708,0.3017054073994332
3365,rho_a,2.3,2.301010721656125,0.0010107216561250354,0.043944419831504176
3366,rho_a,3.118,3.1192169119081137,0.0012169119081137936,0.0390286051351316
3367,rho_a,2.988,2.9817237859336587,0.006276214066341268,0.21004732484401498
3368,rho_a,2.922,2.9050070090607822,0.01699299093921791,0.5815534202331312
3370,rho_a,2.855,2.850333487240571,0.004666512759428976,0.16345053448081756
3371,rho_a,2.781,2.8121739095241303,0.031173909524130128,1.1209604287709067
3372,rho_a,2.706,2.7064109316799496,0.0004109316799496554,0.015185945304859703
3373,rho_a,2.634,2.63828259742357,0.004282597423570067,0.16258912010510407
3374,rho_a,2.559,2.5618948376986235,0.0028948376986233093,0.11312378658156225
3376,rho_a,2.504,2.5210103455231385,0.017010345523138515,0.679326897888647
3377,rho_a,2.434,2.4332748297647666,0.0007251702352335521,0.029793353953708055
3378,rho_a,2.346,2.3355570387753453,0.010442961224654823,0.4451390121334344
3380,rho_a,2.43399,2.428353812155021,0.005636187844979101,0.2315616680831386
3382,rho_a,2.43399,2.429649571187468,0.00434042881253216,0.17832566331539473
3383,rho_a,2.43399,2.4292156132927722,0.004774386707227851,0.19615473799094857
3386,rho_a,2.43399,2.433021673847605,0.0009683261523951714,0.039783489348550055
3387,rho_a,2.43399,2.4201398070271702,0.013850192972829856,0.5690324517694881
3388,rho_a,2.3339,2.3359082225160477,0.0020082225160478195,0.08604578242628044
3389,rho_a,5.0955,5.034759607351677,0.06074039264832365,1.1920398910472323
3390,rho_a,4.8721,4.875166188556252,0.0030661885562519586,0.06293361294413763
3391,rho_a,4.5371,4.559345509066311,0.02224550906631162,0.4903023752244102
3392,rho_a,3.6994,3.7035245751012456,0.004124575101245753,0.11149308269569763
3393,rho_a,3.4202,3.4216757311837536,0.001475731183753659,0.04314751136638874
3394,rho_a,2.013,1.965316800417077,0.047683199582923,2.3687630195180978
3395,rho_a,2.1268,2.108138329840069,0.01866167015993092,0.8774529885237045
3397,rho_a,2.1043,2.072066928094266,0.03223307190573399,1.5317717010748788
3398,rho_a,2.0552,2.0329778059954835,0.022222194004516638,1.0812667382496022
3399,rho_a,2.0696,2.055370164304143,0.014229835695856785,0.6875645388408345
3400,rho_a,2.0541,2.035292261543777,0.018807738456223078,0.915619417565548
3401,rho_a,2.0382,2.0084071629692417,0.02979283703075808,1.4617229433197656
3403,rho_a,2.0414,2.010444320530511,0.03095567946948874,1.516394605147133
3404,rho_a,2.013,1.965316800417077,0.047683199582923,2.3687630195180978
3405,rho_a,2.568,2.5844962676027103,0.01649626760271028,0.6423780219121439
3406,rho_a,2.6212,2.6104577358865892,0.010742264113410727,0.40982237575944713
3407,rho_a,2.5938,2.6020898982649845,0.008289898264984608,0.3196043744691731
3408,rho_a,2.4993,2.4939014697775588,0.005398530222441078,0.21600168937058048
3409,rho_a,2.5534,2.552133214969217,0.0012667850307828132,0.04961169541718168
3410,rho_a,2.4708,2.4705731810496134,0.00022681895038667577,0.009179980184012625
3411,rho_a,2.5305,2.5382662137036602,0.007766213703660263,0.30690431549722164
3412,rho_a,2.5576,2.5650349894346953,0.007434989434695449,0.29070180773743126
3413,rho_a,2.5816,2.607042713205372,0.02544271320537206,0.9855404867276961
3414,rho_a,2.5731,2.596090494077689,0.02299049407768905,0.8934939985884774
3415,rho_a,2.6003,2.6144862458600753,0.014186245860075442,0.5455618913229238
3416,rho_a,2.4645,2.4660518680264074,0.001551868026407277,0.06296887914005467
3417,rho_a,2.5136,2.5293396650637368,0.01573966506373692,0.6261801823572031
3418,rho_a,2.5189,2.5290607380088215,0.010160738008821557,0.4033799677961619
3419,rho_a,2.4847,2.4811945457934037,0.0035054542065964256,0.1410815875797889
3420,rho_a,2.4435,2.442620269614409,0.000879730385590971,0.03600288052345452
3421,rho_a,2.4514,2.4403371701838186,0.011062829816181452,0.451286196303212
3422,rho_a,2.6003,2.6144862458600753,0.014186245860075442,0.5455618913229238
3428,rho_a,4.6981,4.715989972020624,0.017889972020624256,0.38079163961219314
3429,rho_a,4.8299,4.808758353628753,0.02114164637124727,0.43772430839650694
3430,rho_a,4.4975,4.509709724851157,0.012209724851157233,0.2714780400479048
3431,rho_a,4.2282,4.217623201970304,0.010576798029696022,0.2501489529751081
3432,rho_a,3.773,3.7869176396355133,0.01391763963551318,0.36887462590801723
3433,rho_a,3.5101,3.4829038729609945,0.027196127039005535,0.7747963601891054
3434,rho_a,3.4029,3.4074597708878254,0.004559770887825554,0.1339966172330722
3435,rho_a,3.1401,3.1434628006095098,0.003362800609509886,0.1070921502343497
3436,rho_a,2.9043,2.8604319107257226,0.043868089274277544,1.5104530962456508
3437,rho_a,2.8752,2.853905704906386,0.021294295093614135,0.7406196123263331
3438,rho_a,2.5597,2.5653591681765677,0.005659168176567864,0.22108716554930863
3439,rho_a,2.8817,2.8824975800974717,0.0007975800974717728,0.027677416020803557
3440,rho_a,2.9028,2.8840607091526147,0.018739290847385348,0.6455591445286927
3441,rho_a,2.903,2.8843702862788643,0.018629713721135754,0.6417400523985304
3442,rho_a,2.852,2.8583470786027187,0.006347078602718881,0.22254833810366956
3443,rho_a,2.7106,2.7056071380663576,0.004992861933642345,0.18419766596474962
3444,rho_a,2.6382,2.6421695116742088,0.003969511674208892,0.15046287901627578
3445,rho_a,2.5292,2.525531124309303,0.003668875690697071,0.14506071843648666
3446,rho_a,2.894,2.850960480348624,0.04303951965137598,1.487198329349036
3447,rho_a,2.8343,2.8335830074041577,0.0007169925958421253,0.025296990291848863
3448,rho_a,2.6613,2.6456238080704604,0.01567619192953984,0.589042645681958
3449,rho_a,1.8765,1.8510092192926002,0.02549078070739985,1.358421567140222
3450,rho_a,1.7103,1.7445466401336847,0.034246640133684725,2.002376199126744
3451,rho_a,1.8902,1.8316877918892465,0.05851220811075364,3.0955564549107333
3452,rho_a,1.9635,1.9175808021082528,0.045919197891747254,2.338640075972695
3453,rho_a,1.9082,1.896775707507758,0.011424292492241861,0.5986947118874266
3454,rho_a,1.9228,1.8969481427297081,0.025851857270291934,1.3444901846410695
3455,rho_a,1.8902,1.8630097894332025,0.0271902105667976,1.4384832592732628
3456,rho_a,1.8765,1.849239231154606,0.02726076884539408,1.4527454753732774
3457,rho_a,2.515,2.5207108987661195,0.00571089876611941,0.22707350958716258
3458,rho_a,2.69,2.37827152030417,0.31172847969582973,11.588419319543267
3461,rho_a,2.689,2.658056205269004,0.030943794730995844,1.1507547315353044
3462,rho_a,2.676,2.647402085497699,0.02859791450230098,1.0686814089047194
3464,rho_a,2.682,2.656369463088297,0.02563053691170314,0.9556501458498725
3465,rho_a,2.691,2.6948765199168094,0.0038765199168095954,0.14405499505047026
3466,rho_a,2.694,2.691109682728345,0.0028903172716550074,0.1072872038475848
3467,rho_a,2.658,2.6344949957085717,0.02350500429142821,0.8843116738682982
3468,rho_a,2.515,2.5207108987661195,0.00571089876611941,0.22707350958716258
3469,rho_a,5.0351,5.034494552174435,0.000605447825565264,0.012024544210942062
3471,rho_a,4.761,4.679045239882307,0.08195476011769287,1.7213770241057689
3472,rho_a,4.0895,4.055695599361369,0.03380440063863155,0.8266145161663597
3473,rho_a,1.8965,1.8900986852245294,0.006401314775470679,0.3375330754266967
3474,rho_a,2.381,2.3601079928116704,0.020892007188329398,0.8774467529744068
3475,rho_a,2.699,2.6528381571328064,0.04616184286719349,1.7103313400213558
3476,rho_a,2.976,2.9495991148805416,0.026400885119458373,0.8871265161105343
3477,rho_a,3.174,3.159621228510481,0.014378771489518716,0.45301737522098884
3478,rho_a,3.372,3.3677027339569565,0.0042972660430433685,0.12743968099175843
3479,rho_a,3.54,3.515565310058187,0.02443468994181286,0.6902454785820892
3480,rho_a,3.71,3.7448485636403865,0.034848563640386576,0.9393143838376599
3482,rho_a,2.0876,2.0837096229026133,0.0038903770973868212,0.1863564426798696
3483,rho_a,2.2525,2.249854947863243,0.00264505213675692,0.11742739785819072
3484,rho_a,2.7711,2.7995672474351645,0.028467247435164378,1.027290514061351
3485,rho_a,2.7178,2.725035050546512,0.0072350505465119674,0.2662098221542904
3486,rho_a,3.1195,3.127964470814899,0.008464470814899094,0.27134062557770094
3487,rho_a,3.2572,3.278289702653451,0.021089702653450892,0.6474795116494049
3488,rho_a,3.2767,3.3147659379893097,0.038065937989309795,1.1617156892391178
3489,rho_a,3.6053,3.618679295503426,0.013379295503425759,0.3711007545397622
3490,rho_a,3.8004,3.8011098018599623,0.0007098018599625,0.018677030311607022
3491,rho_a,5.793,5.818622719751955,0.02562271975195518,0.4423048463999785
3492,rho_a,2.074,2.053011772637892,0.020988227362107814,1.0119685324058676
3493,rho_a,2.491,2.459847607524196,0.031152392475803925,1.2505978512963234
3494,rho_a,2.799,2.790560965679404,0.008439034320595784,0.3015017620790557
3495,rho_a,3.5,3.486205543694744,0.013794456305256109,0.39412732300720477
3496,rho_a,3.737,3.7531207031468723,0.016120703146872195,0.43138087093572064
3497,rho_a,3.799,3.793501318222876,0.0054986817771238705,0.14474024156679186
3498,rho_a,2.682,2.6621278346611454,0.019872165338854497,0.7409457620748354
3499,rho_a,3.16,3.1483041159092413,0.011695884090758835,0.3701229142644029
3500,rho_a,3.802,3.7840732985255223,0.017926701474477724,0.47150714030702284
3501,rho_a,4.067,4.068099881149506,0.00109988114950621,0.027044041050059982
3502,rho_a,4.143,4.112681643905678,0.03031835609432143,0.7317971540988201
3503,rho_a,4.4,4.409804846751234,0.009804846751233498,0.222837426164347
3504,rho_a,5.4581,5.476056191037645,0.01795619103764512,0.3289824487943026
3505,rho_a,2.2026,2.1730662720260865,0.029533727973913404,1.340857530822664
3506,rho_a,2.4532,2.451666730493174,0.0015332695068259738,0.06250079515837881
3507,rho_a,2.4443,2.4217229153418023,0.022577084658197855,0.9236625888061456
3508,rho_a,2.4461,2.424523321370051,0.02157667862994872,0.8820848955455582
3509,rho_a,2.389,2.3817277623071162,0.007272237692883543,0.3044050938836542
3510,rho_a,2.3653,2.3555878932789125,0.009712106721087466,0.4106078180815693
3511,rho_a,2.3532,2.3305726716398643,0.022627328360135923,0.9615556841801082
3512,rho_a,2.3581,2.342568846205287,0.015531153794712704,0.658629990021887
3513,rho_a,2.3557,2.3292325222611487,0.026467477738851386,1.1235504410086237
3514,rho_a,2.3474,2.3293445019483867,0.018055498051613217,0.7691700626908718
3515,rho_a,2.2885,2.24452661519335,0.04397338480664992,1.9214937647642867
3516,rho_a,2.2435,2.190824770085918,0.052675229914082244,2.347904163764598
3517,rho_a,2.2365,2.188510590451011,0.04798940954898878,2.14573706903498
3518,rho_a,2.693,2.6770368843414674,0.0159631156585327,0.5927632996110944
3519,rho_a,3.3902,3.38634184065746,0.0038581593425401906,0.11380329604563307
3520,rho_a,4.855,4.894796739028855,0.039796739028854944,0.8197062621801595
3521,rho_a,4.2526,4.220245573607041,0.032354426392958935,0.7608151811351015
3522,rho_a,4.1258,4.104971499986338,0.02082850001366232,0.5048354261878247
3523,rho_a,3.9469,3.944766296505254,0.002133703494745731,0.05406023701500394
3524,rho_a,3.6009,3.599157707493417,0.0017422925065830874,0.04838491784227841
3525,rho_a,3.6775,3.6886261484642535,0.011126148464253305,0.3025465252005514
3526,rho_a,3.6172,3.616974261974782,0.00022573802521819175,0.006240684098698699
3527,rho_a,3.4971,3.4900517371425726,0.007048262857427545,0.20154593398603213
3528,rho_a,3.3983,3.3955361798568005,0.0027638201431994247,0.08132949248737932
3529,rho_a,3.3016,3.306082071700074,0.004482071700073753,0.13575453416744596
3530,rho_a,3.3849,3.3695662487451052,0.015333751254894779,0.45300455714763355
3531,rho_a,3.345,3.343002282525834,0.0019977174741661052,0.05972249549074762
3532,rho_a,3.3638,3.3742969037593498,0.010496903759349863,0.31205493071367923
3533,rho_a,3.3339,3.3383631576636126,0.004463157663612716,0.13387197167315687
3534,rho_a,3.3665,3.3747616396833484,0.008261639683348587,0.24540738699973663
3535,rho_a,3.3983,3.3955361798568005,0.0027638201431994247,0.08132949248737932
3536,rho_a,1.94,1.933748170536679,0.006251829463320924,0.3222592506864794
3537,rho_a,2.1309,2.1286637842738587,0.0022362157261412996,0.1049423119874349
3538,rho_a,2.464,2.4571704388311515,0.006829561168848475,0.27717374873562106
3539,rho_a,2.5562,2.537625147267515,0.01857485273248516,0.7266588190469404
3540,rho_a,2.6903,2.7065287227640376,0.016228722764037418,0.6032309691867592
3541,rho_a,2.647,2.6437384708573877,0.0032615291426121296,0.12321606129999613
3542,rho_a,2.606,2.5983731073544827,0.0076268926455171915,0.2926666402729956
3543,rho_a,2.547,2.5290485833251735,0.017951416674826692,0.7048063083949605
3544,rho_a,6.7958,6.796059730013167,0.0002597300131670366,0.0038219196145707402
3545,rho_a,5.1437,5.099255356217759,0.04444464378224122,0.8640597970766681
3546,rho_a,3.591,3.6044472159218652,0.013447215921865041,0.3744699504834669
3547,rho_a,2.9984,3.0022785361513415,0.003878536151341372,0.1293535269256963
3548,rho_a,5.0527,5.01192448687559,0.040775513124409635,0.8070044357353804
3549,rho_a,4.7595,4.722258841400952,0.03724115859904842,0.7824594726135222
3550,rho_a,4.9476,4.981862254539247,0.034262254539246584,0.6925025171646789
3551,rho_a,4.8062,4.7777711500711355,0.028428849928864075,0.5915036812629137
3552,rho_a,4.9025,4.923226345864789,0.020726345864789053,0.4227709508370184
3553,rho_a,4.9295,4.976239851716809,0.04673985171680872,0.9481661774378586
3554,rho_a,4.9982,5.056441715931383,0.058241715931383276,1.1652538099990322
3555,rho_a,4.9755,4.991621650716706,0.01612165071670546,0.3240207158416685
3556,rho_a,5.0527,5.055544654198853,0.002844654198852936,0.0562996852940482
3557,rho_a,6.2894,6.273244247554539,0.01615575244546097,0.25687271354117086
3558,rho_a,6.4441,6.394715441667342,0.04938455833265731,0.7663530723087731
3559,rho_a,6.095,6.094723198128493,0.0002768018715064713,0.00454145810510953
3560,rho_a,5.8312,5.8105147682874545,0.020685231712545438,0.3547337033979608
3561,rho_a,5.553,5.469295689989201,0.08370431001079925,1.507370970840702
3562,rho_a,5.2485,5.226109943770294,0.022390056229705912,0.4265991469886948
3563,rho_a,5.1265,5.081312350554037,0.045187649445963096,0.8814522470682586
3564,rho_a,3.0422,3.0288376355198836,0.013362364480116184,0.4392335967428766
3565,rho_a,3.2732,3.2643735812349735,0.008826418765026656,0.26965717844995596
3566,rho_a,3.2303,3.2243775870473006,0.005922412952699574,0.18333940973586788
3567,rho_a,3.2392,3.2305944211193234,0.008605578880676479,0.26566988394275814
3569,rho_a,3.24,3.230432085580496,0.00956791441950422,0.29530600060189094
3570,rho_a,3.1858,3.1996624206612974,0.013862420661297392,0.4351315418825112
3572,rho_a,3.187,3.2003859001062622,0.013385900106262394,0.4200156920696013
3573,rho_a,3.1775,3.1908203984920807,0.013320398492080443,0.41921002335409124
3574,rho_a,3.1782,3.191414072479631,0.013214072479631245,0.4157722131907082
3575,rho_a,3.1565,3.170680016112011,0.014180016112010918,0.44923225445925635
3577,rho_a,3.1211,3.1506269026593015,0.029526902659301246,0.9460415449454289
3578,rho_a,3.0422,3.050364194615136,0.008164194615136289,0.2683648220082048
3579,rho_a,3.7691,3.7677358213452914,0.0013641786547085033,0.03619375062238044
3580,rho_a,3.8019,3.7925501054030284,0.009349894596971442,0.24592689436778933
3581,rho_a,3.7174,3.730600048041773,0.013200048041773105,0.35508818103431306
3582,rho_a,3.7503,3.756929624739509,0.006629624739508788,0.17677585098544168
3583,rho_a,3.7402,3.753167857841653,0.012967857841652997,0.3467156259464608
3584,rho_a,3.6499,3.6377894061431424,0.012110593856857754,0.3318061825489585
3585,rho_a,3.5479,3.545317964856893,0.0025820351431069533,0.07277643516182039
3586,rho_a,3.4793,3.4546417635395708,0.024658236460429084,0.7087125703567383
3587,rho_a,3.251,3.2474659108910036,0.00353408910899633,0.1087077548137571
3588,rho_a,1.95522,1.9617305564517757,0.006510556451775784,0.33298331910334666
3589,rho_a,2.1331,2.1214228145396685,0.011677185460331696,0.5474279433840992
3590,rho_a,3.0658,3.1054894119494345,0.03968941194943465,1.2945858160813395
3591,rho_a,1.896,1.8900986852245294,0.005901314775470512,0.3112507792968038
3592,rho_a,2.06,2.027790701912859,0.032209298087141125,1.5635581595691983
3593,rho_a,2.192,2.1566357044937763,0.035364295506223886,1.613334649005828
3594,rho_a,2.354,2.3206160234166404,0.033383976583359676,1.4181808234216438
3595,rho_a,2.487,2.4537931128248744,0.033206887175125654,1.3352186238485042
3596,rho_a,2.636,2.621509295121207,0.014490704878793004,0.5497232503333651
3597,rho_a,2.785,2.799185792671942,0.014185792671941755,0.5093641892975461
3598,rho_a,2.942,2.9001845871911303,0.04181541280886991,1.4213260642031167
3599,rho_a,3.034,3.0465766320832826,0.012576632083282746,0.41452314051676337
3600,rho_a,2.266,2.223482553890906,0.042517446109093804,1.8763215405593574
3601,rho_a,2.439,2.403199629591609,0.035800370408391124,1.4678298650420847
3602,rho_a,2.586,2.5847307127124655,0.001269287287534393,0.04908303509411842
3603,rho_a,2.66,2.628496156341335,0.03150384365866499,1.1843550247613963
3604,rho_a,2.763,2.764289077496822,0.0012890774968221663,0.046654994456087576
3605,rho_a,2.821,2.817867373635503,0.003132626364497071,0.11104666304487629
3606,rho_a,2.893,2.8506183929627107,0.042381607037289104,1.4649708619866733
3607,rho_a,2.983,2.965832725440397,0.017167274559603207,0.57550367279911
3608,rho_a,3.034,3.0465766320832826,0.012576632083282746,0.41452314051676337
3609,rho_a,3.807,3.799988589153104,0.007011410846895938,0.18417154838177294
3610,rho_a,3.625,3.6143034072812306,0.010696592718769438,0.295078419828041
3611,rho_a,3.446,3.4353088562170155,0.010691143782984636,0.31024793334247047
3612,rho_a,3.315,3.3263783115999095,0.01137831159990954,0.3432371523350259
3613,rho_a,3.034,3.0465766320832826,0.012576632083282746,0.41452314051676337
3614,rho_a,3.1799,3.1835157781243084,0.0036157781243084663,0.1137072903018123
3615,rho_a,3.1597,3.1678589698359265,0.008158969835926566,0.25821976250669315
3616,rho_a,3.7373,3.744517976015266,0.007217976015266192,0.1931334389870832
3617,rho_a,3.5069,3.4929847261691216,0.013915273830878316,0.3967969953769525
3618,rho_a,1.8842,1.8852200448609724,0.0010200448609722912,0.054136761541861256
3619,rho_a,2.1244,2.09824220501049,0.026157794989510208,1.2313027202738605
3621,rho_a,2.053,2.012367041048618,0.04063295895138186,1.9791991695743822
3622,rho_a,2.002,1.991632801733007,0.010367198266992839,0.5178420712781049
3623,rho_a,1.9523,1.9210910927940654,0.0312089072059345,1.5985712854540037
3624,rho_a,1.942,1.928661703153479,0.013338296846520992,0.6868329993055676
3625,rho_a,1.9157,1.909689959976065,0.006010040023934904,0.3137255323866872
3627,rho_a,1.9199,1.9084100342094097,0.01148996579059025,0.5984668884100353
3628,rho_a,2.266,2.223482553890906,0.042517446109093804,1.8763215405593574
3629,rho_a,2.16,2.1237525936118287,0.03624740638817148,1.6781206661182728
3630,rho_a,2.116,2.0640450019728025,0.05195499802719761,2.4553401714164957
3631,rho_a,2.05,2.0247934604954496,0.025206539504550207,1.2295872929042884
3632,rho_a,2.0,1.993124458169963,0.006875541830037024,0.3437770915016793
3633,rho_a,1.962,1.9397616630966223,0.02223833690337762,1.1334524415579146
3634,rho_a,1.928,1.9238288385618778,0.0041711614381221285,0.21634654762033012
3635,rho_a,1.905,1.9234027322840164,0.018402732284016343,0.9660226920738416
3636,rho_a,1.896,1.8900986852245294,0.005901314775470512,0.3112507792968038
3637,rho_a,3.807,3.799988589153104,0.007011410846895938,0.18417154838177294
3638,rho_a,3.461,3.441063526942957,0.019936473057042825,0.5760321599837349
3639,rho_a,3.047,3.0451049976377726,0.0018950023622275047,0.06219239784138112
3640,rho_a,2.541,2.526645576522406,0.014354423477593858,0.5649123761349157
3641,rho_a,1.896,1.8900986852245294,0.005901314775470512,0.3112507792968038
3642,rho_a,2.074,2.0633389385371177,0.010661061462882149,0.5140338217394893
3643,rho_a,2.058,2.0442603169062252,0.013739683093774602,0.6676230852171003
3644,rho_a,2.05,2.0408898266531974,0.00911017334680242,0.4443986998438037
3645,rho_a,2.032,2.032117691858951,0.00011769185895094125,0.0057919221924647305
3646,rho_a,1.95,1.9399420595586334,0.010057940441366542,0.515791817505712
3647,rho_a,2.1334,2.113283741402733,0.020116258597266956,0.9429201554915875
3649,rho_a,2.1623,2.1351742414043873,0.027125758595612837,1.2544863615409652
3651,rho_a,2.0892,2.060521253955441,0.02867874604455878,1.3727142468191198
3653,rho_a,2.1408,2.1341029026449334,0.006697097355066628,0.3128315281700065
3656,rho_a,2.0351,2.0171634089667854,0.017936591033214544,0.8813616546216761
3660,rho_a,2.4116,2.4164185521566797,0.004818552156679701,0.19980727138321872
3662,rho_a,1.8561,1.8609616759045238,0.004861675904523688,0.26192963226771554
3663,rho_a,2.928,2.8984513672640833,0.02954863273591668,1.0091746152973562
3664,rho_a,2.843,2.834323755572763,0.008676244427237023,0.30517919195335813
3665,rho_a,2.713,2.697010298893569,0.015989701106430942,0.5893734281763747
3666,rho_a,2.651,2.6269518375008203,0.024048162499179515,0.9071355148687456
3667,rho_a,2.574,2.5810538434614183,0.007053843461418463,0.27404209251809336
3668,rho_a,2.404,2.391167012854173,0.012832987145826813,0.5338181009077153
3669,rho_a,2.177,2.1346574606884454,0.04234253931155463,1.9449949155505364
3670,rho_a,1.884,1.8899367857268075,0.0059367857268075586,0.3151160152231639
3671,rho_a,2.139,2.1509297420332256,0.011929742033225832,0.5577252002440513
3672,rho_a,2.0121,2.0281412240320007,0.01604122403200048,0.7972379122306299
3673,rho_a,1.8721,1.8774675166270818,0.005367516627081681,0.2867109997905461
3674,rho_a,6.018,5.876941598302221,0.14105840169777917,2.3439415370182077
3675,rho_a,5.942,5.889539111602129,0.052460888397870775,0.8828826724648594
3676,rho_a,5.697,5.7843185308790925,0.08731853087909247,1.5327107403734797
3677,rho_a,5.356,5.338005358232532,0.017994641767467456,0.3359716536121004
3678,rho_a,5.062,5.0388526449188324,0.02314735508116783,0.4572768684544302
3679,rho_a,4.815,4.794584945960052,0.020415054039948366,0.4239886612657139
3680,rho_a,4.395,4.394948030096808,5.196990319156214e-05,0.0011824778883174135
3681,rho_a,2.937,2.9397053794518375,0.002705379451837686,0.09211370282045506
3682,rho_a,3.0863,3.1001514840567963,0.01385148405679626,0.4488054970933406
3684,rho_a,2.6833,2.677093254616903,0.006206745383097179,0.23131015477564437
3686,rho_a,1.8721,1.8632719611436317,0.008828038856368403,0.47155808217315776
3687,rho_a,3.395,3.3987980986970867,0.0037980986970866937,0.11187330477424373
3688,rho_a,3.433,3.438126270348206,0.00512627034820623,0.14932334250523557
3689,rho_a,2.571,2.558770922391938,0.012229077608062244,0.4756545160660244
3690,rho_a,1.928,1.9231479480426394,0.0048520519573604926,0.25166244592105685
3691,rho_a,5.2508,5.234660340056591,0.016139659943409157,0.3073752560258643
3692,rho_a,4.9573,4.954324488922122,0.002975511077877968,0.060022816409686076
3693,rho_a,4.6934,4.663832726647863,0.029567273352136603,0.6299755689293541
3694,rho_a,4.7589,4.707880498802703,0.05101950119729626,1.0720860114161999
3695,rho_a,4.34,4.355782056459865,0.015782056459864968,0.36364185391385556
3696,rho_a,4.0213,4.01189529039805,0.0094047096019505,0.2338723696801572
3697,rho_a,4.1104,4.104262230029975,0.006137769970025353,0.14932293621116824
3698,rho_a,3.8728,3.8790414096076833,0.00624140960768349,0.1611601324024447
3699,rho_a,3.9311,3.929159511687642,0.0019404883123579353,0.049362476466063995
3700,rho_a,3.9101,3.879580050991469,0.030519949008530833,0.7805413930212278
3701,rho_a,3.6801,3.692281609127276,0.012181609127276172,0.3310129922358866
3702,rho_a,3.5531,3.5526053605860666,0.000494639413933573,0.013921347947804277
3703,rho_a,3.3023,3.3195988849399773,0.017298884939977555,0.5238435314772224
3704,rho_a,3.1352,3.157392137269815,0.022192137269814616,0.7078380093712534
3705,rho_a,2.9249,2.9099806006202047,0.014919399379795362,0.510082374774873
3706,rho_a,2.7263,2.727731237950978,0.0014312379509777706,0.052497448959294486
3707,rho_a,2.5977,2.595257322457744,0.002442677542255911,0.09403231867632793
3708,rho_a,2.2016,2.1578040486225927,0.04379595137740733,1.9892783147432518
3709,rho_a,1.8102,1.831051716649637,0.02085171664963692,1.1519012622707656
3710,rho_a,2.8369,2.850998205398146,0.014098205398146213,0.4969581373379831
3711,rho_a,2.7824,2.808278355025406,0.02587835502540603,0.9300731392106357
3712,rho_a,2.7038,2.7169459022800697,0.01314590228006951,0.48620098676176665
3714,rho_a,2.7361,2.749402076853949,0.013302076853948908,0.4861692501715597
3715,rho_a,2.7748,2.8107586399025504,0.03595863990255044,1.2959002415502912
3717,rho_a,2.7263,2.740960524787189,0.014660524787188933,0.537744371022395
3718,rho_a,2.7168,2.725771607775114,0.008971607775114077,0.33022702352439537
3720,rho_a,2.7188,2.740116769320712,0.021316769320712137,0.7840506591402198
3723,rho_a,2.6138,2.6211348594694446,0.007334859469444677,0.28062053215402366
3725,rho_a,2.5682,2.6057399114119306,0.03753991141193058,1.4617207153615748
3727,rho_a,2.4288,2.444179037947074,0.015379037947074181,0.6331949088878397
3728,rho_a,2.5643,2.578203267145248,0.013903267145248144,0.5421856703678478
3730,rho_a,2.021,2.0050877870281,0.01591221297189982,0.7873435414097945
3731,rho_a,1.8514,1.8731852949873407,0.02178529498734072,1.1766930424181135
3732,rho_a,2.399,2.3949953231513805,0.004004676848619493,0.16693108997990094
3733,rho_a,2.3553,2.345030650830709,0.010269349169291342,0.43601023942966843
3735,rho_a,2.3745,2.386063466169344,0.011563466169344228,0.4869853093004573
3737,rho_a,2.399,2.411768087667289,0.012768087667288874,0.5322254133923948
3739,rho_a,2.3922,2.389716715954356,0.0024832840456436855,0.1038075430834649
3742,rho_a,2.399,2.3949953231513805,0.004004676848619493,0.16693108997990094
3743,rho_a,2.3681,2.3666066201730125,0.0014933798269876064,0.06306236337092926
3744,rho_a,2.399,2.4122738393538636,0.013273839353863615,0.5533071844042552
3745,rho_a,2.337,2.328013102797886,0.008986897202114097,0.38454844681686995
3746,rho_a,2.0739,2.0461607097378827,0.02773929026211741,1.3375423242250848
3748,rho_a,2.1807,2.172812390828561,0.007887609171438825,0.3617007920133539
3750,rho_a,2.2598,2.2429437560300123,0.016856243969987528,0.7459175134958876
3753,rho_a,2.3058,2.2806586618477453,0.025141338152254722,1.0903520752989773
3755,rho_a,2.3371,2.328013102797886,0.009086897202113864,0.3888107997993229
3756,rho_a,2.4364,2.4336055207730185,0.0027944792269813945,0.11469706234527366
3757,rho_a,2.3894,2.39237044288544,0.0029704428854397946,0.12431752261816988
3758,rho_a,2.4289,2.4274624062230608,0.0014375937769393055,0.05918703021691768
3759,rho_a,2.4863,2.469712214507793,0.01658778549220674,0.6671674975747122
3760,rho_a,2.3801,2.384770174373858,0.0046701743738579715,0.19621756959186626
3761,rho_a,2.3206,2.3324665412206036,0.011866541220603377,0.5113565983193252
3762,rho_a,2.3028,2.2840926535578383,0.018707346442161654,0.8123739118531149
3763,rho_a,2.2753,2.2500159372135973,0.025284062786402828,1.1112408379726504
3764,rho_a,2.3276,2.322443918808734,0.005156081191266093,0.22151921254785523
3765,rho_a,2.3439,2.3271329954903868,0.016767004509613326,0.715346410239608
3766,rho_a,2.3192,2.3015481204891586,0.01765187951084135,0.7611193304084917
3767,rho_a,2.3185,2.3019441575378288,0.01655584246217101,0.7140755860325154
3768,rho_a,2.3581,2.3396288698900163,0.01847113010998358,0.7833056320756434
3769,rho_a,3.807,3.799988589153104,0.007011410846895938,0.18417154838177294
3770,rho_a,3.529,3.5238078814891174,0.005192118510882526,0.1471271893137165
3771,rho_a,3.275,3.2919718862460345,0.01697188624603463,0.5182255342299068
3772,rho_a,2.933,2.909429238717014,0.023570761282985853,0.8036400028291107
3773,rho_a,2.266,2.223482553890906,0.042517446109093804,1.8763215405593574
3775,rho_a,3.2732,3.2946965086404525,0.021496508640452383,0.6567429011501227
3776,rho_a,3.1758,3.1706327619998547,0.005167238000145513,0.16270665659499609
3777,rho_a,3.0951,3.1202526223846374,0.025152622384637446,0.8126594418477374
3779,rho_a,2.9929,3.0146526315032287,0.021752631503228592,0.7268078286351473
3780,rho_a,2.9439,2.9090925629710327,0.03480743702896749,1.1823579954806775
3782,rho_a,2.8927,2.8496429452553693,0.04305705474463073,1.4884728711797228
3784,rho_a,2.602,2.594637785367422,0.0073622146325780236,0.2829444516746808
3786,rho_a,2.3289,2.311981315851482,0.016918684148517826,0.7264667503332286
3787,rho_a,2.759,2.771501351570255,0.012501351570255004,0.45311169156398956
3788,rho_a,2.9187,2.878429343854402,0.04027065614559788,1.3797463304068278
3789,rho_a,2.6766,2.6489570725752127,0.027642927424787356,1.0327627372329458
3790,rho_a,2.5784,2.584951446151232,0.006551446151232376,0.2540895963089449
3791,rho_a,2.5791,2.6036057836745568,0.024505783674556803,0.950168030496968
3792,rho_a,2.5565,2.549398410398384,0.0071015896016159985,0.2777856288524631
3793,rho_a,2.5325,2.5133203721246473,0.019179627875352878,0.7573396989277513
3794,rho_a,2.4709,2.4519660078942005,0.01893399210579938,0.7662791738148739
3795,rho_a,2.4254,2.4161473334107715,0.009252666589228298,0.38149033517046604
3796,rho_a,2.3981,2.374923912651677,0.023176087348323104,0.9664354008720838
3797,rho_a,2.3289,2.315790214771171,0.013109785228829107,0.5629174815931761
3798,rho_a,3.56,3.5262193317765984,0.033780668223401644,0.9488951748143863
3799,rho_a,5.512,5.494085781674555,0.017914218325444153,0.3250039609114823
3800,rho_a,4.987,5.044209994533322,0.05720999453332176,1.1471825653360797
3801,rho_a,4.803,4.757295654119612,0.045704345880388075,0.9515791355481691
3802,rho_a,3.946,3.939014058113922,0.006985941886078262,0.1770385678174478
3803,rho_a,3.087,3.109038515034135,0.022038515034134676,0.7139136713355211
3804,rho_a,2.074,2.053011772637892,0.020988227362107814,1.0119685324058676
3805,rho_a,7.34,7.415045851749358,0.0750458517493584,1.0224230483562422
3806,rho_a,7.354,7.394780935553335,0.04078093555333506,0.5545408696400532
3807,rho_a,6.927,6.9126626790701025,0.014337320929897146,0.2069773484898957
3808,rho_a,6.159,6.219512016607405,0.06051201660740535,0.9824974282739978
3809,rho_a,4.787,4.7299781800644904,0.05702181993550948,1.1911806963755498
3810,rho_a,4.889,4.884640920638491,0.004359079361509366,0.08916096055447892
3811,rho_a,2.371,2.349785471636629,0.0212145283633709,0.8947502472948946
3812,rho_a,7.891,8.015702121774655,0.12470212177465534,1.5803082217037072
3813,rho_a,6.959,6.927456796945046,0.031543203054953395,0.4532720657414695
3815,rho_a,6.393,6.317270071353878,0.07572992864612171,1.1845757648382587
3817,rho_a,6.105,6.075047468240319,0.029952531759681378,0.4906229608464614
3819,rho_a,4.461,4.455659022459061,0.005340977540939207,0.1197260152642459
3821,rho_a,2.074,2.053011772637892,0.020988227362107814,1.0119685324058676
3822,rho_a,4.174,4.204488872598399,0.03048887259839894,0.7304473550165701
3823,rho_a,4.287,4.298471955418398,0.011471955418397961,0.2675986801585091
3824,rho_a,3.902,3.88751019627981,0.014489803720190153,0.3713429964168744
3825,rho_a,3.695,3.7111727743000182,0.0161727743000184,0.4376934857919898
3826,rho_a,3.254,3.234654986097448,0.019345013902551944,0.5944995053025814
3827,rho_a,2.074,2.053011772637892,0.020988227362107814,1.0119685324058676
3828,rho_a,3.7902,3.7823627536188273,0.007837246381172669,0.20677659176746876
3829,rho_a,3.6144,3.6120128694095137,0.0023871305904861195,0.06604500305681328
3830,rho_a,3.5489,3.5378955230229434,0.011004476977056754,0.31008134850386465
3831,rho_a,3.5936,3.5891736434573986,0.004426356542601262,0.12317332320236059
3832,rho_a,3.5593,3.5532175858606463,0.00608241413935362,0.1708879313166047
3833,rho_a,3.4719,3.454519698568396,0.017380301431604295,0.5005991368299573
3834,rho_a,3.7063,3.7190483737009274,0.012748373700927296,0.3439649704806372
3835,rho_a,3.9667,3.958660069958368,0.008039930041631838,0.20268560873345126
3836,rho_a,3.789,3.792677110534811,0.00367711053481079,0.09704699220928528
3837,rho_a,3.6212,3.6146527440484992,0.006547255951500741,0.18080348921625242
3838,rho_a,3.7499,3.7595669502401026,0.009666950240102778,0.25779221419505055
3839,rho_a,3.7703,3.770103876677548,0.00019612332245211306,0.005201796208579185
3840,rho_a,3.7063,3.7190483737009274,0.012748373700927296,0.3439649704806372
3842,rho_a,2.068,2.0510083653137716,0.01699163468622844,0.8216457778636471
3843,rho_a,1.718,1.7461327831858777,0.028132783185877752,1.637531035265505
3844,rho_a,1.524,1.518564863831865,0.0054351361681350685,0.3566362315046917
3845,rho_a,1.691,1.6551250511950348,0.03587494880496522,2.121522696921585
3846,rho_a,1.662,1.675129476543979,0.013129476543979113,0.789980538145079
3847,rho_a,1.878,1.8848790506238617,0.006879050623861849,0.36629662533856155
3848,rho_a,1.919,1.9415200989479418,0.022520098947941714,1.1735330353272526
3849,rho_a,1.929,1.9336035105717149,0.0046035105717148195,0.23864751538167095
3850,rho_a,1.943,1.9640069625641405,0.021006962564140474,1.0811612230638015
3851,rho_a,1.87,1.8679129396857383,0.002087060314261757,0.11160750343639791
3852,rho_a,1.993,1.9927966624179,0.00020333758210000497,0.010202588163567632
3853,rho_a,2.026,2.029030793105171,0.003030793105171181,0.14959492128182061
3854,rho_a,2.3681,2.3662821620607497,0.0018178379392503885,0.07676356316243489
3855,rho_a,2.028,2.0318650080432477,0.003865008043247631,0.19058225065314224
3856,rho_a,2.4197,2.401344124808429,0.018355875191571336,0.7586012808019071
3858,rho_a,2.2906,2.264413805107057,0.02618619489294316,1.1432024313687124
3859,rho_a,2.2107,2.1844816362397035,0.026218363760296626,1.185975652973482
3860,rho_a,2.1599,2.1555995282815408,0.0043004717184591534,0.1991051307216613
3861,rho_a,2.147,2.1399166789880892,0.007083321011910559,0.3299171407502217
3862,rho_a,1.9892,1.959759278437116,0.02944072156288402,1.4800282305886394
3863,rho_a,2.3335,2.3328222709189195,0.000677729081080436,0.029043457513612408
3864,rho_a,2.2682,2.2515945032145153,0.016605496785484952,0.7321002021637258
3865,rho_a,2.222,2.2065716146188645,0.015428385381135445,0.6943467768284655
3866,rho_a,2.1781,2.1622255267713038,0.015874473228696395,0.7288220572374595
3867,rho_a,2.1404,2.1448817266108735,0.004481726610873427,0.20938733932308598
3868,rho_a,2.1721,2.15888627784141,0.013213722158589736,0.6083385736652849
3869,rho_a,3.118,3.1192169119081137,0.0012169119081137936,0.0390286051351316
3870,rho_a,2.9565,2.9515492624007145,0.0049507375992856595,0.16745265006879703
3871,rho_a,2.9282,2.899808681639504,0.0283913183604958,0.9695826227882693
3873,rho_a,2.8809,2.861232176977124,0.019667823022876174,0.6826971787590457
3874,rho_a,2.8692,2.861369472668335,0.007830527331665227,0.2729167479319147
3876,rho_a,2.8148,2.825908245210396,0.011108245210396106,0.3946371042486912
3878,rho_a,2.7297,2.7360680296997675,0.0063680296997676855,0.23328679707533256
3880,rho_a,2.6258,2.6193147055727133,0.006485294427286625,0.24698356414365738
3882,rho_a,2.5024,2.514164424162164,0.011764424162163944,0.470125645866338
3883,rho_a,2.3612,2.3500798584512896,0.01112014154871055,0.47095297089216664
3885,rho_a,5.807,5.761495279247525,0.04550472075247569,0.783618404554294
3886,rho_a,5.2396,5.252913955655836,0.013313955655835485,0.2541025203418762
3887,rho_a,4.6152,4.613658117567335,0.0015418824326651759,0.033408789059300614
3888,rho_a,3.8816,3.8779432270699465,0.00365677293005362,0.09420787639253601
3889,rho_a,3.0642,3.1181405189176647,0.053940518917664715,1.7603458950997686
3890,rho_a,2.1057,2.083595751252549,0.022104248747451205,1.049733995699326
3891,rho_a,1.718,1.7461327831858777,0.028132783185877752,1.637531035265505
3892,rho_a,2.5755,2.598394766458058,0.02289476645805788,0.8889445334128904
3893,rho_a,2.145,2.1384669254574935,0.006533074542506512,0.3045722397437513
3894,rho_a,2.435,2.426467070230627,0.008532929769373254,0.3504283272841786
3895,rho_a,2.44,2.436545685409887,0.003454314590113139,0.14157027008654602
3896,rho_a,2.499,2.4806529445515606,0.01834705544843951,0.7341758882926037
3897,rho_a,2.3941,2.3953494880101998,0.0012494880101998618,0.05219030158303078
3898,rho_a,2.4579,2.45761479159198,0.00028520840802004344,0.011603743358962016
3899,rho_a,2.4537,2.4631182599881534,0.009418259988153377,0.3838390996515278
3900,rho_a,2.2432,2.2264635494582956,0.01673645054170425,0.7460971175863405
3901,rho_a,1.6777,1.6576862816096913,0.020013718390308632,1.1929259337364668
3902,rho_a,3.087,3.101329932368017,0.014329932368016607,0.4642025386463221
3903,rho_a,1.95,1.9386576455226632,0.01134235447733678,0.5816592039656904
3904,rho_a,2.1321,2.1697676083777617,0.03766760837776184,1.7666905106582325
3905,rho_a,2.1429,2.1556557872637105,0.012755787263710516,0.59525816714287
3907,rho_a,2.1392,2.1471512269824578,0.007951226982457538,0.37169161286713814
3909,rho_a,2.0488,2.0518720471414826,0.003072047141482681,0.1499437300605809
3910,rho_a,2.0431,2.039189206864284,0.003910793135716073,0.19141467063355483
3912,rho_a,2.1182,2.1094300251465885,0.008769974853411355,0.41402959368365666
3914,rho_a,2.1253,2.1086888052756523,0.01661119472434791,0.781592938612906
3916,rho_a,2.1967,2.1769551499729207,0.019744850027079153,0.8988414452164686
3918,rho_a,2.2029,2.179349638106375,0.023550361893625027,1.0690617773668498
3920,rho_a,2.1348,2.1275059456210688,0.0072940543789310475,0.3416738982072152
3922,rho_a,2.1501,2.1359207726914775,0.014179227308522613,0.6594682716392734
3924,rho_a,1.95,1.94314281774448,0.0068571822555199,0.3516503720777633
3925,rho_a,3.1073,3.1231736780062396,0.015873678006239622,0.5108511571536225
3926,rho_a,3.0328,3.0435449125695158,0.010744912569515819,0.354290179685844
3927,rho_a,2.7973,2.8217875585287144,0.024487558528714537,0.875399797258277
3928,rho_a,2.6693,2.68747881193808,0.01817881193808013,0.6810329276616837
3929,rho_a,2.5961,2.6275356579677966,0.03143565796779679,1.2108800881239046
3930,rho_a,2.6141,2.6293835394517,0.015283539451699912,0.5846577962470474
3931,rho_a,2.5856,2.626977900218316,0.04137790021831611,1.6003210171062852
3932,rho_a,2.5058,2.5432201326796964,0.03742013267969657,1.4933407566318797
3933,rho_a,2.4748,2.4783675688952727,0.0035675688952725437,0.1441558467460442
3934,rho_a,2.893,2.8782144065451014,0.014785593454898383,0.5110816956409704
3935,rho_a,2.6899,2.7222581052021257,0.032358105202125564,1.202948258378138
3936,rho_a,2.1637,2.1567676540324876,0.0069323459675123544,0.32039312138970977
3937,rho_a,1.95,1.9363755481313298,0.013624451868670118,0.6986898394186221
3938,rho_a,3.235,3.225454543090879,0.009545456909120897,0.2950682197563507
3945,rho_a,3.642,3.64885011622897,0.006850116228970027,0.18808666197056964
3946,rho_a,2.7,2.676711870150317,0.02328812984968298,0.8625233277657168
3947,rho_a,2.75701,2.756176744266993,0.0008332557330072987,0.03022316687306163
3948,rho_a,2.126,2.1212316527434982,0.004768347256501659,0.22428726512226796
3949,rho_a,2.332,2.328892557230744,0.003107442769255897,0.1332522628325285
3950,rho_a,2.425,2.4244216689284865,0.0005783310715132828,0.023848703979919353
3951,rho_a,2.581,2.5992004399482673,0.018200439948267366,0.7051700871081098
3952,rho_a,2.67,2.646262540965928,0.02373745903407176,0.8890434095154633
3953,rho_a,2.779,2.7970295838072627,0.018029583807262828,0.6487795540574429
3954,rho_a,2.816,2.8095631384587714,0.006436861541228467,0.228581730867407
3955,rho_a,2.841,2.830820637752744,0.01017936224725613,0.3583020854365556
3956,rho_a,3.136,3.1545511048085393,0.018551104808539165,0.5915530870068
3957,rho_a,3.077,3.115038091098893,0.03803809109889311,1.236207055537236
3958,rho_a,2.969,2.9710079027316523,0.002007902731652411,0.06762892326209953
3959,rho_a,2.919,2.8875432140189004,0.03145678598109969,1.0776562514932824
3960,rho_a,2.896,2.8730173460979627,0.022982653902037242,0.7935999275562605
3961,rho_a,2.936,2.9204208146306163,0.01557918536938363,0.5306262046790983
3962,rho_a,2.981,2.979244105422634,0.0017558945773656909,0.05890287076031875
3963,rho_a,2.991,2.9772545930021073,0.01374540699789284,0.4595589099929202
3964,rho_a,3.011,3.0374400323618405,0.026440032361840338,0.8781146583139009
3965,rho_a,3.054,3.0615291072841435,0.007529107284143688,0.24653265501444738
3966,rho_a,3.012,3.042175724675458,0.03017572467545815,1.0018500888262991
3967,rho_a,2.931,2.9021381033300795,0.02886189666992056,0.9847115888744699
3968,rho_a,2.841,2.830820637752744,0.01017936224725613,0.3583020854365556
3969,rho_a,4.855,4.894796739028855,0.039796739028854944,0.8197062621801595
3970,rho_a,2.79,2.7932271082791553,0.0032271082791552885,0.11566696341054236
3971,rho_a,3.7886,3.7991197108612855,0.010519710861285336,0.2776674988460793
3972,rho_a,4.0844,4.071039529611554,0.01336047038844601,0.32710974411034033
3973,rho_a,4.362,4.357236311075242,0.0047636889247577585,0.10920882450152834
3974,rho_a,4.165,4.173279193251262,0.00827919325126203,0.1987801500902771
3975,rho_a,4.028,4.026987323746439,0.0010126762535609402,0.025140919899719186
3976,rho_a,4.0077,4.016986293066314,0.009286293066313789,0.23171128243909156
3977,rho_a,4.5226,4.562467814465277,0.03986781446527754,0.88152422202425
3978,rho_a,1.2078,1.1537346591890318,0.05406534081096814,4.476348800374514
3979,rho_a,1.2467,1.2793729099306965,0.0326729099306966,2.6207515786211917
3980,rho_a,1.2433,1.3019360702252336,0.05863607022523354,4.716164258440148
3981,rho_a,1.079,1.1074988867797133,0.02849888677971335,2.6412313975613473
3982,rho_a,1.1435,1.1466848806592478,0.003184880659247824,0.2785203899645858
3983,rho_a,1.1906,1.1776193566370479,0.012980643362952238,1.0902606553789125
3984,rho_a,1.287,1.3133030687515945,0.026303068751594605,2.0437504857477986
3985,rho_a,1.446,1.3460522106998933,0.09994778930010662,6.912018623792357
3986,rho_a,1.3252,1.2728719905235812,0.05232800947641869,3.948687705733414
3987,rho_a,1.0744,1.1257502842307465,0.0513502842307465,4.779438219536365
3988,rho_a,1.1296,1.151423783840337,0.021823783840337008,1.931992195495546
3989,rho_a,1.7695,1.780892652115679,0.011392652115678858,0.6438345360651269
3990,rho_a,1.7815,1.7601787449676607,0.021321255032339392,1.1968147646549212
3991,rho_a,1.7629,1.7579329910443882,0.004967008955611751,0.2817521672022766
3992,rho_a,1.7495,1.7235201078205722,0.025979892179427866,1.484989550123636
3993,rho_a,1.7327,1.6798740798673446,0.0528259201326553,3.0487632095933983
3994,rho_a,1.7278,1.6679110391050636,0.05988896089493645,3.4661975283540793
3995,rho_a,1.7216,1.620265288996172,0.10133471100382807,5.886077544363917
3996,rho_a,1.7002,1.6099298389961154,0.09027016100388452,5.309384837303342
3997,rho_a,1.9352,1.8488677693812798,0.0863322306187202,4.461152884387949
3998,rho_a,1.759,1.758299556341505,0.0007004436584949758,0.03982056046018065
3999,rho_a,2.5492,2.517834054253434,0.03136594574656604,1.2304231031913437
4000,rho_a,3.3938,3.3995540056651468,0.005754005665146611,0.1695446303596239
4001,rho_a,3.2038,3.1921962117664338,0.011603788233566448,0.36218828371193035
4002,rho_a,3.822,3.8293871482492734,0.007387148249273334,0.19327965068737313
4003,rho_a,3.1117,3.129279577244263,0.017579577244263067,0.5649509028588044
4004,rho_a,2.9627,2.9258224999754816,0.036877500024518284,1.244726095268027
4005,rho_a,2.85,2.8264438108552916,0.023556189144708473,0.8265329524456213
4006,rho_a,2.798,2.797664653131598,0.00033534686840219763,0.011985234753469541
4007,rho_a,2.7764,2.7884614859210717,0.01206148592107148,0.43442896992750085
4008,rho_a,2.7108,2.6867528646112717,0.024047135388728158,0.8870862988313151
4009,rho_a,2.6768,2.632859622481691,0.04394037751830915,1.6415263567802125
4010,rho_a,2.6542,2.6253281711441616,0.028871828855838277,1.0877789486786
4011,rho_a,2.5652,2.5651515201584987,4.8479841501247734e-05,0.0018899049392339324
4012,rho_a,2.5289,2.501960165966504,0.02693983403349609,1.0652787391152452
4013,rho_a,2.5152,2.500831149359595,0.01436885064040494,0.5712806393288496
4014,rho_a,2.513,2.5007766039074157,0.01222339609258416,0.48640652974847975
4015,rho_a,2.4797,2.4476382623534043,0.03206173764659548,1.2929684093472014
4016,rho_a,2.38,2.383948743482919,0.00394874348291907,0.16591359171921896
4017,rho_a,3.236,3.2283961719566876,0.00760382804331261,0.23497614472528616
4018,rho_a,3.407,3.4004832843258095,0.006516715674190543,0.19127430801845113
4019,rho_a,2.933,2.928677927951402,0.004322072048597914,0.1473601107601923
4020,rho_a,3.0024,3.03535905793255,0.03295905793254983,1.0977570587709449
4021,rho_a,3.1084,3.110806171165817,0.0024061711658167617,0.07740867217269294
4022,rho_a,3.11,3.116428995738432,0.006428995738432253,0.20672012020675837
4023,rho_a,2.227,2.2274021301928566,0.00040213019285673113,0.01805703605103505
4025,rho_a,2.3802,2.4387318833768896,0.05853188337688975,2.45911618254202
4027,rho_a,2.2538,2.2627377917487417,0.008937791748741652,0.3965654338777925
4029,rho_a,2.7631,2.8049773837309475,0.041877383730947404,1.5155942141410823
4032,rho_a,2.2687,2.2793085490626273,0.010608549062627315,0.46760475438015775
4034,rho_a,2.3056,2.3093612665175556,0.003761266517555484,0.16313612584810253
4035,rho_a,2.289,2.2778519447679653,0.011148055232034881,0.48702731463652293
4037,rho_a,2.628,2.6215274445250327,0.00647255547496739,0.2462920652574173
4038,rho_a,3.591,3.6044472159218652,0.013447215921865041,0.3744699504834669
4039,rho_a,3.0802,3.109479947095371,0.02927994709537085,0.9505859066087053
4040,rho_a,3.0062,3.0508864983592474,0.044686498359247206,1.4864778909996785
4041,rho_a,3.2057,3.1944698237770726,0.011230176222927657,0.3503190012454114
4042,rho_a,4.629,4.576792880173367,0.05220711982663229,1.127827172750508
4043,rho_a,6.3526,6.3220169054537365,0.03058309454626329,0.4814264166838535
4044,rho_a,6.0475,6.095636520060427,0.048136520060427124,0.7959738745005235
4045,rho_a,6.308,6.295092420361394,0.012907579638605782,0.20462237854476437
4046,rho_a,4.4079,4.44114343173433,0.03324343173433064,0.7541784462969464
4047,rho_a,5.5676,5.570922212620451,0.0033222126204517366,0.05967046160735577
4048,rho_a,5.3025,5.2957188844978065,0.006781115502193735,0.12788525228085726
4049,rho_a,3.9198,3.9579098955435796,0.038109895543579686,0.9722408169694873
4050,rho_a,4.7676,4.700140807815291,0.06745919218470853,1.41495075477587
4051,rho_a,2.645,2.6427719509597565,0.0022280490402435404,0.08423625861030995
4052,rho_a,3.2892,3.2806919285085274,0.008508071491472702,0.25866689442630775
4053,rho_a,4.1844,4.1814492827285985,0.002950717271401615,0.07051709376256834
4054,rho_a,3.9682,3.972167519276964,0.003967519276963927,0.09998284554616518
4055,rho_a,3.8835,3.867913822835426,0.015586177164574,0.40134356030822677
4056,rho_a,3.8063,3.791446349195581,0.014853650804418805,0.3902385730082995
4057,rho_a,3.9234,3.9187850962215682,0.004614903778431767,0.11762511542107842
4058,rho_a,3.8558,3.828828693689668,0.026971306310331844,0.6994996190239341
4059,rho_a,3.6738,3.6807927303844368,0.006992730384436818,0.1903405298174891
4060,rho_a,3.4642,3.4554848010477763,0.008715198952223613,0.251578977894495
4061,rho_a,3.36,3.340793608779712,0.019206391220287777,0.5716187863179185
4062,rho_a,3.3125,3.320228623385816,0.007728623385816036,0.23331693240192308
4063,rho_a,3.047,3.0394677074500986,0.007532292549901509,0.24720356251719844
4064,rho_a,2.5876,2.600477980197615,0.012877980197614658,0.497680483753659
4065,rho_a,4.4826,4.508682161696664,0.026082161696664663,0.5818534265082507
4066,rho_a,4.2003,4.197168943722625,0.0031310562773754214,0.0745436344397942
4067,rho_a,3.8695,3.8734376002996913,0.003937600299691368,0.10175992504691435
4068,rho_a,3.7461,3.774099781105249,0.02799978110524881,0.7474381651648737
4069,rho_a,4.5416,4.524833715820072,0.016766284179928093,0.36917130922856267
4071,rho_a,3.7814,3.7992044426914995,0.01780444269149939,0.47084261626632146
4072,rho_a,3.651,3.644945278171191,0.006054721828808951,0.1658373549385728
4074,rho_a,3.306,3.318474074631414,0.012474074631414034,0.3773162320450774
4075,rho_a,3.1965,3.1853397832835815,0.011160216716418425,0.34913864277850565
4076,rho_a,3.1333,3.1471303655086316,0.01383036550863137,0.44139933963000527
4077,rho_a,2.9631,2.9268865102874706,0.036213489712529245,1.222148753417604
4079,rho_a,3.9347,3.9286422276997115,0.0060577723002883666,0.15395766641133574
4080,rho_a,2.7378,2.729404401633331,0.00839559836666881,0.3066549187912099
4081,rho_a,2.7069,2.695097369595106,0.011802630404893932,0.4360201856326267
4082,rho_a,2.5378,2.5235978053517414,0.014202194648258448,0.5596262372232979
4083,rho_a,2.5477,2.532856703054255,0.014843296945744822,0.582615572702398
4084,rho_a,2.4681,2.4549130857530463,0.01318691424695384,0.5342941634029617
4085,rho_a,2.446,2.434933986593337,0.011066013406663355,0.452412649495455
4088,rho_a,1.5391,1.5987319156226396,0.0596319156226397,3.8744666118251545
4090,rho_a,1.6111,1.5903183034453983,0.020781696554601714,1.2899073027489798
4092,rho_a,1.6959,1.691514750314581,0.004385249685418868,0.2585794967519478
4093,rho_a,1.8445,1.8284576823279806,0.016042317672019468,0.8697380142049753
4095,rho_a,1.858,1.8290228875790744,0.02897711242092571,1.5595862443977455
4096,rho_a,1.9083,1.8883453220966433,0.01995467790335681,1.0456782425900724
4097,rho_a,2.0893,2.0556484901209693,0.03365150987903087,1.610659545255098
4098,rho_a,1.9825,1.93107268354025,0.05142731645974985,2.5940638819532866
4099,rho_a,3.1748,3.178861174361325,0.004061174361325026,0.12791906139989123
4100,rho_a,3.236,3.2283961719566876,0.00760382804331261,0.23497614472528616
4101,rho_a,3.115,3.1313254575221547,0.01632545752215453,0.524091734258404
4102,rho_a,3.125,3.1338623792665827,0.008862379266582732,0.28359613653055665
4103,rho_a,2.797,2.8037283108897455,0.006728310889745348,0.2405545545135124
4104,rho_a,2.639,2.62901996966239,0.009980030337609858,0.3781747001745387
4105,rho_a,2.139,2.1551578772770728,0.016157877277072963,0.7553939820974946
4106,rho_a,2.3875,2.3785579678809077,0.008942032119092502,0.3745353767157594
4107,rho_a,2.5924,2.598523261622447,0.006123261622446918,0.23620049461674725
4108,rho_a,2.6657,2.645365327895922,0.020334672104078244,0.7628267285917625
4109,rho_a,2.7896,2.7955003141494412,0.005900314149441144,0.21151111806133596
4110,rho_a,3.001,3.034552181477835,0.03355218147783523,1.1180333714703115
4111,rho_a,3.1799,3.17469745145789,0.005202548542110108,0.1636073002958732
4112,rho_a,3.6144,3.6120128694095137,0.0023871305904861195,0.06604500305681328
4113,rho_a,3.5445,3.5127353851725003,0.031764614827499926,0.8961663091406675
4114,rho_a,3.4473,3.441251233133325,0.006048766866674882,0.1754638954159234
4115,rho_a,3.3808,3.3770986237120226,0.003701376287977176,0.10948226123923573
4116,rho_a,3.3058,3.325265002400926,0.019465002400925968,0.588813672966304
4117,rho_a,3.1799,3.1835157781243084,0.0036157781243084663,0.1137072903018123
4118,rho_a,3.7373,3.744517976015266,0.007217976015266192,0.1931334389870832
4119,rho_a,3.5262,3.518141252828007,0.008058747171992842,0.2285391404909125
4120,rho_a,3.1799,3.1835157781243084,0.0036157781243084663,0.1137072903018123
4121,rho_a,7.4335,7.390984064162385,0.04251593583761526,0.5719504383885052
4122,rho_a,7.407,7.374178722236321,0.032821277763678935,0.443111620948758
4123,rho_a,7.277,7.226156033306902,0.05084396669309843,0.6986940592701861
4124,rho_a,7.021,6.995320744468783,0.02567925553121686,0.36574925980933204
4125,rho_a,6.684,6.625908085232593,0.05809191476740683,0.8691190120795651
4126,rho_a,6.237,6.122460414591317,0.11453958540868303,1.8364531891721125
4127,rho_a,5.703,5.649866854464719,0.05313314553528148,0.9316700953054912
4128,rho_a,5.102,5.016116807592838,0.08588319240716213,1.68332403777235
4129,rho_a,4.485,4.474117460404342,0.010882539595658436,0.24264302331451523
4130,rho_a,3.768,3.7619194044383657,0.0060805955616340945,0.16137461681614865
4131,rho_a,3.027,3.047888280795761,0.02088828079576066,0.6900654375868437
4132,rho_a,1.688,1.631703364229119,0.056296635770880954,3.3351087541971327
4133,rho_a,2.503,2.496548241908285,0.006451758091714943,0.25776101045594746
4134,rho_a,2.274,2.206915142695105,0.067084857304895,2.9500816756757033
4135,rho_a,2.112,2.0206621107376455,0.09133788926235464,4.324710665829138
4136,rho_a,1.875,1.7894268076811406,0.0855731923188594,4.563903590336734
4137,rho_a,1.688,1.631703364229119,0.056296635770880954,3.3351087541971327
4138,rho_a,2.1389,2.1477883556218496,0.00888835562184953,0.4155573248793948
4139,rho_a,2.3645,2.3615786977604167,0.002921302239583312,0.12354841360042616
4140,rho_a,2.2831,2.2653136329521213,0.017786367047878837,0.7790445905948511
4141,rho_a,2.2172,2.1888943164346237,0.028305683565376327,1.2766409690313711
4142,rho_a,2.1485,2.15701376084834,0.008513760848340102,0.3962653408580935
4143,rho_a,2.1823,2.173224720878965,0.00907527912103534,0.41585845763786744
4144,rho_a,2.2411,2.212419804583023,0.02868019541697686,1.2797374243435842
4145,rho_a,2.2051,2.1836012679590233,0.02149873204097652,0.97495496988648
4146,rho_a,2.1209,2.113739309106457,0.007160690893542654,0.33762510696116166
4147,rho_a,2.0025,2.0112665209100014,0.008766520910001407,0.437778821972386
4148,rho_a,2.2168,2.190610703028648,0.026189296971351972,1.1814009821066471
4149,rho_a,1.8564,1.8756330530060588,0.01923305300605871,1.0360403472338044
4150,rho_a,3.0062,3.0508864983592474,0.044686498359247206,1.4864778909996785
4151,rho_a,3.0734,3.1260775136382764,0.05267751363827644,1.7139817022925523
4152,rho_a,3.143,3.1685727255489136,0.025572725548913766,0.8136406474357503
4153,rho_a,3.135,3.1636805185171015,0.02868051851710174,0.9148490755053458
4154,rho_a,3.0928,3.1347630542314793,0.04196305423147928,1.356798183893744
4155,rho_a,2.9338,2.917728383324856,0.016071616675144007,0.5478088716046945
4156,rho_a,2.8866,2.8651954323970608,0.021404567602939295,0.7415148480195344
4157,rho_a,2.8165,2.829925341988435,0.013425341988435147,0.4766675657173932
4158,rho_a,2.808,2.822184737753677,0.014184737753677013,0.5051544784071211
4159,rho_a,2.6838,2.6627017716679013,0.021098228332098845,0.786132660112191
4160,rho_a,2.906,2.8615383595621986,0.04446164043780154,1.5299945092149427
4161,rho_a,2.3184,2.3225574300639567,0.004157430063956635,0.17932324292420815
4171,rho_a,2.5876,2.600477980197615,0.012877980197614658,0.497680483753659
4172,rho_a,2.6498,2.6243183544116406,0.025481645588359303,0.9616441085496901
4173,rho_a,2.5775,2.58012315509335,0.0026231550933499825,0.10177129363138562
4174,rho_a,2.5031,2.500532471374258,0.002567528625741833,0.10257395332750617
4175,rho_a,2.4443,2.423734125047916,0.020565874952084062,0.8413809660056313
4176,rho_a,2.3712,2.378561192067447,0.007361192067447231,0.3104416357727786
4177,rho_a,2.132,2.132502064132132,0.0005020641321320518,0.023548974302618025
4178,rho_a,1.932,1.913543257560263,0.01845674243973705,0.9553179316629139
4179,rho_a,1.814,1.8040650023492202,0.009934997650779875,0.5476845452466592
4180,rho_a,1.716,1.7568908549503064,0.04089085495030642,2.382916955144673
4181,rho_a,1.872,1.8649984584397399,0.007001541560260227,0.3740139722359234
4182,rho_a,2.346,2.3471707349552107,0.001170734955210584,0.049903450776218446
4183,rho_a,1.486,1.551034619143966,0.06503461914396591,4.376488502282782
4184,rho_a,3.6144,3.6120128694095137,0.0023871305904861195,0.06604500305681328
4185,rho_a,3.3898,3.396525859578209,0.006725859578208926,0.19841464328889435
4186,rho_a,3.124,3.133469643821448,0.009469643821447882,0.3031256024790285
4187,rho_a,2.8372,2.8385863646812166,0.0013863646812164454,0.048863833399688306
4188,rho_a,2.5162,2.525320293613525,0.009120293613524844,0.36246298440192426
4189,rho_a,2.139,2.1509297420332256,0.011929742033225832,0.5577252002440513
4190,rho_a,2.3389,2.340536317055693,0.001636317055692782,0.0699609669371107
4191,rho_a,2.3156,2.326452987023079,0.01085298702307913,0.46869005972855604
4192,rho_a,2.3331,2.3352820319137404,0.0021820319137404454,0.09352500594657366
4193,rho_a,2.324,2.3457799313486873,0.021779931348687498,0.9371743265352034
4194,rho_a,2.3405,2.3433586936045487,0.002858693604548712,0.12214029500309723
4195,rho_a,2.333,2.3455949960429483,0.012594996042948114,0.5398626679358215
4196,rho_a,2.3313,2.3463473584246897,0.015047358424689516,0.6454492525493527
4197,rho_a,2.3368,2.3538986037659493,0.017098603765949072,0.7317101919694348
4198,rho_a,2.3333,2.3470265819649674,0.013726581964967455,0.5882904883624726
4199,rho_a,2.3277,2.347187199871642,0.019487199871641714,0.8371869171986657
4201,rho_a,2.3352,2.3522805732732985,0.017080573273298594,0.7314394173214833
4203,rho_a,2.3207,2.3441268791707492,0.02342687917074926,1.0094746917197037
4205,rho_a,1.737,1.7597406535822373,0.022740653582237202,1.3091913403698392
4206,rho_a,1.737,1.7667558346789272,0.029755834678927062,1.7130589913016654
4207,rho_a,1.737,1.768607796438507,0.03160779643850686,1.8196774000281326
4208,rho_a,1.737,1.755981737127996,0.01898173712799589,1.0927885508339068
4209,rho_a,1.737,1.7556676471613462,0.018667647161346057,1.0747062269047385
4211,rho_a,4.12,4.100998915219258,0.019001084780741806,0.46119137817323286
4212,rho_a,3.93,3.9208252183243353,0.009174781675664878,0.23345500446978482
4213,rho_a,3.703,3.7102338649496343,0.007233864949634405,0.1953514704194559
4214,rho_a,3.351,3.32970267689368,0.021297323106320043,0.6355512714507218
4215,rho_a,3.032,3.0378889835546667,0.005888983554666716,0.19422768979765084
4216,rho_a,2.522,2.513662902181232,0.008337097818767791,0.3305748540350708
4217,rho_a,2.181,2.180684805648461,0.0003151943515389277,0.014451827214066171
4218,rho_a,6.089,6.102445079918589,0.013445079918589009,0.22080932695987518
4219,rho_a,5.435,5.353395690518326,0.08160430948167363,1.501459236093075
4220,rho_a,4.568,4.552481701280598,0.015518298719401358,0.3397175726663302
4221,rho_a,3.517,3.4865288349222867,0.03047116507771319,0.8663965049105637
4222,rho_a,3.842,3.8424630916532756,0.0004630916532755158,0.012053400657870778
4223,rho_a,3.622,3.625242891340043,0.003242891340043297,0.08953316786422975
4224,rho_a,3.229,3.2241612934894786,0.00483870651052154,0.1498515487928164
4225,rho_a,2.939,2.9020284972596264,0.03697150274037364,1.2579619850412065
4226,rho_a,2.685,2.6554449654276797,0.029555034572320338,1.1007461665664555
4227,rho_a,2.181,2.180684805648461,0.0003151943515389277,0.014451827214066171
4228,rho_a,3.0863,3.10213306938311,0.015833069383110132,0.5130113528530927
4229,rho_a,2.9095,2.884529600546629,0.024970399453370984,0.8582367916605053
4230,rho_a,2.6952,2.725977324171503,0.03077732417150303,1.1419309947867176
4231,rho_a,2.6034,2.6247817860403133,0.021381786040313155,0.8213023753670178
4232,rho_a,2.139,2.1509297420332256,0.011929742033225832,0.5577252002440513
4233,rho_a,3.2257,3.188009604736146,0.03769039526385365,1.168440811725888
4234,rho_a,3.1521,3.1468696976765766,0.005230302323423253,0.16593072311860643
4235,rho_a,3.0746,3.110947134662735,0.03634713466273487,1.1821744182242582
4236,rho_a,2.9872,2.953759087626513,0.03344091237348712,1.119473499379885
4237,rho_a,2.8801,2.8366492996326693,0.043450700367330786,1.508652490098111
4238,rho_a,2.7796,2.7939486081580656,0.014348608158065712,0.5162112591042074
4239,rho_a,2.6721,2.6419929084034983,0.0301070915965016,1.1267202423745493
4240,rho_a,2.5429,2.5277205033451695,0.015179496654830427,0.5969364369351707
4241,rho_a,2.4136,2.4077553338610604,0.005844666138939747,0.24215554105640225
4242,rho_a,2.271,2.252409836053687,0.018590163946313076,0.8185893415369833
4243,rho_a,2.1061,2.0974753104393997,0.008624689560600363,0.409509973913692
4244,rho_a,4.823,4.809912936426816,0.013087063573184565,0.2713469536218505
4245,rho_a,4.288,4.295070730298365,0.00707073029836458,0.16489576255510566
4246,rho_a,4.129,4.112984485614205,0.016015514385794738,0.3878787693337578
4247,rho_a,4.024,4.011506212981792,0.012493787018208025,0.3104817847466431
4248,rho_a,3.905,3.8823351783600564,0.022664821639943433,0.5804051636347665
4249,rho_a,3.828,3.8159787123369973,0.012021287663002589,0.31403572787354883
4250,rho_a,3.772,3.7715540831931387,0.0004459168068611241,0.011821760521235576
4251,rho_a,3.692,3.7035512511709143,0.011551251170914156,0.3128724585837223
4252,rho_a,3.643,3.641272966241595,0.0017270337584047724,0.047406910744010385
4253,rho_a,3.589,3.5939266898454565,0.004926689845456522,0.13727193773906796
4254,rho_a,3.472,3.4413856308002053,0.030614369199794655,0.8817502649707902
4255,rho_a,3.228,3.1974778740677143,0.03052212593228587,0.9455429347049694
4256,rho_a,3.164,3.1425513512629855,0.021448648737014686,0.677896609892791
4257,rho_a,2.824,2.823323943910278,0.000676056089721655,0.023939663233761177
4258,rho_a,2.086,2.0830367781643746,0.0029632218356252515,0.14205282049970427
4259,rho_a,6.639,6.729071530845053,0.09007153084505237,1.3567032812929478
4260,rho_a,4.29,4.258057033603589,0.03194296639641081,0.7445912912914537
4261,rho_a,2.7796,2.8021224248481653,0.022522424848165468,0.8102757536392778
4262,rho_a,2.2075,2.195261610407608,0.012238389592392096,0.5544004345361971
4263,rho_a,5.2508,5.234660340056591,0.016139659943409157,0.3073752560258643
4264,rho_a,4.9313,4.927318628660434,0.003981371339566664,0.08073674973264365
4265,rho_a,4.8592,4.87972764965501,0.020527649655009306,0.42244916148759215
4266,rho_a,4.7175,4.701732188677616,0.015767811322383807,0.3342408335427761
4267,rho_a,4.6915,4.666262756977176,0.02523724302282382,0.537935479544249
4268,rho_a,4.4491,4.463328304475567,0.014228304475567555,0.3198018582536773
4269,rho_a,4.1291,4.112580411229383,0.016519588770616878,0.4000772267712789
4270,rho_a,3.8614,3.8806681432747845,0.019268143274784322,0.49899371406172194
4271,rho_a,3.4098,3.422208090654477,0.012408090654477011,0.36389496904432433
4272,rho_a,3.001,3.02870510446822,0.027705104468219943,0.9231957503569047
4273,rho_a,3.036,3.0413905315174907,0.005390531517490693,0.17755373904772456
4274,rho_a,2.913,2.865084621239657,0.0479153787603428,1.6448808362624905
4275,rho_a,2.732,2.725325444529292,0.006674555470708388,0.24431022952803602
4276,rho_a,2.567,2.5732954928706424,0.006295492870642239,0.24524709274015527
4277,rho_a,2.44,2.4238353886758537,0.01616461132414626,0.6624840706614605
4278,rho_a,2.8375,2.839031499676346,0.0015314996763460265,0.05397355687561187
4279,rho_a,2.8426,2.8462431622403157,0.0036431622403156894,0.12816302822466782
4280,rho_a,2.8391,2.8383067567866576,0.0007932432133426204,0.02793995327189394
4281,rho_a,2.8427,2.8514806863149085,0.008780686314908692,0.30888543690525216
4282,rho_a,2.8202,2.8257105881500952,0.005510588150095419,0.19539706936009735
4285,rho_a,2.8179,2.8305951115990826,0.012695111599082765,0.45051675357813475
4286,rho_a,2.8189,2.8305900367213392,0.011690036721339059,0.41470207248695984
4289,rho_a,2.8011,2.824298878577654,0.023198878577654014,0.8282060111258338
4290,rho_a,2.8091,2.8240566223170243,0.014956622317024326,0.5324346700729415
4295,rho_a,2.7582,2.783502186981002,0.025302186981002173,0.9173441730473859
4296,rho_a,2.7563,2.7835586955364766,0.02725869553647664,0.9889596755239543
4297,rho_a,2.649,2.6670740884847666,0.01807408848476655,0.6822985460460447
4298,rho_a,2.7068,2.7355283626184246,0.028728362618424708,1.0613404247973288
4300,rho_a,2.6269,2.6426627137117475,0.015762713711747534,0.600050009963894
4303,rho_a,2.5626,2.6112547018494583,0.04865470184945808,1.898645978671626
4307,rho_a,2.146,2.162418734269601,0.016418734269600943,0.7650854738859876
4308,rho_a,2.5728,2.5914896714362587,0.01868967143625877,0.7264331248543029
4309,rho_a,2.4798,2.4626849368478094,0.01711506315219058,0.690179173811746
4310,rho_a,2.5097,2.5130039667349298,0.0033039667349297197,0.13164787563965427
4311,rho_a,2.5362,2.528169828264687,0.008030171735312841,0.3166221802424759
4312,rho_a,2.5728,2.5914896714362587,0.01868967143625877,0.7264331248543029
4313,rho_a,2.3206,2.3324665412206036,0.011866541220603377,0.5113565983193252
4314,rho_a,2.303,2.283416311719467,0.019583688280532918,0.8503555484378816
4315,rho_a,2.31,2.305266339005695,0.004733660994304945,0.2049203893637617
4316,rho_a,2.376,2.3779348774206985,0.001934877420698644,0.08143423487785478
4317,rho_a,2.405,2.4021411212126202,0.0028588787873795596,0.11887229885149152
4318,rho_a,2.464,2.4497981457022613,0.01420185429773868,0.5763739568885112
4319,rho_a,2.755,2.7615153613809196,0.006515361380919682,0.23649224613130007
4320,rho_a,2.645,2.6427719509597565,0.0022280490402435404,0.08423625861030995
4321,rho_a,3.569,3.5533330421398257,0.015666957860174247,0.43897332194367766
4322,rho_a,3.621,3.6255249494373825,0.004524949437382464,0.12496408277771925
4323,rho_a,3.631,3.621490574263514,0.00950942573648561,0.26189550362112346
4324,rho_a,3.413,3.4146631507547034,0.0016631507547035795,0.04872987854389371
4325,rho_a,3.2892,3.310812773881071,0.021612773881070968,0.6570829952895657
4326,rho_a,3.311,3.319407525823056,0.008407525823056261,0.25392708616894355
4327,rho_a,3.275,3.287875466258765,0.012875466258765123,0.3931440079011051
4328,rho_a,3.265,3.2496645889545723,0.015335411045427794,0.469690996797032
4329,rho_a,3.263,3.282181490072983,0.0191814900729832,0.5878483013477572
4330,rho_a,3.083,3.121381969861507,0.03838196986150688,1.2449552339115935
4331,rho_a,2.733,2.742566573902174,0.009566573902173747,0.350039293895728
4337,rho_a,5.324,5.345030972121322,0.021030972121321767,0.3950220158023632
4338,rho_a,4.901,4.888810407964212,0.012189592035787733,0.24871642594950513
4339,rho_a,4.335,4.327123362888826,0.007876637111174034,0.18169866461758286
4340,rho_a,4.101,4.065397937514952,0.03560206248504816,0.8681312481111796
4341,rho_a,3.233,3.2148789973433107,0.018121002656689367,0.5605011647597823
4342,rho_a,2.682,2.6621278346611454,0.019872165338854497,0.7409457620748354
4343,rho_a,5.973,5.916068804831374,0.05693119516862577,0.9531423935813869
4344,rho_a,6.042,6.094808158579627,0.052808158579627396,0.8740178513674057
4345,rho_a,5.241,5.249434362169108,0.008434362169108311,0.16093039818940474
4346,rho_a,4.039,4.021665058860734,0.017334941139266036,0.42918893635211053
4347,rho_a,3.881,3.8622838098897962,0.018716190110203534,0.48225174208190447
4348,rho_a,2.682,2.6621278346611454,0.019872165338854497,0.7409457620748354
4349,rho_a,10.907,10.552714602283832,0.3542853977161684,3.24823872482017
4352,rho_a,7.485,7.517961972557877,0.03296197255787625,0.44037371486802734
4355,rho_a,6.256,6.309833159305425,0.05383315930542487,0.8605044646006436
4358,rho_a,5.815,5.767103048512192,0.04789695148780826,0.8236793033155635
4362,rho_a,4.753,4.71348699650677,0.03951300349323006,0.831327656074516
4363,rho_a,5.52,5.4324594380337565,0.08754056196624305,1.5858797457649854
4364,rho_a,2.682,2.6621278346611454,0.019872165338854497,0.7409457620748354
4365,rho_a,4.487,4.520416548148854,0.0334165481488542,0.7447414341173779
4366,rho_a,3.779,3.766489892934188,0.012510107065812015,0.3310427908390766
4367,rho_a,3.445,3.4290832968415605,0.015916703158439294,0.4620233137426611
4368,rho_a,3.321,3.314291607820243,0.006708392179757272,0.20199916229314216
4369,rho_a,3.239,3.2205507842478607,0.018449215752139203,0.569596040510451
4370,rho_a,2.682,2.6621278346611454,0.019872165338854497,0.7409457620748354
4373,rho_a,2.6587,2.6538100237626696,0.004889976237330451,0.18392358059685604
4374,rho_a,3.6274,3.6071910674194254,0.020208932580574768,0.5571189441630147
4375,rho_a,5.4069,5.3549718624554465,0.05192813754455372,0.960404992593614
4376,rho_a,5.0558,5.057146178649861,0.001346178649860974,0.02662642212628482
4377,rho_a,4.9113,4.952090409714004,0.04079040971400438,0.8305420095289654
4378,rho_a,4.5668,4.554189032523743,0.012610967476256896,0.27614450985929173
4379,rho_a,4.3886,4.388695280472911,9.528047291063046e-05,0.0021710903912548134
4380,rho_a,4.1388,4.103610394676641,0.035189605323358464,0.8502369122293892
4381,rho_a,3.5743,3.5400320904369833,0.03426790956301673,0.9587306483229483
4382,rho_a,3.9667,3.958660069958368,0.008039930041631838,0.20268560873345126
4383,rho_a,3.7984,3.787752657580355,0.010647342419645156,0.2803112473578968
4384,rho_a,3.6144,3.6120128694095137,0.0023871305904861195,0.06604500305681328
4385,rho_a,2.226,2.214677243200075,0.011322756799924782,0.5086593351266709
4386,rho_a,3.439,3.4185374292677833,0.0204625707322168,0.5950151419660031
4387,rho_a,3.23,3.2147701859793494,0.0152298140206506,0.4715112699890367
4388,rho_a,3.153,3.1451956495444384,0.007804350455561604,0.2475214226311173
4389,rho_a,3.041,3.0295056248815704,0.011494375118429545,0.37798010912284663
4390,rho_a,2.952,2.92202616131675,0.029973838683249987,1.0153739391341408
4391,rho_a,2.87,2.84291202073303,0.02708797926697004,0.9438320302076865
4392,rho_a,2.767,2.766422292836137,0.0005777071638628506,0.020878466348487234
4393,rho_a,2.658,2.6383003643126615,0.019699635687338457,0.7411450597190009
4394,rho_a,2.601,2.603768230469222,0.0027682304692220328,0.10642946825147899
4395,rho_a,2.517,2.523336904407347,0.0063369044073469105,0.25176417987065525
4396,rho_a,2.446,2.43835793307935,0.007642066920650059,0.31243119054157537
4397,rho_a,2.383,2.415391010126472,0.032391010126472164,1.3592534673293566
4398,rho_a,2.301,2.288249927067108,0.012750072932892209,0.5541100796560916
4399,rho_a,2.187,2.187706170483038,0.0007061704830380044,0.03228945967250487
4400,rho_a,2.022,2.03129849709207,0.009298497092070424,0.45986632502798347
4401,rho_a,4.487,4.516410972822669,0.029410972822669024,0.6554707560210044
4402,rho_a,4.242,4.234315120940041,0.007684879059959293,0.18116169401125604
4403,rho_a,4.147,4.132656586556717,0.014343413443283382,0.3458744500429207
4404,rho_a,3.999,4.00045828674202,0.0014582867420203094,0.03646628512177906
4405,rho_a,3.858,3.8411514449016693,0.01684855509833083,0.436717343139618
4406,rho_a,3.57,3.5541392878636664,0.015860712136333444,0.44427765087756305
4407,rho_a,3.327,3.319774318191657,0.007225681808343154,0.21718310214430364
4408,rho_a,3.167,3.1752218134435295,0.00822181344352968,0.2596088867548811
4409,rho_a,3.062,3.067258498832538,0.005258498832538372,0.17173412255181758
4410,rho_a,2.911,2.8880473994516676,0.02295260054833248,0.7884782050266093
4411,rho_a,2.895,2.8634846477905747,0.03151535220942536,1.0886132023977366
4412,rho_a,2.69,2.6946009294993907,0.004600929499390727,0.17103827135275154
4413,rho_a,2.48,2.477285137371374,0.002714862628625969,0.10947026728326106
4414,rho_a,2.218,2.20886762453139,0.009132375468610121,0.41173920056835
4415,rho_a,2.038,2.037272435437223,0.0007275645627768945,0.03569992947873099
4416,rho_a,2.26498,2.25061016484913,0.014369835150870092,0.6344354100638304
4417,rho_a,2.253,2.250787636701105,0.0022123632988950703,0.09819632928957338
4418,rho_a,2.2411,2.226685038903221,0.014414961096778978,0.6432091873085782
4419,rho_a,2.2291,2.2231385618850665,0.005961438114933326,0.26743699766410894
4420,rho_a,2.2172,2.1990167183537173,0.0181832816462828,0.8201011025741746
4421,rho_a,2.2053,2.1982101021252873,0.007089897874712481,0.32149357795806766
4422,rho_a,2.1933,2.1909321771384396,0.0023678228615602315,0.10795709030042183
4423,rho_a,2.1844,2.178810902932654,0.005589097067346227,0.2558641763112831
4424,rho_a,2.1814,2.1785576088020138,0.002842391197986238,0.13030123764485813
4425,rho_a,2.1694,2.1716191214229577,0.0022191214229576595,0.10229194353077517
4426,rho_a,2.1575,2.158193081225516,0.0006930812255157015,0.03212427464729456
4427,rho_a,2.1619,2.1582153844369283,0.003684615563071869,0.17043413493085546
4428,rho_a,2.32,2.3171175422201316,0.002882457779868286,0.12424386982185533
4429,rho_a,3.439,3.4185374292677833,0.0204625707322168,0.5950151419660031
4430,rho_a,3.413,3.412576488056359,0.0004235119436408752,0.012408788269579581
4431,rho_a,3.229,3.2148132740937005,0.014186725906299547,0.4393535430874931
4432,rho_a,3.1368,3.1383707817270157,0.0015707817270156355,0.05007592855824836
4433,rho_a,3.0756,3.1035115471115207,0.02791154711152055,0.9075155127946246
4434,rho_a,2.9327,2.9170780017180604,0.015621998281939664,0.5326831343790479
4435,rho_a,2.7933,2.7982670606284263,0.004967060628426445,0.1778205215488729
4436,rho_a,2.75,2.764040846576866,0.014040846576865995,0.5105762391585777
4437,rho_a,2.6484,2.640981575699125,0.007418424300875248,0.2801096624706406
4438,rho_a,2.5634,2.5860935200533994,0.022693520053399308,0.885289851501539
4439,rho_a,2.526,2.5337037288267705,0.007703728826770728,0.30497738823308307
4440,rho_a,2.437,2.429675413034997,0.007324586965002933,0.30055752831349725
4441,rho_a,2.384,2.393212934662481,0.009212934662480965,0.3864486016139723
4442,rho_a,2.2663,2.2509582213831143,0.015341778616885904,0.6769526813254703
4443,rho_a,4.6515,4.643070543584723,0.008429456415277592,0.18122017446578048
4444,rho_a,4.729,4.714691385833705,0.014308614166295364,0.30257166771605704
4445,rho_a,4.534,4.5582425156338875,0.024242515633887685,0.5346827444614544
4446,rho_a,4.296,4.28613060263319,0.009869397366810695,0.22973457557747665
4447,rho_a,4.04,4.040655596499231,0.0006555964992305263,0.016227636119563467
4448,rho_a,3.7878,3.8036635509081536,0.015863550908153723,0.41880645514941484
4449,rho_a,3.532,3.523497712751743,0.00850228724825719,0.24072160952023733
4450,rho_a,2.264,2.3253549184537516,0.06135491845375185,2.7100228998995033
4451,rho_a,3.062,3.068515054266864,0.006515054266864162,0.21277120401247662
4452,rho_a,2.9486,2.9359961298082595,0.012603870191740363,0.4274526959145387
4453,rho_a,2.7695,2.775426167323251,0.005926167323251352,0.21397968309258755
4454,rho_a,2.5773,2.59404926299963,0.016749262999629977,0.6498763434456011
4455,rho_a,2.4232,2.4189784832803483,0.004221516719651763,0.174212476050265
4456,rho_a,2.357,2.3617603098138034,0.004760309813803154,0.20196477784476596
4457,rho_a,2.3359,2.3483822245594266,0.012482224559426491,0.5343646799700821
4458,rho_a,2.159,2.1185828492791607,0.04041715072083907,1.8720310662723645
4459,rho_a,2.187,2.1727176258449328,0.014282374155067057,0.6530578031577744
4460,rho_a,2.115,2.08319924509636,0.031800754903640094,1.5035817921335723
4461,rho_a,1.972,1.9565558220124624,0.01544417798753761,0.783173325939644
4462,rho_a,2.028,2.0290827992468117,0.0010827992468116499,0.05339246779147514
4463,rho_a,2.176,2.1734605630232497,0.002539436976750409,0.11670206694619675
4464,rho_a,2.111,2.094410328228414,0.0165896717715861,0.7858679190704992
4465,rho_a,2.2,2.203895774943489,0.0038957749434889166,0.1770806792494157
4466,rho_a,2.183,2.1840824375244967,0.001082437524496882,0.04958486140615603
4467,rho_a,2.182,2.1851389156806245,0.003138915680624521,0.1438549807801596
4468,rho_a,2.268,2.26650312503237,0.0014968749676298465,0.06599977811416166
4469,rho_a,2.116,2.105868212094478,0.01013178790552205,0.4788179539469405
4470,rho_a,3.2826,3.3120839857966113,0.02948398579661138,0.8981900260952415
4471,rho_a,3.1228,3.1382464411132163,0.01544644111321647,0.4946343381968593
4472,rho_a,2.9743,2.9552502515852894,0.01904974841471052,0.6404783786001451
4473,rho_a,2.9444,2.907040662039282,0.037359337960718,1.268826856429334
4474,rho_a,2.7466,2.742431983530763,0.004168016469237035,0.15175185572109215
4475,rho_a,2.5284,2.522084344937257,0.006315655062743009,0.24978860396853783
4476,rho_a,2.2887,2.262413915023733,0.026286084976267166,1.1485159687270363
4477,rho_a,3.118,3.1192169119081137,0.0012169119081137936,0.0390286051351316
4478,rho_a,2.975,2.951424018392103,0.023575981607896868,0.7924699700130736
4479,rho_a,2.849,2.8395977691472836,0.009402230852716631,0.33001863294887085
4480,rho_a,2.842,2.8526421358745093,0.01064213587450924,0.37445939037668874
4481,rho_a,2.701,2.6975884348504198,0.003411565149580298,0.12630748424950147
4482,rho_a,2.494,2.4963088414723877,0.002308841472387524,0.09257584091365668
4483,rho_a,2.309,2.3053136606009668,0.0036863393990334004,0.1596509051118148
4484,rho_a,5.696,5.736264657574402,0.04026465757440256,0.7068935669662131
4485,rho_a,5.44,5.333294180650748,0.10670581934925227,1.961504032155012
4486,rho_a,5.214,5.2247643737954474,0.010764373795447035,0.20645135779526216
4487,rho_a,5.136,5.087379341654054,0.04862065834594631,0.9466639086046893
4488,rho_a,4.928,4.933874647804244,0.005874647804244404,0.1192095739497405
4489,rho_a,4.607,4.610633469106804,0.003633469106803844,0.07886844164972986
4490,rho_a,4.305,4.325188541966557,0.02018854196655706,0.4689556786655603
4491,rho_a,3.913,3.8830633870657447,0.02993661293425509,0.7650552756004968
4492,rho_a,3.637,3.643679604423979,0.006679604423978969,0.1836569816875758
4493,rho_a,3.174,3.1770098576147503,0.0030098576147503664,0.09482853228574097
4494,rho_a,2.773,2.804423866128581,0.03142386612858106,1.1332082989026224
4495,rho_a,2.395,2.399806887463109,0.0048068874631090885,0.20070511328213284
4496,rho_a,2.068,2.0175241525437344,0.050475847456265655,2.4408050027195958
4497,rho_a,2.1648,2.1457736111017907,0.0190263888982094,0.8788982307003238
4498,rho_a,2.1607,2.1344267881179753,0.026273211882024583,1.215958341371427
4500,rho_a,2.1411,2.1168257918498337,0.02427420815016612,1.1337260356898222
4501,rho_a,2.1357,2.115955055071388,0.019744944928612007,0.9245186556446486
4502,rho_a,2.1112,2.0690929096890796,0.042107090310920636,1.9944624057834732
4503,rho_a,2.1037,2.07620664691186,0.027493353088139827,1.3069046483874487
4504,rho_a,2.1026,2.0688896937153736,0.033710306284626235,1.6032676821368879
4505,rho_a,2.1073,2.0687032393983724,0.03859676060162753,1.8315740806534055
4507,rho_a,2.0782,2.02386147773663,0.05433852226336988,2.6146916689127004
4517,rho_a,2.6903,2.7065287227640376,0.016228722764037418,0.6032309691867592
4526,rho_a,2.662,2.6426578619765535,0.01934213802344642,0.7266017289045512
4528,rho_a,2.674,2.6526360525756245,0.021363947424375418,0.7989509134019233
4530,rho_a,2.696,2.710562030137523,0.014562030137522886,0.5401346490177108
4531,rho_a,2.716,2.7229019503035414,0.006901950303541238,0.25412188157358967
4532,rho_a,2.705,2.718963721496417,0.013963721496416781,0.5162189092943297
4533,rho_a,2.693,2.712018567069876,0.019018567069875925,0.7062223197129173
4534,rho_a,2.6903,2.7065287227640376,0.016228722764037418,0.6032309691867592
4535,rho_a,2.5901,2.6080194891969075,0.017919489196907445,0.6918454575846695
4536,rho_a,2.6066,2.6117884415535526,0.005188441553552803,0.1990501631838722
4537,rho_a,2.6063,2.6132324230579798,0.0069324230579796975,0.2659871487540589
4538,rho_a,2.5826,2.613282488317788,0.03068248831778808,1.188046477107419
4539,rho_a,2.5771,2.602913326217667,0.025813326217666965,1.001642397177329
4540,rho_a,2.5733,2.603326190291676,0.030026190291675636,1.1668359807120805
4541,rho_a,2.5785,2.613960028417493,0.03546002841749285,1.3752192521806903
4542,rho_a,2.5806,2.614009567120802,0.03340956712080212,1.2946433821897687
4547,rho_a,2.6365,2.639973658955917,0.003473658955917003,0.13175266284527537
4549,rho_a,2.6349,2.644260958094362,0.009360958094362104,0.3552680592947949
4552,rho_a,2.6324,2.637887236558382,0.005487236558381792,0.2084499528331449
4553,rho_a,2.6075,2.6132198571608756,0.005719857160875641,0.21936173196063077
4555,rho_a,2.6293,2.6224840989078526,0.0068159010921475804,0.259228733584794
4557,rho_a,2.6656,2.6527108068928826,0.012889193107117336,0.4835381567794305
4559,rho_a,2.5806,2.614009567120802,0.03340956712080212,1.2946433821897687
4560,rho_a,2.973,2.9526448266032124,0.020355173396787496,0.6846677900027127
4561,rho_a,2.84,2.84708167004969,0.007081670049690292,0.2493545792143591
4562,rho_a,2.6903,2.7065287227640376,0.016228722764037418,0.6032309691867592
4563,rho_a,3.234,3.2371403749455014,0.0031403749455014562,0.09710497666977382
4564,rho_a,3.105,3.1166041315438893,0.011604131543889284,0.37372404328133807
4565,rho_a,2.997,3.0114710962741382,0.01447109627413834,0.4828527285329834
4566,rho_a,2.832,2.850480667952083,0.018480667952083252,0.6525659587597714
4567,rho_a,2.745,2.749932083313312,0.0049320833133119635,0.1796751662408075
4568,rho_a,2.705,2.7133462872961043,0.008346287296104205,0.30855036214791565
4569,rho_a,2.6906,2.7065287227640376,0.015928722764037673,0.592013779975907
4570,rho_a,5.4645,5.485890954445331,0.021390954445331012,0.39145309626364894
4571,rho_a,5.237,5.2792747906153314,0.04227479061533135,0.8072329695498047
4572,rho_a,5.1284,5.090859806376344,0.03754019362365568,0.7320059594346845
4573,rho_a,4.8118,4.773955542572152,0.037844457427848255,0.7864927351062054
4574,rho_a,4.487,4.518035819935985,0.031035819935985032,0.6916830830394053
4575,rho_a,4.1682,4.176709929536511,0.008509929536510974,0.204163176827142
4576,rho_a,3.8531,3.8410451757259696,0.012054824274030373,0.3128604052328578
4577,rho_a,3.6436,3.6433388675738865,0.00026113242611369714,0.007166879627665645
4578,rho_a,3.3218,3.3275160624441202,0.005716062444120151,0.17207726064538595
4579,rho_a,3.1639,3.158702384833588,0.0051976151664119286,0.16427874352572097
4580,rho_a,2.9523,2.944658365041366,0.007641634958634125,0.258836668313909
4581,rho_a,2.8187,2.8312134178802744,0.012513417880274158,0.4439428772224684
4582,rho_a,2.6237,2.622974169940564,0.000725830059435939,0.02766436938048033
4583,rho_a,2.8817,2.8824975800974717,0.0007975800974717728,0.027677416020803557
4584,rho_a,2.9131,2.907227082844333,0.005872917155667068,0.2016036921377588
4585,rho_a,2.9024,2.8867818378583747,0.015618162141625369,0.5381119811748893
4586,rho_a,2.897,2.883627029007154,0.013372970992845623,0.4616144629907148
4587,rho_a,2.7648,2.7797595812550684,0.014959581255068244,0.5410728173850851
4588,rho_a,2.6124,2.6138656364912074,0.001465636491207345,0.05610306580947726
4589,rho_a,2.8575,2.8635036061905597,0.006003606190559729,0.21009995417524507
4590,rho_a,3.1487,3.1475884840637773,0.0011115159362224958,0.035300788777023626
4591,rho_a,2.9778,2.965608224094841,0.012191775905158853,0.40942225485777284
4592,rho_a,2.7616,2.778208975648966,0.016608975648965796,0.6014258273812203
4593,rho_a,1.7103,1.7468439055148521,0.036543905514852204,2.1366956390592784
4594,rho_a,2.864,2.8466146067061877,0.017385393293812168,0.607031888750213
4595,rho_a,2.856,2.8403138097013523,0.015686190298647595,0.5492363549944714
4597,rho_a,2.65,2.6373801986544843,0.012619801345515658,0.47621891869852434
4599,rho_a,2.896,2.84845839543872,0.04754160456127998,1.6416299917563386
4601,rho_a,2.822,2.822190193668913,0.0001901936689128192,0.006739676432060659
4602,rho_a,2.81,2.8085872137284795,0.0014127862715205275,0.050277091513168136
4603,rho_a,2.766,2.7682928698628944,0.0022928698628943422,0.08289478896939671
4604,rho_a,3.589,3.5829132305093943,0.006086769490605715,0.16959513765962717
4605,rho_a,4.691,4.683883385431954,0.007116614568046131,0.15170783560103632
4606,rho_a,4.386,4.407168582041869,0.02116858204186922,0.4826398094360327
4607,rho_a,3.981,3.9705470434023007,0.010452956597699181,0.26257112779946135
4608,rho_a,3.62,3.6037601342095504,0.01623986579044967,0.44861507708412107
4609,rho_a,3.359,3.3241918501354766,0.03480814986452341,1.036265253483568
4610,rho_a,4.975,4.992129016871803,0.017129016871803238,0.3443018466693426
4611,rho_a,4.2642,4.246005932405547,0.018194067594452967,0.4266701279125909
4612,rho_a,5.4069,5.3549718624554465,0.05192813754455372,0.960404992593614
4613,rho_a,5.25,5.223454982160358,0.02654501783964225,0.5056193874216608
4614,rho_a,3.4994,3.4853037301487966,0.014096269851203491,0.40281962196946514
4615,rho_a,6.789,6.760070996951802,0.0289290030481979,0.42611582041823004
4616,rho_a,6.112,6.10595717811408,0.006042821885920091,0.09886815912825757
4617,rho_a,6.255,6.2563934270358015,0.0013934270358015866,0.02227701096405058
4619,rho_a,6.449,6.45672715949577,0.007727159495770408,0.11981949908155079
4622,rho_a,6.767,6.655757152267073,0.11124284773292725,1.6439019910286805
4623,rho_a,6.789,6.760070996951802,0.0289290030481979,0.42611582041823004
4624,rho_a,6.112,6.10390268836974,0.008097311630260506,0.1324821929034552
4625,rho_a,7.261,7.278944839360785,0.01794483936078528,0.24714005454872343
4626,rho_a,6.823,6.792663865246817,0.030336134753182975,0.44461578122788403
4627,rho_a,6.335,6.3139503991149795,0.021049600885020503,0.33227467853223647
4628,rho_a,6.134,6.151678969887911,0.01767896988791051,0.2882127467868867
4629,rho_a,6.366,6.317696861046092,0.0483031389539077,0.7587674984904196
4630,rho_a,6.145,6.216046686714139,0.07104668671413972,1.1561706544203119
4631,rho_a,3.0918,3.10213306938311,0.010333069383110072,0.33420885513638426
4632,rho_a,3.5064,3.4892559670976793,0.017144032902320916,0.4889354580856726
4633,rho_a,4.1049,4.108277873197585,0.0033778731975848686,0.08228880600219361
4634,rho_a,4.2805,4.259172997065626,0.02132700293437395,0.4982362559133038
4635,rho_a,4.8425,4.813198314962307,0.02930168503769348,0.605094167014712
4636,rho_a,5.451,5.352664270076264,0.0983357299237353,1.8039943115706707
4637,rho_a,6.089,6.102445079918589,0.013445079918589009,0.22080932695987518
4638,rho_a,6.802,6.74819848810195,0.05380151189804927,0.7909660673043423
4639,rho_a,6.691,6.6598461974837075,0.031153802516292295,0.46560757011340065
4640,rho_a,6.585,6.662337470430709,0.0773374704307086,1.1744490574137716
4641,rho_a,6.487,6.431675823006264,0.05532417699373582,0.8528468782754323
4642,rho_a,6.414,6.428250570128581,0.01425057012858133,0.22217914138726394
4643,rho_a,6.333,6.290930240486305,0.04206975951369518,0.6642943236015875
4644,rho_a,6.278,6.259757739953844,0.018242260046155145,0.2905743874825142
4645,rho_a,6.226,6.217607705561976,0.008392294438023917,0.13479432120177592
4646,rho_a,6.193,6.200004638993753,0.007004638993753254,0.11310574832475574
4647,rho_a,6.153,6.217827223735823,0.06482722373582384,1.053587253954385
4648,rho_a,6.143,6.217599047107861,0.0745990471078608,1.2143748511777415
4649,rho_a,2.7813,2.805730988274266,0.024430988274266152,0.8784017644359605
4650,rho_a,4.2829,4.246371294174873,0.036528705825126906,0.8528965379793686
4651,rho_a,6.249,6.237482215307376,0.011517784692623323,0.18431404532919635
4653,rho_a,6.77966,6.670327030803526,0.1093329691964735,1.612661537546977
4654,rho_a,6.14778,6.230282179494571,0.08250217949457106,1.3419832768016688
4655,rho_a,9.4831,9.311520058554901,0.17157994144509914,1.8093233377806945
4656,rho_a,8.0493,8.045864478732696,0.003435521267304509,0.04268099421445445
4657,rho_a,8.6857,8.842706993723468,0.15700699372346705,1.8076492824233965
4658,rho_a,7.0844,7.087331338982997,0.0029313389829974668,0.041377378225355047
4659,rho_a,6.4802,6.45779396804938,0.022406031950620076,0.3457614263543813
4660,rho_a,6.1828,6.231653097544246,0.04885309754424583,0.7901452019188381
4661,rho_a,5.63,5.565518596230331,0.06448140376966904,1.1453180065658541
4662,rho_a,9.4831,9.311520058554901,0.17157994144509914,1.8093233377806945
4663,rho_a,7.26,7.278944839360785,0.018944839360785615,0.2609482005617494
4664,rho_a,7.845,7.733709331106397,0.11129066889360306,1.4186191063554987
4665,rho_a,4.012,4.0142486026598085,0.0022486026598089737,0.05604692571805617
4666,rho_a,3.5489,3.5200567378440746,0.028843262155925586,0.812738092251612
4667,rho_a,3.442,3.4317367158921974,0.01026328410780275,0.2981779229459549
4668,rho_a,4.1844,4.1814492827285985,0.002950717271401615,0.07051709376256834
4669,rho_a,3.07907,3.1329261444995806,0.05385614449958043,1.74910425873926
4670,rho_a,3.739,3.7367890312171013,0.0022109687828986146,0.059132623238781046
4671,rho_a,3.0863,3.10213306938311,0.015833069383110132,0.5130113528530927
4672,rho_a,3.2688,3.286431835229753,0.017631835229752646,0.539397798266864
4673,rho_a,3.3996,3.4002122167786677,0.0006122167786677402,0.01800849448957407
4674,rho_a,3.5833,3.543803584127886,0.03949641587211383,1.1022358125778697
4675,rho_a,3.7373,3.744517976015266,0.007217976015266192,0.1931334389870832
4676,rho_a,3.9667,3.958660069958368,0.008039930041631838,0.20268560873345126
4677,rho_a,3.786,3.7763465249367627,0.009653475063237327,0.25497821086198563
4678,rho_a,3.7863,3.7760216036817917,0.010278396318208483,0.2714628084992147
4679,rho_a,3.7845,3.7736900713218517,0.010809928678148228,0.2856369052224963
4680,rho_a,3.7373,3.744517976015266,0.007217976015266192,0.1931334389870832
4681,rho_a,7.465,7.388471545492194,0.07652845450780621,1.0251634897226518
4682,rho_a,7.053,6.991224775375235,0.061775224624764924,0.8758716095952951
4683,rho_a,6.645,6.6464442839301885,0.0014442839301889165,0.02173489736928065
4684,rho_a,6.286,6.256816167228285,0.029183832771714435,0.4642671455887654
4685,rho_a,5.926,5.826482221607462,0.0995177783925385,1.6793415186048213
4686,rho_a,5.545,5.470680793329979,0.07431920667002068,1.3402922753833593
4687,rho_a,5.208,5.199889550451126,0.008110449548873966,0.15573059809662843
4688,rho_a,4.829,4.75373466098988,0.07526533901011945,1.5586112861897674
4689,rho_a,4.474,4.4361339808162334,0.03786601918376675,0.8463571565435468
4690,rho_a,4.123,4.085490874266911,0.037509125733088844,0.9097532314596105
4691,rho_a,3.724,3.7326503141516363,0.008650314151636085,0.23228555724043398
4692,rho_a,2.503,2.496548241908285,0.006451758091714943,0.25776101045594746
4693,rho_a,3.121,3.1209025999597935,9.740004020653004e-05,0.003120795905366832
4694,rho_a,3.9667,3.958660069958368,0.008039930041631838,0.20268560873345126
4695,rho_a,3.8244,3.787411445198636,0.03698855480136398,0.9671727539314484
4696,rho_a,3.5802,3.538153303258327,0.04204669674167283,1.17442312557011
4697,rho_a,3.3805,3.3805092467534195,9.246753419400733e-06,0.000273532123040911
4698,rho_a,3.0863,3.10213306938311,0.015833069383110132,0.5130113528530927
4699,rho_a,5.2508,5.234660340056591,0.016139659943409157,0.3073752560258643
4700,rho_a,5.0411,5.0140175203439785,0.02708247965602162,0.5372335334751591
4701,rho_a,4.3583,4.352587614967039,0.005712385032961009,0.1310691102714292
4702,rho_a,4.2313,4.203469791836223,0.027830208163776682,0.6577224059690899
4703,rho_a,4.188,4.187268095208546,0.0007319047914533527,0.01747623666316089
4704,rho_a,4.107,4.102385240832045,0.004614759167955285,0.11236326194190797
4705,rho_a,3.7796,3.793450990656263,0.01385099065626294,0.36646710382736997
4706,rho_a,3.6548,3.6792182790228516,0.024418279022851763,0.6681153284131849
4707,rho_a,3.952,3.9501913734485843,0.0018086265514156707,0.04576484188803677
4708,rho_a,3.4798,3.4407620180060245,0.03903798199397546,1.1218455656636657
4709,rho_a,3.6618,3.667844409387464,0.006044409387464089,0.165066617168126
4710,rho_a,3.6541,3.667319150272288,0.013219150272287816,0.3617621376613721
4711,rho_a,3.6704,3.6732628717275997,0.002862871727599803,0.07799890277896204
4712,rho_a,2.9855,2.9898241033125115,0.004324103312511429,0.14483682172198897
4713,rho_a,3.1751,3.1807957172374177,0.005695717237417686,0.17938701891014114
4714,rho_a,3.9899,3.9823998415862807,0.007500158413719316,0.18797860632390376
4715,rho_a,2.8369,2.8391064933164065,0.0022064933164065437,0.0777783255104433
4716,rho_a,2.9672,2.9343260051166724,0.03287399488332765,1.1079130117051958
4717,rho_a,2.9991,3.000622172653244,0.0015221726532441693,0.05075431473587615
4718,rho_a,3.0671,3.1116402379377677,0.044540237937767735,1.4521938618810346
4719,rho_a,3.0167,3.0322645339561607,0.015564533956160531,0.5159457008040366
4720,rho_a,3.1167,3.140453445287303,0.023753445287303165,0.7621344783680029
4721,rho_a,3.0348,3.027916715641373,0.006883284358627062,0.2268117951306443
4722,rho_a,3.0865,3.1069774169430695,0.020477416943069482,0.6634510592276963
4723,rho_a,3.0757,3.1117972035524044,0.03609720355240453,1.1736256316413434
4724,rho_a,2.9747,2.9926836737911913,0.017983673791191368,0.6045542001272506
4725,rho_a,3.9953,3.9640410513095654,0.03125894869043444,0.7823930290698224
4726,rho_a,3.9499,3.937516635573594,0.012383364426405752,0.31351083385408784
4728,rho_a,3.1366,3.1334602548320216,0.003139745167978436,0.10010027316130315
4729,rho_a,5.807,5.761495279247525,0.04550472075247569,0.783618404554294
4730,rho_a,5.239,5.249065930829165,0.010065930829164849,0.1921345834923254
4731,rho_a,4.724,4.712567113936137,0.011432886063863279,0.24201706316386237
4732,rho_a,4.2164,4.192843571773037,0.023556428226963355,0.5586858036940937
4733,rho_a,3.662,3.6736833759972707,0.011683375997270762,0.31904358266705546
4734,rho_a,3.109,3.1183805435784007,0.00938054357840068,0.30172221223537027
4735,rho_a,2.573,2.615815439695877,0.04281543969587709,1.6640279710789136
4736,rho_a,4.387,4.406765799899066,0.019765799899066572,0.45055390697656866
4737,rho_a,4.448,4.464293700083192,0.01629370008319153,0.3663151997119574
4738,rho_a,5.266,5.244127089226086,0.021872910773914178,0.41536100975902057
4739,rho_a,5.053,4.970892104657675,0.08210789534232532,1.624933610574096
4740,rho_a,4.857,4.854556700621064,0.002443299378936281,0.05030470205756183
4741,rho_a,4.78,4.731408445852692,0.048591554147308536,1.0165597101945265
4742,rho_a,4.476,4.4683638152405,0.007636184759499898,0.17060287666439214
4743,rho_a,4.448,4.428614201118063,0.019385798881937255,0.4358318093959733
4744,rho_a,3.4755,3.440164170725851,0.0353358292741488,1.0167121068663107
4745,rho_a,2.8924,2.8645587624013316,0.0278412375986683,0.9625652606367956
4746,rho_a,3.0459,3.0323056666629764,0.013594333337023645,0.44631581263400577
4747,rho_a,3.1255,3.125498682660388,1.3173396120613745e-06,4.2148123886128715e-05
4748,rho_a,3.1368,3.140457154117307,0.0036571541173069377,0.11658869284958466
4749,rho_a,3.1742,3.178274389258909,0.004074389258909239,0.12835956332014226
4750,rho_a,3.162,3.1526421537895195,0.009357846210480414,0.2959470654799954
4751,rho_a,3.155,3.1526624434298207,0.002337556570179089,0.07409054105161167
4752,rho_a,3.2232,3.195089598836976,0.02811040116302399,0.8721271147622012
4753,rho_a,3.2039,3.18987330573891,0.014026694261089823,0.43780062614580495
4754,rho_a,3.2368,3.2304491193527767,0.006350880647223445,0.19620862108321435
4755,rho_a,3.2537,3.243848972994765,0.00985102700523477,0.30276383825281195
4756,rho_a,3.2664,3.2739387580820765,0.007538758082076491,0.23079714921853364
4757,rho_a,3.322,3.3174269641670975,0.004573035832902583,0.13765911598137287
4758,rho_a,3.278,3.308742589955449,0.030742589955448985,0.9378459412885786
4759,rho_a,3.2903,3.30712309728118,0.016823097281180033,0.5112937203651619
4760,rho_a,3.2753,3.2932233907857094,0.01792339078570926,0.5472289801149143
4761,rho_a,3.3765,3.367545890534054,0.008954109465946214,0.2651890853233692
4762,rho_a,3.2607,3.275857741024296,0.015157741024296012,0.4648615642129409
4763,rho_a,3.3111,3.315340205023109,0.004240205023108956,0.12806031298081227
4765,rho_a,3.3675,3.3624614208522443,0.005038579147755851,0.14962373118795408
4766,rho_a,3.4081,3.4120933394060633,0.003993339406063168,0.11717201390986168
4768,rho_a,3.4755,3.440155586656927,0.03534441334307292,1.0169590948946268
4769,rho_a,2.8922,2.8657787489002144,0.026421251099785437,0.9135347175083431
4770,rho_a,5.266,5.244127089226086,0.021872910773914178,0.41536100975902057
4772,rho_a,4.016,3.9972103822842215,0.018789617715778473,0.46786896702623987
4773,rho_a,2.822,2.830540268918879,0.008540268918879157,0.30263178309270483
4774,rho_a,2.997,2.9993789702847606,0.002378970284760751,0.07937838787987844
4775,rho_a,3.114,3.127340736633957,0.013340736633957295,0.4284115810517987
4776,rho_a,3.226,3.193796289841991,0.032203710158008825,0.9982551195907886
4777,rho_a,3.332,3.3329984270596076,0.0009984270596077316,0.029964797707305882
4778,rho_a,3.455,3.433326378284063,0.02167362171593723,0.6273117718069742
4779,rho_a,3.571,3.557038757838132,0.013961242161868004,0.3909616959357069
4780,rho_a,3.697,3.7025992100965546,0.005599210096554508,0.15145280217887458
4781,rho_a,3.802,3.794859697304365,0.007140302695634926,0.18780385838066932
4782,rho_a,3.983,3.975272707891585,0.0077272921084152735,0.19400683174525063
4783,rho_a,4.072,4.053104922018311,0.018895077981689212,0.46402450839107495
4784,rho_a,3.0185,3.0377460665925784,0.019246066592578437,0.6376036638254783
4785,rho_a,2.2496,2.247041970733149,0.002558029266851225,0.11371040482086094
4786,rho_a,2.3973,2.452465235639871,0.05516523563987086,2.3011402677949295
4787,rho_a,2.5408,2.558513432744722,0.017713432744721924,0.69715966407096
4788,rho_a,2.6807,2.685656905606088,0.004956905606088302,0.1849108667917504
4789,rho_a,2.8181,2.841754818470525,0.023654818470525196,0.8393888957282142
4790,rho_a,2.9537,2.940564587663335,0.013135412336664931,0.4447104423827905
4791,rho_a,5.111,5.08154265671178,0.029457343288219917,0.5763518545923333
4792,rho_a,4.39,4.4038434664034,0.013843466403399951,0.31534092035072436
4793,rho_a,3.3896,3.3927182496586807,0.003118249658680572,0.09199462056524817
4794,rho_a,4.784,4.763574047242496,0.020425952757503474,0.42696389543267566
4795,rho_a,4.803,4.770421354686716,0.032578645313283694,0.6782978412091799
4796,rho_a,4.811,4.786920003056274,0.0240799969437262,0.5005195789590771
4797,rho_a,4.823,4.809912936426816,0.013087063573184565,0.2713469536218505
4798,rho_a,7.108,7.084872505203604,0.02312749479639553,0.3253727461507073
4799,rho_a,7.28,7.2121833908302015,0.0678166091697987,0.9315468292553487
4800,rho_a,2.237,2.2424549357550667,0.005454935755066614,0.2438505031320597
4801,rho_a,3.15,3.1404096460292408,0.009590353970759136,0.3044556816113045
4802,rho_a,9.1846,9.01442848004988,0.17017151995012014,1.8527918466792415
4803,rho_a,6.7994,6.796282925292555,0.0031170747074451555,0.0458433789370341
4804,rho_a,7.2682,7.246274957761971,0.02192504223802949,0.3016571123252865
4805,rho_a,6.959,6.991676046759331,0.032676046759331,0.4695508946590934
4807,rho_a,6.933,6.873227128381073,0.05977287161892697,0.8621501748004955
4809,rho_a,7.041,6.976657287524889,0.0643427124751117,0.913829178740272
4811,rho_a,7.205,7.188057205830164,0.016942794169835906,0.23515328479991054
4813,rho_a,7.362,7.319310602657422,0.042689397342577706,0.5798614145961954
4815,rho_a,7.482,7.572654483592191,0.09065448359219097,1.211634370384641
4817,rho_a,7.54,7.577149197988178,0.03714919798817817,0.49269493353014915
4819,rho_a,7.505,7.612452976650879,0.10745297665087872,1.4317518541087861
4821,rho_a,7.441,7.361743086831433,0.07925691316856653,1.065137927275311
4823,rho_a,7.387,7.37523139943243,0.011768600567569898,0.1593150205437702
4824,rho_a,7.441,7.336225185347072,0.10477481465292815,1.408074380498778
4825,rho_a,7.332,7.231645596406164,0.10035440359383596,1.368717997733528
4826,rho_a,7.3071,7.2309463342863545,0.07615366571364568,1.0421872659965685
4827,rho_a,7.7623,7.654789566335651,0.10751043366434843,1.3850332203642552
4828,rho_a,7.3122,7.226158736848532,0.08604126315146754,1.176680932570988
4829,rho_a,7.3009,7.2476106160627936,0.053289383937206836,0.729901572918401
4830,rho_a,7.3134,7.262400378807229,0.050999621192771016,0.6973448901026068
4831,rho_a,7.3022,7.237938477843096,0.06426152215690362,0.8800296096641398
4832,rho_a,7.3071,7.251412623385561,0.05568737661443901,0.7620995554246061
4833,rho_a,7.3076,7.2499027817838275,0.05769721821617235,0.7895508541267237
4834,rho_a,7.3083,7.249545792834519,0.05875420716548074,0.8039380863603397
4835,rho_a,7.2991,7.243467244952893,0.05563275504710674,0.76218650309078
4836,rho_a,7.2944,7.252601059596152,0.04179894040384813,0.5730278076859289
4837,rho_a,6.893,6.89180824758809,0.001191752411910052,0.01728931396938748
4838,rho_a,2.822,2.830540268918879,0.008540268918879157,0.30263178309270483
4839,rho_a,3.272,3.290033585755402,0.01803358575540237,0.551148708905772
4840,rho_a,3.569,3.5432475722429397,0.025752427757060214,0.721558637070692
4841,rho_a,3.89,3.8805185542462035,0.009481445753796613,0.24373896539316647
4842,rho_a,4.344,4.346185908538715,0.002185908538714365,0.050320178147188345
4843,rho_a,4.732,4.689705874083019,0.042294125916980896,0.8937896432158063
4844,rho_a,4.986,5.012885467126435,0.02688546712643536,0.5392191561658638
4845,rho_a,5.405,5.333910546595757,0.07108945340424366,1.3152535319931637
4846,rho_a,5.833,5.793627802724732,0.039372197275268306,0.6749905241772939
4847,rho_a,6.334,6.319841001462575,0.014158998537424416,0.22353960431673794
4848,rho_a,6.802,6.74819848810195,0.05380151189804927,0.7909660673043423
4849,rho_a,4.5411,4.562264310774372,0.021164310774372197,0.4660613237842711
4850,rho_a,4.8983,4.880474408466793,0.01782559153320662,0.3639138381316575
4851,rho_a,4.7904,4.724837102914888,0.06556289708511187,1.3686309511752293
4852,rho_a,4.8895,4.8892326942472915,0.0002673057527085021,0.005466934302248643
4853,rho_a,5.0014,5.039077727219789,0.03767772721978879,0.7533436081853332
4854,rho_a,5.0712,5.047424237190455,0.023775762809544965,0.4688389889876218
4855,rho_a,5.6258,5.544071189175134,0.08172881082486594,1.4527500235495647
4856,rho_a,7.4014,7.319870560568208,0.08152943943179203,1.101540781903167
4857,rho_a,5.6166,5.587066790894829,0.02953320910517121,0.525820053148986
4858,rho_a,5.579,5.577234080316822,0.0017659196831774082,0.03165297872695988
4859,rho_a,5.767,5.762563013122114,0.004436986877886184,0.07693752172508088
4860,rho_a,5.7556,5.738865841251792,0.01673415874820794,0.2907456867781818
4861,rho_a,5.8015,5.7753763629152175,0.02612363708478238,0.45029108135444074
4862,rho_a,5.8514,5.791913388098459,0.0594866119015407,1.0166218665880051
4863,rho_a,5.6166,5.587066790894829,0.02953320910517121,0.525820053148986
4864,rho_a,5.8041,5.79325111078154,0.010848889218459945,0.1869176826460274
4865,rho_a,13.652,13.252130970897849,0.3998690291021507,2.9290142770445464
4866,rho_a,5.2508,5.234660340056591,0.016139659943409157,0.3073752560258643
4867,rho_a,7.784,7.645767166772893,0.13823283322710722,1.775858597470317
4868,rho_a,2.856,2.8403138097013523,0.015686190298647595,0.5492363549944714
4869,rho_a,3.007,3.0358710258058217,0.02887102580582157,0.9601272299904212
4870,rho_a,2.8817,2.8824975800974717,0.0007975800974717728,0.027677416020803557
4871,rho_a,4.113,4.086696762261882,0.02630323773811849,0.639514654464189
4872,rho_a,2.8375,2.851006535199626,0.013506535199625969,0.47600124051528486
4873,rho_a,4.856,4.840885441430066,0.015114558569933934,0.31125532475145845
4874,rho_a,3.591,3.6044472159218652,0.013447215921865041,0.3744699504834669
4875,rho_a,6.943,7.210207994866426,0.26720799486642655,3.8485956339678538
4876,rho_a,4.28,4.257556695913123,0.022443304086877447,0.5243762637119673
0,rho_b,0.00271,0.0027146788265163388,4.6788265163385905e-06,0.1726504248934349
1,rho_b,0.0011,0.0010718472321574104,2.815276784258968e-05,2.559342528817841
2,rho_b,1.45e-05,2.296166567101641e-05,8.461665671016409e-06,58.356310947953794
3,rho_b,0.000423,0.00043003031217268264,7.030312172682661e-06,1.662012330038425
4,rho_b,0.000391,0.000396120829089216,5.1208290892159605e-06,1.30967495552921
5,rho_b,0.000673,0.0006273410381476685,4.565896185233147e-05,6.784392538556841
7,rho_b,0.000583,0.0005845343466056004,1.5343466056004246e-06,0.2631812355006196
8,rho_b,0.000652,0.0006554280150982722,3.4280150982722232e-06,0.5257691860451735
9,rho_b,0.000777,0.0007952033668202529,1.820336682025283e-05,2.3427756495270367
10,rho_b,0.000682,0.0006766676325093468,5.332367490653179e-06,0.7818720649317388
11,rho_b,0.000433,0.000442956267128825,9.956267128825012e-06,2.2993688466123148
12,rho_b,0.0005,0.0005064863366934596,6.486336693459563e-06,1.2972673360973779
13,rho_b,0.000288,0.0002867575759383337,1.2424240616663016e-06,0.43139724213622543
14,rho_b,0.000524,0.0005262677833467587,2.2677833467586858e-06,0.43278308061657533
15,rho_b,0.000543,0.0005445895505717183,1.5895505717182902e-06,0.29273491137954716
16,rho_b,0.000636,0.0006495179253823628,1.351792538236286e-05,2.1254599624384056
17,rho_b,0.00093,0.0009353179370835132,5.317937083513125e-06,0.5718211911607434
23,rho_b,0.000578,0.0005821714533585104,4.171453358510426e-06,0.7217047320576779
24,rho_b,0.000751,0.0007362917566707727,1.4708243329227314e-05,1.9584877908977942
25,rho_b,0.0014,0.0013977975499699805,2.2024500300195197e-06,0.15731785917473864
26,rho_b,0.000759,0.0007660781972934089,7.078197293408921e-06,0.9325688121321782
27,rho_b,0.00152,0.0015113815832431942,8.618416756805882e-06,0.5670011020484126
28,rho_b,0.00229,0.0022842838745968843,5.716125403115637e-06,0.249612462909149
30,rho_b,0.000992,0.0009694512846187451,2.254871538125494e-05,2.273055983722216
31,rho_b,0.00747,0.007469092078125154,9.079218748460696e-07,0.012154241964183764
32,rho_b,0.00123,0.0012405251789258088,1.0525178925808792e-05,0.8557056030285964
33,rho_b,0.001,0.0009914338328515274,8.56616714847258e-06,0.8566167139906412
34,rho_b,0.00079,0.0007807522311881754,9.24776881182463e-06,1.170603645584632
35,rho_b,0.000662,0.0006532330133546513,8.766986645348759e-06,1.3243182223724435
36,rho_b,0.00061,0.0006109027119516673,9.027119516673244e-07,0.14798556560450307
41,rho_b,0.000554,0.00055564467063276,1.644670632760018e-06,0.29687195483597445
42,rho_b,0.000559,0.0005599670889011438,9.670889011437634e-07,0.17300338093268866
43,rho_b,0.000558,0.0005594143961187727,1.4143961187726949e-06,0.25347600649425356
44,rho_b,0.000568,0.0005716833287337684,3.6833287337683816e-06,0.6484733674795155
45,rho_b,0.000575,0.00057612330384694,1.1233038469400224e-06,0.1953571904324262
46,rho_b,0.000581,0.0005808077540554103,1.9224594458976813e-07,0.03308880279843031
47,rho_b,0.000394,0.0003994064653175991,5.406465317599131e-06,1.3721993157048573
48,rho_b,0.000539,0.0005367270323685968,2.2729676314031666e-06,0.4217008584760961
49,rho_b,0.000601,0.0005952022015827912,5.797798417208743e-06,0.9646919147357444
50,rho_b,0.000509,0.0005085808305800802,4.191694199198086e-07,0.08235155581459588
51,rho_b,0.000556,0.0005529839589601404,3.016041039859553e-06,0.5424534234595357
53,rho_b,0.000571,0.0005711286438982388,1.2864389823882827e-07,0.022529579336870838
54,rho_b,0.000503,0.000499580054391979,3.419945608020979e-06,0.679909662270752
57,rho_b,0.000555,0.0005520144082209271,2.9855917790729556e-06,0.5379444637285605
59,rho_b,0.000457,0.0004511568121440693,5.843187855930686e-06,1.2785969022198505
61,rho_b,0.000552,0.0005674087730206126,1.540877302061265e-05,2.791444382735182
62,rho_b,0.000533,0.0005399472962641723,6.947296264172252e-06,1.3034326925211865
64,rho_b,0.000606,0.0006081740233971184,2.1740233971184134e-06,0.3587497349060918
66,rho_b,0.000584,0.0005890375815334407,5.037581533440705e-06,0.8625995761669023
67,rho_b,0.00118,0.0011777297847018386,2.2702152981614234e-06,0.19239112679978915
69,rho_b,0.000789,0.0007951932398928467,6.19323989284673e-06,0.7849480209121991
70,rho_b,0.000825,0.0008406011227942658,1.560112279426582e-05,1.8910451848915597
72,rho_b,0.000796,0.000803962809538233,7.96280953823292e-06,1.0003529558077122
74,rho_b,0.00108,0.0010891673771869516,9.167377186951623e-06,0.8488312202280843
75,rho_b,0.000953,0.0009554027658919253,2.402765891925383e-06,0.25212653613894204
77,rho_b,0.000893,0.00088979799909793,3.2020009020699777e-06,0.35856672995345024
78,rho_b,0.000892,0.0008855282881848465,6.471711815153451e-06,0.7255282295849964
79,rho_b,0.000798,0.0008076356192702162,9.635619270216187e-06,1.207471084980135
80,rho_b,0.000736,0.0007406682981348225,4.6682981348224835e-06,0.6342796370216967
81,rho_b,0.000787,0.0007899723968787661,2.9723968787660282e-06,0.3776870235056109
82,rho_b,0.000778,0.0007787011205452213,7.011205452212444e-07,0.09011832189203871
84,rho_b,0.000833,0.0008370636918996826,4.0636918996826265e-06,0.48783816264156604
85,rho_b,0.000724,0.0007292145368664254,5.214536866425361e-06,0.7202398976827296
86,rho_b,0.000682,0.0006845946561870282,2.5946561870281853e-06,0.380448120707288
87,rho_b,0.000698,0.0006959362131657924,2.0637868342076628e-06,0.29567146579526477
88,rho_b,0.000676,0.0006762954795687712,2.954795687712874e-07,0.04370999531570821
89,rho_b,0.000677,0.0006763095436369347,6.904563630653069e-07,0.10198764579696167
90,rho_b,0.000633,0.0006389982387916033,5.998238791603359e-06,0.947589065107025
91,rho_b,0.000619,0.0006128220151573989,6.177984842601031e-06,0.998058939033997
92,rho_b,0.000624,0.000626922683362421,2.9226833624210495e-06,0.46837874322712536
93,rho_b,0.000635,0.0006367950533973622,1.7950533973621263e-06,0.2826855739425623
94,rho_b,0.000634,0.0006360985413973904,2.098541397390426e-06,0.33100021988650213
95,rho_b,0.00058,0.0005839719835253247,3.9719835253247335e-06,0.6848247445649114
97,rho_b,0.000524,0.0005322978751798866,8.297875179886561e-06,1.5835639626051374
98,rho_b,0.000549,0.0005616047571478668,1.26047571478668e-05,2.2959484744822065
99,rho_b,0.000589,0.0005862510915561177,2.748908443882302e-06,0.4667077146375594
101,rho_b,0.000627,0.0006321592162204,5.159216220400006e-06,0.8228415011437945
103,rho_b,0.000654,0.0006569966951397305,2.99669513973051e-06,0.45821026531321213
104,rho_b,0.000578,0.0005795466812181732,1.5466812181732896e-06,0.2675919057953928
106,rho_b,0.000561,0.0005665823825454349,5.5823825454349605e-06,0.9950771007993208
108,rho_b,0.000528,0.0005152985694747517,1.2701430525248318e-05,2.4055739585592004
110,rho_b,0.000507,0.0005051705524144861,1.8294475855138576e-06,0.3608377873580828
112,rho_b,0.000489,0.00048380028036152143,5.19971963847853e-06,1.0633373472075986
113,rho_b,0.000453,0.00044912184125469034,3.878158745309669e-06,0.8561056814014596
114,rho_b,0.000469,0.00047550191754437243,6.501917544372415e-06,1.386336360449691
115,rho_b,0.000476,0.00048175227881652976,5.752278816529741e-06,1.2084619337069584
116,rho_b,0.000483,0.0004948941596766801,1.1894159676680168e-05,2.4625589341727907
117,rho_b,0.000501,0.0004994621569417728,1.5378430582272014e-06,0.3069547016282743
118,rho_b,0.000524,0.000531202093906558,7.202093906557975e-06,1.3744453993918933
127,rho_b,0.000148,0.00014308122174546453,4.918778254535465e-06,3.323498798175998
130,rho_b,0.000239,0.00022667461136985508,1.2325388630144926e-05,5.1570663508678924
135,rho_b,0.000424,0.00041605967070242945,7.940329297570557e-06,1.8727191695385295
139,rho_b,0.000488,0.00047757388708936606,1.0426112910633925e-05,2.1364985428829795
141,rho_b,0.00069,0.0007155246333023393,2.5524633302339357e-05,3.69922221236915
142,rho_b,0.00092,0.0009213272001068807,1.3272001068806872e-06,0.14426088102587808
143,rho_b,0.000844,0.0008398465346699034,4.153465330096625e-06,0.4921167446890352
144,rho_b,0.00104,0.0010325899462733197,7.410053726680235e-06,0.7125051653418446
145,rho_b,0.00112,0.0011192158771756084,7.841228243914838e-07,0.07001096640101556
146,rho_b,0.00104,0.0010354546485508483,4.545351449151578e-06,0.4370530235366393
147,rho_b,0.00169,0.001680067825018849,9.932174981151136e-06,0.587702661258823
148,rho_b,0.00128,0.001272897155842851,7.102844157149063e-06,0.5549096993437473
150,rho_b,0.00117,0.0011735761210659606,3.5761210659605684e-06,0.30565137289778244
152,rho_b,0.00127,0.0012621051347715476,7.894865228452513e-06,0.621642930884731
154,rho_b,0.000729,0.0007245319524409985,4.468047559001535e-06,0.6129008988851202
155,rho_b,0.00132,0.0013120600819376883,7.939918062311712e-06,0.601508943658835
156,rho_b,0.00125,0.0012374477962759155,1.255220372408457e-05,1.0041762971234245
157,rho_b,0.0013,0.0012800223408452175,1.997765915478242e-05,1.5367430107242301
158,rho_b,0.000912,0.0009211339889105289,9.133988910528805e-06,1.0015338706703363
159,rho_b,0.00101,0.0010107293871117337,7.293871117336048e-07,0.07221654564469696
160,rho_b,0.0009,0.0009147941911062359,1.479419110623592e-05,1.6437990099775477
161,rho_b,0.000562,0.0005741312043962966,1.2131204396296624e-05,2.158577290873817
162,rho_b,0.0006,0.0006047151972581437,4.7151972581437095e-06,0.7858662083808413
163,rho_b,0.000683,0.0006880275207495954,5.0275207495953595e-06,0.7360938129186562
164,rho_b,0.000775,0.0007809838476522735,5.983847652273554e-06,0.7721093734906401
165,rho_b,0.00075,0.0007430465133852829,6.953486614717135e-06,0.9271315473927759
166,rho_b,0.000755,0.0007621559973755405,7.155997375540455e-06,0.947814220670505
167,rho_b,0.000798,0.0007993803332062558,1.3803332062558172e-06,0.17297408578021006
168,rho_b,0.000635,0.0006394719029354604,4.471902935460374e-06,0.704236681640631
169,rho_b,0.000567,0.0005701620090211466,3.16200902114659e-06,0.557673547719551
170,rho_b,0.00103,0.0010259858126958582,4.0141873041419154e-06,0.3897269223538491
171,rho_b,0.00108,0.0010810750269032417,1.0750269032416913e-06,0.09953952798576815
172,rho_b,0.000881,0.0008738537786860623,7.1462213139376375e-06,0.8111488428860556
173,rho_b,0.00116,0.0011607587996571539,7.587996571538705e-07,0.06541376349135627
174,rho_b,0.00138,0.001369404681566919,1.0595318433080864e-05,0.767776697492978
175,rho_b,0.000101,0.0001337026318227305,3.27026318227305e-05,32.37884306825948
176,rho_b,0.000285,0.0003084837353140561,2.3483735314056096e-05,8.239907098827027
177,rho_b,0.0006,0.0005999155621467737,8.443785322624544e-08,0.014072975514252616
179,rho_b,0.000564,0.0005697549375295808,5.754937529580729e-06,1.0203789927973295
181,rho_b,0.000588,0.0005934015146889842,5.401514688984179e-06,0.9186249455438656
182,rho_b,0.000656,0.0006616523219497104,5.65232194971036e-06,0.8616344422399413
183,rho_b,0.000632,0.000642433861068433,1.043386106843304e-05,1.6509273816335075
184,rho_b,0.000794,0.0007957899769234556,1.78997692345563e-06,0.22543789939562356
185,rho_b,0.000734,0.0007451010835706148,1.1101083570614853e-05,1.5124092037453354
186,rho_b,0.00074,0.0007472140968759893,7.214096875989289e-06,0.9748779548973661
187,rho_b,0.000929,0.0009246299127425094,4.370087257490581e-06,0.4704076698370833
188,rho_b,0.000892,0.0008916161032346215,3.83896765378494e-07,0.043037753917950276
189,rho_b,0.000851,0.0008473057096340419,3.694290365958107e-06,0.4341116758656863
190,rho_b,0.000822,0.0008308875343890136,8.887534389013575e-06,1.0812085618249987
191,rho_b,0.001017,0.0010132709178122723,3.7290821877276024e-06,0.36667474769526603
192,rho_b,0.001084,0.0010890925136870515,5.0925136870516065e-06,0.4697890850879812
193,rho_b,0.000551,0.0005561468472818712,5.146847281871218e-06,0.9340920639800903
194,rho_b,0.00059,0.0005944202958667157,4.420295866715664e-06,0.7492026880040062
195,rho_b,0.000569,0.0005682951070372462,7.048929627537876e-07,0.12388277003777856
196,rho_b,0.000558,0.0005614081372043711,3.40813720437112e-06,0.610777275674435
197,rho_b,0.000561,0.0005610416303887655,4.163038876548852e-08,0.007420746647287175
198,rho_b,0.000566,0.0005680718254738144,2.0718254738143855e-06,0.36604690285404884
199,rho_b,0.000559,0.0005599885991780044,9.885991780043566e-07,0.17685137320855865
200,rho_b,0.000569,0.0005687000535920148,2.999464079851211e-07,0.052714658604213455
201,rho_b,0.000541,0.000535402541484938,5.597458515062053e-06,1.0346503705574028
202,rho_b,0.00092,0.0009059840060653179,1.4015993934682097e-05,1.5234775999399262
205,rho_b,0.000866,0.0008541637320474109,1.183626795258914e-05,1.3667745887899994
209,rho_b,0.000838,0.0008252962212277832,1.270377877221683e-05,1.515964052154796
214,rho_b,0.000444,0.0004403239637908637,3.6760362091363126e-06,0.8279360812740882
216,rho_b,0.000434,0.00043705345703149963,3.053457031499654e-06,0.7035615263742024
218,rho_b,0.000514,0.0005216118237164491,7.611823716449032e-06,1.480899552848256
220,rho_b,0.000527,0.0005251828780435284,1.8171219564716004e-06,0.3448049246724006
222,rho_b,0.000474,0.0004745957155624543,5.957155624543319e-07,0.1256783884383013
224,rho_b,0.000482,0.00048221318120971954,2.1318120971953146e-07,0.044228466655030454
226,rho_b,0.000419,0.0004234895678549233,4.489567854923284e-06,1.0714959055389799
227,rho_b,0.000429,0.0004368431740930268,7.843174093026778e-06,1.828245705068606
229,rho_b,0.000531,0.0005380571028120917,7.057102812091723e-06,1.3290212427121488
230,rho_b,0.000539,0.0005395623403950708,5.623403950708126e-07,0.10433031429081809
231,rho_b,0.000953,0.0009544320769785894,1.4320769785894057e-06,0.1502704068296644
232,rho_b,0.000846,0.0008427936595259064,3.2063404740935355e-06,0.3790000555914344
233,rho_b,0.00107,0.0010693993918588463,6.006081411536607e-07,0.056131601924518194
234,rho_b,0.00104,0.0010341492665554709,5.8507334445290216e-06,0.5625705229714728
235,rho_b,0.00101,0.0010179558677519541,7.955867751954088e-06,0.7877096776313852
236,rho_b,0.00101,0.0010135223449688527,3.5223449688526892e-06,0.34874702627378407
237,rho_b,0.00099,0.0009872046268488597,2.7953731511402933e-06,0.2823609240723923
238,rho_b,0.00098,0.000983995590110064,3.995590110064022e-06,0.4077132761211112
239,rho_b,0.00098,0.0009805361872403798,5.361872403798675e-07,0.05471298365640181
240,rho_b,0.00097,0.0009658277863384855,4.172213661514574e-06,0.43012511930034253
241,rho_b,0.00097,0.0009650033875177882,4.996612482211817e-06,0.5151146883567701
242,rho_b,0.00092,0.0009229549204012753,2.954920401275268e-06,0.32118699978949977
243,rho_b,0.00086,0.0008644152574349438,4.415257434943823e-06,0.51340202672207
244,rho_b,0.00085,0.0008401838817368388,9.816118263161148e-06,1.1548374413662088
245,rho_b,0.00075,0.0007412392933299193,8.76070667008076e-06,1.1680942211199756
251,rho_b,0.00113,0.0011349539774703481,4.953977470348184e-06,0.4384050854835516
252,rho_b,0.00103,0.001034213169288472,4.2131692884720025e-06,0.4090455615904414
254,rho_b,0.000885,0.0008837808265401393,1.219173459860736e-06,0.13775971282295352
256,rho_b,0.000785,0.0007898219838216832,4.821983821683205e-06,0.6142654542089874
258,rho_b,0.000582,0.000583657626921626,1.6576269216259012e-06,0.28481562178311765
259,rho_b,0.000598,0.0005958088044741875,2.1911955258124664e-06,0.36642065587763545
260,rho_b,0.000592,0.0005950382093116551,3.03820931165516e-06,0.513211031507272
261,rho_b,0.000556,0.0005589341150611393,2.934115061139337e-06,0.5277185352270057
262,rho_b,0.000504,0.0005139235149179887,9.92351491798868e-06,1.9689513687101519
263,rho_b,0.000644,0.0006506645053886225,6.66450538862242e-06,1.0348610835828895
264,rho_b,0.000648,0.0006490142779665395,1.0142779665394622e-06,0.15652437731083618
265,rho_b,0.00088,0.000880327987056973,3.2798705697299323e-07,0.03727125643185007
266,rho_b,0.000936,0.0009411557853103139,5.1557853103139165e-06,0.5508317633339315
268,rho_b,0.000856,0.0008706475387668738,1.464753876687379e-05,1.7111610688974508
271,rho_b,0.000952,0.0009598698630855509,7.869863085550812e-06,0.8266662896306879
272,rho_b,0.000974,0.000980996517887904,6.996517887904001e-06,0.7183283245093139
274,rho_b,0.000992,0.000999626346564613,7.6263465646128886e-06,0.768784935173895
275,rho_b,0.00101,0.0010268807223211697,1.6880722321169607e-05,1.6713586440055466
276,rho_b,0.00162,0.0016314466090268528,1.1446609026852846e-05,0.706580803690558
277,rho_b,0.00156,0.0015743064863760847,1.430648637608476e-05,0.9170824594175601
279,rho_b,0.00144,0.0014492167103183954,9.21671031839529e-06,0.6400493272218609
280,rho_b,0.00148,0.0014834447800067708,3.444780006770778e-06,0.23275540570562325
283,rho_b,0.00143,0.0014206676793530725,9.332320646927546e-06,0.6526098349931082
285,rho_b,0.00122,0.0012273314090184826,7.3314090184826725e-06,0.6009351649568296
287,rho_b,0.00102,0.001016412065153859,3.587934846141028e-06,0.35175831790425927
289,rho_b,0.000771,0.0007741018075418788,3.1018075418787813e-06,0.4023096676855622
292,rho_b,0.000569,0.0005597908574041096,9.209142595890322e-06,1.6184784850097607
294,rho_b,0.000892,0.0008779265433950188,1.4073456604981227e-05,1.5777417700901133
295,rho_b,0.000944,0.0009450516152891065,1.051615289106517e-06,0.11139992457547858
296,rho_b,0.000985,0.0009856004424376931,6.004424376931591e-07,0.06095862305416984
297,rho_b,0.000989,0.000985283370482866,3.7166295171341297e-06,0.3757967152048698
298,rho_b,0.001115,0.0011105337110391402,4.466288960859859e-06,0.4005640320048626
299,rho_b,0.001316,0.001324448780749518,8.44878074951808e-06,0.6420046157369328
300,rho_b,0.001206,0.0011974323020050937,8.567697994906354e-06,0.7104227187232278
301,rho_b,0.001312,0.0013124998344581562,4.998344581561617e-07,0.038097138549938285
303,rho_b,0.001397,0.0013831958786797035,1.3804121320296547e-05,0.9881260780540648
305,rho_b,0.001456,0.0014866598325215079,3.065983252150783e-05,2.105757726679276
306,rho_b,0.001537,0.0015372765128186068,2.765128186068156e-07,0.01799042410064485
308,rho_b,0.001665,0.001648626090502712,1.637390949728811e-05,0.9834179872344703
310,rho_b,0.001831,0.001841022522187491,1.0022522187491103e-05,0.5473796931740746
312,rho_b,0.000647,0.000650004454857101,3.0044548571010136e-06,0.4643670560212277
314,rho_b,0.000798,0.0008035106567356931,5.510656735693083e-06,0.6905584873167291
315,rho_b,0.000861,0.0008711015390975278,1.0101539097527785e-05,1.1732333432979618
316,rho_b,0.000892,0.0009008866456522938,8.886645652293832e-06,0.9962607222344423
317,rho_b,0.000926,0.0009299151004840794,3.9151004840794505e-06,0.42279702806171493
318,rho_b,0.00108,0.0010822967385093328,2.296738509332836e-06,0.2126609728894654
319,rho_b,0.0011,0.0011036748770786346,3.6748770786344982e-06,0.33407973411760916
320,rho_b,0.00128,0.001271691933457664,8.308066542336151e-06,0.6490676981129276
321,rho_b,0.00131,0.0013183813622318795,8.381362231879488e-06,0.6397986431665268
323,rho_b,0.00155,0.0015344028966143967,1.5597103385603254e-05,1.0062647339058457
324,rho_b,0.00167,0.0017127030162260037,4.270301622600367e-05,2.5570668383492814
325,rho_b,0.00208,0.002057909588717613,2.2090411282386837e-05,1.06203900345031
326,rho_b,0.00216,0.002139410198700212,2.0589801299787918e-05,0.9532315412155371
328,rho_b,0.00203,0.002048471020954941,1.8471020954940846e-05,0.9099025096473803
329,rho_b,0.00227,0.0022511916103270845,1.8808389672915395e-05,0.8285634213493287
331,rho_b,0.00198,0.0019565673848662172,2.3432615133782767e-05,1.1834654101993995
333,rho_b,0.0022,0.002194151448731041,5.848551268959005e-06,0.26584323937729876
334,rho_b,0.00227,0.002291306450266169,2.1306450266168984e-05,0.9386101434706116
335,rho_b,0.00215,0.0021461123414174216,3.8876585825783905e-06,0.18082132933814776
337,rho_b,0.001892,0.0019037916695635716,1.1791669563571616e-05,0.6232383486965768
339,rho_b,0.00167,0.0016806295511662258,1.0629551166225788e-05,0.6365000694527417
340,rho_b,0.001614,0.0016369490780825044,2.294907808250441e-05,1.4218759645777974
341,rho_b,0.00162,0.0016196480105261782,3.5198947382166813e-07,0.02172774528422165
342,rho_b,0.00051,0.0005165355542868751,6.5355542868750834e-06,1.2814812302078962
343,rho_b,0.000512,0.000528088925815057,1.6088925815057036e-05,3.1423683171158894
344,rho_b,0.000528,0.0005316335016055526,3.633501605552515e-06,0.6881631815664552
345,rho_b,0.000555,0.00056694184155736,1.1941841557359945e-05,2.1516831596113715
346,rho_b,0.00056,0.0005589026269586742,1.097373041325728e-06,0.19595947131538097
347,rho_b,0.000558,0.0005609379695972125,2.9379695972124717e-06,0.5265178480192282
348,rho_b,0.000543,0.0005510540410425517,8.054041042551696e-06,1.4832488080514197
349,rho_b,0.000604,0.0006034587156499583,5.412843500417295e-07,0.08961661409694757
350,rho_b,0.000779,0.0007866053648765879,7.605364876587975e-06,0.9762984424679064
352,rho_b,0.00111,0.001110083765596742,8.376559674193318e-08,0.0075464501501323125
353,rho_b,0.00119,0.0011825828990661368,7.417100933863278e-06,0.6232857922378504
354,rho_b,0.00112,0.001120113130204016,1.1313020401612466e-07,0.010100911063849603
355,rho_b,0.000981,0.000990795271361113,9.795271361112993e-06,0.9984986086776765
356,rho_b,0.000957,0.0009659160336561562,8.916033656156293e-06,0.931664957872481
357,rho_b,0.000901,0.0009176632568309432,1.6663256830943217e-05,1.8494180701941216
358,rho_b,0.000857,0.0008686789274952631,1.1678927495263093e-05,1.3627686676354034
359,rho_b,0.000805,0.0007990960187641004,5.903981235899636e-06,0.7334138172131053
360,rho_b,0.00104,0.0010385876833690862,1.4123166309136601e-06,0.13579967591881378
362,rho_b,0.00148,0.0014804804441816647,4.804441816647249e-07,0.03246244468514192
363,rho_b,0.00116,0.0011646216162054033,4.621616205403335e-06,0.3984151897775158
365,rho_b,0.0013,0.0012766718962169202,2.3328103783079764e-05,1.7944695203950054
366,rho_b,0.00082,0.0008320142508120908,1.2014250812090793e-05,1.4651525362730815
367,rho_b,0.00119,0.001183189164414393,6.810835585607106e-06,0.5723391243599759
368,rho_b,0.000961,0.000964920973083993,3.920973083992971e-06,0.40800968573495044
369,rho_b,0.000896,0.0009033746273014952,7.374627301495241e-06,0.8230610818375703
371,rho_b,0.000832,0.000832175960821676,1.7596082167606417e-07,0.021149137195261156
372,rho_b,0.000761,0.0007617064309287954,7.064309287954174e-07,0.09282929406926735
373,rho_b,0.000746,0.0007431881427586983,2.8118572413017313e-06,0.37692456267191493
374,rho_b,0.000607,0.0006104399827160933,3.4399827160933342e-06,0.5667187331838792
376,rho_b,0.00052,0.0005199751114638643,2.488853613567127e-08,0.0047862569399632115
378,rho_b,0.000515,0.0005212567741114476,6.256774111447526e-06,1.2149075920967864
380,rho_b,0.000505,0.0004950995813058622,9.900418694137815e-06,1.9604789454520841
381,rho_b,0.00053,0.000524920305898237,5.079694101763001e-06,0.9584328475808817
382,rho_b,0.000325,0.00032352349736328807,1.4765026367119126e-06,0.4543085022057931
385,rho_b,0.00049,0.0004865654973495132,3.434502650486793e-06,0.7009189068321642
386,rho_b,0.00053,0.0005234771657939719,6.5228342060280565e-06,1.2307234327775136
387,rho_b,0.0005,0.0004944652898777791,5.5347101222208645e-06,1.1069420222302888
388,rho_b,0.000385,0.0003871121683306068,2.112168330606801e-06,0.5486151493819869
390,rho_b,0.000505,0.0005037400489465522,1.2599510534477831e-06,0.24949525761442187
392,rho_b,0.000528,0.0005346162004398831,6.616200439883094e-06,1.2530682627561385
393,rho_b,0.00062,0.000616525924119072,3.474075880928007e-06,0.5603348186007514
394,rho_b,0.000731,0.0007376528471291608,6.652847129160768e-06,0.9101022052065316
395,rho_b,0.000765,0.0007637004852079093,1.2995147920906447e-06,0.169871214430318
396,rho_b,0.000875,0.0008750110245923817,1.1024592381689811e-08,0.0012599534136103173
397,rho_b,0.000907,0.0009194389031236074,1.2438903123607398e-05,1.3714336394589923
398,rho_b,0.000988,0.0009918330239716393,3.833023971639305e-06,0.3879578914736565
399,rho_b,0.00107,0.0010618548129957782,8.14518700422177e-06,0.7612324295896679
400,rho_b,0.000727,0.0007229546153909525,4.0453846090474565e-06,0.5564490513731728
401,rho_b,0.000656,0.0006615481633917709,5.548163391770893e-06,0.8457566133099583
402,rho_b,0.000744,0.0007434311922109373,5.688077890626895e-07,0.07645265971749501
403,rho_b,0.000736,0.0007430329341334581,7.032934133458109e-06,0.9555617016171865
404,rho_b,0.000754,0.0007692452451592228,1.5245245159222777e-05,2.021915800928862
405,rho_b,0.000791,0.0007958448790065006,4.844879006500559e-06,0.6125005057364795
406,rho_b,0.000828,0.0008423125956032942,1.4312595603294272e-05,1.728574346136296
407,rho_b,0.000873,0.0008806737148657556,7.6737148657556e-06,0.8790051382549311
408,rho_b,0.000532,0.0005342347880417002,2.2347880417001925e-06,0.42007293937959833
409,rho_b,0.000487,0.00048192174681655007,5.078253183449948e-06,1.0427624585261446
410,rho_b,0.000505,0.0004999271752988118,5.072824701188262e-06,1.0045197408204087
411,rho_b,0.000427,0.0004383119895006646,1.131198950066458e-05,2.6491778628039344
412,rho_b,0.00061,0.0006049761381600139,5.0238618399860374e-06,0.8235839068442948
413,rho_b,0.000702,0.000694264174754342,7.735825245658084e-06,1.1019694066436452
414,rho_b,0.000622,0.000609967870423267,1.203212957673306e-05,1.9344259738567202
415,rho_b,0.000668,0.0006559394897287362,1.2060510271263763e-05,1.8054656067678305
416,rho_b,0.000546,0.0005524542055793168,6.454205579316729e-06,1.1820889317757948
417,rho_b,0.000561,0.0005673066374964439,6.306637496443957e-06,1.1241778048488733
418,rho_b,0.000786,0.0007956218156476169,9.621815647616852e-06,1.224149571930707
419,rho_b,0.000613,0.0006095378810093827,3.4621189906173556e-06,0.5647828686736586
420,rho_b,0.000516,0.0005281862718677368,1.2186271867736841e-05,2.3616805899457436
421,rho_b,0.000649,0.0006507352374391872,1.7352374391872314e-06,0.2673709455336706
422,rho_b,0.000722,0.0007101741683402697,1.1825831659730262e-05,1.637926820408725
423,rho_b,0.000499,0.0005023016070716938,3.301607071693846e-06,0.6616447024203205
424,rho_b,0.0007,0.0007012145382944941,1.2145382944940813e-06,0.17350547039414665
425,rho_b,0.000651,0.0006557420229520425,4.742022952042464e-06,0.7284213432808373
426,rho_b,0.000954,0.0009510170794461619,2.9829205538381334e-06,0.31267511013746146
427,rho_b,0.000818,0.0008231737181322382,5.173718132238164e-06,0.6324838784735116
428,rho_b,0.000543,0.0005481182307186425,5.11823071864257e-06,0.9425839243493058
429,rho_b,0.000755,0.0007543823815283979,6.176184716021223e-07,0.08180377096477941
430,rho_b,0.000732,0.0007354285677703648,3.428567770364776e-06,0.46838357454657653
431,rho_b,0.000601,0.0006012558941627167,2.558941627167459e-07,0.042578063609145636
432,rho_b,0.000697,0.0006936432953164879,3.356704683512104e-06,0.4815932107168109
433,rho_b,0.000734,0.0007339587191904038,4.128080959616559e-08,0.005624088493177753
434,rho_b,0.000628,0.0006352799257959743,7.279925795974289e-06,1.15922385101625
435,rho_b,0.000569,0.0005752717499273431,6.271749927343174e-06,1.1022407585800995
436,rho_b,0.000874,0.0008707676621601055,3.2323378398944457e-06,0.3698327043702653
437,rho_b,0.00083,0.0008376854699676694,7.685469967669387e-06,0.925960235952986
438,rho_b,0.000704,0.0007117446175195352,7.744617519535248e-06,1.1000877142804504
439,rho_b,0.000607,0.0006112109855988513,4.210985598851274e-06,0.6937373298045965
440,rho_b,0.000787,0.0007872932994423829,2.9329944238284163e-07,0.037268035833565596
441,rho_b,0.00066,0.0006615028904798424,1.5028904798424381e-06,0.2277106784189896
442,rho_b,0.00117,0.0011814451720254943,1.1445172025494228e-05,0.9782198304027375
443,rho_b,0.000939,0.0009421101755841035,3.1101755841035335e-06,0.33122210658054446
444,rho_b,0.000976,0.0009691121955711827,6.887804428817304e-06,0.7057176661639475
445,rho_b,0.000927,0.0009215712274233852,5.4287725766148e-06,0.5856281090354389
446,rho_b,0.000892,0.0008847687676364655,7.231232363534459e-06,0.8106762730300108
447,rho_b,0.000793,0.0007878453953735291,5.154604626470905e-06,0.6500131929345238
448,rho_b,0.000403,0.0004162740737125949,1.3274073712594915e-05,3.2938148088478334
449,rho_b,0.00067,0.0006732509977726629,3.2509977726628836e-06,0.4852235474344251
450,rho_b,0.000663,0.0006654315893292159,2.4315893292159657e-06,0.36675555438135904
451,rho_b,0.000344,0.00035833038699163125,1.4330386991631239e-05,4.165810159875912
452,rho_b,0.000357,0.0003664422162433106,9.442216243310607e-06,2.644878492118157
453,rho_b,0.000512,0.0005326144099470377,2.061440994703776e-05,4.026251934917039
454,rho_b,0.0006,0.0006024811612754051,2.4811612754051726e-06,0.413526878544984
455,rho_b,0.000523,0.0005311979174140327,8.197917414032698e-06,1.5674794260722569
456,rho_b,0.000709,0.0007090313064064479,3.1306406447903154e-08,0.004415572130288778
457,rho_b,0.000482,0.00048646812634569063,4.468126345690622e-06,0.9269971652325001
458,rho_b,0.00073,0.00072806596426898,1.934035731020016e-06,0.26493640114666467
459,rho_b,0.000675,0.0006738383713088142,1.1616286911858738e-06,0.17209313917999144
460,rho_b,0.000494,0.0004998318074714481,5.8318074714480824e-06,1.1805278258386245
461,rho_b,0.000622,0.000611091464173666,1.0908535826334052e-05,1.753783892089423
462,rho_b,0.000532,0.0005352928268547964,3.2928268547963374e-06,0.6189524151516566
463,rho_b,0.00059,0.000595990256495171,5.990256495171011e-06,1.0152977093250906
464,rho_b,0.00044,0.0004456987355183318,5.698735518331786e-06,1.2951671603136623
465,rho_b,0.000541,0.0005415662267783247,5.66226778324656e-07,0.10466299025471831
486,rho_b,0.00145,0.0014637910420179923,1.3791042017992361e-05,0.9511063454125034
487,rho_b,0.00115,0.0011555407866360194,5.540786636019403e-06,0.4818075331479415
488,rho_b,0.00106,0.0010619714975205442,1.971497520544211e-06,0.18599033195134979
489,rho_b,0.000928,0.0009225683160775172,5.431683922482852e-06,0.5853107668782052
490,rho_b,0.000824,0.0008333728546677669,9.372854667766902e-06,1.1374823612126308
491,rho_b,0.000691,0.000695754004532661,4.754004532660965e-06,0.6879890775370585
492,rho_b,0.000664,0.0006670847919020052,3.0847919020052196e-06,0.4645770929758206
493,rho_b,0.00173,0.001724293681725908,5.706318274092048e-06,0.32984498675107504
494,rho_b,0.00124,0.0012358550687917608,4.144931208239187e-06,0.3342686455561694
495,rho_b,0.000985,0.0009849525107841588,4.7489215841212476e-08,0.0048212401820304646
496,rho_b,0.000687,0.0006937501015832435,6.750101583243473e-06,0.982547536159825
497,rho_b,0.000718,0.0007154689951926123,2.5310048073877304e-06,0.3525076328499518
498,rho_b,0.000664,0.0006676953818545419,3.695381854541867e-06,0.5565334109904417
499,rho_b,0.00193,0.0018819007009910364,4.8099299008963654e-05,2.492191657204235
500,rho_b,0.00132,0.0013152726407375552,4.727359262444823e-06,0.3581332771866281
501,rho_b,0.00119,0.0011964951830860668,6.495183086066732e-06,0.545813704252823
502,rho_b,0.000934,0.0009314429337419968,2.557066258003244e-06,0.27377583032821046
503,rho_b,0.000702,0.0006992661851926413,2.733814807358726e-06,0.38943230818581237
504,rho_b,0.000694,0.0006977560149689698,3.7560149689697987e-06,0.541212530771999
505,rho_b,0.00171,0.0017283991903169873,1.839919031698732e-05,1.0759760412998574
506,rho_b,0.00152,0.0015156985653008931,4.301434699106963e-06,0.2829891247550705
507,rho_b,0.00117,0.0011764836931935554,6.483693193555344e-06,0.5541618109413441
508,rho_b,0.00101,0.0010124706834761688,2.47068347616875e-06,0.24462212611114142
509,rho_b,0.000847,0.0008418815025079209,5.118497492079136e-06,0.6043090302285768
510,rho_b,0.000687,0.0006940715881277163,7.071588127716328e-06,1.0293432485331726
511,rho_b,0.00171,0.0017241613288675847,1.4161328867584805e-05,0.8281478865089665
512,rho_b,0.00114,0.0011397472574076603,2.52742592339681e-07,0.022170402817366403
513,rho_b,0.00126,0.001259640594543224,3.594054567761327e-07,0.028524242578642084
514,rho_b,0.000953,0.0009507346898647943,2.265310135205704e-06,0.2377030569599867
515,rho_b,0.000944,0.0009454092130743316,1.4092130743316835e-06,0.14928104585157553
516,rho_b,0.000809,0.0008176982741004022,8.698274100402115e-06,1.0751883917985452
517,rho_b,0.000644,0.0006485541691763541,4.554169176354062e-06,0.7071691256649644
518,rho_b,0.000795,0.0007991235169792592,4.1235169792591805e-06,0.5186813803864612
519,rho_b,0.000764,0.0007605362545527604,3.4637454472396254e-06,0.4533698223437077
520,rho_b,0.000794,0.0008007553821909338,6.755382190933848e-06,0.8508038013130742
521,rho_b,0.000791,0.0007938159062348338,2.8159062348337904e-06,0.3559932024366445
522,rho_b,0.000869,0.0008730660819676825,4.066081967682477e-06,0.46790356306138564
523,rho_b,0.00086,0.0008683743351554688,8.37433515546882e-06,0.973759900666421
524,rho_b,0.000849,0.0008534669417717084,4.466941771708315e-06,0.5261415508182449
525,rho_b,0.000989,0.0009866049840183508,2.395015981649252e-06,0.24216541751542947
526,rho_b,0.000989,0.0009868719981869247,2.12800181307541e-06,0.2151670182936036
527,rho_b,0.00127,0.0012687093099929421,1.2906900070579295e-06,0.10162913433398725
528,rho_b,0.00209,0.002109483973868432,1.9483973868432338e-05,0.9322475530674577
529,rho_b,0.0019,0.0018932603565158035,6.739643484196447e-06,0.35471807792890875
530,rho_b,0.00129,0.0012785978480028843,1.1402151997115615e-05,0.8838877510292045
531,rho_b,0.00129,0.001283589337141736,6.410662858263817e-06,0.49695060878250474
532,rho_b,0.000733,0.0007364589370053136,3.4589370053135287e-06,0.47188772177280375
533,rho_b,0.000933,0.0009444392753584898,1.1439275358489831e-05,1.22607452799883
534,rho_b,0.0012,0.0012091792179225063,9.17921792250643e-06,0.7649348262380903
535,rho_b,0.000929,0.0009347496912359717,5.749691235971662e-06,0.6189118654233092
536,rho_b,0.000675,0.0006783846388332223,3.3846388332222635e-06,0.5014279745493309
537,rho_b,0.000548,0.000554641461266903,6.641461266902976e-06,1.2119454844495476
538,rho_b,0.00161,0.0016285697829035762,1.8569782903576134e-05,1.153402664101994
539,rho_b,0.00151,0.0015203903348819832,1.0390334881983133e-05,0.688101647357756
540,rho_b,0.00084,0.0008459723040734805,5.972304073480509e-06,0.7109885793298361
541,rho_b,0.00117,0.0011724407931057714,2.440793105771416e-06,0.20861479518677506
542,rho_b,0.00124,0.0012144821343823067,2.5517865617693267e-05,2.0578923868640597
543,rho_b,0.00134,0.0013219149245765312,1.8085075423468835e-05,1.3496324932815307
544,rho_b,0.00127,0.0012746006303987099,4.600630398709799e-06,0.3622543618178941
545,rho_b,0.000859,0.000869467040934437,1.0467040934437053e-05,1.2185146591678588
546,rho_b,0.00106,0.0010552093592765676,4.790640723432386e-06,0.45194723763329375
547,rho_b,0.00104,0.0010279369065154223,1.2063093484577592e-05,1.159912833940237
548,rho_b,0.000889,0.000877524071198147,1.1475928801853077e-05,1.2908806286776457
549,rho_b,0.000671,0.0006704611163527371,5.38883647262906e-07,0.08031052853350235
550,rho_b,0.000806,0.0008052730571562907,7.269428437092947e-07,0.09019141970314895
551,rho_b,0.000953,0.0009539958508308146,9.958508308146024e-07,0.10449641445641535
553,rho_b,0.000577,0.0005769460792620991,5.3920737900928564e-08,0.009345015217933867
554,rho_b,0.000475,0.0004887201983290318,1.3720198329031797e-05,2.888462800030983
555,rho_b,0.000685,0.0006637953983389131,2.1204601661086874e-05,3.095562281770986
556,rho_b,0.00043,0.0004340176345965676,4.017634596567609e-06,0.9343336249358773
557,rho_b,0.00042,0.0004233121917366243,3.312191736624297e-06,0.7886170782709824
558,rho_b,0.00044,0.0004321471560601085,7.852843939891527e-06,1.784737255010035
559,rho_b,0.000415,0.00041309083901829615,1.9091609817038497e-06,0.46003878966348477
560,rho_b,0.00042,0.00041274576175614753,7.254238243852484e-06,1.727199577757259
561,rho_b,0.00048,0.00047143520475297746,8.564795247022552e-06,1.7843323394123394
562,rho_b,0.00039,0.0003870680683676695,2.931931632330488e-06,0.7517773396955678
564,rho_b,0.00047,0.00048101139352809503,1.1011393528095046e-05,2.342849681843947
565,rho_b,0.000465,0.00047548957729372584,1.0489577293725817e-05,2.255823069068298
566,rho_b,0.000445,0.00044575791904411866,7.579190441186871e-07,0.17031888593606703
567,rho_b,0.00041,0.0004140932242281581,4.093224228158112e-06,0.9983473702864971
568,rho_b,0.00046,0.00046404933673421176,4.049336734211751e-06,0.8802905924801836
569,rho_b,0.0004,0.00040221011075486065,2.210110754860626e-06,0.5525276873338373
570,rho_b,0.000395,0.0003938774824300402,1.1225175699598115e-06,0.28418166256151767
571,rho_b,0.000375,0.00037330097597779047,1.6990240222095401e-06,0.4530730713810158
572,rho_b,0.000335,0.00034475583976030424,9.755839760304226e-06,2.912190964532035
573,rho_b,0.00046,0.00046947097256262314,9.47097256262313e-06,2.0589070743552305
574,rho_b,0.00051,0.0005117513524089044,1.7513524089043898e-06,0.34340243244516966
576,rho_b,0.000525,0.0005283176207297943,3.3176207297943563e-06,0.631927756852396
577,rho_b,0.0005,0.00049699535420724,3.004645792760007e-06,0.6009291573501431
578,rho_b,0.0005,0.0004863593369268033,1.3640663073196703e-05,2.7281326091830755
579,rho_b,0.000495,0.0004913223919365915,3.677608063408543e-06,0.7429511224200064
580,rho_b,0.00049,0.0004886696743060211,1.3303256939788555e-06,0.27149503903345007
581,rho_b,0.000405,0.0004048868934695598,1.1310653044016702e-07,0.02792753831133127
582,rho_b,0.000385,0.0003842238514484778,7.761485515221786e-07,0.2015970258457684
583,rho_b,0.0005,0.0004963216173838694,3.6783826161306335e-06,0.7356765217547736
584,rho_b,0.00037,0.00038003552540636146,1.0035525406361465e-05,2.7123041565509256
585,rho_b,0.00052,0.0005339378765052256,1.3937876505225604e-05,2.680360861234999
586,rho_b,0.00046,0.0004695531050968253,9.553105096825267e-06,2.0767619730560103
587,rho_b,0.000415,0.0004187326153378914,3.7326153378913697e-06,0.8994253804571364
588,rho_b,0.000415,0.0004180609565242958,3.0609565242957926e-06,0.7375798835951792
589,rho_b,0.000405,0.0004088007746345672,3.8007746345671955e-06,0.9384628704154486
590,rho_b,0.00028,0.0003065576347535756,2.6557634753575626e-05,9.484869520973906
591,rho_b,0.00058,0.0005767149131747093,3.2850868252906704e-06,0.5663942792459875
592,rho_b,0.00051,0.0005063495475324962,3.650452467503793e-06,0.7157749922247143
593,rho_b,0.00056,0.0005508268570935451,9.173142906454806e-06,1.6380612303703919
595,rho_b,0.000924,0.000933913292325201,9.913292325201004e-06,1.0728671336009017
596,rho_b,0.000721,0.000721834480716312,8.344807163120386e-07,0.11573935022949308
597,rho_b,0.000719,0.0007177664037453922,1.2335962546078686e-06,0.17157110610461163
598,rho_b,0.000678,0.000683529399714933,5.529399714933022e-06,0.8155456794657175
599,rho_b,0.000803,0.0008027566919414923,2.433080585076625e-07,0.030299882715400208
600,rho_b,0.000704,0.0007100716062449996,6.071606244999585e-06,0.8624440676669239
601,rho_b,0.000627,0.0006324210971100202,5.421097110020249e-06,0.8646087880979524
602,rho_b,0.000731,0.0007409924942820205,9.992494282020487e-06,1.3669622802121566
603,rho_b,0.00052,0.0005292519212627884,9.251921262788437e-06,1.7792156240377466
604,rho_b,0.000526,0.000532262392644756,6.262392644756053e-06,1.190568941606533
605,rho_b,0.000496,0.000494582576333369,1.4174236666310508e-06,0.28577089995430277
606,rho_b,0.000448,0.0004612966425641612,1.3296642564161211e-05,2.968000565732412
607,rho_b,0.000378,0.00038595501442747565,7.955014427475627e-06,2.1045011657223847
608,rho_b,0.000384,0.0003920592101099464,8.059210109946408e-06,2.098752627333042
609,rho_b,0.000475,0.00048058542094986433,5.58542094986433e-06,1.1758780922327472
610,rho_b,0.000609,0.0006064349425683506,2.5650574316493343e-06,0.42119169580253163
611,rho_b,0.00043,0.00044572113738079814,1.572113738079815e-05,3.656078452148225
612,rho_b,0.000498,0.0004980202515048479,2.0251504847970496e-08,0.004066567230382495
613,rho_b,0.000459,0.00047628219982452885,1.728219982452886e-05,3.765185138753161
614,rho_b,0.000786,0.0007870384532216958,1.0384532216958222e-06,0.1321187303275617
615,rho_b,0.000613,0.0006099305373443429,3.069462655657133e-06,0.5007280017373332
616,rho_b,0.00062,0.0006089009446191532,1.109905538084681e-05,1.7901702198298561
617,rho_b,0.000565,0.000567124570719902,2.1245707199020513e-06,0.3760302152463273
618,rho_b,0.000437,0.00044552094915876485,8.520949158764856e-06,1.949873944912155
619,rho_b,0.000569,0.0005712608749368232,2.2608749368232097e-06,0.3973418159665715
620,rho_b,0.000963,0.0009631894050851208,1.8940508512076907e-07,0.019668233117766016
621,rho_b,0.00077,0.0007589544810340819,1.1045518965918091e-05,1.4344829807238002
622,rho_b,0.000569,0.0005728477389364221,3.847738936422107e-06,0.6762282828927636
623,rho_b,0.000782,0.0007850482879922083,3.048287992208276e-06,0.3898066481215101
624,rho_b,0.000769,0.0007570956489195114,1.1904351080488655e-05,1.5480300474653257
625,rho_b,0.000703,0.0006949390414029238,8.060958597076121e-06,1.1466512924053498
626,rho_b,0.000875,0.0008752315906315872,2.3159063158720902e-07,0.026467500722575314
627,rho_b,0.000695,0.0006971172759756475,2.117275975647547e-06,0.30464402483469166
628,rho_b,0.000768,0.0007608916216616286,7.1083783383714015e-06,0.9255700949369402
629,rho_b,0.000614,0.0006163430376945445,2.3430376945445626e-06,0.3816022297603486
630,rho_b,0.000691,0.000693413246611239,2.413246611238963e-06,0.3492397406290254
631,rho_b,0.000645,0.000647804742031042,2.8047420310419943e-06,0.43484372506876856
632,rho_b,0.001985,0.0019299771685352485,5.5022831464751273e-05,2.771931054762316
633,rho_b,0.001384,0.001379419496111429,4.580503888570965e-06,0.33096126338593584
634,rho_b,0.000996,0.0009914762874454815,4.523712554518411e-06,0.4541880070257562
635,rho_b,0.000867,0.0008683415133365804,1.3415133365803555e-06,0.15473048846978668
636,rho_b,0.000642,0.0006502356443723801,8.235644372380098e-06,1.2828106479052948
637,rho_b,0.000568,0.0005754303802388062,7.430380238806155e-06,1.308165532697975
638,rho_b,0.002019,0.002062055480932597,4.3055480932596875e-05,2.132515151623166
639,rho_b,0.001283,0.001279684965983236,3.3150340167640603e-06,0.2583814508324431
640,rho_b,0.000997,0.0010078735661567437,1.0873566156743668e-05,1.0906285000839901
641,rho_b,0.000832,0.0008417041770383691,9.704177038369127e-06,1.1663674310944054
642,rho_b,0.000869,0.00086938872833603,3.8872833602997953e-07,0.04473283493471245
643,rho_b,0.001865,0.0018448918860744094,2.010811392559055e-05,1.0781830517323712
644,rho_b,0.001528,0.0015249927164901894,3.0072835098106463e-06,0.19681174789545344
645,rho_b,0.001026,0.0010346308958540755,8.630895854075523e-06,0.8412179186806379
646,rho_b,0.000877,0.0008820042355267934,5.004235526793457e-06,0.5706083832482752
647,rho_b,0.000801,0.000801284326648599,2.8432664859903787e-07,0.03549646045494048
648,rho_b,0.001662,0.0016551964410295536,6.803558970446422e-06,0.40935974526791963
649,rho_b,0.001455,0.0014779422018844132,2.2942201884413238e-05,1.5767836335838765
650,rho_b,0.001038,0.0010269425782082342,1.1057421791765875e-05,1.065262213980082
651,rho_b,0.000763,0.0007599631880313122,3.036811968687805e-06,0.39800943180966064
652,rho_b,0.000561,0.0005708303452926415,9.830345292641545e-06,1.7522897103598303
684,rho_b,0.00045,0.00046097812360805567,1.0978123608055678e-05,2.4395830185910774
685,rho_b,0.00053,0.000540405194803646,1.0405194803645985e-05,1.9632442988704797
686,rho_b,0.00062,0.0006197245036064338,2.7549639356621875e-07,0.0444349021164306
687,rho_b,0.00064,0.0006538652033527684,1.3865203352768384e-05,2.1664380204850007
688,rho_b,0.00076,0.0007598908851526665,1.0911484733355618e-07,0.014357216735524212
689,rho_b,0.000625,0.000644080825641795,1.9080825641794937e-05,3.0529320978024983
690,rho_b,0.00054,0.0005423182340133779,2.318234013377863e-06,0.4293025942749698
691,rho_b,0.00082,0.000834857717919939,1.4857717919939057e-05,1.8119168172951083
692,rho_b,0.000745,0.0007487655855166803,3.7655855166802542e-06,0.5054477196813123
693,rho_b,0.00075,0.0007460722907904909,3.927709209509077e-06,0.5236945605696176
694,rho_b,0.000695,0.0006998442117071966,4.844211707196637e-06,0.6970088777304386
695,rho_b,0.00064,0.0006522878760169891,1.2287876016989024e-05,1.919980624654565
696,rho_b,0.00063,0.0006388245263014936,8.824526301493539e-06,1.4007184583311671
697,rho_b,0.000525,0.0005378468202684542,1.284682026845424e-05,2.4470133798064966
698,rho_b,0.00075,0.0007487411309379217,1.2588690620783443e-06,0.16784920805331363
699,rho_b,0.00075,0.0007460348930688296,3.965106931170387e-06,0.5286809234511437
700,rho_b,0.00075,0.0007449822933529749,5.017706647025139e-06,0.6690275520446484
701,rho_b,0.00055,0.0005619403286856743,1.194032868567427e-05,2.17096884799356
702,rho_b,0.00045,0.00046475315909460336,1.4753159094603376e-05,3.2784797915152395
703,rho_b,0.000695,0.0007031498289472339,8.149828947233927e-06,1.1726372569075618
704,rho_b,0.00075,0.0007462172542655094,3.7827457344905696e-06,0.5043660972595878
705,rho_b,0.00068,0.0006886967526746426,8.696752674642542e-06,1.2789342149784115
706,rho_b,0.000615,0.0006204557550514318,5.4557550514317725e-06,0.8871146410667685
707,rho_b,0.00061,0.0006099332544291121,6.674557088786042e-08,0.01094189684892483
708,rho_b,0.00055,0.0005614857047429055,1.1485704742905515e-05,2.088309949458621
709,rho_b,0.00121,0.0012077483347474748,2.2516652525251483e-06,0.18608803724498083
710,rho_b,0.000655,0.0006652004386617982,1.0200438661798214e-05,1.5573188772862634
711,rho_b,0.00075,0.0007428650284909433,7.13497150905669e-06,0.9513295332724526
712,rho_b,0.000645,0.0006578133767103114,1.2813376710311465e-05,1.9865700295264752
713,rho_b,0.00062,0.0006199223160037014,7.768399629863934e-08,0.012529676802152027
714,rho_b,0.00065,0.0006549590507528094,4.959050752809417e-06,0.7629308838738628
715,rho_b,0.00061,0.0006103491093995841,3.4910939958408393e-07,0.057231049018323515
716,rho_b,0.000545,0.0005528426676049377,7.842667604937678e-06,1.4390215762472407
717,rho_b,0.00048,0.0004886035992043824,8.603599204382386e-06,1.7924164971787961
718,rho_b,0.00187,0.0018657668282637183,4.233171736281634e-06,0.22637282000095751
719,rho_b,0.00066,0.0006677488508780529,7.748850878052933e-06,1.1740683130776137
720,rho_b,0.00064,0.0006509754457101182,1.0975445710118101e-05,1.714913389526401
721,rho_b,0.00064,0.000646810307326885,6.810307326884967e-06,1.0641105181631032
722,rho_b,0.00059,0.0005947324878804982,4.732487880498176e-06,0.8021165885554253
723,rho_b,0.000565,0.0005684967565525502,3.4967565525502843e-06,0.6188949639577584
724,rho_b,0.000535,0.0005331649409699432,1.8350590300568285e-06,0.3430016872199648
725,rho_b,0.000525,0.0005270877527066672,2.0877527066671866e-06,0.39766718146485996
726,rho_b,0.00142,0.0014239259958062458,3.9259958062457315e-06,0.27647857770992573
727,rho_b,0.00111,0.0011146531813433767,4.653181343376592e-06,0.4192055260526609
728,rho_b,0.00108,0.0010822826964770604,2.2826964770604214e-06,0.21136078471729755
729,rho_b,0.00065,0.0006523136755218798,2.3136755218798512e-06,0.3559500797415924
730,rho_b,0.00069,0.000684697516896623,5.302483103376962e-06,0.7684758109698846
731,rho_b,0.00053,0.0005334729327166939,3.4729327166939427e-06,0.6552703226681584
732,rho_b,0.00055,0.0005561885528902405,6.188552890240497e-06,1.1251914325433785
733,rho_b,0.000495,0.0004895466144402105,5.453385559789489e-06,1.1016940502570804
734,rho_b,0.000475,0.0004783540262333374,3.354026233337397e-06,0.7061107844792188
735,rho_b,0.00061,0.0006128576329898878,2.8576329898878173e-06,0.4684644238037989
736,rho_b,0.0007,0.0006980132758127108,1.9867241872891742e-06,0.2838177406358567
737,rho_b,0.00052,0.0005249226889129019,4.922688912901963e-06,0.9466709429683181
738,rho_b,0.0011,0.0011069070538781015,6.907053878101423e-06,0.6279139883474802
739,rho_b,0.00118,0.001176486363706627,3.5136362933731527e-06,0.2977657873216521
740,rho_b,0.00112,0.0011255204654442344,5.520465444234547e-06,0.4928986999379965
741,rho_b,0.0014,0.001425765048114513,2.57650481145131e-05,1.8403605782935353
743,rho_b,0.000735,0.0007445585065075801,9.558506507580133e-06,1.300477074091886
744,rho_b,0.000795,0.0008024845965769356,7.484596576935623e-06,0.9414586877384951
745,rho_b,0.000525,0.0005371769822843716,1.21769822843716e-05,2.3194251926052094
746,rho_b,0.000615,0.0006144534787704564,5.465212295436075e-07,0.08886524043170002
747,rho_b,0.000665,0.0006749032115298665,9.903211529866448e-06,1.4892047390938947
748,rho_b,0.00074,0.0007444194155336226,4.419415533622566e-06,0.597218314547349
749,rho_b,0.000665,0.0006677281019431805,2.7281019431804783e-06,0.4102408930944465
750,rho_b,0.000635,0.0006457381978441237,1.0738197844123616e-05,1.6910547759390657
751,rho_b,0.00065,0.0006562129240529221,6.212924052922085e-06,0.9558344682098062
752,rho_b,0.000495,0.0004988826196499886,3.882619649988629e-06,0.7843676044737279
753,rho_b,0.000545,0.0005557123120247001,1.0712312024700093e-05,1.965561835787977
755,rho_b,0.00128,0.001280063452101514,6.34521015137942e-08,0.004957195426892363
756,rho_b,0.00128,0.0012796237405460632,3.7625945393691615e-07,0.029395269815856516
757,rho_b,0.00118,0.0011762393987407018,3.7606012592982137e-06,0.31869502170434433
758,rho_b,0.00074,0.0007429470913826562,2.9470913826562138e-06,0.39825559171265645
759,rho_b,0.000785,0.0007900938452521165,5.093845252116523e-06,0.6488974835194329
760,rho_b,0.00077,0.0007710712083801283,1.0712083801283148e-06,0.13911797126456302
761,rho_b,0.000695,0.0007031498289472339,8.149828947233927e-06,1.1726372569075618
762,rho_b,0.000625,0.0006364696649337616,1.1469664933761543e-05,1.8351463864656126
763,rho_b,0.000625,0.0006371066183358306,1.2106618335830572e-05,1.9370589306335972
764,rho_b,0.00054,0.0005323680366744062,7.631963325593796e-06,1.4133265391593575
765,rho_b,0.00038,0.00038547985640963634,5.479856409636315e-06,1.4420674724251685
766,rho_b,0.000658,0.0006643990874302841,6.399087430284181e-06,0.9725056870150646
767,rho_b,0.00115,0.0011401590377232015,9.8409622767985e-06,0.8557358494122732
768,rho_b,0.001122,0.0011223102514698767,3.1025146987671663e-07,0.02765164613192515
769,rho_b,0.00084,0.0008436251950226524,3.6251950226523716e-06,0.4315708355162694
770,rho_b,0.00041,0.0004148282835862024,4.828283586202388e-06,1.1776301401039235
771,rho_b,0.0005,0.0004896147052177227,1.0385294782277272e-05,2.0770589523013365
772,rho_b,0.00039,0.0004001575454155157,1.0157545415515707e-05,2.604498817813005
773,rho_b,0.00039,0.0004043682331530459,1.4368233153045924e-05,3.6841623374882824
774,rho_b,0.000694,0.0006916471605568385,2.3528394431614197e-06,0.3390258558748071
775,rho_b,0.000545,0.0005543984864555808,9.398486455580767e-06,1.7244929244652913
776,rho_b,0.000743,0.0007406286784890625,2.3713215109374833e-06,0.31915498085409605
777,rho_b,0.000595,0.0005999949702787604,4.994970278760359e-06,0.8394908017420926
778,rho_b,0.000793,0.0007935462293375088,5.462293375088677e-07,0.06888137917024639
779,rho_b,0.000595,0.0006023773329020289,7.377332902028895e-06,1.2398878806100866
780,rho_b,0.000892,0.0008914160399844146,5.839600155854371e-07,0.06546636938685801
781,rho_b,0.000892,0.0008960484081835496,4.048408183549555e-06,0.4538574191716346
782,rho_b,0.000892,0.000897872933352688,5.872933352687971e-06,0.6584005993390095
783,rho_b,0.00093,0.0009248928682325202,5.1071317674798115e-06,0.5491539529019647
784,rho_b,0.00093,0.0009278251282280844,2.174871771915693e-06,0.23385717952442162
785,rho_b,0.0011,0.0010978064616426488,2.1935383573512632e-06,0.19941257775973975
786,rho_b,0.00092,0.0009224368172280344,2.436817228034351e-06,0.264871437541917
787,rho_b,0.00102,0.0010228888659763178,2.8888659763177168e-06,0.28322215426328384
788,rho_b,0.00093,0.0009402377186016813,1.023771860168127e-05,1.1008299559863408
789,rho_b,0.00093,0.0009314552753903049,1.4552753903048854e-06,0.1564812245957068
791,rho_b,0.00082,0.0008290261908511537,9.02619085115376e-06,1.1007549805056354
792,rho_b,0.000562,0.0005648720387206444,2.87203872064443e-06,0.5110389173548116
794,rho_b,0.0005988,0.0006000726037753693,1.272603775369298e-06,0.21252568023447582
795,rho_b,0.00048,0.0004877006331714231,7.700633171423086e-06,1.6042985740375209
796,rho_b,0.0009,0.0008926793776385491,7.320622361450899e-06,0.813402483701875
797,rho_b,0.00072,0.0007071551883705992,1.2844811629400868e-05,1.784001612716785
798,rho_b,0.00085,0.0008479090883210175,2.090911678982472e-06,0.24598960900265598
799,rho_b,0.0009132,0.0009129213380444367,2.7866195556332067e-07,0.03051488778560795
800,rho_b,0.001089,0.0010892744599474773,2.744599474774345e-07,0.025202933629513792
801,rho_b,0.000335,0.00034587234889264914,1.0872348892649133e-05,3.245477271699809
802,rho_b,0.0009643,0.0009575740871949441,6.725912805055894e-06,0.6974917347382533
803,rho_b,0.0010895,0.0010963098642005635,6.809864200563523e-06,0.62504490080891
804,rho_b,0.0009746,0.000967018617242181,7.581382757819032e-06,0.77789685512416
805,rho_b,0.0008125,0.0008203299847985124,7.829984798512482e-06,0.9636904355539173
806,rho_b,0.001035,0.0010452864479062098,1.0286447906209927e-05,0.993859700122834
807,rho_b,0.0008125,0.0008203299847985124,7.829984798512482e-06,0.9636904355539173
808,rho_b,0.0007757,0.000778960468191954,3.260468191954003e-06,0.420325923391871
809,rho_b,0.000884,0.0008744617533919612,9.538246608038802e-06,1.0789871716344943
810,rho_b,0.0008582,0.0008625882901613046,4.388290161304515e-06,0.5113365364939583
811,rho_b,0.0009374,0.0009359368118613575,1.4631881386425192e-06,0.1560900508941347
812,rho_b,0.0008119,0.0008245678540971798,1.2667854097179868e-05,1.5602727037291713
813,rho_b,0.0010875,0.0010928672719838705,5.367271983870584e-06,0.4935422509365666
814,rho_b,0.00094,0.0009517642082591751,1.1764208259175141e-05,1.2515115156021306
815,rho_b,0.00108,0.0010798795771984092,1.2042280159076796e-07,0.011150259396228275
818,rho_b,0.00112,0.0011143868597865837,5.613140213416197e-06,0.5011732328932558
820,rho_b,0.00107,0.0010581710462394239,1.1828953760576128e-05,1.1055096962169189
822,rho_b,0.00104,0.0010452837679447466,5.283767944746663e-06,0.5080546095832805
823,rho_b,0.001272,0.001274230022429955,2.2300224299550125e-06,0.17531622863222093
824,rho_b,0.0011809,0.0011724457180895347,8.454281910465211e-06,0.7159185285211302
825,rho_b,0.00105,0.0010437343514529867,6.265648547013275e-06,0.5967284324805706
831,rho_b,0.00098,0.0009844360221909132,4.436022190913193e-06,0.45265532514149387
834,rho_b,0.00103,0.0010246878291960998,5.312170803900259e-06,0.5157447377420205
836,rho_b,0.00112,0.001118695502955473,1.3044970445269966e-06,0.11647295030020244
838,rho_b,0.00105,0.0010584999826621297,8.499982662129755e-06,0.8095221575270984
839,rho_b,0.0009317,0.0009269354541863584,4.764545813641663e-06,0.5113819693600776
840,rho_b,0.000892,0.0008803108404278308,1.1689159572169229e-05,1.3104438967561425
841,rho_b,0.0008592,0.000866781592997283,7.581592997282999e-06,0.8824014185822842
842,rho_b,0.00105,0.0010437343514529867,6.265648547013275e-06,0.5967284324805706
843,rho_b,0.001004,0.0010080505819956426,4.050581995642668e-06,0.40344442147492277
844,rho_b,0.0008933,0.0008854590954022502,7.84090459774974e-06,0.877745951972717
845,rho_b,0.001156,0.0011431487048722676,1.2851295127732287e-05,1.111703729811008
846,rho_b,0.0011046,0.0011001274479509385,4.4725520490615685e-06,0.4049024121865421
847,rho_b,0.00105,0.0010437343514529867,6.265648547013275e-06,0.5967284324805706
848,rho_b,0.00087,0.0008770167079470183,7.016707947018271e-06,0.8065181539026539
849,rho_b,0.0009132,0.0009129213380444367,2.7866195556332067e-07,0.03051488778560795
850,rho_b,0.0025997,0.0025911755596589392,8.524440341060695e-06,0.3279009246367537
851,rho_b,0.0005199,0.0005235272994677265,3.6272994677265203e-06,0.6976917600980194
852,rho_b,0.00055,0.0005556411861604696,5.641186160469549e-06,1.0256702091296086
853,rho_b,0.00045,0.00045745064452079826,7.450644520798268e-06,1.6556987787202846
854,rho_b,0.0006701,0.0006769216041594775,6.8216041594775e-06,1.0179979330394748
855,rho_b,0.00073,0.0007220749151452049,7.925084854795055e-06,1.0856280608135307
856,rho_b,0.0007399,0.0007384341465224047,1.4658534775953197e-06,0.19811507982351248
857,rho_b,0.0007501,0.0007473234012111965,2.7765987888034955e-06,0.3701638161714248
858,rho_b,0.00087,0.0008623812729513596,7.618727048640402e-06,0.8757157517107178
859,rho_b,0.00085,0.0008415994711325518,8.400528867448195e-06,0.9882975126547318
860,rho_b,0.0008698,0.0008675885845477513,2.2114154522486764e-06,0.2542441308009008
861,rho_b,0.0009746,0.000967018617242181,7.581382757819032e-06,0.77789685512416
862,rho_b,0.0005093,0.0005213221833618159,1.2022183361815953e-05,2.3605307948577745
863,rho_b,0.0006825,0.0006888169308148121,6.316930814812189e-06,0.9255576271877822
864,rho_b,0.0007022,0.0006973153110625147,4.884688937485324e-06,0.6956264498047648
865,rho_b,0.0008273,0.0008314025523824328,4.10255238243284e-06,0.49589657651080316
866,rho_b,0.0008427,0.0008368268971357042,5.8731028642958465e-06,0.6969387513144012
867,rho_b,0.0011108,0.0011068391994964485,3.960800503551368e-06,0.35657188512654386
868,rho_b,0.0008854,0.0008790195217562061,6.380478243793908e-06,0.7206322833281663
869,rho_b,0.0008125,0.0008203299847985124,7.829984798512482e-06,0.9636904355539173
870,rho_b,0.0007577,0.0007578659581617135,1.6595816171348712e-07,0.02190288524408846
871,rho_b,0.0008807,0.0008698794249612543,1.0820575038745714e-05,1.2286334763778108
872,rho_b,0.0008465,0.0008396544652645168,6.8455347354832215e-06,0.8086869140456411
873,rho_b,0.0008967,0.0008967401873221355,4.018732213553842e-08,0.004481690876627803
874,rho_b,0.0008465,0.0008385743951879793,7.925604812020768e-06,0.9362793623931451
875,rho_b,0.0008281,0.0008299437363123112,1.8437363123112145e-06,0.2226465777182404
876,rho_b,0.0008868,0.0008769035828850295,9.896417114970508e-06,1.1159694523918373
877,rho_b,0.0009538,0.0009499082641879519,3.891735812048126e-06,0.40802430362422765
878,rho_b,0.0007993,0.0007961439106698096,3.1560893301904158e-06,0.39485666536242325
879,rho_b,0.00094,0.0009409633251703014,9.633251703014762e-07,0.10248140098687895
880,rho_b,0.0008854,0.0008790195217562061,6.380478243793908e-06,0.7206322833281663
881,rho_b,0.0008638,0.0008659902902756739,2.1902902756739447e-06,0.25356451413965037
882,rho_b,0.0011434,0.0011317742408447741,1.1625759155225795e-05,1.0167709589870637
883,rho_b,0.001136,0.0011300954436985647,5.904556301435408e-06,0.5197672795983922
884,rho_b,0.0011631,0.0011745040319092077,1.1404031909207713e-05,0.9804859340901774
885,rho_b,0.0011365,0.0011313689846390235,5.1310153609763955e-06,0.45147517434770296
886,rho_b,0.0011007,0.001103627825115757,2.927825115756977e-06,0.26599664877777873
887,rho_b,0.001107,0.0011033230745688808,3.6769254311190894e-06,0.3321522518335652
890,rho_b,0.00088,0.0008834601313933712,3.46013139337117e-06,0.39319674879990935
892,rho_b,0.00096,0.0009582604687361565,1.7395312638435233e-06,0.18120117312828246
893,rho_b,0.00095,0.0009451119813654112,4.888018634588757e-06,0.5145282767835235
894,rho_b,0.00094,0.0009519078431971537,1.1907843197153721e-05,1.2667918281367876
895,rho_b,0.0015,0.001506550888926313,6.550888926312899e-06,0.43672592812970934
897,rho_b,0.00145,0.0014473782004384883,2.621799561511578e-06,0.1808137627381683
898,rho_b,0.00142,0.0014232568733196014,3.2568733196014065e-06,0.22935727586674884
900,rho_b,0.00134,0.0013274031200644458,1.2596879935554244e-05,0.9400656661308646
901,rho_b,0.00128,0.0012793907265431696,6.092734568304697e-07,0.04759948877769334
902,rho_b,0.00126,0.0012783155894066105,1.831558940661041e-05,1.4536182057201767
904,rho_b,0.00108,0.0010879791643007457,7.979164300745724e-06,0.7388115086442231
906,rho_b,0.00094,0.0009519078431971537,1.1907843197153721e-05,1.2667918281367876
907,rho_b,0.01056,0.010535542436814734,2.4457563185266082e-05,0.23160571195975402
908,rho_b,0.0010703,0.0010737382711366408,3.438271136640839e-06,0.32124368246551455
909,rho_b,0.00101,0.0010269839374158418,1.698393741584171e-05,1.681577960299597
910,rho_b,0.0009132,0.0009129213380444367,2.7866195556332067e-07,0.03051488778560795
911,rho_b,0.0009646,0.0009546069911542944,9.99300884570566e-06,1.0359743764613223
912,rho_b,0.001169,0.0011735397853608635,4.5397853608636005e-06,0.38834776364243995
913,rho_b,0.0006987,0.000694459412863898,4.240587136101971e-06,0.606925308434624
914,rho_b,0.0008549,0.0008585173459414842,3.6173459414841477e-06,0.4231308851623393
915,rho_b,0.0009274,0.0009233935647200709,4.006435279929046e-06,0.4320072542170556
916,rho_b,0.0008018,0.0008058753586772737,4.075358677273731e-06,0.5082762125456435
917,rho_b,0.0010175,0.0010211622610866878,3.662261086687839e-06,0.3599273791733234
918,rho_b,0.0008125,0.0008203299847985124,7.829984798512482e-06,0.9636904355539173
919,rho_b,0.000693,0.0006971417430669635,4.141743066963469e-06,0.597654121354535
920,rho_b,0.0007231,0.0007251898366419956,2.0898366419956323e-06,0.28901073698043495
921,rho_b,0.0009192,0.0009241081089659989,4.90810896599885e-06,0.5339544126043632
922,rho_b,0.0008905,0.00088423733040982,6.262669590180003e-06,0.7032756410047442
923,rho_b,0.0008173,0.0008274770814405785,1.0177081440578559e-05,1.245207564924322
924,rho_b,0.0010289,0.0010180716248448054,1.0828375155194506e-05,1.0524225040985793
925,rho_b,0.0010175,0.0010211622610866878,3.662261086687839e-06,0.3599273791733234
927,rho_b,0.0022402,0.002220326419499254,1.987358050074611e-05,0.8871342064045518
928,rho_b,0.0018038,0.001798921639640935,4.878360359064898e-06,0.2704490717574236
929,rho_b,0.0023206,0.002278029038971274,4.2570961028725804e-05,1.8344807812798845
931,rho_b,0.0023322,0.002354952659999287,2.275265999928701e-05,0.9755878565102105
933,rho_b,0.0022441,0.0022464185584000784,2.318558400078198e-06,0.10331796261508036
934,rho_b,0.0023362,0.0023416778046431194,5.477804643119321e-06,0.2344749867637433
935,rho_b,0.0023797,0.002371358127745118,8.341872254881855e-06,0.35054302018642797
937,rho_b,0.0023878,0.002397324149763037,9.524149763037379e-06,0.39886714796250555
940,rho_b,0.0023203,0.0023148005881152116,5.499411884788384e-06,0.2370129673929343
941,rho_b,0.0026041,0.0025745853206571552,2.951467934284458e-05,1.1333927011831595
947,rho_b,0.001098,0.0011075353454927067,9.535345492706678e-06,0.8684285504574129
948,rho_b,0.0011427,0.0011305032337342955,1.2196766265704442e-05,1.0673638098390483
949,rho_b,0.0011378,0.0011298396201097978,7.960379890202193e-06,0.6996290985415629
950,rho_b,0.0011415,0.0011317742408447741,9.725759155225803e-06,0.8520156939733374
951,rho_b,0.00105217,0.0010590040038294683,6.83400382946826e-06,0.64951517558694
952,rho_b,0.00105217,0.0010586869767631154,6.516976763115299e-06,0.6193843919634142
953,rho_b,0.00106117,0.0010637048013012772,2.534801301277284e-06,0.23886854122229226
954,rho_b,0.0010714,0.0010860325988292269,1.4632598829226974e-05,1.365745642670293
955,rho_b,0.00107687,0.001085782227097731,8.912227097731054e-06,0.8276047331112397
956,rho_b,0.00108834,0.0010934558158779161,5.115815877916206e-06,0.47005677207634
957,rho_b,0.00109593,0.001097352539598284,1.422539598284079e-06,0.12980204912595317
958,rho_b,0.00110475,0.001108909603065431,4.159603065431033e-06,0.37651985170091284
959,rho_b,0.00111428,0.0011123482921288578,1.931707871142283e-06,0.17335928755866478
960,rho_b,0.00112293,0.0011251945356383205,2.264535638320459e-06,0.20166311669505912
961,rho_b,0.00113016,0.0011302158034499352,5.580344993516215e-08,0.004937659259377924
962,rho_b,0.00113916,0.001131774126384666,7.3858736153338805e-06,0.6483613898706299
963,rho_b,0.00110794,0.0011112126629237793,3.2726629237793663e-06,0.2953826850574525
964,rho_b,0.00110794,0.0011108502681157605,2.9102681157605614e-06,0.26267380121069944
965,rho_b,0.00110794,0.0011134361564783788,5.496156478378882e-06,0.4960698660052154
966,rho_b,0.00110794,0.001113746192621451,5.806192621451035e-06,0.5240529826714899
967,rho_b,0.00110794,0.0011135542163342555,5.614216334255554e-06,0.5067256646739261
968,rho_b,0.00110794,0.0011109781183355747,3.0381183355747583e-06,0.2742132545835177
969,rho_b,0.00110794,0.0011103261898042513,2.386189804251364e-06,0.21537175317234203
970,rho_b,0.00110794,0.0011095582981477895,1.6182981477895486e-06,0.1460636989664523
971,rho_b,0.00118994,0.0011877165099090355,2.223490090964538e-06,0.1868573280246033
972,rho_b,0.00119089,0.0011893947016365662,1.4952983634337978e-06,0.12556141727432288
973,rho_b,0.00119184,0.0011910405881574069,7.994118425931271e-07,0.06707375502772096
975,rho_b,0.00119279,0.001194627797053744,1.8377970537439454e-06,0.15407549126025458
976,rho_b,0.00119374,0.0011912768919286583,2.463108071341664e-06,0.20633538871766968
977,rho_b,0.00119469,0.0012013775495480618,6.6875495480618e-06,0.5597727898002053
978,rho_b,0.00119654,0.0011997395114433248,3.1995114433247106e-06,0.2673969479207332
979,rho_b,0.00119635,0.0011994553692546788,3.1053692546786915e-06,0.2595702973279549
980,rho_b,0.00119659,0.0012022586021218037,5.668602121803711e-06,0.47372969162924766
982,rho_b,0.00119754,0.0011995346557567743,1.9946557567743564e-06,0.16656276659725178
983,rho_b,0.00119849,0.0011991034216049007,6.134216049007331e-07,0.05118287214652641
984,rho_b,0.00119945,0.0012089108705973337,9.460870597333788e-06,0.7887674008458972
989,rho_b,0.0016153,0.0016219510400744077,6.651040074407647e-06,0.4117526199647199
991,rho_b,0.0014549,0.0014599689358218476,5.068935821847531e-06,0.34840441393659266
992,rho_b,0.0014434,0.0014321111421445529,1.1288857855447192e-05,0.7821018323144086
993,rho_b,0.001463,0.0014622626572672929,7.373427327072354e-07,0.05039936652106915
994,rho_b,0.0014532,0.0014669938761149729,1.3793876114972896e-05,0.949206998725628
995,rho_b,0.0014002,0.0014204944091218972,2.029440912189708e-05,1.4493935943010385
996,rho_b,0.0013533,0.0013414208730924836,1.187912690751641e-05,0.8777896178776704
997,rho_b,0.0014503,0.001453272388942681,2.972388942680971e-06,0.2049499372979019
998,rho_b,0.0013627,0.0013750579867256598,1.2357986725659896e-05,0.9068750801050228
999,rho_b,0.0013937,0.0013865953190017044,7.1046809982956965e-06,0.5097711841284339
1000,rho_b,0.0014339,0.0014321655574101749,1.7344425898252296e-06,0.120959801144824
1001,rho_b,0.0013931,0.0013856485059124436,7.4514940875563575e-06,0.534885800172816
1003,rho_b,0.0014464,0.0014513349110241943,4.9349110241942926e-06,0.34118577300763514
1004,rho_b,0.0013774,0.0013727859089110131,4.614091088986838e-06,0.3349855587074911
1005,rho_b,0.0013286,0.0013216104277299927,6.98957227000742e-06,0.5260855234642906
1006,rho_b,0.0012576,0.0012704007480931552,1.2800748093155226e-05,1.0178711898041122
1007,rho_b,0.0012472,0.0012483522534161692,1.1522534161692664e-06,0.09238722059376156
1008,rho_b,0.0007005,0.0007058468078446709,5.346807844670972e-06,0.7632844877998755
1009,rho_b,0.000825,0.0008315829437817443,6.582943781744256e-06,0.7979325786381734
1010,rho_b,0.00089,0.0008820258797343224,7.974120265677519e-06,0.895968568170543
1012,rho_b,0.000994,0.0009830703257441378,1.0929674255862314e-05,1.0995648133668676
1013,rho_b,0.00105,0.0010442219510159757,5.778048984024205e-06,0.5502903789067907
1014,rho_b,0.00106,0.0010591795808390521,8.204191609478221e-07,0.07739803397866432
1015,rho_b,0.00109,0.0010924644313334915,2.4644313334914753e-06,0.22609461754408525
1016,rho_b,0.001095,0.0010945891408229002,4.108591770998586e-07,0.03752138600225066
1017,rho_b,0.0011,0.0010986584128252475,1.3415871747525857e-06,0.12196247032117827
1019,rho_b,0.00111,0.0011080307914370874,1.9692085629127026e-06,0.1774061766791568
1020,rho_b,0.00118,0.0011734851292272202,6.514870772779836e-06,0.5521076921405728
1021,rho_b,0.00108,0.0010958023116624531,1.5802311662453097e-05,1.4631770044279007
1022,rho_b,0.000592,0.0006059818748312101,1.3981874831210119e-05,2.361803176958123
1023,rho_b,0.000611,0.0006105657908325808,4.3420916741917365e-07,0.07106533006686094
1024,rho_b,0.000723,0.0007183292153653213,4.670784634678757e-06,0.6460283026581569
1026,rho_b,0.000775,0.000784718647176359,9.718647176358976e-06,1.2540189888798434
1027,rho_b,0.000869,0.0008807441754180669,1.1744175418066955e-05,1.3514586196262794
1028,rho_b,0.000907,0.0009350362909436338,2.8036290943633715e-05,3.0911015339275303
1029,rho_b,0.001061,0.0010551827216199352,5.8172783800648515e-06,0.5482825989238478
1030,rho_b,0.001018,0.0010305801640309801,1.2580164030980088e-05,1.2357724969177173
1032,rho_b,0.001059,0.001061855730526995,2.8557305269949745e-06,0.26966293902722804
1033,rho_b,0.001092,0.0010995648201242915,7.564820124291447e-06,0.6927490949966992
1034,rho_b,0.001098,0.0011076445733555445,9.644573355544524e-06,0.8783764432386849
1035,rho_b,0.0010813,0.001091707939445117,1.0407939445117005e-05,0.9625394835375576
1036,rho_b,0.0010908,0.0010967743143753539,5.9743143753538275e-06,0.5477002539307687
1037,rho_b,0.0010929,0.0010952944408991892,2.3944408991893006e-06,0.21909057525833972
1038,rho_b,0.0011003,0.001105847219480467,5.5472194804670645e-06,0.504155182716124
1039,rho_b,0.0011033,0.00110658481879774,3.2848187977399957e-06,0.29772671030206915
1040,rho_b,0.0011106,0.0011111618846079078,5.618846079078095e-07,0.050592887394370664
1041,rho_b,0.001113,0.0011118459147214912,1.1540852785088193e-06,0.10369139959316309
1042,rho_b,0.0011198,0.0011198431591877291,4.315918772910578e-08,0.0038541871486483218
1043,rho_b,0.0011125,0.0011129551833356885,4.551833356885443e-07,0.04091535598016995
1044,rho_b,0.0011335,0.0011302093017405215,3.2906982594784265e-06,0.2903130354279044
1045,rho_b,0.0011348,0.001131774126384666,3.0258736153339696e-06,0.2666437797556866
1046,rho_b,0.00075,0.0007456988171263045,4.301182873695528e-06,0.5734910490614157
1047,rho_b,0.00086,0.0008681368952791282,8.136895279128235e-06,0.9461506127519452
1049,rho_b,0.00096,0.0009681370912693647,8.137091269364645e-06,0.8476136730092196
1051,rho_b,0.00107,0.0010586891365411417,1.1310863458858286e-05,1.0570900418960174
1053,rho_b,0.0011,0.0011005169959299923,5.169959299922231e-07,0.04699962995656607
1054,rho_b,0.001098,0.0011076445733555445,9.644573355544524e-06,0.8783764432386849
1055,rho_b,0.001001,0.0010169507674262562,1.595076742625626e-05,1.5934832577743683
1056,rho_b,0.00105,0.0010487895960531435,1.2104039468564028e-06,0.11527656625748926
1057,rho_b,0.00114,0.0011205714911785435,1.9428508821456476e-05,1.7042551582819232
1059,rho_b,0.001185,0.001187295727231477,2.2957272314768924e-06,0.19373225565734764
1060,rho_b,0.00121,0.001206391308649246,3.6086913507539856e-06,0.29823895436128894
1061,rho_b,0.00122,0.001222911403758381,2.9114037583810853e-06,0.2386396521307122
1062,rho_b,0.00121,0.0012117439167379025,1.7439167379026174e-06,0.14412535012077388
1063,rho_b,0.0012,0.0012010821152520063,1.082115252006412e-06,0.09017627092538745
1065,rho_b,0.00116,0.0011732729434353736,1.3272943435373597e-05,1.1442192606837418
1066,rho_b,0.001107,0.0011105816365410465,3.5816365410465487e-06,0.3235444026929634
1067,rho_b,0.001036,0.0010442976729431149,8.297672943114853e-06,0.8009336809947409
1068,rho_b,0.001858,0.001867951357527528,9.951357527527996e-06,0.5355951303644804
1069,rho_b,0.00178,0.0017727171207003085,7.282879299691384e-06,0.40915052222471227
1071,rho_b,0.00171,0.001731274649234239,2.1274649234239015e-05,1.244131533438462
1072,rho_b,0.00163,0.0016335139467378785,3.5139467378785417e-06,0.21557955433881879
1074,rho_b,0.00156,0.0015899896410384068,2.9989641038406832e-05,1.922412885845045
1076,rho_b,0.00149,0.0014951710103020517,5.1710103020517414e-06,0.3470476710457225
1080,rho_b,0.00142,0.0014322381864444555,1.2238186444455497e-05,0.8618441151997926
1084,rho_b,0.00135,0.0013478697193006393,2.1302806993608175e-06,0.1577985702061357
1087,rho_b,0.00127,0.0012712345830481488,1.2345830481487376e-06,0.09721126355721456
1089,rho_b,0.00121,0.0012116459048566635,1.645904856663544e-06,0.13602519465316465
1091,rho_b,0.00113,0.001151298036040263,2.129803604026311e-05,1.8847819487978137
1098,rho_b,0.001,0.0009929398861971703,7.060113802829712e-06,0.7060113795769598
1099,rho_b,0.001024,0.0010266635326939217,2.663532693921713e-06,0.26011061438677807
1101,rho_b,0.00098,0.0009910562949260304,1.1056294926030386e-05,1.1281933586478012
1108,rho_b,0.0008359,0.0008426213801409231,6.721380140923086e-06,0.8040890217588462
1109,rho_b,0.000846,0.0008475561823669146,1.5561823669146433e-06,0.18394590603725583
1110,rho_b,0.000792,0.0007941898734984832,2.1898734984832774e-06,0.2764991787523088
1111,rho_b,0.000982,0.0009797605834701872,2.2394165298128283e-06,0.2280464895654138
1112,rho_b,0.0009148,0.0009208619904213034,6.0619904213033695e-06,0.6626574567858324
1113,rho_b,0.0008906,0.0008835569706366217,7.043029363378245e-06,0.7908184769223063
1115,rho_b,0.0009115,0.0009206096571315269,9.109657131526911e-06,0.9994138367013464
1116,rho_b,0.0008523,0.00086189686224228,9.596862242280024e-06,1.1259958032406507
1118,rho_b,0.000807,0.0008075571394537347,5.571394537346808e-07,0.06903834610214342
1119,rho_b,0.00085012,0.0008512708757996104,1.1508757996103519e-06,0.13537804054210834
1121,rho_b,0.0007612,0.000765450860178353,4.250860178353047e-06,0.5584419564856317
1122,rho_b,0.000732,0.0007367840873436849,4.784087343684884e-06,0.6535638438728477
1123,rho_b,0.00073715,0.0007431696768732928,6.019676873292778e-06,0.816614917605186
1125,rho_b,0.0024356,0.002405143476503869,3.045652349613088e-05,1.2504731270991192
1126,rho_b,0.0024002,0.0024037657375387675,3.5657375387675508e-06,0.14856001738529917
1127,rho_b,0.0024499,0.0024103540759345078,3.95459240654923e-05,1.6141852340646738
1128,rho_b,0.00188,0.0018936480594925122,1.3648059492512264e-05,0.7259606109176946
1129,rho_b,0.00229,0.002289996945964006,3.0540359941509665e-09,0.00013336401715359505
1130,rho_b,0.00247,0.0024898781648268493,1.98781648268493e-05,0.8047840007611927
1131,rho_b,0.00253,0.0024916946367192624,3.830536328073772e-05,1.514045978877362
1132,rho_b,0.0023501,0.002354853159574166,4.753159574166083e-06,0.20225350292087774
1133,rho_b,0.0023801,0.0023872684676187195,7.168467618719459e-06,0.3011834635396674
1134,rho_b,0.0022801,0.002265571642482589,1.4528357517411272e-05,0.6371807162422466
1135,rho_b,0.0014202,0.0014316206131411587,1.1420613141158772e-05,0.8041552691956921
1136,rho_b,0.0015102,0.0015183240685563556,8.124068556355666e-06,0.5379465336363529
1137,rho_b,0.0015001,0.0015163363142537364,1.62363142537363e-05,1.0823487929413247
1140,rho_b,0.0016301,0.0016252522383389096,4.847761661090416e-06,0.29739044586936453
1141,rho_b,0.0016401,0.0016372651819671243,2.8348180328757657e-06,0.17284421871515904
1142,rho_b,0.0014321,0.0014403002473664709,8.20024736647093e-06,0.5726029858770268
1143,rho_b,0.0023143,0.0022966349652887054,1.7665034711294644e-05,0.7632992569529297
1144,rho_b,0.0013152,0.0013146369097379053,5.630902620947561e-07,0.04281404057684121
1145,rho_b,0.001404,0.0014234185755065912,1.9418575506591164e-05,1.3830894225612727
1146,rho_b,0.0014586,0.0014910452428136575,3.2445242813657505e-05,2.2244098993153303
1147,rho_b,0.0015179,0.0015263195842570502,8.419584257050253e-06,0.5546863595430127
1148,rho_b,0.0016029,0.0015927037847248504,1.0196215275149563e-05,0.6361105040107591
1149,rho_b,0.0022801,0.0022655809034311638,1.4519096568836425e-05,0.6367745521016043
1150,rho_b,0.000812,0.0008249528786602037,1.2952878660203726e-05,1.5951820990458012
1151,rho_b,0.00113,0.0011248527960933724,5.147203906627528e-06,0.45550477009490975
1153,rho_b,0.00132,0.0013022173141670006,1.7782685832999374e-05,1.3471731681460335
1157,rho_b,0.0017,0.0017197222224039695,1.9722222403969602e-05,1.1601307289628409
1158,rho_b,0.0026044,0.002639772203991842,3.537220399184174e-05,1.358170940648903
1159,rho_b,0.0029759,0.0027677231223917423,0.0002081768776082578,6.99542583884887
1161,rho_b,0.0025024,0.002516324309527502,1.3924309527501948e-05,0.5564382002053055
1163,rho_b,0.0023764,0.0023726908593490045,3.7091406509953684e-06,0.156082336704029
1164,rho_b,0.0036345,0.0036011980948769955,3.330190512300466e-05,0.9162719800204139
1166,rho_b,0.0022264,0.0022082306781636947,1.8169321836305173e-05,0.8160852420115128
1167,rho_b,0.0022804,0.002296840348125587,1.6440348125586896e-05,0.7209414189781389
1169,rho_b,0.0022804,0.0022966239704470485,1.6223970447048347e-05,0.7114528345875205
1171,rho_b,0.0023704,0.0023605929600490115,9.807039950988396e-06,0.4137293261412041
1172,rho_b,0.0022384,0.0022667928798997365,2.839287989973632e-05,1.2684453130384141
1173,rho_b,0.0021363,0.002137153570578578,8.535705785781868e-07,0.039955557654759694
1175,rho_b,0.0023651,0.002359499098400045,5.600901599954987e-06,0.23681457856271787
1176,rho_b,0.0022972,0.0022912973360788985,5.902663921101593e-06,0.25695037082239636
1178,rho_b,0.0023359,0.0023613116315124366,2.541163151243645e-05,1.0878732609083315
1179,rho_b,0.0022552,0.002262163149154157,6.963149154156929e-06,0.3087597175890977
1180,rho_b,0.0023362,0.0023395673064592255,3.3673064592253978e-06,0.1441360524691395
1182,rho_b,0.0023679,0.0023450495213145585,2.2850478685441586e-05,0.9650102907973935
1183,rho_b,0.0022065,0.0021943405901272257,1.2159409872774477e-05,0.5510722804107752
1184,rho_b,0.0023655,0.00234862045958774,1.6879540412260106e-05,0.7135717778534935
1186,rho_b,0.0024165,0.0023972316313217853,1.9268368678214496e-05,0.7973667978580935
1187,rho_b,0.0022354,0.0022596722290820254,2.427222908202558e-05,1.085811446325824
1189,rho_b,0.0019062,0.0019227966754559037,1.659667545590368e-05,0.8706681065573917
1190,rho_b,0.0021414,0.0021332590166460398,8.140983353960123e-06,0.3801710726701416
1191,rho_b,0.0020521,0.0020620423933220434,9.942393322043535e-06,0.4844984804443522
1192,rho_b,0.0021181,0.002138842882391039,2.0742882391038952e-05,0.9793155366246068
1193,rho_b,0.0021771,0.0021941654682878352,1.7065468287835294e-05,0.7838623986034942
1194,rho_b,0.0021424,0.002141644017182532,7.559828174678873e-07,0.03528672596690721
1195,rho_b,0.0022083,0.002203690288269069,4.6097117309307385e-06,0.2087448140580216
1196,rho_b,0.0022354,0.0022596722290820254,2.427222908202558e-05,1.085811446325824
1197,rho_b,0.0027118,0.00269427950198476,1.752049801523976e-05,0.6460837085618012
1198,rho_b,0.00226,0.002245061531788519,1.4938468211480802e-05,0.6609941683571178
1199,rho_b,0.0019,0.0019026752654002865,2.675265400286543e-06,0.1408034420462373
1200,rho_b,0.00171,0.0017315356258830405,2.1535625883040534e-05,1.2593933257571113
1201,rho_b,0.00143,0.0014305725553964252,5.725553964251468e-07,0.04003883888285024
1202,rho_b,0.00233,0.0023343337754265997,4.333775426599695e-06,0.1859989452677985
1208,rho_b,0.0006101,0.0006098703783190812,2.296216809187946e-07,0.03763672849408741
1209,rho_b,0.0006622,0.0006628219747551952,6.219747551951997e-07,0.09392551408274609
1210,rho_b,0.0007901,0.0007943043157963427,4.204315796342692e-06,0.5321245147476834
1211,rho_b,0.0010038,0.0010180511469720555,1.4251146972055467e-05,1.4197197606951852
1212,rho_b,0.0007515,0.000755708422798301,4.208422798301047e-06,0.5600030329608804
1213,rho_b,0.00077384,0.0007692013837199922,4.63861628000788e-06,0.5994283410024807
1214,rho_b,0.00068,0.0006807203326097519,7.203326097518677e-07,0.10593126598419926
1215,rho_b,0.0008128549999999,0.0008259029783527878,1.3047978352887825e-05,1.6052036755432881
1216,rho_b,0.00084,0.0008409081668117889,9.081668117888681e-07,0.10811509651282346
1217,rho_b,0.00090699,0.0009097462661590286,2.7562661590286534e-06,0.303891570578478
1218,rho_b,0.00102,0.0010165225640869145,3.47743591308557e-06,0.3409250891839528
1219,rho_b,0.0009,0.000907365805825307,7.365805825307044e-06,0.8184228685692017
1220,rho_b,0.000967145,0.0009615528857968778,5.5921142031222296e-06,0.5782084586427211
1221,rho_b,0.0008097,0.0008144515282918869,4.751528291886903e-06,0.5868257732516544
1222,rho_b,0.00092,0.0009121231646721001,7.876835327899926e-06,0.8561777521019727
1223,rho_b,0.00086,0.0008641127119403726,4.112711940372667e-06,0.47822231809191207
1224,rho_b,0.00092,0.0009165861619479974,3.4138380520026476e-06,0.3710693530752124
1225,rho_b,0.00096,0.0009578595057293538,2.140494270646198e-06,0.2229681529600538
1226,rho_b,0.00102,0.0010170521450207416,2.947854979258504e-06,0.2890053898400441
1227,rho_b,0.00112,0.0011178566936454496,2.1433063545502583e-06,0.19136663862826714
1231,rho_b,0.000838,0.0008376107948519843,3.8920514801570744e-07,0.046444528347405985
1235,rho_b,0.000866,0.0008683441218274638,2.3441218274637427e-06,0.27068381348232157
1238,rho_b,0.00092,0.0009194766241200674,5.233758799326428e-07,0.05688868253953869
1239,rho_b,0.00233,0.0023343337754265997,4.333775426599695e-06,0.1859989452677985
1240,rho_b,0.00096,0.0009592117964563434,7.882035436565862e-07,0.0821045357120355
1241,rho_b,0.001,0.0009953082635507074,4.6917364492926345e-06,0.4691736444600898
1242,rho_b,0.001534,0.0015379902122223737,3.990212222373729e-06,0.2601181368821739
1243,rho_b,0.0007398,0.0007440934198189638,4.293419818963821e-06,0.5803487176480581
1244,rho_b,0.00046803,0.0004768398016712296,8.809801671229647e-06,1.882315589258486
1245,rho_b,0.00048222,0.00048652409225432447,4.3040922543244645e-06,0.8925578046117719
1246,rho_b,0.00061429,0.0006056938195115795,8.596180488420471e-06,1.3993684537314277
1247,rho_b,0.00066981,0.0006660972043299791,3.7127956700208718e-06,0.5543057978348807
1248,rho_b,0.00071021,0.0007127627653846814,2.5527653846814814e-06,0.35943810719183067
1250,rho_b,0.0008359,0.0008374180349446074,1.5180349446073695e-06,0.18160485019635375
1251,rho_b,0.00093597,0.0009310257989248982,4.94420107510188e-06,0.5282435409061663
1252,rho_b,0.00102998,0.0010197887742527958,1.019122574720424e-05,0.9894586047602529
1253,rho_b,0.00102009,0.0010213780858368048,1.2880858368047917e-06,0.1262717834251952
1254,rho_b,0.00094019,0.0009483116741402946,8.121674140294517e-06,0.8638332817469005
1255,rho_b,0.0009515,0.0009530033521255249,1.5033521255249484e-06,0.15799812127640223
1256,rho_b,0.0009008,0.0009156224387792164,1.4822438779216358e-05,1.6454749958660755
1257,rho_b,0.0009253,0.0009273883058907459,2.0883058907459175e-06,0.22568960212785275
1258,rho_b,0.0009265,0.0009281438819581631,1.643881958163034e-06,0.17742924515798614
1259,rho_b,0.0009259,0.0009275495494816113,1.6495494816113048e-06,0.17815633219891364
1260,rho_b,0.000636,0.0006407715044509897,4.771504450989754e-06,0.750236547718143
1262,rho_b,0.000648,0.0006545755671718018,6.575567171801804e-06,1.0147480187738154
1263,rho_b,0.000765,0.0007620911414735005,2.908858526499492e-06,0.38024294414340687
1265,rho_b,0.000898,0.0009006835083039177,2.683508303917689e-06,0.2988316593462553
1267,rho_b,0.000912,0.0009208019267354635,8.801926735463447e-06,0.9651235444969529
1268,rho_b,0.00092,0.0009203542549344081,3.542549344080466e-07,0.038505971089455096
1270,rho_b,0.00092,0.0009256410451990081,5.641045199008079e-06,0.6131570861822291
1271,rho_b,0.000935,0.0009361959944199097,1.1959944199097568e-06,0.12791384156477204
1273,rho_b,0.00089,0.0008822393879656899,7.760612034310053e-06,0.871978879279805
1274,rho_b,0.000782,0.0007931762494065835,1.1176249406583496e-05,1.4291879018275724
1275,rho_b,0.00069,0.0006925975176178302,2.597517617830233e-06,0.3764518281254659
1276,rho_b,0.00136,0.001349259759892678,1.0740240107322014e-05,0.7897235367224101
1277,rho_b,0.0025,0.0024915518004810324,8.44819951896763e-06,0.33792798062353396
1279,rho_b,0.0001574585,0.0001790112579417697,2.155275794176969e-05,13.687897322082145
1312,rho_b,0.00031,0.0002977327301610269,1.2267269838973102e-05,3.9571838062584725
1314,rho_b,0.000255,0.00025216690622735364,2.8330937726463775e-06,1.1110171613867474
1317,rho_b,0.000205,0.00020399854530907128,1.0014546909287202e-06,0.48851448099686606
1326,rho_b,0.0007,0.0007019926604977976,1.992660497797654e-06,0.28466578499299944
1327,rho_b,0.000675,0.0006775924512157207,2.5924512157206488e-06,0.3840668462044415
1328,rho_b,0.0007,0.0006949564010982242,5.04359890177576e-06,0.7205141277958027
1329,rho_b,0.0007,0.0006949706190645224,5.029380935477642e-06,0.7184829897561161
1331,rho_b,0.0007495,0.0007416188301267951,7.88116987320486e-06,1.0515236641347063
1333,rho_b,0.0007756,0.0007763585661600241,7.585661600241446e-07,0.09780378533343305
1334,rho_b,0.0007051,0.0007105593451296338,5.459345129633832e-06,0.774265369719356
1336,rho_b,0.0008699,0.000862726260345963,7.173739654036987e-06,0.8246625641786828
1338,rho_b,0.0008356,0.0008347265027946666,8.734972053334135e-07,0.10453532842126138
1339,rho_b,0.0008751,0.0008718731735301576,3.226826469842378e-06,0.3687380260718773
1341,rho_b,0.0007735,0.0007735756809222367,7.568092223666101e-08,0.009784217471081944
1342,rho_b,0.000956,0.0009534246047744014,2.5753952255986624e-06,0.26939280574317304
1344,rho_b,0.0006251,0.0006384201787182472,1.3320178718247274e-05,2.130887649486226
1345,rho_b,0.0007502,0.0007632773356795336,1.307733567953355e-05,1.7431799069717078
1346,rho_b,0.0008504,0.0008468480734738445,3.5519265261554607e-06,0.4176771545130162
1348,rho_b,0.0007252,0.0007288349051839326,3.634905183932664e-06,0.501227961792662
1350,rho_b,0.0006501,0.0006555885653931848,5.488565393184743e-06,0.8442647876852939
1353,rho_b,0.000685,0.0006860787325456678,1.0787325456678484e-06,0.15747920351723452
1354,rho_b,0.0007,0.0007019926604977976,1.992660497797654e-06,0.28466578499299944
1365,rho_b,0.00076,0.0007691038106122471,9.103810612247029e-06,1.1978698158247802
1367,rho_b,0.000784,0.0007911101801145729,7.110180114572946e-06,0.9069107277428367
1370,rho_b,0.00078,0.0007910632519041958,1.1063251904195812e-05,1.4183656269246354
1372,rho_b,0.000786,0.0007976531949395853,1.1653194939585231e-05,1.4825947741424024
1373,rho_b,8.1e-05,8.220862867540845e-05,1.20862867540845e-06,1.4921341487495168
1374,rho_b,0.0007801,0.0007997359854693142,1.9635985469314168e-05,2.517111324720299
1375,rho_b,0.00073066,0.0007368733366323996,6.213336632399612e-06,0.8503731727336765
1376,rho_b,0.00071154,0.0007104925487367287,1.0474512632713305e-06,0.14720904823330241
1377,rho_b,0.00072457,0.0007241932163025537,3.7678369744630503e-07,0.052001007069889034
1378,rho_b,0.00073941,0.0007374100912142505,1.999908785749486e-06,0.2704735915182037
1379,rho_b,0.0007635,0.0007634108353278421,8.916467215784596e-08,0.011678411531245821
1380,rho_b,0.00080038,0.0008080362185001015,7.656218500101566e-06,0.9565729391708735
1381,rho_b,0.0010687,0.0010614959094471903,7.2040905528096295e-06,0.674098488450327
1382,rho_b,0.00105898,0.0010581900023721245,7.899976278754467e-07,0.07459986280472229
1383,rho_b,0.00105898,0.0010580984396601908,8.8156033980916e-07,0.08324617452423069
1384,rho_b,0.00105898,0.0010583836757709405,5.963242290594594e-07,0.056311188926735874
1385,rho_b,0.0004921,0.0004732780094995878,1.8821990500412188e-05,3.8248304129575055
1386,rho_b,0.000924,0.0009266527385013312,2.6527385013311745e-06,0.28709291108877116
1387,rho_b,0.000794,0.0007912925157822806,2.707484217719428e-06,0.3409929740943953
1388,rho_b,0.000937,0.0009303355668891816,6.6644331108184525e-06,0.71125219890138
1389,rho_b,0.000849,0.000845250508284372,3.749491715628007e-06,0.4416362439589687
1390,rho_b,0.000896,0.0009015378592623125,5.537859262312464e-06,0.6180646491218547
1391,rho_b,0.00093,0.0009211501790192064,8.849820980793665e-06,0.9515936528255622
1392,rho_b,0.000906,0.0009218496324150753,1.584963241507524e-05,1.7494075494018946
1393,rho_b,0.000875,0.000873431798086841,1.5682019131590128e-06,0.1792230755847751
1394,rho_b,0.001023,0.001022750886136985,2.4911386301506265e-07,0.024351306233778063
1395,rho_b,0.000725,0.0007251371742629429,1.3717426294293164e-07,0.01892058796603114
1396,rho_b,0.000924,0.0009266527385013312,2.6527385013311745e-06,0.28709291108877116
1397,rho_b,0.0006813,0.0006880346652337813,6.734665233781249e-06,0.9885021611472519
1398,rho_b,0.00084,0.0008418295445742668,1.8295445742667156e-06,0.21780292524865313
1399,rho_b,0.00093,0.0009314674190315842,1.4674190315841756e-06,0.1577869924737963
1400,rho_b,0.00093,0.0009303711683358208,3.711683358207469e-07,0.039910573701251735
1401,rho_b,0.00096,0.000961786628673521,1.7866286735209423e-06,0.1861071532979032
1402,rho_b,0.0010474,0.001051683961854261,4.2839618542610605e-06,0.40900915124794435
1403,rho_b,0.0011065,0.0011102533028780864,3.7533028780863294e-06,0.33920495930359507
1404,rho_b,0.001073,0.00108616546208546,1.3165462085460052e-05,1.2269768940531485
1405,rho_b,0.0009976,0.0009995445413551495,1.9445413551495445e-06,0.19492194799522103
1406,rho_b,0.0009939,0.000991458702078442,2.441297921558028e-06,0.24562812346330082
1407,rho_b,0.0009597,0.000961395817828401,1.6958178284010462e-06,0.17670290993373108
1408,rho_b,0.0010144,0.001018258493751226,3.858493751226133e-06,0.3803720176875407
1409,rho_b,0.0009691,0.0009685251657535407,5.74834246459279e-07,0.059316298201023215
1410,rho_b,0.0009099,0.000929571711188549,1.9671711188548992e-05,2.1619640803307343
1411,rho_b,0.0009142,0.0009215234481658688,7.323448165868834e-06,0.8010772432572809
1413,rho_b,0.0009844,0.000987559939734198,3.159939734197984e-06,0.32100159802803413
1414,rho_b,0.0006103,0.000605573832306636,4.726167693364005e-06,0.774400734986072
1415,rho_b,0.0007405,0.0007343163247317353,6.1836752682646904e-06,0.8350675570444315
1416,rho_b,0.0004769,0.0004830977341125164,6.197734112516431e-06,1.2995877751143958
1417,rho_b,0.0006173,0.0006149207474816414,2.3792525183585983e-06,0.385428886198657
1418,rho_b,0.0006838,0.000687712602096872,3.912602096871939e-06,0.5721851551842771
1419,rho_b,0.0010894,0.0010841264123141925,5.273587685807437e-06,0.4840818506486707
1420,rho_b,0.0006944,0.0006943869153303036,1.3084669696372155e-08,0.0018843130295980739
1421,rho_b,0.0007643,0.0007605471376756769,3.752862324323046e-06,0.4910195367542654
1422,rho_b,0.0006349,0.0006421125077197181,7.212507719718086e-06,1.1360068842901272
1423,rho_b,0.0006486,0.0006522691045930998,3.6691045930997875e-06,0.5656960511012684
1424,rho_b,0.000724,0.0007260390395979779,2.0390395979779036e-06,0.2816353031991092
1425,rho_b,0.0006819,0.0006788132754639405,3.08672453605953e-06,0.4526652781247803
1426,rho_b,0.000487,0.0004830958717149372,3.904128285062798e-06,0.8016690507281534
1427,rho_b,0.000468,0.0004764111244102526,8.411124410252606e-06,1.797248801769256
1428,rho_b,0.000436,0.0004398878378409106,3.887837840910581e-06,0.8917059247691563
1429,rho_b,0.000465,0.0004763144612025081,1.1314461202508049e-05,2.4332174576722307
1430,rho_b,0.000503,0.0005050477929441873,2.0477929441873374e-06,0.4071158926672323
1431,rho_b,0.000639,0.0006388079028260331,1.9209717396688562e-07,0.03006215550332771
1432,rho_b,0.000828,0.0008382510347013237,1.0251034701323704e-05,1.2380476677467667
1433,rho_b,0.0009844,0.0009855544622103648,1.1544622103647727e-06,0.1172757221852921
1434,rho_b,0.0004458,0.00044684015497440836,1.040154974408364e-06,0.23332323285669174
1435,rho_b,0.00083,0.0008298036181300378,1.9638186996224268e-07,0.02366046623200458
1436,rho_b,0.000792,0.0007899708536595174,2.0291463404825552e-06,0.25620534569703307
1437,rho_b,0.000843,0.0008440588282558796,1.0588282558796416e-06,0.12560240268370315
1438,rho_b,0.000941,0.0009484545886631398,7.454588663139772e-06,0.7921985818509869
1439,rho_b,0.000871,0.0008676772892153917,3.3227107846083015e-06,0.38148229400613987
1441,rho_b,0.0008,0.0007998273688535692,1.7263114643079752e-07,0.021578893276876072
1442,rho_b,0.0009844,0.000987559939734198,3.159939734197984e-06,0.32100159802803413
1443,rho_b,0.0003,0.00030227614813307165,2.276148133071676e-06,0.758716041828172
1444,rho_b,0.00036,0.00036122834368357206,1.2283436835720351e-06,0.3412065778222137
1446,rho_b,0.00047,0.0004723765738225935,2.3765738225935053e-06,0.5056540037312692
1449,rho_b,0.00064,0.0006383512316513578,1.6487683486422332e-06,0.2576200540728176
1452,rho_b,0.00075,0.0007384869890467299,1.151301095327008e-05,1.5350681250559197
1454,rho_b,0.00071,0.0007113600283105096,1.3600283105095904e-06,0.19155328290057147
1456,rho_b,0.0009043,0.0009123958180239717,8.09581802397165e-06,0.8952579912660699
1457,rho_b,0.0009053,0.0009101608339863968,4.860833986396738e-06,0.5369307390950436
1459,rho_b,0.0008124,0.000826578020301187,1.4178020301186946e-05,1.7452019059250279
1460,rho_b,0.00064,0.0006323391162083243,7.660883791675739e-06,1.1970130905790013
1461,rho_b,0.00032,0.0003187592017773876,1.2407982226124198e-06,0.38774944335466416
1462,rho_b,0.00024,0.00025991110548043346,1.991110548043345e-05,8.296293915612713
1463,rho_b,0.0005837,0.0005840690568459808,3.6905684598078584e-07,0.06322714499717566
1464,rho_b,0.000468,0.00048232009335444516,1.4320093354445171e-05,3.0598490008219406
1465,rho_b,0.0003698,0.0003856018026309623,1.580180263096231e-05,4.273067222344953
1466,rho_b,0.00072,0.0007136893445718356,6.310655428164473e-06,0.8764799193610657
1467,rho_b,0.00064,0.0006425551934342901,2.555193434290075e-06,0.3992489734839977
1468,rho_b,0.000815,0.0008232142361355814,8.214236135581452e-06,1.0078817331905074
1469,rho_b,0.000884,0.0008720297356893873,1.1970264310612712e-05,1.3541022960488336
1470,rho_b,0.000784,0.0007875479991529704,3.5479991529704415e-06,0.45255091179144546
1471,rho_b,0.0009123,0.0009180602672383375,5.760267238337524e-06,0.6314005515755254
1472,rho_b,0.000744,0.0007380702778792703,5.929722120729644e-06,0.7970056603171489
1473,rho_b,0.0011645,0.0011574754386073052,7.024561392694707e-06,0.6032255377125334
1474,rho_b,0.0009586,0.0009552211778309117,3.3788221690882973e-06,0.3524746678034165
1475,rho_b,0.0008399,0.0008379840399390855,1.9159600609144596e-06,0.2281176400325376
1476,rho_b,0.0015,0.001504895746999423,4.895746999423025e-06,0.32638313307727956
1477,rho_b,0.00135,0.0013566080381546882,6.608038154688137e-06,0.48948430739209586
1478,rho_b,0.00136,0.001355945603327763,4.054396672237021e-06,0.2981174021511652
1479,rho_b,0.00127,0.0012806067490312627,1.0606749031262606e-05,0.835177088418176
1480,rho_b,0.000656,0.0006565723912765161,5.723912765160776e-07,0.08725476762858687
1481,rho_b,0.000999,0.0010028631428671425,3.863142867142379e-06,0.3867009873148517
1482,rho_b,0.0009301,0.0009200298288542091,1.0070171145790943e-05,1.0826976814282299
1483,rho_b,0.00119,0.0011857909795039295,4.2090204960705795e-06,0.35369920105324265
1484,rho_b,0.00122,0.0012282908138137568,8.290813813756825e-06,0.6795749022099243
1485,rho_b,0.00105,0.00104035604264039,9.643957359609925e-06,0.9184721286119242
1486,rho_b,0.0007699,0.0007630362680174529,6.863731982547131e-06,0.8915095432695201
1487,rho_b,0.00059,0.000595337843708052,5.337843708051997e-06,0.9047192710177635
1488,rho_b,0.0008,0.0008010348174185147,1.034817418514621e-06,0.1293521771526374
1489,rho_b,0.0009513,0.0009521031398147886,8.031398147886112e-07,0.08442550341052835
1490,rho_b,0.0008376,0.0008453531508770758,7.753150877075799e-06,0.925638833311773
1491,rho_b,0.0009752,0.0009847580412853036,9.558041285303632e-06,0.9801108773074778
1492,rho_b,0.0004798,0.0004818353855245216,2.0353855245215983e-06,0.4242154064775832
1493,rho_b,0.00062513,0.0006352553299014852,1.0125329901485187e-05,1.61971588074289
1494,rho_b,0.000576,0.0005855050727355956,9.50507273559558e-06,1.6501862359537705
1495,rho_b,0.00059959,0.0006020960086053732,2.5060086053732425e-06,0.417953701895246
1496,rho_b,0.00062311,0.0006254308170159608,2.320817015960845e-06,0.3724570320226404
1497,rho_b,0.000977,0.0009835497111979968,6.54971119799677e-06,0.6703900912275198
1499,rho_b,0.0011,0.0010847415393676933,1.5258460632306802e-05,1.387132783494134
1500,rho_b,0.00059,0.000594994979464774,4.9949794647739625e-06,0.8466066875098128
1501,rho_b,0.0006,0.0005968555840824953,3.144415917504602e-06,0.5240693187106515
1502,rho_b,0.00083,0.000829654771595408,3.452284045920174e-07,0.04159378363567223
1503,rho_b,0.00094,0.0009426770829782977,2.67708297829771e-06,0.28479606121805845
1504,rho_b,0.0009,0.00090356203965511,3.5620396551100646e-06,0.39578218346136035
1505,rho_b,0.00058,0.0005771952366191102,2.8047633808897738e-06,0.4835798924230991
1506,rho_b,0.00074,0.0007326333461483574,7.366653851642612e-06,0.9954937623902264
1507,rho_b,0.00076,0.0007529451693980838,7.054830601916284e-06,0.9282671832412647
1508,rho_b,0.0008,0.0007922267298389408,7.773270161059195e-06,0.9716587689178259
1509,rho_b,0.00083,0.0008321989718900024,2.198971890002418e-06,0.26493637197024755
1510,rho_b,1.45e-05,1.2162653501140487e-05,2.3373464988595135e-06,16.119629914918722
1513,rho_b,0.000488,0.0004899804770312097,1.9804770312096772e-06,0.4058354563834678
1517,rho_b,0.000424,0.0004300477179402264,6.047717940226385e-06,1.42634856744408
1522,rho_b,0.000239,0.00022891107500228318,1.0088924997716825e-05,4.221307512763075
1526,rho_b,0.000148,0.00014557391260878257,2.426087391217425e-06,1.6392482262330694
1538,rho_b,0.000505,0.0005093732918690606,4.373291869060611e-06,0.865998388198144
1540,rho_b,0.000385,0.0003936296412049088,8.629641204908845e-06,2.241465242206284
1542,rho_b,0.0005,0.0004988100584677259,1.1899415322740936e-06,0.2379883059788421
1543,rho_b,0.0005301,0.0005320912888731027,1.9912888731026456e-06,0.37564400478140075
1544,rho_b,0.00049,0.0004918438945828649,1.843894582864887e-06,0.37630501614323203
1547,rho_b,0.000325,0.0003286502126018687,3.6502126018687344e-06,1.123142335580711
1548,rho_b,0.00053,0.0005300244594808889,2.4459480888936423e-08,0.004614996385431408
1549,rho_b,0.000505,0.0005019885013641348,3.0114986358652663e-06,0.5963363623568124
1551,rho_b,0.000515,0.0005265833391241089,1.15833391241088e-05,2.249192058566384
1553,rho_b,0.00052,0.0005251816879167794,5.181687916779466e-06,0.996478443618208
1557,rho_b,0.0005,0.00052895343552985,2.8953435529849997e-05,5.790687094388625
1559,rho_b,0.0010779,0.0010800297130832293,2.12971308322942e-06,0.19757983869130918
1560,rho_b,0.000677,0.0006813391993496607,4.339199349660708e-06,0.6409452501109683
1561,rho_b,0.00075,0.0007463039976957511,3.696002304248887e-06,0.49280030657611784
1562,rho_b,0.000341,0.0003420332069282504,1.0332069282504154e-06,0.3029932332024877
1563,rho_b,0.0012682,0.0012625633919847268,5.636608015273164e-06,0.44445734196724423
1564,rho_b,0.001201,0.0011970500034157998,3.949996584200199e-06,0.32889230482192144
1565,rho_b,0.0009904,0.0009859834732958673,4.4165267041327075e-06,0.4459336328426263
1566,rho_b,0.0011079,0.0011037182110744282,4.181788925571809e-06,0.3774518387758183
1567,rho_b,0.0010779,0.0010800297130832293,2.12971308322942e-06,0.19757983869130918
1568,rho_b,0.0012713,0.00127431017121178,3.0101712117801185e-06,0.23677898288463217
1569,rho_b,0.0009526,0.0009666862209715329,1.4086220971532915e-05,1.4787130964461248
1570,rho_b,0.0011474,0.0011480213325078545,6.21332507854495e-07,0.05415134280224696
1571,rho_b,0.0013651,0.0013658921746267814,7.921746267814615e-07,0.058030519830133784
1572,rho_b,0.0014247,0.0014329942454071407,8.294245407140625e-06,0.5821748719954289
1573,rho_b,0.0014583,0.0014643336960477888,6.033696047788757e-06,0.41374861439013033
1574,rho_b,0.0016464,0.0016353635730695889,1.1036426930411021e-05,0.6703369122757321
1575,rho_b,0.0012713,0.00127431017121178,3.0101712117801185e-06,0.23677898288463217
1576,rho_b,0.000972,0.0009776906672165017,5.690667216501702e-06,0.5854595895727476
1577,rho_b,0.002637,0.0026821259954596137,4.512599545961364e-05,1.7112626258058783
1578,rho_b,0.0023,0.0022804162679586006,1.9583732041399387e-05,0.8514666101254227
1579,rho_b,0.0022,0.0021978728106889266,2.127189311073533e-06,0.09669042318666494
1580,rho_b,0.0015303,0.0015311321878782732,8.321878782731416e-07,0.05438070167479151
1581,rho_b,0.0013607,0.0013419266504196361,1.877334958036393e-05,1.3796832194140587
1582,rho_b,0.0012513,0.0012566556206869014,5.355620686901472e-06,0.4280045298986196
1583,rho_b,0.0011577,0.0011419663849349289,1.573361506507112e-05,1.3590407749400286
1584,rho_b,0.0010808,0.0010873939452295915,6.59394522959148e-06,0.6100985587981582
1585,rho_b,0.0010467,0.0010491225853834054,2.422585383405349e-06,0.23144983100132324
1586,rho_b,0.0010716,0.0010813844787350704,9.784478735070344e-06,0.9130719229133655
1587,rho_b,0.0010538,0.0010527911615091678,1.0088384908321472e-06,0.09573339247246283
1588,rho_b,0.0010069,0.0010164407276237694,9.540727623769335e-06,0.9475347715060073
1589,rho_b,0.0008737,0.0008796727188441683,5.9727188441682484e-06,0.6836120908014338
1590,rho_b,0.000726,0.0007346350181724969,8.635018172496929e-06,1.1893964408544029
1591,rho_b,0.00075455,0.000767972644893383,1.3422644893382966e-05,1.7788940263195316
1592,rho_b,0.00074667,0.0007444584838484042,2.211516151595758e-06,0.2961838762283096
1594,rho_b,0.00072692,0.0007291466169166573,2.2266169166572196e-06,0.30630838518600884
1596,rho_b,0.00072895,0.0007294184279762084,4.6842797620839666e-07,0.06426064552655054
1612,rho_b,0.00072198,0.0007207917769364337,1.1882230635662646e-06,0.16457839024910395
1613,rho_b,0.00072485,0.0007234773291920303,1.3726708079696368e-06,0.18937308492459212
1615,rho_b,0.00071727,0.0007131942073558995,4.075792644100506e-06,0.5682368757118154
1616,rho_b,0.0007553,0.0007598996979188981,4.599697918898117e-06,0.6089895290359092
1618,rho_b,0.00073297,0.0007370670523150444,4.097052315044439e-06,0.5589658934819679
1620,rho_b,0.00070703,0.0007093402625702255,2.310262570225487e-06,0.3267559462763854
1622,rho_b,0.00068497,0.0006874320367392158,2.4620367392157866e-06,0.35943716303216416
1624,rho_b,0.00067378,0.0006788340793510481,5.054079351048081e-06,0.7501082465414525
1627,rho_b,0.00067,0.0006692891438914988,7.10856108501268e-07,0.10609792648362519
1631,rho_b,0.0005,0.0004889806630180397,1.1019336981960264e-05,2.203867391984318
1633,rho_b,0.0004225,0.00041587878459347076,6.62121540652926e-06,1.5671515718006495
1634,rho_b,0.0004592,0.0004612711187938088,2.0711187938088024e-06,0.4510276109099578
1635,rho_b,0.0004414,0.0004397528016924222,1.64719830757779e-06,0.3731758730960651
1636,rho_b,0.0004151,0.0004129963060010303,2.1036939989697184e-06,0.5067920968204763
1637,rho_b,0.0016514,0.0016219184826925352,2.9481517307464698e-05,1.7852438712372691
1638,rho_b,0.0011758,0.0011722281433727067,3.5718566272933613e-06,0.3037809682136036
1639,rho_b,-0.0006731,-0.0006414906286762768,3.160937132372322e-05,4.696088438086813
1640,rho_b,-2.13e-05,-1.9039516231878417e-06,1.9396048376812158e-05,91.06125570985729
1641,rho_b,0.0012887,0.001277629983126302,1.1070016873698145e-05,0.8590065077293458
1642,rho_b,0.0009285,0.0009228598097249614,5.640190275038571e-06,0.6074518329525097
1643,rho_b,0.0002236,0.00021225440543654083,1.1345594563459156e-05,5.074058368836572
1644,rho_b,0.0006441,0.0006420332677199493,2.066732280050728e-06,0.3208713362586578
1645,rho_b,0.001023,0.001018897860665152,4.102139334848098e-06,0.40099113693432914
1646,rho_b,0.00068296,0.0006877263792756914,4.766379275691381e-06,0.6979002091941516
1647,rho_b,0.00061136,0.0006072667422021886,4.093257797811462e-06,0.6695331377774356
1648,rho_b,0.00070361,0.0007110687298094648,7.458729809464823e-06,1.0600659170370181
1649,rho_b,0.00070118,0.0006896262834229437,1.1553716577056348e-05,1.6477532959552206
1650,rho_b,0.00054332,0.0005448812958860471,1.5612958860470759e-06,0.2873621223539451
1651,rho_b,0.00030067,0.00031876040981765677,1.8090409817656764e-05,6.016699290747255
1652,rho_b,0.00043738,0.00043745037368086434,7.03736808643188e-08,0.016089825941611534
1653,rho_b,0.00042447,0.0004252445775389566,7.745775389566439e-07,0.1824811028180632
1654,rho_b,0.00062556,0.0006294535783962227,3.893578396222666e-06,0.6224148586863797
1655,rho_b,0.00061878,0.0006088164063506555,9.963593649344512e-06,1.610199688619948
1656,rho_b,0.00060024,0.0005971450156986142,3.0949843013858757e-06,0.515624466251771
1657,rho_b,0.00055242,0.0005561404264286607,3.7204264286607456e-06,0.673477865016829
1658,rho_b,0.00056284,0.0005596153144825228,3.224685517477224e-06,0.5729311192786427
1659,rho_b,0.00048912,0.0004845767963676503,4.543203632349725e-06,0.9288525562359338
1660,rho_b,0.00039512,0.00039674396323088835,1.6239632308883561e-06,0.41100506853065033
1661,rho_b,0.00039594,0.00039758765563005635,1.6476556300563418e-06,0.4161377041710776
1662,rho_b,0.0007436,0.0007407988343036449,2.8011656963550496e-06,0.3767032937853707
1663,rho_b,0.0008386,0.0008417896091041199,3.189609104119911e-06,0.3803492845595538
1664,rho_b,0.0008089,0.0008070475098280488,1.8524901719512007e-06,0.2290134960639221
1665,rho_b,0.0007913,0.0007873212325961425,3.978767403857442e-06,0.5028140274016557
1666,rho_b,0.0005755,0.0005749625773066596,5.374226933403973e-07,0.09338361292902889
1667,rho_b,0.0008076,0.0008030343748752704,4.565625124729644e-06,0.5653324813120753
1668,rho_b,0.0014529,0.0014557561524399416,2.8561524399416116e-06,0.19658286447627385
1669,rho_b,0.0005152,0.0005197058493380024,4.505849338002407e-06,0.8745825561445228
1670,rho_b,0.0004167,0.00041380269058724224,2.897309412757754e-06,0.695298633502464
1671,rho_b,0.00042,0.00041972629182009856,2.737081799014554e-07,0.06516861410708791
1672,rho_b,0.00043,0.00043138684243143794,1.3868424314379527e-06,0.3225214949331949
1673,rho_b,0.00042,0.0004196292941337483,3.7070586625170474e-07,0.0882633012783504
1674,rho_b,0.00041,0.0004162918784414633,6.291878441463299e-06,1.5346044941749402
1675,rho_b,0.00041,0.000416502611496536,6.502611496535997e-06,1.5860028001648705
1676,rho_b,0.0004,0.0004101447161042864,1.01447161042864e-05,2.5361790197311525
1677,rho_b,0.00042,0.00041921410020168506,7.858997983149589e-07,0.18711899915327831
1678,rho_b,0.0004,0.0004071620964558158,7.162096455815784e-06,1.7905241094776356
1679,rho_b,0.0004,0.00040690609772556983,6.906097725569815e-06,1.7265244270761426
1680,rho_b,0.00039,0.00039369619984957945,3.696199849579458e-06,0.9477435487441084
1681,rho_b,0.00039,0.00039377753894340796,3.7775389434079694e-06,0.9685997265953775
1682,rho_b,0.0002705,0.00024961053162972195,2.0889468370278064e-05,7.7225391101858305
1683,rho_b,0.0004436,0.00043911248198710335,4.487518012896642e-06,1.011613616496958
1684,rho_b,0.0004093,0.00041058709953869577,1.2870995386957975e-06,0.3144636050699149
1685,rho_b,0.0004571,0.00044958923142970463,7.510768570295366e-06,1.643134665032601
1686,rho_b,0.0003977,0.0003974372217305152,2.627782694848333e-07,0.06607449555546602
1687,rho_b,0.0003955,0.0003965262454354037,1.026245435403663e-06,0.25948051398454053
1688,rho_b,0.0003697,0.0003749566965524871,5.2566965524871085e-06,1.4218816711572335
1689,rho_b,0.0003976,0.00039758765563005635,1.2344369943666049e-08,0.0031047208029725453
1690,rho_b,0.000615,0.0006086747776189775,6.32522238102251e-06,1.028491442396357
1691,rho_b,0.000636,0.0006366475425902317,6.475425902317464e-07,0.10181487251786127
1692,rho_b,0.000614,0.0006053927720698845,8.607227930115422e-06,1.4018286508301525
1693,rho_b,0.00056,0.0005588941200821605,1.105879917839489e-06,0.19747855640441134
1694,rho_b,0.000648,0.0006443214356679586,3.6785643320413983e-06,0.5676796799945373
1695,rho_b,0.000684,0.0006801408456358206,3.8591543641794705e-06,0.5642038535873438
1696,rho_b,0.000632,0.0006335205351536935,1.5205351536935752e-06,0.24059100495057995
1697,rho_b,0.00055,0.000550608796820606,6.087968206059486e-07,0.11069033081800823
1698,rho_b,0.0005297,0.0005278245292295075,1.8754707704924994e-06,0.3540628217768305
1700,rho_b,0.0004546,0.00045578191818763106,1.1819181876310714e-06,0.25999080181063866
1703,rho_b,0.0004006,0.0004113800046227769,1.0780004622776935e-05,2.690964701913951
1706,rho_b,0.0004955,0.00048815325532677157,7.346744673228389e-06,1.4826931702122015
1708,rho_b,0.0005367,0.000528199532593866,8.500467406134023e-06,1.583839647903042
1709,rho_b,0.0004554,0.0004486332641328936,6.766735867106408e-06,1.4858884172699878
1711,rho_b,0.0004444,0.0004454085284452915,1.0085284452914737e-06,0.22694159383934692
1713,rho_b,0.0003976,0.00040058440523118113,2.984405231181114e-06,0.750604935531958
1714,rho_b,0.000737,0.0007418766574758421,4.8766574758421196e-06,0.6616902943317797
1715,rho_b,0.000794,0.00079585181129909,1.8518112990899543e-06,0.23322560412565468
1716,rho_b,0.000701,0.0006930284072290245,7.971592770975489e-06,1.137174430756597
1717,rho_b,0.000688,0.0006856847168401978,2.3152831598022674e-06,0.3365237145984055
1718,rho_b,0.000623,0.0006266253271719369,3.6253271719369424e-06,0.5819144728921024
1719,rho_b,0.000442,0.00044073825803319885,1.2617419668011637e-06,0.28546198279333573
1720,rho_b,0.000424,0.0004252445775389566,1.2445775389566174e-06,0.293532437740871
1721,rho_b,0.000793,0.0007933683132686389,3.6831326863894214e-07,0.04644555714684572
1722,rho_b,0.00082,0.0008205963605331088,5.963605331088528e-07,0.07272689419287609
1723,rho_b,0.000664,0.0006600605737211694,3.939426278830598e-06,0.5932870892918264
1724,rho_b,0.000586,0.0005899298338805849,3.929833880584872e-06,0.6706201149963602
1725,rho_b,0.000518,0.0005368528045830488,1.8852804583048815e-05,3.6395375572690036
1726,rho_b,0.000487,0.0004921627400952481,5.162740095248069e-06,1.0601109003381848
1727,rho_b,0.000424,0.0004252445775389566,1.2445775389566174e-06,0.293532437740871
1728,rho_b,0.00085,0.0008440938455256536,5.906154474346367e-06,0.6948417020468177
1729,rho_b,0.00071,0.0007183418923342161,8.341892334216101e-06,1.1749144116150643
1730,rho_b,0.00067,0.0006721785161527547,2.178516152754684e-06,0.32515166410495033
1731,rho_b,0.00066,0.0006705909980069169,1.05909980069169e-05,1.6046966652833232
1732,rho_b,0.00067,0.0006701699511605565,1.6995116055651752e-07,0.02536584482132225
1733,rho_b,0.00067,0.0006696295952243235,3.704047756764896e-07,0.05528429479457412
1734,rho_b,0.00062,0.0006186398446784478,1.3601553215522241e-06,0.21937989021910084
1735,rho_b,0.00054,0.0005406843490122595,6.843490122594503e-07,0.12673129833187727
1736,rho_b,0.00049,0.0004902316496256972,2.316496256972618e-07,0.04727543371928724
1737,rho_b,0.00044,0.0004333512101704224,6.648789829577604e-06,1.5110885941969812
1738,rho_b,0.00039,0.00039377753894340796,3.7775389434079694e-06,0.9685997265953775
1739,rho_b,0.00047002,0.0004788084042762105,8.788404276210515e-06,1.8697936805907363
1740,rho_b,0.00058018,0.0005783375437814499,1.84245621855008e-06,0.317566309658109
1741,rho_b,0.0004,0.00040395786928319586,3.957869283195844e-06,0.9894673183252926
1742,rho_b,0.000391,0.0004012341885562501,1.0234188556250065e-05,2.617439521758483
1750,rho_b,0.000146,0.00014333435534249366,2.6656446575063343e-06,1.8257839994852703
1751,rho_b,0.000155,0.00014569083137524097,9.309168624759028e-06,6.0059152030321785
1752,rho_b,0.000219,0.00021950500738770508,5.050073877050677e-07,0.2305969796342913
1753,rho_b,0.000281,0.00029752770654636776,1.6527706546367758e-05,5.881746080978753
1754,rho_b,0.0003321,0.00033415098799923653,2.050987999236537e-06,0.6175814492805548
1755,rho_b,0.0002621,0.00026571134365111035,3.611343651110379e-06,1.3778495373261672
1756,rho_b,0.000364,0.00037613382737919756,1.2133827379197544e-05,3.3334690510612237
1757,rho_b,0.0003704,0.0003811981783330326,1.07981783330326e-05,2.9152749200539554
1758,rho_b,0.0005755,0.0005722420070767237,3.2579929232762596e-06,0.5661151898549276
1759,rho_b,0.00205,0.002037389613598959,1.2610386401041077e-05,0.6151407997507155
1761,rho_b,0.00093797,0.0009427617164534137,4.791716453413715e-06,0.5108603098505402
1763,rho_b,0.000891,0.000884763862715294,6.236137284706023e-06,0.6999031737044884
1764,rho_b,0.00087,0.0008748665510416361,4.866551041636112e-06,0.5593736823037213
1765,rho_b,0.00087,0.0008718052048247953,1.805204824795268e-06,0.2074948072092322
1766,rho_b,0.00084,0.0008432566381633442,3.256638163344201e-06,0.3876950189841965
1767,rho_b,0.000841,0.0008422446219425695,1.2446219425695654e-06,0.14799309644347616
1768,rho_b,0.00062513,0.0006352553299014852,1.0125329901485187e-05,1.61971588074289
1769,rho_b,0.0006038,0.0006007719093457395,3.0280906542605457e-06,0.5015055729124693
1770,rho_b,0.00054489,0.0005520269540183709,7.136954018370847e-06,1.3097972077433748
1771,rho_b,0.00054195,0.0005385410660286298,3.408933971370178e-06,0.6290126330990039
1776,rho_b,0.00167,0.0016841273423874076,1.4127342387407552e-05,0.8459486454459919
1778,rho_b,0.001595,0.0016053121175635175,1.0312117563517466e-05,0.6465277465236482
1779,rho_b,0.0032652,0.0032475589507862143,1.7641049213785488e-05,0.5402746909341769
1781,rho_b,0.00408,0.004092759134272058,1.275913427205809e-05,0.31272387914046196
1786,rho_b,0.000751,0.0007595733323120039,8.57333231200387e-06,1.1415888549384796
1788,rho_b,0.000327,0.0003274087752839637,4.0877528396373675e-07,0.12500773171671542
1789,rho_b,0.000366,0.0003704844558966795,4.484455896679477e-06,1.225261170608433
1790,rho_b,0.000413,0.0004137041071105807,7.041071105806846e-07,0.17048598277865007
1791,rho_b,0.00043,0.00043168522045684826,1.685220456848274e-06,0.39191173323933876
1792,rho_b,0.00045,0.0004567704309310636,6.770430931063638e-06,1.504540203559608
1793,rho_b,0.000553,0.0005545682856217437,1.568285621743673e-06,0.283595952786205
1794,rho_b,0.000446,0.00044808922703513124,2.089227035131241e-06,0.4684365539118555
1795,rho_b,0.00044,0.00043304823633698905,6.951763663010969e-06,1.5799462834571605
1797,rho_b,0.00093947,0.0009327608281606575,6.709171839342485e-06,0.7141443401280554
1798,rho_b,0.00093947,0.0009371005225457252,2.3694774542747966e-06,0.252214275256544
1799,rho_b,0.00093947,0.0009399472383373025,4.772383373025059e-07,0.05079867763680789
1800,rho_b,0.00093947,0.0009388269619525455,6.430380474544426e-07,0.06844689524625307
1801,rho_b,0.00093947,0.000939107328352062,3.626716479379578e-07,0.03860385616910803
1802,rho_b,0.00093947,0.0009391098464744381,3.6015352556186854e-07,0.038335819683279974
1803,rho_b,0.00093947,0.0009391691818460948,3.00818153905146e-07,0.03201998505380121
1804,rho_b,0.00093947,0.0009403980037225514,9.280037225514303e-07,0.09877949498798635
1805,rho_b,0.00093947,0.0009434628667733162,3.992866773316179e-06,0.42501269535653635
1806,rho_b,0.00093947,0.0009454985659491739,6.028565949173963e-06,0.6416986112123833
1807,rho_b,0.00093947,0.0009509808544769949,1.1510854476994969e-05,1.2252498179550673
1808,rho_b,0.0001865,0.00020756141928047198,2.1061419280471975e-05,11.292986148816146
1813,rho_b,0.00108,0.0010926972005080768,1.269720050807682e-05,1.1756667126222364
1814,rho_b,0.00084,0.0008470374443682383,7.037444368238272e-06,0.8377909952214716
1817,rho_b,0.0009,0.0009120548017948413,1.2054801794841299e-05,1.339422420160786
1820,rho_b,0.00091,0.0009161049782947436,6.104978294743549e-06,0.6708767349488771
1823,rho_b,0.00093,0.0009261858654966177,3.8141345033823777e-06,0.41012198917001697
1827,rho_b,0.00108,0.0010926972005080768,1.269720050807682e-05,1.1756667126222364
1828,rho_b,0.00092928,0.0009254656382856203,3.8143617143796818e-06,0.41046419919454197
1829,rho_b,0.0007126,0.0007162941530918219,3.6941530918219298e-06,0.5184048676168792
1830,rho_b,0.0008574,0.0008653285442290974,7.928544229097371e-06,0.9247194098262395
1831,rho_b,0.0008407,0.0008412629285857469,5.629285857468823e-07,0.06695950815716513
1832,rho_b,0.00085782,0.0008709135113996301,1.3093511399630046e-05,1.5263704954846402
1833,rho_b,0.0009851,0.000989263719614149,4.163719614149039e-06,0.42266974012002245
1834,rho_b,0.00053769,0.0005265144732026648,1.1175526797335125e-05,2.0784330704589626
1835,rho_b,0.00054,0.0005382034608445919,1.7965391554081254e-06,0.3326924355705928
1836,rho_b,0.000673,0.0006815323586766536,8.532358676653596e-06,1.2678096083173107
1837,rho_b,0.000791,0.0007897141646835828,1.2858353164172309e-06,0.162558194031814
1838,rho_b,0.00067,0.000675142745617942,5.142745617941927e-06,0.7675739716815204
1840,rho_b,0.00091,0.0009208473208549121,1.084732085491211e-05,1.1920132794496678
1841,rho_b,0.00158,0.0015722167674219693,7.783232578030758e-06,0.49260965652561145
1844,rho_b,0.00141,0.0014149270769728997,4.927076972899682e-06,0.34943808293654616
1845,rho_b,0.00054,0.0005265193912345188,1.3480608765481235e-05,2.4964090260216936
1856,rho_b,0.000905,0.0009139102108778572,8.910210877857163e-06,0.9845536870731079
1857,rho_b,0.000909,0.0009188850370274932,9.885037027493218e-06,1.0874628181098558
1858,rho_b,0.000881,0.0008796807669087683,1.3192330912315973e-06,0.14974268895961074
1859,rho_b,0.000884,0.0008790502238141903,4.9497761858097135e-06,0.5599294321504998
1860,rho_b,0.000846,0.0008440435534777533,1.9564465222467013e-06,0.23125845389292163
1861,rho_b,0.000843,0.0008409701444024643,2.029855597535709e-06,0.24078951306379762
1862,rho_b,0.00087,0.0008721557805527126,2.1557805527126295e-06,0.24779086784307136
1863,rho_b,0.000872,0.0008733871583433693,1.3871583433692786e-06,0.15907779148836015
1864,rho_b,0.0009,0.0009141712093102924,1.4171209310292403e-05,1.5745788105051794
1865,rho_b,0.000915,0.0009211694172687992,6.169417268799145e-06,0.6742532526837828
1866,rho_b,0.000506,0.0005142152185313488,8.215218531348726e-06,1.6235609713662285
1867,rho_b,0.00053,0.0005338441266779178,3.844126677917856e-06,0.7253069189933561
1868,rho_b,0.00059,0.0006020874275267834,1.2087427526783325e-05,2.048716526490874
1869,rho_b,0.000646,0.0006507303180789138,4.730318078913784e-06,0.7322473795032989
1870,rho_b,0.00067,0.0006641772685576395,5.82273144236051e-06,0.8690643930850546
1871,rho_b,0.000718,0.000712344951607235,5.6550483927649735e-06,0.7876111956669724
1872,rho_b,0.000738,0.0007418533659978087,3.853365997808617e-06,0.5221363133587065
1873,rho_b,0.000786,0.0007881215361047314,2.1215361047313567e-06,0.2699155346096948
1874,rho_b,0.000842,0.000838509448347159,3.490551652841011e-06,0.41455482763604073
1875,rho_b,0.000896,0.0009003310670807405,4.331067080740481e-06,0.48337802186458717
1876,rho_b,0.000915,0.0009211694172687992,6.169417268799145e-06,0.6742532526837828
1877,rho_b,0.00082,0.0008315170220018384,1.1517022001838453e-05,1.4045148765601592
1878,rho_b,0.001117,0.0011327709068506887,1.5770906850688746e-05,1.4118985529605874
1881,rho_b,0.00106,0.0010546730880881565,5.326911911843505e-06,0.5025388591337846
1884,rho_b,0.00088,0.000887595818479097,7.5958184790969954e-06,0.8631611898256117
1885,rho_b,0.00087,0.0008736691603878272,3.669160387827241e-06,0.4217425728287144
1886,rho_b,0.0008,0.0008003847628417853,3.847628417852659e-07,0.04809535516303905
1887,rho_b,0.001024,0.0010293809501567557,5.380950156755717e-06,0.5254834132325081
1888,rho_b,0.001034,0.0010343885673805531,3.885673805531682e-07,0.03757905030728992
1889,rho_b,0.000946,0.0009527261094205873,6.726109420587259e-06,0.7110052234119668
1890,rho_b,0.001002,0.0010103745226442723,8.374522644272273e-06,0.8357807021870725
1891,rho_b,0.001012,0.0010104663203029862,1.5336796970139097e-06,0.15154937702553517
1892,rho_b,0.001053,0.0010473052625707168,5.6947374292831004e-06,0.5408107714981
1893,rho_b,0.001052,0.001044084064562373,7.91593543762693e-06,0.7524653450667563
1894,rho_b,0.0008,0.0008003847628417853,3.847628417852659e-07,0.04809535516303905
1895,rho_b,0.0008,0.0007913116946641817,8.688305335818338e-06,1.0860381656197444
1896,rho_b,0.00085,0.000837436848593501,1.2563151406498932e-05,1.4780178107904418
1897,rho_b,0.00071,0.0007156181363037982,5.618136303798204e-06,0.7912868022373712
1898,rho_b,0.00079,0.0007915131521687328,1.513152168732771e-06,0.1915382489642264
1901,rho_b,0.00092,0.000922530767358949,2.530767358948998e-06,0.2750834082824091
1904,rho_b,0.00097,0.000963431068123165,6.568931876835011e-06,0.6772094711405068
1906,rho_b,0.00102,0.0010155468181761956,4.453181823804459e-06,0.4365864528861367
1908,rho_b,0.00097,0.0009670658901263827,2.9341098736173753e-06,0.30248555366933194
1909,rho_b,0.00094,0.0009433563292813508,3.356329281350816e-06,0.3570563061468354
1910,rho_b,0.00088,0.0008786686088858137,1.331391114186317e-06,0.15129444462197414
1911,rho_b,0.0008,0.0008003847628417853,3.847628417852659e-07,0.04809535516303905
1913,rho_b,0.00072,0.0007148192973064893,5.180702693510721e-06,0.7195420397660139
1916,rho_b,0.00082,0.0008183193828218637,1.6806171781362858e-06,0.20495331415692106
1920,rho_b,0.00095,0.0009474467527742357,2.5532472257642483e-06,0.26876286558701257
1923,rho_b,0.00096,0.000958408242434167,1.5917575658329873e-06,0.16580807960155275
1924,rho_b,0.00084,0.0008470374443682383,7.037444368238272e-06,0.8377909952214716
1925,rho_b,0.000382,0.00038432705767013165,2.32705767013163e-06,0.609177398963313
1926,rho_b,0.000577,0.0005768209430234369,1.7905697656311545e-07,0.03103240489649764
1927,rho_b,0.000845,0.0008408466739433911,4.153326056608917e-06,0.49151787594008733
1928,rho_b,0.000825,0.000831512078229722,6.512078229722038e-06,0.7893428147671043
1929,rho_b,0.00082,0.0008262048973311508,6.204897331150787e-06,0.7566947955590049
1934,rho_b,0.00082,0.0008207561485471714,7.56148547171394e-07,0.09221323734747093
1935,rho_b,0.00086,0.0008597679994128589,2.3200058714108792e-07,0.026976812426897652
1938,rho_b,0.00092,0.0009169324990081793,3.067500991820772e-06,0.3334240204876665
1940,rho_b,0.00104,0.001025642167516061,1.4357832483938987e-05,1.3805608144359018
1942,rho_b,0.00095,0.0009464285472702572,3.571452729742757e-06,0.3759423922087719
1943,rho_b,0.00084,0.0008470374443682383,7.037444368238272e-06,0.8377909952214716
1951,rho_b,0.0015,0.0015079994214436702,7.99942144367018e-06,0.5332947625558155
1952,rho_b,0.00143,0.0014199068597213417,1.0093140278658345e-05,0.7058140050070073
1954,rho_b,0.00139,0.001377012663818495,1.2987336181505054e-05,0.9343407318101905
1957,rho_b,0.00118,0.0011818793157509803,1.8793157509802531e-06,0.15926404655827225
1959,rho_b,0.00102,0.0010270570831837462,7.057083183746116e-06,0.6918708996889614
1960,rho_b,0.00082,0.0008315170220018384,1.1517022001838453e-05,1.4045148765601592
1961,rho_b,0.000852,0.0008544740745535845,2.474074553584474e-06,0.29038433693434634
1962,rho_b,0.000847,0.0008509998484202302,3.9998484202302025e-06,0.47223712107530474
1963,rho_b,0.000855,0.0008673800077859983,1.2380007785998287e-05,1.44795412532383
1964,rho_b,0.000853,0.0008605453909386469,7.545390938646875e-06,0.8845710351466782
1965,rho_b,0.00089,0.000886095609563968,3.904390436031916e-06,0.43869555411741135
1966,rho_b,0.000991,0.0009857236615760257,5.276338423974196e-06,0.5324256729212856
1967,rho_b,0.000937,0.0009339967682572749,3.003231742725065e-06,0.3205156605677597
1968,rho_b,0.0008,0.0008003847628417853,3.847628417852659e-07,0.04809535516303905
1969,rho_b,0.001682,0.001685609387208829,3.60938720882914e-06,0.21458901347700654
1970,rho_b,0.001742,0.00172005314117314,2.1946858826860007e-05,1.2598656035741302
1971,rho_b,0.001721,0.001715617051049869,5.382948950131104e-06,0.31278029907049976
1972,rho_b,0.001607,0.0015973836476904323,9.616352309567639e-06,0.5984040014675543
1973,rho_b,0.001437,0.001432622682278574,4.377317721425845e-06,0.3046150117174457
1974,rho_b,0.001418,0.0014249068322611535,6.90683226115354e-06,0.4870826696955369
1975,rho_b,0.00136,0.0013461436999486535,1.385630005134664e-05,1.0188455912616312
1976,rho_b,0.001243,0.0012430322833252509,3.228332525091748e-08,0.002597210396214431
1977,rho_b,0.001122,0.0011247285355246665,2.728535524666514e-06,0.2431849841563872
1978,rho_b,0.00084,0.0008418295445742668,1.8295445742667156e-06,0.21780292524865313
1979,rho_b,0.000905,0.0009139102108778572,8.910210877857163e-06,0.9845536870731079
1980,rho_b,0.00089,0.0008797324408396023,1.0267559160397673e-05,1.153658331332707
1981,rho_b,0.000833,0.0008383919218321791,5.391921832179156e-06,0.6472895348987109
1982,rho_b,0.000777,0.0007723236953879488,4.676304612051194e-06,0.6018410046374238
1983,rho_b,0.00073,0.0007245113214617248,5.488678538275154e-06,0.7518737713364955
1984,rho_b,0.000715,0.000712344951607235,2.655048392765009e-06,0.37133543902820343
1985,rho_b,0.000714,0.0007115212957765114,2.478704223488645e-06,0.34715745378390345
1986,rho_b,0.000718,0.0007090178507925314,8.982149207468581e-06,1.2509957096042652
1987,rho_b,0.000734,0.0007348249752391954,8.249752391954615e-07,0.11239444660374893
1988,rho_b,0.000754,0.0007593654943438477,5.365494343847663e-06,0.7116040234392073
1989,rho_b,0.00084,0.0008418295445742668,1.8295445742667156e-06,0.21780292524865313
1990,rho_b,0.000506,0.0005142152185313488,8.215218531348726e-06,1.6235609713662285
1991,rho_b,0.000496,0.0004880865005005441,7.91349949945592e-06,1.5954636055446136
1992,rho_b,0.000506,0.0005150326580823773,9.032658082377292e-06,1.7851102894320532
1993,rho_b,0.000535,0.00053824434439696,3.2443443969599637e-06,0.6064195123169661
1994,rho_b,0.00057,0.0005765119971860356,6.511997186035628e-06,1.1424556446686092
1995,rho_b,0.0006,0.0006043132409274235,4.3132409274235575e-06,0.7188734867058039
1996,rho_b,0.00064,0.0006456746827885879,5.674682788587822e-06,0.8866691843314265
1997,rho_b,0.00067,0.0006651908887355471,4.809111264452879e-06,0.7177777995932987
1998,rho_b,0.00072,0.0007166614398053192,3.338560194680873e-06,0.4636889152838866
1999,rho_b,0.000757,0.0007608079731746852,3.8079731746852455e-06,0.5030347648157065
2000,rho_b,0.00084,0.0008418295445742668,1.8295445742667156e-06,0.21780292524865313
2001,rho_b,0.001117,0.0011330465958914915,1.604659589149156e-05,1.4365797562332825
2002,rho_b,0.0011824,0.0011787904304732498,3.6095695267501e-06,0.3052748243993024
2003,rho_b,0.0012026,0.0012010883773629895,1.5116226370105734e-06,0.12569621118855906
2004,rho_b,0.0012543,0.0012690411533028186,1.4741153302818546e-05,1.1752494053309457
2005,rho_b,0.0013478,0.0013471733311893196,6.266688106803305e-07,0.04649568260983631
2006,rho_b,0.0013043,0.0012853657635002562,1.89342364997438e-05,1.4516780253950026
2007,rho_b,0.0010668,0.0010635995638858457,3.200436114154199e-06,0.30000338499757834
2008,rho_b,0.00096,0.0009590435883830322,9.564116169678144e-07,0.0996262099970367
2009,rho_b,0.001092,0.001092337114197941,3.371141979408108e-07,0.030871263519422903
2010,rho_b,0.001115,0.001112946276483849,2.053723516151195e-06,0.1841904497138377
2011,rho_b,0.001222,0.0012281153893184728,6.115389318472756e-06,0.5004410240154129
2012,rho_b,0.001291,0.0012871830480985726,3.816951901427492e-06,0.29565855139201447
2013,rho_b,0.00117,0.0011709007697420625,9.007697420624836e-07,0.07698886677714487
2014,rho_b,0.001117,0.0011223666353714803,5.366635371480393e-06,0.48045079379372296
2015,rho_b,0.0011834,0.0011705633238407386,1.2836676159261404e-05,1.0847284222083928
2016,rho_b,0.0011052,0.0011146268742246077,9.426874224607732e-06,0.8529564075351219
2017,rho_b,0.0010668,0.0010635995638858457,3.200436114154199e-06,0.30000338499757834
2018,rho_b,0.00092,0.0009283656735945343,8.365673594534296e-06,0.9093123462436057
2019,rho_b,0.000695,0.0006913335020094457,3.6664979905543264e-06,0.5275536669465885
2020,rho_b,0.000699,0.0006985938651442289,4.061348557710771e-07,0.05810226826753282
2021,rho_b,0.000759,0.0007583016361234076,6.983638765924172e-07,0.09201105081321563
2022,rho_b,0.000772,0.0007721544549416645,1.5445494166445826e-07,0.020007116769998327
2023,rho_b,0.000785,0.0007890604191592518,4.060419159251753e-06,0.517250847653407
2024,rho_b,0.000885,0.0008839875107569135,1.0124892430865779e-06,0.11440556406130194
2025,rho_b,0.000886,0.0008865477638696536,5.477638696536674e-07,0.06182436445095076
2026,rho_b,0.001,0.000996412099873428,3.5879001265720113e-06,0.3587900122984111
2027,rho_b,0.000936,0.0009442821213173006,8.282121317300579e-06,0.8848420201337777
2028,rho_b,0.0006241,0.0006275499868333876,3.4499868333875625e-06,0.5527939156961421
2029,rho_b,0.0006678,0.0006695438746891717,1.7438746891716922e-06,0.2611372696256843
2030,rho_b,0.0007052,0.0007144154067803366,9.215406780336546e-06,1.3067791785690235
2031,rho_b,0.0007171,0.0007133115705184516,3.7884294815484273e-06,0.5282986300746675
2032,rho_b,0.0005617,0.000569921994065227,8.221994065226931e-06,1.4637696369217081
2033,rho_b,0.0003321,0.00033415098799923653,2.050987999236537e-06,0.6175814492805548
2034,rho_b,0.0006235,0.0006292318642423223,5.731864242322269e-06,0.9193046083607413
2035,rho_b,0.0007091,0.0007106730669934387,1.5730669934386219e-06,0.22183993671135557
2036,rho_b,0.0007484,0.0007391528735486613,9.247126451338646e-06,1.2355861088966842
2037,rho_b,0.0005133,0.0005236757787441552,1.0375778744155283e-05,2.021386854459656
2038,rho_b,0.0006151,0.0006109572606701876,4.142739329812488e-06,0.6735066368196101
2039,rho_b,0.000635,0.0006456313251582775,1.063132515827746e-05,1.6742244317378292
2040,rho_b,0.0006478,0.000654921819124928,7.12181912492795e-06,1.0993854760626882
2041,rho_b,0.0006512,0.0006540338941787934,2.833894178793446e-06,0.43518030934300417
2042,rho_b,0.000642,0.0006458190690775392,3.8190690775392194e-06,0.594870571898834
2043,rho_b,0.0007249,0.0007212358638325984,3.664136167401584e-06,0.5054678110562707
2044,rho_b,0.0001341,0.0001464978219523496,1.2397821952349591e-05,9.245206457790847
2045,rho_b,1e-06,1.449433851409825e-05,1.349433851409825e-05,1349.432501977323
2079,rho_b,0.0007502,0.0007538807141403271,3.6807141403271066e-06,0.49063104977616584
2080,rho_b,0.0007502,0.0007538807141403271,3.6807141403271066e-06,0.49063104977616584
2081,rho_b,0.0007502,0.0007543309476533598,4.130947653359731e-06,0.5506461807322406
2082,rho_b,0.0007502,0.0007543310442877133,4.131044287713245e-06,0.5506590618777198
2084,rho_b,0.0005614,0.0005609315799351379,4.684200648621224e-07,0.08343784539147558
2085,rho_b,0.0009515,0.0009536914815117925,2.191481511792481e-06,0.23031860320434
2086,rho_b,0.0015342,0.0015379902122223737,3.7902122223736154e-06,0.24704811757939865
2087,rho_b,0.0011,0.0010980539789950763,1.9460210049237776e-06,0.17691100028678794
2088,rho_b,0.000919,0.0009229790498432329,3.9790498432329315e-06,0.43297604340622103
2089,rho_b,0.00118,0.0011790647642368293,9.3523576317079e-07,0.07925726799815401
2090,rho_b,0.00124,0.0012398922926369481,1.0770736305187184e-07,0.008686077658468634
2091,rho_b,0.001339,0.00132780071463387,1.1199285366129963e-05,0.8363917369504142
2092,rho_b,0.0014,0.0014236965289831753,2.3696528983175322e-05,1.692609211874945
2093,rho_b,0.00166,0.001642400883306567,1.7599116693432998e-05,1.0601877519777783
2094,rho_b,0.00152,0.0015285478171715285,8.547817171528386e-06,0.5623563924937383
2095,rho_b,0.00166,0.001640824493484435,1.9175506515564916e-05,1.155150994217675
2096,rho_b,0.0015342,0.0015379902122223737,3.7902122223736154e-06,0.24704811757939865
2097,rho_b,0.001034,0.0010308616348880019,3.1383651119981128e-06,0.3035169351027992
2098,rho_b,0.00134,0.0013233323502496114,1.6667649750388633e-05,1.2438544580559767
2099,rho_b,0.001114,0.0011109265950523088,3.073404947691186e-06,0.27588913329733344
2100,rho_b,0.001006,0.0010141880284205295,8.188028420529504e-06,0.8139193252873073
2101,rho_b,0.001146,0.0011448627788933294,1.137221106670746e-06,0.09923395337507908
2102,rho_b,0.0012,0.0011947213674889327,5.27863251106723e-06,0.4398860422223642
2103,rho_b,0.001136,0.0011339385310349319,2.061468965068201e-06,0.1814673383145711
2104,rho_b,0.001276,0.0012706224518455717,5.377548154428301e-06,0.4214379428067337
2105,rho_b,0.00122,0.0012369057079009032,1.6905707900903262e-05,1.385713761233289
2106,rho_b,0.001096,0.0011112229112455515,1.522291124555152e-05,1.3889517547136865
2107,rho_b,0.0015342,0.0015379902122223737,3.7902122223736154e-06,0.24704811757939865
2108,rho_b,0.0011398,0.0011368267222559001,2.973277744099936e-06,0.2608596018153483
2109,rho_b,0.0009599,0.0009634923977081026,3.592397708102632e-06,0.3742470782748371
2110,rho_b,0.0013802,0.0013767822056952369,3.4177943047631557e-06,0.2476303653301588
2111,rho_b,0.0014181,0.0014209771205031924,2.877120503192365e-06,0.20288558642997737
2112,rho_b,0.0014381,0.0014509394704805166,1.2839470480516474e-05,0.8928079042895761
2113,rho_b,0.0014401,0.0014507298780325716,1.0629878032571627e-05,0.7381347146163655
2114,rho_b,0.0014801,0.0014905974921112903,1.049749211129024e-05,0.7092420852778744
2115,rho_b,0.0017221,0.0017348119912306695,1.2711991230669479e-05,0.7381680055332326
2116,rho_b,0.0015342,0.0015379902122223737,3.7902122223736154e-06,0.24704811757939865
2117,rho_b,0.00119,0.0011941831876904243,4.183187690424235e-06,0.35152837705117235
2118,rho_b,0.0012234,0.0012378809674570264,1.4480967457026475e-05,1.1836658039226595
2119,rho_b,0.0010849,0.0010894709141073859,4.570914107385887e-06,0.42132123727280624
2120,rho_b,0.0011506,0.0011401178517041338,1.0482148295866281e-05,0.9110158427564855
2121,rho_b,0.0011692,0.0011756058664428998,6.405866442899758e-06,0.547884573847153
2122,rho_b,0.0011755,0.0011788977466432845,3.397746643284561e-06,0.28904692814922095
2123,rho_b,0.0011952,0.0012032648417252263,8.064841725226313e-06,0.6747692200868993
2124,rho_b,0.0012105,0.0012128780399444426,2.3780399444426475e-06,0.19645104853185766
2125,rho_b,0.0013137,0.001319186298919787,5.486298919787002e-06,0.4176219011654703
2126,rho_b,0.0012885,0.001287494320317071,1.0056796829289658e-06,0.0780504215869974
2127,rho_b,0.0012711,0.0012695593119373396,1.5406880626604117e-06,0.1212090363817419
2128,rho_b,0.0012749,0.0012683469540986,6.5530459013999395e-06,0.5140046981143535
2129,rho_b,0.0012488,0.0012410228413527397,7.777158647260304e-06,0.622770551011579
2130,rho_b,0.0012476,0.0012403237018789436,7.276298121056341e-06,0.5832236386040481
2131,rho_b,0.0012517,0.0012662152261509643,1.4515226150964376e-05,1.1596409794174296
2132,rho_b,0.0012468,0.0012394312559003804,7.3687440996195955e-06,0.5910125195467975
2133,rho_b,0.0012568,0.0012651208704964484,8.32087049644839e-06,0.6620679893242927
2134,rho_b,0.0012501,0.001236090344099403,1.4009655900597013e-05,1.1206828165258926
2135,rho_b,0.0012303,0.0012352494387015203,4.9494387015203926e-06,0.4022952692430659
2136,rho_b,0.0012334,0.0012355561656460764,2.1561656460764023e-06,0.17481479198380528
2137,rho_b,0.0011952,0.0012032648417252263,8.064841725226313e-06,0.6747692200868993
2138,rho_b,0.001009,0.001007359557053284,1.6404429467159996e-06,0.16258106492469665
2139,rho_b,0.0009408,0.0009427790689059505,1.9790689059505416e-06,0.21036021511978523
2140,rho_b,0.0009,0.000910428218242265,1.0428218242265015e-05,1.1586909145197894
2141,rho_b,0.000702,0.0006858717630040849,1.61282369959151e-05,2.2974696542650146
2142,rho_b,0.0005,0.000493085425253745,6.914574746255046e-06,1.3829149464851793
2143,rho_b,0.0006,0.0005923422746801642,7.657725319835766e-06,1.2762875511788152
2144,rho_b,0.00065,0.000644158618286318,5.841381713681958e-06,0.8986741084146488
2145,rho_b,0.0009,0.000910428218242265,1.0428218242265015e-05,1.1586909145197894
2146,rho_b,0.001065,0.0010712707927101016,6.270792710101614e-06,0.5888068266867179
2147,rho_b,0.0012105,0.0012128780399444426,2.3780399444426475e-06,0.19645104853185766
2148,rho_b,0.0013456,0.0013450042671958747,5.957328041252593e-07,0.04427265187890404
2149,rho_b,0.0013283,0.0013194840469292926,8.815953070707332e-06,0.6637019546842063
2150,rho_b,0.0012054,0.0012029148207128304,2.485179287169516e-06,0.20617050647982507
2151,rho_b,0.0011803,0.0011774233765741845,2.8766234258154923e-06,0.24371968341763073
2152,rho_b,0.0011778,0.0011758301572290793,1.9698427709206445e-06,0.1672476455466266
2153,rho_b,0.001077,0.0010812869415780905,4.2869415780905e-06,0.3980447144020476
2154,rho_b,0.0010959,0.001098406605524123,2.506605524123023e-06,0.2287257525171791
2155,rho_b,0.0010536,0.0010522316505154512,1.3683494845487948e-06,0.12987371708903356
2156,rho_b,0.0012568,0.0012651208704964484,8.32087049644839e-06,0.6620679893242927
2157,rho_b,0.0012283,0.0012291653657320663,8.65365732066227e-07,0.07045231062132246
2158,rho_b,0.0011823,0.0011741338406258213,8.166159374178774e-06,0.6907011221578079
2159,rho_b,0.001167,0.0011698667381872855,2.86673818728541e-06,0.24565023006245995
2160,rho_b,0.0010849,0.0010894709141073859,4.570914107385887e-06,0.42132123727280624
2161,rho_b,0.0005583,0.0005670236925008672,8.723692500867282e-06,1.5625456717252062
2162,rho_b,0.0007654,0.0007604275383477406,4.972461652259395e-06,0.6496552973298723
2163,rho_b,0.000884,0.0008810133440158536,2.9866559841464123e-06,0.33785701139907715
2164,rho_b,0.0009898,0.0009947822424424657,4.9822424424655724e-06,0.5033585004477659
2165,rho_b,0.0010849,0.001094813080491858,9.913080491858036e-06,0.9137321857056608
2167,rho_b,0.00055,0.0005534389007049174,3.438900704917365e-06,0.6252546724845124
2168,rho_b,0.000638,0.0006441819127345734,6.1819127345734285e-06,0.9689518377560987
2169,rho_b,0.000684,0.0006873128944337758,3.3128944337757404e-06,0.48434129077958005
2170,rho_b,0.000752,0.0007625508170876056,1.0550817087605596e-05,1.4030341853158583
2171,rho_b,0.00083,0.0008418174469899891,1.1817446989989089e-05,1.4237887922591808
2172,rho_b,0.000875,0.0008767585025750801,1.7585025750801097e-06,0.20097172263661628
2173,rho_b,0.000941,0.0009539470362337757,1.294703623377566e-05,1.375880575984788
2174,rho_b,0.001015,0.0010287540995690045,1.3754099569004453e-05,1.3550837000446911
2175,rho_b,0.0010474,0.001051683961854261,4.2839618542610605e-06,0.40900915124794435
2176,rho_b,0.0004458,0.00044738336119506445,1.58336119506446e-06,0.3551729904694325
2177,rho_b,0.0004672,0.00047168157979481735,4.481579794817327e-06,0.9592422485498512
2178,rho_b,0.0006285,0.0006241974664660846,4.30253353391548e-06,0.6845717624613783
2180,rho_b,0.0007304,0.0007394558637044324,9.05586370443241e-06,1.2398499030714556
2181,rho_b,0.000869,0.0008752766370826376,6.276637082637667e-06,0.7222827474585547
2183,rho_b,0.0009253,0.0009268882424067649,1.5882424067648667e-06,0.17164621258493512
2184,rho_b,0.0009427,0.0009537167418431485,1.101674184314852e-05,1.1686370883061576
2186,rho_b,0.0009754,0.0009830577999100103,7.657799910010298e-06,0.7850932850276159
2188,rho_b,0.0010474,0.0010498180183648915,2.4180183648915467e-06,0.23085911424316935
2189,rho_b,0.0010474,0.0010523845453298227,4.984545329822726e-06,0.47589701404083984
2190,rho_b,0.0002712,0.0002811650849705459,9.965084970545916e-06,3.674441347271941
2191,rho_b,0.000722,0.0007117150465719093,1.0284953428090654e-05,1.4245087830811034
2192,rho_b,0.0007777,0.0007747516020314493,2.948397968550705e-06,0.3791176500912342
2193,rho_b,0.00073,0.0007274229030242912,2.5770969757087396e-06,0.35302698249020137
2194,rho_b,0.0011234,0.0011258333064649037,2.4333064649036205e-06,0.21660196392536948
2195,rho_b,0.000615,0.0006086747776189775,6.32522238102251e-06,1.028491442396357
2196,rho_b,0.00058,0.0005805909509317727,5.909509317727438e-07,0.10188809150928671
2197,rho_b,0.000773,0.0007711917891662351,1.8082108337648959e-06,0.23392119423359428
2198,rho_b,0.000809,0.000818442484349933,9.442484349933013e-06,1.1671797698715964
2199,rho_b,0.000815,0.0008195316662633535,4.531666263353517e-06,0.5560326696678761
2200,rho_b,0.000835,0.0008351625810968647,1.625810968646944e-07,0.019470790020357665
2201,rho_b,0.000773,0.0007742771399320253,1.2771399320252175e-06,0.1652186197119057
2202,rho_b,0.000795,0.0008039876526918848,8.98765269188482e-06,1.1305223497584398
2203,rho_b,0.000926,0.0009340040622936871,8.004062293687176e-06,0.8643695772185185
2204,rho_b,0.000949,0.0009571960212958439,8.196021295843914e-06,0.8636481862178538
2205,rho_b,0.001023,0.0010292419527290733,6.241952729073297e-06,0.6101615564977205
2206,rho_b,0.0005444,0.0005459831677569844,1.5831677569843987e-06,0.29080965357757205
2207,rho_b,0.0007616,0.0007575046590992647,4.095340900735233e-06,0.5377285839493103
2208,rho_b,0.000941,0.0009422359662464835,1.2359662464834706e-06,0.13134604093198832
2209,rho_b,0.0009853,0.000990538699688131,5.238699688131076e-06,0.5316857487886145
2210,rho_b,0.0010849,0.0010894709141073859,4.570914107385887e-06,0.42132123727280624
2211,rho_b,0.001477,0.0014763824892564197,6.175107435803066e-07,0.041808445711727975
2212,rho_b,0.001382,0.0013815420181226552,4.579818773447694e-07,0.0331390649069015
2213,rho_b,0.001338,0.0013225625320078872,1.5437467992112817e-05,1.1537718969039685
2214,rho_b,0.00121,0.0012171722186484,7.172218648400118e-06,0.5927453423531128
2215,rho_b,0.001223,0.001233356638858307,1.0356638858307178e-05,0.8468224734128336
2216,rho_b,0.00123,0.0012383312498015517,8.331249801551716e-06,0.6773373816892961
2217,rho_b,0.001024,0.0010293809501567557,5.380950156755717e-06,0.5254834132325081
2218,rho_b,0.0008514,0.0008593644557426292,7.964455742629243e-06,0.9354540443122743
2219,rho_b,0.0009131,0.0009185941556535814,5.494155653581372e-06,0.6017036083193884
2220,rho_b,0.000991,0.0009949225044037788,3.922504403778898e-06,0.3958127547750525
2221,rho_b,0.0010327,0.0010340169773642965,1.3169773642966037e-06,0.12752758429566458
2222,rho_b,0.0010849,0.001094813080491858,9.913080491858036e-06,0.9137321857056608
2223,rho_b,0.0019455,0.0019475987083114458,2.0987083114458113e-06,0.10787500952799081
2224,rho_b,0.0012847,0.0012723447555445136,1.235524445548637e-05,0.961722148818335
2225,rho_b,0.0013398,0.0013179589527613244,2.184104723867552e-05,1.6301722064766233
2226,rho_b,0.0013751,0.0013786000517115797,3.5000517115797106e-06,0.2545307038785836
2227,rho_b,0.0013904,0.0013868186072731336,3.581392726866332e-06,0.2575800290772822
2228,rho_b,0.0014976,0.0014872668572923297,1.033314270767029e-05,0.6899801482886277
2229,rho_b,0.0016096,0.001601556477155384,8.043522844616022e-06,0.4997218463977885
2230,rho_b,0.0014134,0.0014298963224460787,1.6496322446078694e-05,1.1671375714169605
2231,rho_b,0.0015971,0.00160201882468979,4.918824689790005e-06,0.3079847653065029
2232,rho_b,0.0013752,0.001381198720457525,5.998720457524916e-06,0.43620713010201023
2233,rho_b,0.0013663,0.0013800081388363528,1.3708138836352867e-05,1.0033037273160967
2234,rho_b,0.0011917,0.001196945974623853,5.245974623853053e-06,0.4402093328397214
2235,rho_b,0.0010682,0.001067553467714245,6.465322857549492e-07,0.06052539647535061
2236,rho_b,0.0009688,0.0009707442808903267,1.9442808903266575e-06,0.2006896044921306
2237,rho_b,0.0004955,0.0004934378513754463,2.0621486245536854e-06,0.4161753017945374
2238,rho_b,0.0006065,0.0006135385334990087,7.038533499008652e-06,1.160516650849709
2239,rho_b,0.0008536,0.00086545807918128,1.1858079181279921e-05,1.3891845322619583
2240,rho_b,0.0009241,0.0009350622725303043,1.0962272530304308e-05,1.1862647460709512
2241,rho_b,0.0007094,0.0007149184725615528,5.518472561552752e-06,0.777907041693499
2242,rho_b,0.0009697,0.0009715269408459136,1.8269408459135666e-06,0.18840268578215322
2243,rho_b,0.0010801,0.001086215452577858,6.115452577857899e-06,0.566193183241919
2244,rho_b,0.0010738,0.0010821036752691388,8.303675269138869e-06,0.7732981245488814
2245,rho_b,0.0011113,0.0011192076383755162,7.907638375516217e-06,0.7115664868532846
2246,rho_b,0.0010701,0.0010778725490261385,7.772549026138428e-06,0.7263385682529709
2247,rho_b,0.0010355,0.0010351500046254158,3.4999537458415414e-07,0.03379964985477138
2248,rho_b,0.0009308,0.0009366997229852028,5.899722985202812e-06,0.6338335817430679
2249,rho_b,0.0010855,0.0010894936756174398,3.9936756174396935e-06,0.36791115741691216
2250,rho_b,0.00052926,0.0005343568775874515,5.0968775874515e-06,0.9630196080983456
2251,rho_b,0.000538,0.000539773302978914,1.7733029789140367e-06,0.32961021851634476
2252,rho_b,0.00054123,0.0005378215360370179,3.408463962982066e-06,0.6297625698288049
2253,rho_b,0.00059476,0.0005947396561084212,2.03438915787231e-08,0.0034205211420603085
2255,rho_b,0.00064724,0.0006476112360950469,3.712360950469283e-07,0.05735679106256727
2257,rho_b,0.00072818,0.0007213038732222592,6.8761267777408186e-06,0.9442894295775666
2260,rho_b,0.00085904,0.0008649123943560282,5.8723943560281665e-06,0.6835996402021058
2262,rho_b,0.00088586,0.0008770064368922526,8.853563107747461e-06,0.9994314110303149
2263,rho_b,0.0009197,0.0009148188717953338,4.881128204666158e-06,0.5307304772598515
2264,rho_b,0.0009246,0.000922652006939286,1.9479930607140374e-06,0.21068495117966557
2266,rho_b,0.0009253,0.0009224897873169637,2.8102126830363387e-06,0.3037082762346543
2268,rho_b,0.0009401,0.0009460089779600061,5.908977960006052e-06,0.6285478091395144
2269,rho_b,0.0009488,0.0009507744109129413,1.974410912941333e-06,0.20809558504009035
2271,rho_b,0.0009296,0.0009299381632763724,3.38163276372358e-07,0.036377288727257436
2272,rho_b,0.0010047,0.0010137600800886272,9.060080088627107e-06,0.9017696904159859
2274,rho_b,0.0010953,0.0011022457118030804,6.945711803080408e-06,0.6341378432154687
2275,rho_b,0.0007083,0.0007100668629458138,1.7668629458138154e-06,0.24945121323158312
2276,rho_b,0.00085,0.0008449339493814289,5.066050618571043e-06,0.5960059544248216
2277,rho_b,0.0008925,0.0008893665567344529,3.133443265547096e-06,0.35108607977997036
2278,rho_b,0.0012806,0.0012810869734064597,4.869734064596662e-07,0.038026972206730944
2279,rho_b,0.001288,0.0012739043903499088,1.4095609650091254e-05,1.0943796303685913
2280,rho_b,0.0012506,0.0012404786296537197,1.0121370346280207e-05,0.8093211529015669
2281,rho_b,0.0013058,0.00131653271958299,1.0732719582990042e-05,0.8219267556111789
2282,rho_b,0.001301,0.0012853487265819343,1.565127341806574e-05,1.2030187091495428
2283,rho_b,0.001294,0.001286078180543148,7.92181945685191e-06,0.6121962481244164
2284,rho_b,0.0012901,0.0012869622094581075,3.1377905418924264e-06,0.24322072238277803
2285,rho_b,0.0013052,0.0013208493534798767,1.564935347987662e-05,1.199000418930939
2286,rho_b,0.001311,0.0013186190141172254,7.619014117225343e-06,0.5811604966753423
2287,rho_b,0.0012105,0.0012128780399444426,2.3780399444426475e-06,0.19645104853185766
2288,rho_b,0.0011833,0.0011876493628368587,4.3493628368587115e-06,0.3675621425828691
2289,rho_b,0.0009086,0.0009213792935134072,1.2779293513407244e-05,1.4064817850916165
2290,rho_b,0.0011821,0.0011710202221534777,1.1079777846522212e-05,0.9372961540605068
2291,rho_b,0.0013125,0.0013187838044622286,6.283804462228542e-06,0.4787660539002576
2292,rho_b,0.0012749,0.0012703924526793965,4.507547320603501e-06,0.3535608531702794
2293,rho_b,0.0012814,0.001278914504878156,2.485495121844119e-06,0.19396715466711778
2294,rho_b,0.0013291,0.0013223890345074206,6.710965492579381e-06,0.5049255501866019
2295,rho_b,0.0013292,0.0013221435140413891,7.056485958610885e-06,0.5308821812595593
2296,rho_b,0.0012,0.0012043313807076396,4.331380707639672e-06,0.3609483920025157
2297,rho_b,0.0011109,0.0011098805474849607,1.0194525150392184e-06,0.09176816222176046
2298,rho_b,0.0012018,0.0011980718100370697,3.728189962930303e-06,0.31021717089600026
2299,rho_b,0.0012203,0.001228452475812079,8.152475812079176e-06,0.6680714418912121
2300,rho_b,0.0011801,0.0011711507190461192,8.94928095388067e-06,0.7583493726207251
2301,rho_b,0.0011508,0.0011526972533533692,1.8972533533691532e-06,0.16486386441784104
2302,rho_b,0.0011568,0.0011563269085069815,4.730914930184231e-07,0.040896567480070666
2303,rho_b,0.0011267,0.001134727434906395,8.027434906395046e-06,0.7124731427416627
2304,rho_b,0.0012,0.0012043313807076396,4.331380707639672e-06,0.3609483920025157
2305,rho_b,0.0008172,0.0008193256498324258,2.1256498324257822e-06,0.26011378240634414
2306,rho_b,0.0010303,0.0010223363693983645,7.963630601635517e-06,0.7729428898287962
2307,rho_b,0.0010867,0.0010821719306071318,4.528069392868142e-06,0.4166807204105397
2308,rho_b,0.0010564,0.0010566613780488294,2.6137804882931867e-07,0.0247423370486459
2309,rho_b,0.001231,0.0012324820192970902,1.4820192970901001e-06,0.12039149438555524
2310,rho_b,0.0012568,0.0012651208704964484,8.32087049644839e-06,0.6620679893242927
2311,rho_b,0.0010701,0.001075811550474321,5.711550474320898e-06,0.5337398812245117
2312,rho_b,0.0012435,0.0012402833539675692,3.216646032430789e-06,0.2586768017566563
2313,rho_b,0.0011999,0.0011975722536494695,2.327746350530525e-06,0.19399502863493415
2314,rho_b,0.0011643,0.0011696223294831113,5.322329483111246e-06,0.4571269843287792
2315,rho_b,0.0011421,0.001138919354647271,3.180645352729135e-06,0.27849096838667586
2316,rho_b,0.0011889,0.0011973644887808552,8.464488780855327e-06,0.7119596916255136
2317,rho_b,0.001233,0.0012376960008635418,4.696000863541874e-06,0.38085976153554557
2318,rho_b,0.0012,0.0012043313807076396,4.331380707639672e-06,0.3609483920025157
2320,rho_b,0.00116605,0.0011671269915753215,1.076991575321446e-06,0.09236238363687854
2321,rho_b,0.0007592,0.0007687417356189697,9.541735618969665e-06,1.2568144897789146
2322,rho_b,0.0008717,0.0008753127485923066,3.612748592306584e-06,0.41444861628565993
2323,rho_b,0.0009909,0.000988461900389957,2.4380996100430933e-06,0.2460490067194069
2324,rho_b,0.0010615,0.0010596441145221448,1.8558854778551442e-06,0.17483612586969222
2325,rho_b,0.0011269,0.001122628011082588,4.271988917411854e-06,0.3790921034360576
2326,rho_b,0.00070212,0.0007015098872074281,6.101127925718956e-07,0.08689580010581348
2327,rho_b,0.00070965,0.0007115187057956223,1.8687057956222808e-06,0.2633278084955968
2328,rho_b,0.00073223,0.0007461713557438294,1.3941355743829422e-05,1.9039585546603988
2329,rho_b,0.00076986,0.000766471032462847,3.3889675371530457e-06,0.44020569100238854
2330,rho_b,0.00082254,0.0008423205845304579,1.978058453045795e-05,2.4048173348906774
2331,rho_b,0.00084128,0.0008448256118403909,3.545611840390832e-06,0.4214544308882046
2332,rho_b,0.00089028,0.0008894310062560814,8.489937439186586e-07,0.09536255368704599
2333,rho_b,0.00097306,0.0009835870940721355,1.0527094072135474e-05,1.081854568198973
2334,rho_b,0.0010709,0.0010747685104140973,3.868510414097243e-06,0.36123918297552066
2335,rho_b,0.00118379,0.0011719810741139855,1.1808925886014647e-05,0.9975524270385052
2336,rho_b,0.00131174,0.0013175609083427979,5.820908342797811e-06,0.4437547332825303
2337,rho_b,0.00145457,0.001484230521551409,2.9660521551408978e-05,2.0391264449987085
2338,rho_b,0.0007319,0.0007415317084016487,9.631708401648719e-06,1.3159869365335224
2339,rho_b,0.0008642,0.0008716929283219267,7.49292832192671e-06,0.8670363704300332
2340,rho_b,0.00093045,0.0009329013527270264,2.4513527270264004e-06,0.2634588343695859
2341,rho_b,0.00105835,0.0010554465479304237,2.9034520695762813e-06,0.2743376072974824
2342,rho_b,0.0010727,0.0010794988205669277,6.798820566927691e-06,0.6338044710160946
2343,rho_b,0.00112692,0.001122628011082588,4.291988917411952e-06,0.38086012437469835
2344,rho_b,0.0010508,0.001046138917666927,4.661082333072856e-06,0.44357464109603256
2345,rho_b,0.00104286,0.0010371160298888928,5.743970111107225e-06,0.5507901449474832
2346,rho_b,0.00104403,0.001037724334725324,6.305665274676129e-06,0.6039735705522249
2347,rho_b,0.00104462,0.0010376442231062035,6.975776893796467e-06,0.6677812876566267
2349,rho_b,0.00104756,0.0010477466349638012,1.8663496380126599e-07,0.01781615980212154
2350,rho_b,0.00105167,0.001051712945125961,4.294512596101155e-08,0.004083517255429591
2351,rho_b,0.00105696,0.0010573478218943442,3.8782189434416296e-07,0.03669220159487974
2352,rho_b,0.00106342,0.0010631681356571094,2.51864342890604e-07,0.023684371429328045
2353,rho_b,0.00107106,0.0010812253637253846,1.0165363725384577e-05,0.9490937684064048
2355,rho_b,0.00107987,0.0010905359027613998,1.0665902761399903e-05,0.987702478217089
2356,rho_b,0.00108986,0.0010969735239642045,7.113523964204487e-06,0.6527007099698566
2357,rho_b,0.00112692,0.001122628011082588,4.291988917411952e-06,0.38086012437469835
2358,rho_b,0.000732,0.0007383513337242916,6.351333724291617e-06,0.8676685403845534
2359,rho_b,0.0007952,0.0008022060535645912,7.0060535645911784e-06,0.8810429521857078
2360,rho_b,1e-06,1.6014993014637816e-05,1.5014993014637815e-05,1501.4977999659816
2383,rho_b,0.00076,0.0007647741769128108,4.774176912810714e-06,0.6281811719116976
2384,rho_b,0.0003535,0.0003448281093569465,8.671890643053475e-06,2.4531515186766506
2385,rho_b,0.0003397,0.00034210941477609157,2.4094147760915486e-06,0.7092772355015532
2386,rho_b,0.0005032,0.0004980984577903766,5.1015422096234225e-06,1.0138199919485738
2387,rho_b,0.0005594,0.00056158751234495,2.1875123449499514e-06,0.39104618180898987
2388,rho_b,0.0004793,0.00047536238602615137,3.937613973848623e-06,0.8215343137144335
2389,rho_b,0.0006015,0.0005957391512056542,5.760848794345843e-06,0.9577470963870942
2390,rho_b,0.0008293,0.0008332786701746588,3.978670174658791e-06,0.4797624707417299
2391,rho_b,0.0008146,0.0008220210925172289,7.421092517228981e-06,0.9110106197052388
2392,rho_b,0.00072,0.0007118832563209695,8.116743679030536e-06,1.1273255094107333
2393,rho_b,0.0008495,0.0008417843457262633,7.715654273736687e-06,0.9082583007244384
2394,rho_b,0.0008201,0.0008223912284132962,2.2912284132961666e-06,0.27938402761886677
2395,rho_b,0.0008309,0.0008350322742546247,4.132274254624768e-06,0.49732509924798624
2396,rho_b,8.37e-05,5.154236953032682e-05,3.215763046967318e-05,38.420107628998935
2397,rho_b,0.0008462,0.0008434464164563139,2.7535835436861156e-06,0.32540575991870224
2398,rho_b,0.000793,0.000791059110108579,1.94088989142094e-06,0.24475282332577702
2399,rho_b,0.0005397,0.0005341615448114822,5.5384551885178735e-06,1.0262099644720721
2400,rho_b,0.0005481,0.0005526238361169952,4.523836116995176e-06,0.8253669236893828
2401,rho_b,0.0005412,0.0005350256929447768,6.17430705522322e-06,1.1408549600544475
2402,rho_b,0.0005411,0.0005341643997620733,6.935600237926651e-06,1.2817594206448082
2403,rho_b,0.0005642,0.0005652201039692913,1.0201039692911982e-06,0.18080538239687066
2404,rho_b,0.0005871,0.0005908586554850962,3.7586554850961877e-06,0.640207030947729
2405,rho_b,0.0006237,0.000627400359416539,3.700359416538993e-06,0.5932915521253932
2406,rho_b,0.000645,0.0006437340824499427,1.2659175500572776e-06,0.19626628652629688
2407,rho_b,0.0006277,0.0006309970586471051,3.2970586471050547e-06,0.5252602583801899
2408,rho_b,0.0006821,0.0006865056679364425,4.4056679364424525e-06,0.6458976586986477
2409,rho_b,0.000555,0.0005569397012616399,1.9397012616398585e-06,0.34949572218827046
2410,rho_b,0.0005573,0.0005615295859798319,4.22958597983184e-06,0.7589423958805698
2411,rho_b,0.0005594,0.0005617437677176975,2.3437677176974935e-06,0.41897885475647206
2412,rho_b,0.000555,0.0005569397012616399,1.9397012616398585e-06,0.34949572218827046
2413,rho_b,1e-06,1.9880574048648358e-05,1.8880574048648357e-05,1888.055516809319
2425,rho_b,0.00246354,0.002468694498474426,5.154498474425635e-06,0.20923136918147547
2426,rho_b,0.0020826,0.00210683276301548,2.4232763015480125e-05,1.163582205120729
2427,rho_b,0.002377,0.002384613372914607,7.613372914606811e-06,0.32029334923869907
2428,rho_b,0.002179,0.002187692407022905,8.692407022905212e-06,0.3989172564899513
2429,rho_b,0.001996,0.0019681926152759766,2.780738472402339e-05,1.3931555465977874
2430,rho_b,0.001766,0.0017783337530408313,1.2333753040831303e-05,0.6984005115428821
2431,rho_b,0.001688,0.00169205856772176,4.058567721759937e-06,0.24043647626514056
2432,rho_b,0.001675,0.0016838299811038657,8.829981103865596e-06,0.5271630506623263
2433,rho_b,0.001704,0.001722516865008373,1.8516865008372978e-05,1.0866704810743117
2434,rho_b,0.001707,0.0017232041816116618,1.620418161166182e-05,0.9492783598224392
2435,rho_b,0.001688,0.00169205856772176,4.058567721759937e-06,0.24043647626514056
2436,rho_b,0.002377,0.002384613372914607,7.613372914606811e-06,0.32029334923869907
2437,rho_b,0.0006707,0.000677680436354418,6.980436354418057e-06,1.0407688003593811
2438,rho_b,0.0009086,0.0009213792935134072,1.2779293513407244e-05,1.4064817850916165
2439,rho_b,0.0008999,0.0009061867907564128,6.2867907564128104e-06,0.6986099288172809
2440,rho_b,0.0010174,0.0010254124534708096,8.01245347080968e-06,0.7875421135182091
2441,rho_b,0.001089,0.001094444555402961,5.4445554029611005e-06,0.4999591733665298
2442,rho_b,0.0012444,0.0012420551216956956,2.3448783043045467e-06,0.18843445053199953
2443,rho_b,0.0009086,0.0009213792935134072,1.2779293513407244e-05,1.4064817850916165
2445,rho_b,0.004,0.004014387874653083,1.4387874653082854e-05,0.3596968662371471
2446,rho_b,0.0032331,0.003199352561555282,3.3747438444718236e-05,1.0438105358411471
2448,rho_b,0.002412,0.002431974991383485,1.9974991383484714e-05,0.8281505545274962
2449,rho_b,0.0021889,0.0021890844202143984,1.8442021439829537e-07,0.008425246211066878
2466,rho_b,0.0028624,0.0028927551632800417,3.0355163280041536e-05,1.0604794322749
2467,rho_b,0.0018812,0.0018738590223247446,7.340977675255418e-06,0.3902284537185378
2468,rho_b,0.0018821,0.0018634017180042452,1.8698281995754807e-05,0.9934797293353175
2469,rho_b,0.0018821,0.0018780245868046008,4.0754131953992054e-06,0.2165354228379922
2470,rho_b,0.0018821,0.001877222326048538,4.877673951462049e-06,0.2591612533271578
2471,rho_b,0.0018821,0.001877220142368719,4.879857631281048e-06,0.25927727690814917
2472,rho_b,0.0018821,0.0018717078491228322,1.0392150877167874e-05,0.5521572111814623
2473,rho_b,0.0032351,0.003213378483203136,2.1721516796863703e-05,0.6714326231074581
2474,rho_b,0.0015,0.0015115029946372485,1.1502994637248472e-05,0.7668663086386539
2475,rho_b,0.0014,0.0014082513023749403,8.251302374940326e-06,0.5893787406461813
2476,rho_b,0.0016,0.0016002070027884706,2.0700278847052452e-07,0.012937674271321736
2477,rho_b,0.0021,0.0021154468529821883,1.5446852982188477e-05,0.7355644273729921
2478,rho_b,0.0015,0.0015191261748160206,1.9126174816020552e-05,1.2750783202179845
2484,rho_b,0.0004421,0.00044959432147207817,7.494321472078158e-06,1.6951643191871781
2485,rho_b,0.0004041,0.0004084322001874817,4.332200187481675e-06,1.0720614146896958
2491,rho_b,0.000439,0.0004359020523767235,3.09794762327648e-06,0.7056828282960482
2492,rho_b,0.0004532,0.000451169934336958,2.0300656630419856e-06,0.4479403483147798
2493,rho_b,0.0004569,0.00045680196657551473,9.803342448526419e-08,0.021456210170869357
2494,rho_b,0.0004548,0.0004566211951708131,1.8211951708130996e-06,0.4004386910309395
2495,rho_b,0.0004623,0.00047721156258115176,1.4911562581151742e-05,3.22551645011823
2496,rho_b,0.0004527,0.0004577544401445669,5.054440144566894e-06,1.1165098593774676
2497,rho_b,0.0004761,0.00048189866990594644,5.7986699059464175e-06,1.2179520885878798
2498,rho_b,0.00043245,0.00044418671789368407,1.1736717893684045e-05,2.714005750154697
2499,rho_b,0.0004301,0.000436869070279043,6.769070279043004e-06,1.5738363783549503
2500,rho_b,0.0004543,0.00045156152030117677,2.738479698823212e-06,0.6027910395763375
2501,rho_b,0.000565,0.0005559661309065534,9.033869093446603e-06,1.5989148809659213
2502,rho_b,0.000409,0.00041136552010351724,2.3655201035172155e-06,0.578366772061992
2503,rho_b,0.000423,0.00041555812725106457,7.441872748935416e-06,1.7593079743126092
2504,rho_b,0.000427,0.00042755293258146956,5.529325814695313e-07,0.1294924075350368
2505,rho_b,0.00047,0.00047733454139477167,7.334541394771687e-06,1.5605407189715488
2506,rho_b,0.0004,0.0004070501607185465,7.050160718546472e-06,1.7625401752302674
2507,rho_b,0.000434,0.0004339666772088954,3.332279110458691e-08,0.0076780624488032925
2508,rho_b,0.000451,0.00045233793895989695,1.33793895989694e-06,0.29666052260096115
2509,rho_b,0.000451,0.00045405925240010915,3.05925240010914e-06,0.6783264730212584
2510,rho_b,0.000415,0.00042425281812584974,9.25281812584974e-06,2.2295947237479017
2511,rho_b,0.000343,0.00035693013802004525,1.393013802004526e-05,4.061264717035748
2512,rho_b,0.000384,0.0003920983905316166,8.098390531616597e-06,2.108955862116416
2513,rho_b,0.000433,0.000439359917929726,6.3599179297259886e-06,1.4688032136346318
2514,rho_b,0.000373,0.00037941875764690373,6.4187576469037166e-06,1.7208465495161531
2515,rho_b,0.000466,0.0004761320327564656,1.0132032756465608e-05,2.1742559516573063
2516,rho_b,0.000484,0.00048396538787108713,3.46121289128724e-08,0.007151266289537136
2517,rho_b,0.000441,0.00044073902372514327,2.609762748567203e-07,0.05917829348411278
2518,rho_b,0.000476,0.0004887897436297431,1.2789743629743045e-05,2.686920924973495
2519,rho_b,0.000448,0.00046067627761057627,1.2676277610576276e-05,2.8295262460448694
2520,rho_b,0.000519,0.0005312371262251919,1.2237126225191877e-05,2.3578277845112905
2521,rho_b,0.000493,0.0004911869975715616,1.8130024284383414e-06,0.36774897053972655
2522,rho_b,0.0005,0.0004922406158783855,7.759384121614485e-06,1.5518768212191434
2523,rho_b,0.000523,0.0005295324293115398,6.532429311539726e-06,1.2490304587092582
2524,rho_b,0.000507,0.0005130554256415178,6.055425641517836e-06,1.1943640295018139
2525,rho_b,0.000499,0.0004873798444288481,1.1620155571151881e-05,2.3286884865460915
2526,rho_b,0.0004267,0.00042642045986382,2.795401361800338e-07,0.0655121011307506
2527,rho_b,0.0004581,0.00045199439153695964,6.105608463040379e-06,1.3328112747680128
2528,rho_b,0.000452,0.0004582825341776816,6.282534177681613e-06,1.3899411866774782
2529,rho_b,0.0004465,0.0004519489674769082,5.448967476908177e-06,1.2203734523414205
2530,rho_b,0.0004419,0.00044588252062744907,3.98252062744906e-06,0.9012266617870093
2531,rho_b,0.0004467,0.0004591780493778539,1.2478049377853868e-05,2.7933846764987735
2532,rho_b,0.0004406,0.0004409565841348117,3.5658413481172305e-07,0.08093148751756882
2533,rho_b,0.0004393,0.00043756691769705205,1.73308230294795e-06,0.3945099701804804
2534,rho_b,0.0004366,0.000439310307913157,2.7103079131570004e-06,0.6207759750227304
2535,rho_b,0.0004375,0.00043870263428720426,1.202634287204255e-06,0.2748878364469432
2536,rho_b,0.0004405,0.0004426382577512562,2.1382577512562098e-06,0.4854160604771962
2537,rho_b,0.0004329,0.00043419972605994033,1.299726059940322e-06,0.3002370193896863
2538,rho_b,0.0004481,0.00045156640174332397,3.4664017433239753e-06,0.7735777138112471
2539,rho_b,0.0005128,0.0005251848991984426,1.2384899198442643e-05,2.4151519450645718
2540,rho_b,0.0004266,0.00043426204823335897,7.662048233358953e-06,1.7960731869194142
2541,rho_b,0.0004597,0.0004704413975107331,1.0741397510733081e-05,2.33661028657102
2542,rho_b,0.0004577,0.00045760240772186895,9.759227813106296e-08,0.021322324211894193
2543,rho_b,0.000415,0.0004232982451673058,8.29824516730579e-06,1.9995771439301249
2544,rho_b,0.0003166,0.0003180341469674285,1.4341469674284887e-06,0.45298387962686354
2545,rho_b,0.0004254,0.00042998686515350953,4.586865153509542e-06,1.0782475652860994
2546,rho_b,0.0004531,0.00045374386100530584,6.438610053058303e-07,0.14210130299819407
2547,rho_b,0.00048,0.0004818169748019029,1.816974801902905e-06,0.3785364162744877
2548,rho_b,0.000695,0.0006996883492307825,4.68834923078251e-06,0.6745826221635516
2549,rho_b,0.0005,0.00048704451226904376,1.295548773095625e-05,2.591097541009055
2550,rho_b,0.0006082,0.0006150490620861405,6.849062086140443e-06,1.1261200386187509
2551,rho_b,0.0005499,0.0005551512316995355,5.251231699535488e-06,0.9549430241836803
2552,rho_b,0.000564,0.0005627294236957881,1.2705763042119731e-06,0.22527948616297486
2553,rho_b,0.0006008,0.0006030079274822062,2.207927482206218e-06,0.3674979158673833
2554,rho_b,0.0005676,0.0005714609628123177,3.860962812317673e-06,0.6802260052000375
2555,rho_b,0.0006143,0.0006077551370404213,6.544862959578725e-06,1.0654180284754264
2556,rho_b,0.0007051,0.0007029640041858402,2.135995814159762e-06,0.3029351597121558
2557,rho_b,0.000621,0.0006080862233002256,1.2913776699774405e-05,2.0795131528146977
2558,rho_b,0.0005581,0.0005662464269227611,8.14642692276114e-06,1.4596715477807607
2559,rho_b,0.0004531,0.0004579147579484771,4.814757948477105e-06,1.0626258966786242
2560,rho_b,0.0015002,0.0015052093040969104,5.00930409691046e-06,0.33390908502675437
2561,rho_b,0.0011337,0.0011237730673500485,9.926932649951571e-06,0.875622531639353
2562,rho_b,0.001098,0.0010945596474249775,3.4403525750225164e-06,0.31332901383326284
2563,rho_b,0.001125,0.0011186751392704142,6.324860729585739e-06,0.5622098421301014
2564,rho_b,0.0011186,0.0011110962639069165,7.503736093083472e-06,0.6708149549772325
2565,rho_b,0.00105,0.0010359160309731952,1.4083969026804782e-05,1.34133038222776
2566,rho_b,0.0009951,0.0009842033495715602,1.089665042843988e-05,1.0950306921404453
2567,rho_b,0.0007145,0.0007161951464236584,1.6951464236584796e-06,0.23724932418278327
2568,rho_b,0.0004283,0.0004340103071420481,5.710307142048094e-06,1.3332493879793603
2569,rho_b,0.0005425,0.0005466912527979718,4.191252797971752e-06,0.7725811594923393
2570,rho_b,0.0001911,0.00019510463524873792,4.0046352487379145e-06,2.0955705011942487
2571,rho_b,0.0002671,0.00025818183493153733,8.918165068462654e-06,3.338886198080791
2572,rho_b,0.000333,0.0003305893050697035,2.4106949302965205e-06,0.7239324093264854
2573,rho_b,0.0004473,0.0004504790334865411,3.1790334865411407e-06,0.7107161814071047
2574,rho_b,0.000306,0.00030847449176533406,2.4744917653340514e-06,0.8086574370089794
2575,rho_b,0.000405,0.00040600392350117424,1.0039235011742587e-06,0.2478823453568976
2576,rho_b,0.000444,0.00043829620566781873,5.7037943321812715e-06,1.2846383602105604
2577,rho_b,0.000415,0.00041056942717584706,4.430572824152949e-06,1.0676079068618962
2578,rho_b,0.000404,0.0004034494140449173,5.505859550827266e-07,0.1362836519108639
2579,rho_b,0.000552,0.0005557682755470521,3.768275547052103e-06,0.6826586123596952
2580,rho_b,0.000407,0.00040472980464131294,2.2701953586870896e-06,0.5577875560464899
2581,rho_b,0.000432,0.0004299826895224311,2.017310477568884e-06,0.46697001687481116
2582,rho_b,0.0004249,0.0004232708275555187,1.6291724444812824e-06,0.3834249095427238
2583,rho_b,0.0006025,0.0005957355339048815,6.764466095118479e-06,1.1227329599819336
2584,rho_b,0.0007596,0.0007591289367244716,4.7106327552841505e-07,0.06201464914537501
2585,rho_b,0.0003595,0.000368905075953527,9.405075953526978e-06,2.6161546390446264
2586,rho_b,0.0008605,0.00086753371730308,7.0337173030799284e-06,0.8173988721564136
2587,rho_b,0.00048,0.0004822318990470941,2.2318990470940954e-06,0.46497896717589704
2588,rho_b,0.0007199,0.0007137521748722042,6.147825127795809e-06,0.8539832086756461
2589,rho_b,0.00078,0.000786768800018964,6.76880001896404e-06,0.8677948731136014
2590,rho_b,0.0005601,0.0005658592701650099,5.759270165009867e-06,1.0282574816510075
2591,rho_b,0.0007203,0.0007138608428771522,6.439157122847838e-06,0.8939548957251546
2592,rho_b,0.00048,0.0004811290942977235,1.129094297723488e-06,0.23522797820233504
2593,rho_b,0.0006,0.0005989759995789182,1.0240004210817577e-06,0.17066673656251508
2594,rho_b,0.00048,0.00048093049033624786,9.304903362478481e-07,0.1938521529811097
2600,rho_b,0.0007484,0.0007450094137338593,3.3905862661407025e-06,0.45304466349682737
2601,rho_b,0.0007818,0.0007769233682179219,4.876631782078163e-06,0.6237697334152552
2602,rho_b,0.0007632,0.0007510544848088146,1.2145515191185367e-05,1.5913934978081017
2603,rho_b,0.0008627,0.0008668769739583544,4.176973958354446e-06,0.4841745628274835
2604,rho_b,0.0007651,0.0007542909538673973,1.08090461326027e-05,1.412762530188874
2605,rho_b,0.0007452,0.0007338415876757908,1.1358412324209222e-05,1.5242099180041764
2606,rho_b,0.0008259,0.0008322890517719946,6.38905177199466e-06,0.773586604220704
2607,rho_b,0.0006504,0.0006388668764810623,1.1533123518937686e-05,1.7732354706650264
2608,rho_b,0.0007927,0.0007832558365164097,9.444163483590326e-06,1.1913918849093488
2609,rho_b,0.0007806,0.0007803223581711213,2.776418288786978e-07,0.035567746415964684
2610,rho_b,0.0008001,0.0008007457430694195,6.457430694195446e-07,0.08070779510217056
2611,rho_b,0.0007581,0.0007562783735593638,1.8216264406362842e-06,0.2402884102669041
2612,rho_b,0.0015546,0.001545011376108179,9.588623891820846e-06,0.6167904210506202
2613,rho_b,0.0015197,0.0015114317989461264,8.268201053873497e-06,0.5440679771292241
2614,rho_b,0.0015622,0.0015616938001870042,5.061998129957373e-07,0.03240300938879191
2615,rho_b,0.0013339,0.0013243594210977524,9.540578902247692e-06,0.7152394403699901
2616,rho_b,0.0010156,0.0010182718187732483,2.6718187732483e-06,0.2630778624081845
2617,rho_b,0.0009071,0.0009161950242731872,9.095024273187173e-06,1.0026484690949937
2618,rho_b,0.0008452,0.0008410722206780651,4.12777932193493e-06,0.48837900107088733
2619,rho_b,0.0007268,0.0007198159936765757,6.984006323424341e-06,0.9609254697048826
2620,rho_b,0.0007119,0.0007212321227281533,9.332122728153295e-06,1.310875504290566
2629,rho_b,0.00063,0.0006252521835058492,4.747816494150869e-06,0.7536216645420083
2630,rho_b,0.00058,0.0005863913413195971,6.391341319597057e-06,1.101955398030604
2631,rho_b,0.0006101,0.0006176895705825691,7.5895705825690515e-06,1.243987964289325
2632,rho_b,0.0006101,0.0006205942352075017,1.0494235207501694e-05,1.7200844435831584
2633,rho_b,0.0007301,0.0007316676961086263,1.567696108626315e-06,0.2147234771235557
2634,rho_b,0.00072,0.0007221951888119851,2.1951888119850103e-06,0.30488733457446343
2635,rho_b,0.0007701,0.0007736190978149844,3.5190978149844156e-06,0.4569663433858917
2636,rho_b,0.0007602,0.0007664270353561208,6.227035356120734e-06,0.8191311954655909
2637,rho_b,0.0007301,0.0007351539298826911,5.0539298826911185e-06,0.6922243358127482
2638,rho_b,0.0007501,0.0007594035017966118,9.30350179661186e-06,1.2403015310237095
2639,rho_b,0.0007119,0.0007212321227281533,9.332122728153295e-06,1.310875504290566
2640,rho_b,0.00087811,0.0008797275206752482,1.6175206752482322e-06,0.1842047890817989
2641,rho_b,0.001034,0.0010308616348880019,3.1383651119981128e-06,0.3035169351027992
2642,rho_b,0.00095,0.000955729000066741,5.729000066740991e-06,0.6030526379695226
2643,rho_b,0.00091,0.0009217804217758126,1.1780421775812598e-05,1.2945518420733055
2644,rho_b,0.00097,0.0009700429701433505,4.29701433504303e-08,0.004429911681044452
2645,rho_b,0.0009601,0.0009586366728056022,1.4633271943978194e-06,0.15241403946189763
2646,rho_b,0.00099,0.0009841518198403063,5.848180159693725e-06,0.5907252680592396
2647,rho_b,0.0008,0.0007993542453590072,6.457546409928882e-07,0.08071933002321187
2648,rho_b,0.00084,0.0008419079524218238,1.9079524218238017e-06,0.2271371928038607
2649,rho_b,0.0006801,0.0006877915240486971,7.691524048697115e-06,1.130940161356817
2650,rho_b,0.00093,0.0009258604757761294,4.139524223870702e-06,0.4451101311203871
2651,rho_b,0.0010796,0.0010853220937282117,5.7220937282117124e-06,0.5300197964905071
2652,rho_b,0.0007398,0.0007440934198189638,4.293419818963821e-06,0.5803487176480581
2653,rho_b,0.000982,0.0009861712913329414,4.171291332941357e-06,0.424775084388351
2654,rho_b,0.001806,0.0018239733634651636,1.797336346516347e-05,0.9952028491257718
2655,rho_b,0.001859,0.0018407308354781422,1.8269164521857737e-05,0.9827415014540248
2656,rho_b,0.00095814,0.0009601464225006864,2.006422500686381e-06,0.20940807174236545
2657,rho_b,0.00188,0.0018714000381488017,8.599961851198275e-06,0.4574447790757355
2658,rho_b,0.0001,0.0001183093996779609,1.8309399677960897e-05,18.309399494866902
2659,rho_b,0.00094629,0.00094531545963375,9.745403662500584e-07,0.10298538135457466
2660,rho_b,0.001759,0.0017387839988317576,2.0216001168242353e-05,1.149289434721402
2661,rho_b,0.0016,0.0015839487729037423,1.6051227096257814e-05,1.0032016928891123
2662,rho_b,0.00094229,0.0009462400439481406,3.950043948140552e-06,0.41919620753150194
2663,rho_b,0.001539,0.0015315647050021107,7.435294997889261e-06,0.483125080770501
2664,rho_b,0.00130675,0.0013038634271644379,2.886572835562092e-06,0.22089709840085106
2665,rho_b,0.00087811,0.0008797275206752482,1.6175206752482322e-06,0.1842047890817989
2666,rho_b,0.000815,0.000827700871421338,1.2700871421338013e-05,1.5583891295403831
2667,rho_b,-9.9629e-05,-4.372945404176626e-05,5.589954595823374e-05,56.107704982642296
2670,rho_b,-0.00036,-0.00034268195151777284,1.7318048482227184e-05,4.8105690094781925
2672,rho_b,-0.00034,-0.00036357348520968977,2.357348520968974e-05,6.933377982457635
2674,rho_b,-0.00035,-0.0004254365491737093,7.543654917370929e-05,21.553299702336083
2676,rho_b,-0.00035,-0.00044684905164821807,9.684905164821807e-05,27.671157534716144
2677,rho_b,-0.00048,-0.00047559580798132387,4.40419201867614e-06,0.917540001979321
2680,rho_b,-0.00055,-0.000522013837683258,2.7986162316741997e-05,5.088393139246921
2682,rho_b,-0.00053,-0.0005212315108016586,8.768489198341376e-06,1.6544319210937843
2683,rho_b,-0.00055,-0.0005164646946484517,3.353530535154831e-05,6.097328234650004
2684,rho_b,-0.00056,-0.0004745699920180844,8.543000798191553e-05,15.255358540957491
2685,rho_b,0.0008253,0.0008331957794926318,7.89577949263185e-06,0.9567162829352585
2686,rho_b,0.0005583,0.0005674733782712613,9.173378271261335e-06,1.643091215266062
2687,rho_b,0.0006367,0.0006470410822518545,1.0341082251854499e-05,1.6241687192732546
2688,rho_b,0.0006937,0.0006996892968539803,5.9892968539802804e-06,0.8633842936927256
2689,rho_b,0.0007176,0.0007123786676524932,5.221332347506743e-06,0.727610415305273
2690,rho_b,0.0007615,0.0007637154164546313,2.2154164546312697e-06,0.29092796476979516
2691,rho_b,0.0008004,0.0008041939135818646,3.7939135818645464e-06,0.4740021960425443
2692,rho_b,0.000822,0.0008247062887288183,2.7062887288183037e-06,0.3292322050518226
2693,rho_b,0.000675,0.000677807850304452,2.807850304451919e-06,0.41597782226550234
2694,rho_b,0.000703,0.0006984574357008914,4.542564299108592e-06,0.6461684626809256
2695,rho_b,0.0007286,0.0007260881592629436,2.5118407370564337e-06,0.3447489340665584
2696,rho_b,0.0007448,0.0007416777356315482,3.12226436845176e-06,0.41920842699512295
2697,rho_b,0.0007702,0.0007691410213303848,1.058978669615145e-06,0.13749398445081865
2698,rho_b,0.0007853,0.0007878985204514471,2.5985204514471618e-06,0.3308952563527581
2699,rho_b,0.0007819,0.0007866880276462835,4.788027646283519e-06,0.6123580560378487
2700,rho_b,0.0008184,0.0008213649860372517,2.9649860372516802e-06,0.3622905710690096
2701,rho_b,0.0008329,0.0008349852508136995,2.085250813699431e-06,0.250360284691539
2702,rho_b,0.000929,0.0009269688845059776,2.031115494022435e-06,0.2186346062256285
2703,rho_b,0.0009152,0.0009190800053645911,3.880005364591092e-06,0.4239516346537998
2704,rho_b,0.0009069,0.0009170420483147918,1.0142048314791823e-05,1.1183204657193315
2705,rho_b,0.0008949,0.0008908046863761813,4.095313623818722e-06,0.45762807232567226
2706,rho_b,0.0008592,0.0008618184245232287,2.618424523228766e-06,0.30475145719055535
2707,rho_b,0.000822,0.0008193679026468097,2.632097353190313e-06,0.3202064902662102
2708,rho_b,0.000729,0.0007270372962129599,1.96270378704014e-06,0.2692323435319364
2709,rho_b,0.0007141,0.0007093035304589632,4.796469541036748e-06,0.6716803717014346
2710,rho_b,0.000727,0.0007224949920939816,4.505007906018422e-06,0.6196709628365491
2711,rho_b,0.0007788,0.0007827771835453232,3.977183545323206e-06,0.5106809887283509
2712,rho_b,0.0007301,0.0007245252934329914,5.574706567008621e-06,0.7635538363748915
2713,rho_b,0.0008008,0.0007968685421054784,3.931457894521548e-06,0.4909412949066103
2714,rho_b,0.0007922,0.0007840854679959992,8.114532004000787e-06,1.024303457934581
2715,rho_b,0.0008084,0.0008004539399060276,7.946060093972436e-06,0.9829366754259116
2716,rho_b,0.0007688,0.0007607121865303317,8.0878134696683e-06,1.0520048724178266
2717,rho_b,0.000822,0.0008193679026468097,2.632097353190313e-06,0.3202064902662102
2718,rho_b,0.000822,0.0008230503010068906,1.050301006890581e-06,0.127773844965066
2719,rho_b,0.0008356,0.0008305976189413652,5.002381058634886e-06,0.5986573782489603
2720,rho_b,0.000822,0.0008193679026468097,2.632097353190313e-06,0.3202064902662102
2721,rho_b,0.000723,0.0007120607168264311,1.093928317356886e-05,1.5130405475018611
2722,rho_b,0.00079289,0.0007840854679959992,8.804532004000809e-06,1.110435494570048
2723,rho_b,0.001764,0.00174849376926097,1.5506230739029863e-05,0.8790380232562065
2724,rho_b,0.0016538,0.0016467677954243622,7.032204575637812e-06,0.4252149335703025
2725,rho_b,0.0015749,0.0015757405928964502,8.405928964502502e-07,0.05337436636716659
2726,rho_b,0.001553,0.0015335409640482368,1.945903595176315e-05,1.2529965189461163
2727,rho_b,0.0014137,0.0014360476421022904,2.2347642102290427e-05,1.5807909801572129
2728,rho_b,0.0015086,0.0015089474486789834,3.4744867898344085e-07,0.023031199705231927
2729,rho_b,0.0016283,0.0016160731452247229,1.2226854775277199e-05,0.7508969334746809
2730,rho_b,0.0014202,0.001433216737324695,1.3016737324695032e-05,0.916542551438502
2731,rho_b,0.0013775,0.001376715050015546,7.849499844539334e-07,0.056983664891767455
2732,rho_b,0.0011151,0.0011227131647835987,7.613164783598723e-06,0.6827338155117375
2733,rho_b,0.001119,0.001119750416143657,7.504161436569599e-07,0.06706131751441884
2734,rho_b,0.0008333,0.0008404174308350267,7.117430835026678e-06,0.8541258642128188
2740,rho_b,0.0010704,0.0010744564839419012,4.056483941901204e-06,0.3789689777757394
2741,rho_b,0.0009628,0.000956421759459201,6.378240540799002e-06,0.6624678577247948
2742,rho_b,0.000822,0.0008193679026468097,2.632097353190313e-06,0.3202064902662102
2743,rho_b,0.001922,0.001929156242573525,7.156242573524985e-06,0.37233312017698506
2744,rho_b,0.0019342,0.0019331060807937191,1.0939192062809407e-06,0.05655667488963778
2745,rho_b,0.002423,0.0024096959077208736,1.3304092279126187e-05,0.549075207331219
2746,rho_b,0.0034214,0.0035134116567722656,9.201165677226583e-05,2.689298437638769
2747,rho_b,0.0034552,0.0035004898077226256,4.528980772262577e-05,1.3107723926116592
2748,rho_b,0.003819,0.003812169597234322,6.830402765677784e-06,0.1788531752785874
2749,rho_b,0.0030841,0.0030673351943892135,1.676480561078669e-05,0.5435882625514998
2750,rho_b,0.0031449,0.003065469277415463,7.943072258453704e-05,2.5256994676867324
2751,rho_b,0.0038571,0.0037480099698771344,0.00010909003012286563,2.828291464949903
2752,rho_b,0.0041899,0.0038248296206875483,0.00036507037931245157,8.713104828881846
2753,rho_b,0.0018936,0.0018933727328943428,2.2726710565725006e-07,0.012001853904585526
2754,rho_b,0.0007891,0.0007841102558922914,4.989744107708667e-06,0.6323335573926411
2755,rho_b,0.0009827,0.0009790633943894827,3.6366056105172507e-06,0.37006264443030673
2756,rho_b,0.001601,0.0016078785687968123,6.87856879681226e-06,0.4296420232676977
2757,rho_b,0.0010771,0.0010760571939828823,1.0428060171177762e-06,0.096816081714754
2758,rho_b,0.00109,0.0010915177347265161,1.517734726516097e-06,0.13924171790125503
2759,rho_b,0.0010687,0.0010534178773082376,1.5282122691762275e-05,1.4299731147620984
2760,rho_b,0.0010337,0.0010233011522916917,1.0398847708308285e-05,1.0059831380718247
2761,rho_b,0.0009449,0.000943689841495349,1.2101585046509974e-06,0.128072653547494
2762,rho_b,0.0008819,0.0008732646813541965,8.635318645803538e-06,0.9791720870860434
2763,rho_b,0.0008291,0.0008370473051889036,7.947305188903565e-06,0.9585460353778922
2764,rho_b,0.0008044,0.0008001620860923312,4.237913907668869e-06,0.5268416089508271
2765,rho_b,0.0007817,0.0007809984731224438,7.015268775562109e-07,0.08974374781358238
2766,rho_b,0.0004805,0.00048188933278818687,1.3893327881868422e-06,0.2891431394995652
2767,rho_b,0.0004406,0.0004393735947449795,1.2264052550204642e-06,0.27834889973603616
2768,rho_b,0.0004996,0.0004894456541647612,1.0154345835238767e-05,2.0324951591100513
2769,rho_b,0.0007598,0.000754411518317718,5.388481682282002e-06,0.7091973776243785
2770,rho_b,0.0005199,0.000533097236617158,1.3197236617157999e-05,2.5384182711624956
2771,rho_b,0.0006199,0.000614902468218823,4.997531781177002e-06,0.8061835413962197
2772,rho_b,0.0007598,0.0007572199716491549,2.5800283508451826e-06,0.3395667738154139
2773,rho_b,0.0005831,0.0005904153091995161,7.3153091995160685e-06,1.254554825410825
2774,rho_b,0.0002406,0.0002482760039904876,7.6760039904876e-06,3.19035908503076
2775,rho_b,0.00048,0.0004807501762027424,7.501762027423836e-07,0.15628670857906593
2776,rho_b,0.0004202,0.00041897857046354454,1.2214295364554838e-06,0.29067813744614523
2777,rho_b,0.0004531,0.000452794539639895,3.054603601049949e-07,0.06741566087637128
2778,rho_b,0.000456,0.0004525728404470217,3.4271595529783254e-06,0.7515700757593474
2779,rho_b,0.0004233,0.00042886604727871076,5.566047278710766e-06,1.3149178515382915
2780,rho_b,0.0004714,0.00047456277939084753,3.1627793908475094e-06,0.670933259257144
2781,rho_b,0.0003166,0.00031748301551599335,8.830155159933548e-07,0.2789057211637074
2782,rho_b,0.0004152,0.0004223252710961712,7.125271096171198e-06,1.716105751206681
2783,rho_b,0.0004643,0.00047795328808659623,1.3653288086596218e-05,2.94061771638812
2784,rho_b,0.0004577,0.00045768687057458747,1.3129425412540877e-08,0.0028685657382248675
2785,rho_b,0.0004601,0.0004737688111737824,1.3668811173782379e-05,2.9708348498313475
2786,rho_b,0.0005128,0.0005265840046613738,1.3784004661373801e-05,2.6879884232632443
2787,rho_b,0.0003838,0.0003963181533661529,1.2518153366152885e-05,3.2616345319271858
2788,rho_b,0.0004266,0.0004389834946500009,1.2383494650000898e-05,2.902835119777906
2789,rho_b,0.0005128,0.0005264787528816344,1.3678752881634356e-05,2.6674635052573556
2790,rho_b,0.00052,0.0005264763722052075,6.47637220520757e-06,1.24545619091404
2791,rho_b,0.0005199,0.0005271786431198557,7.278643119855649e-06,1.400008291182067
2792,rho_b,0.0004473,0.0004504790334865411,3.1790334865411407e-06,0.7107161814071047
2793,rho_b,0.0004784,0.0004772042607619497,1.1957392380502812e-06,0.2499454923810256
2794,rho_b,0.0004785,0.00048040089241389405,1.9008924138940765e-06,0.3972606917286248
2795,rho_b,0.0005991,0.0005975893009876351,1.5106990123648408e-06,0.25216141042283874
2796,rho_b,0.000568,0.0005682597122014621,2.5971220146204285e-07,0.04572397905014138
2797,rho_b,0.0005989,0.0005972588874038134,1.6411125961865317e-06,0.2740211376600969
2798,rho_b,0.0006183,0.0006066652756260636,1.1634724373936435e-05,1.8817280212063974
2799,rho_b,0.0006234,0.0006220729274409259,1.3270725590740608e-06,0.21287657313848174
2800,rho_b,0.000601,0.0006003272837433096,6.727162566904157e-07,0.11193282122647047
2801,rho_b,0.0005476,0.0005502970319337602,2.6970319337601793e-06,0.4925186137390419
2802,rho_b,0.0007119,0.0007212321227281533,9.332122728153295e-06,1.310875504290566
2803,rho_b,0.0007,0.0007054648077312938,5.4648077312937976e-06,0.7806868176409899
2804,rho_b,0.0007301,0.0007338540820217492,3.7540820217492202e-06,0.5141873738675998
2805,rho_b,0.0007401,0.0007499842950003571,9.884295000357085e-06,1.3355350610730623
2806,rho_b,0.0007,0.0007037729362766561,3.7729362766561166e-06,0.5389908958951726
2807,rho_b,0.00073,0.000730552119586899,5.521195868989949e-07,0.07563282001954338
2808,rho_b,0.00065,0.0006586100182760946,8.610018276094655e-06,1.3246181942843804
2809,rho_b,0.00063,0.0006407390733291834,1.073907332918339e-05,1.7046148114503556
2810,rho_b,0.00066,0.0006626083801986735,2.6083801986735147e-06,0.3952091204123369
2811,rho_b,0.0006101,0.0006080485754339683,2.0514245660317298e-06,0.33624398666928207
2812,rho_b,0.0005901,0.0005960196478355356,5.919647835535605e-06,1.003160112778174
2813,rho_b,0.000675,0.000677807850304452,2.807850304451919e-06,0.41597782226550234
2814,rho_b,0.0006639,0.0006618634738025128,2.0365261974872404e-06,0.30675194975443904
2815,rho_b,0.0006109,0.0006106263636351859,2.736363648141041e-07,0.04479233333871022
2816,rho_b,0.0006177,0.0006122445791295239,5.455420870476078e-06,0.8831829143021287
2817,rho_b,0.00061,0.0006088815547409359,1.1184452590640333e-06,0.18335168151319942
2818,rho_b,0.0005962,0.0005993801866428681,3.1801866428681326e-06,0.533409365570956
2819,rho_b,0.000595,0.0005986916192422847,3.691619242284622e-06,0.6204402077445748
2820,rho_b,0.000579,0.0005827029507886844,3.7029507886843964e-06,0.6395424494454183
2821,rho_b,0.0009557,0.0009575935218164488,1.8935218164488734e-06,0.1981293098741844
2822,rho_b,0.00091348,0.0009194047382953084,5.924738295308386e-06,0.6485898201189394
2823,rho_b,0.00086476,0.0008717693353747709,7.00933537477091e-06,0.8105526812832905
2824,rho_b,0.0008894,0.0008831216718665659,6.278328133434131e-06,0.7059060182566977
2825,rho_b,0.00082524,0.0008301716175959961,4.931617595996165e-06,0.5975979824075645
2826,rho_b,0.00075432,0.00076209608372346,7.776083723460051e-06,1.0308733313648475
2827,rho_b,0.00069017,0.0006889585704389326,1.2114295610674746e-06,0.1755262557503531
2828,rho_b,0.0005831,0.0005847465653831713,1.6465653831712742e-06,0.2823813034380829
2829,rho_b,0.000733,0.0007406155076318738,7.615507631873806e-06,1.0389505622761666
2830,rho_b,0.000728,0.0007236648745058245,4.335125494175549e-06,0.5954842703599871
2831,rho_b,0.0007118,0.0007057715157107281,6.0284842892718155e-06,0.8469351335771936
2832,rho_b,0.0006799,0.0006828449096644285,2.9449096644284774e-06,0.4331386468741125
2837,rho_b,0.000693,0.0006931437103298381,1.4371032983810997e-07,0.020737421303136473
2838,rho_b,0.0008791,0.0008805256102464222,1.4256102464222905e-06,0.16216701681271986
2839,rho_b,0.0009109,0.0009134409151919332,2.5409151919331824e-06,0.2789455691232547
2840,rho_b,0.0008538,0.0008548662008137429,1.0662008137428923e-06,0.124877115541593
2841,rho_b,0.0007982,0.0007981070846577105,9.291534228952555e-08,0.011640609142209905
2842,rho_b,0.0007535,0.0007571086819502393,3.6086819502392222e-06,0.478922620497677
2843,rho_b,0.0006829,0.0006816309414111902,1.269058588809725e-06,0.18583373655753224
2844,rho_b,0.0006042,0.0006045917753834492,3.917753834491557e-07,0.06484200311167422
2845,rho_b,0.000337,0.00035055701041398265,1.3557010413982643e-05,4.022851742953747
2846,rho_b,0.00039,0.00039168735166394985,1.6873516639498583e-06,0.4326542716982861
2847,rho_b,0.000318,0.0003149326337858315,3.067366214168463e-06,0.9645805674599552
2848,rho_b,0.000447,0.00044873092356908953,1.7309235690895044e-06,0.3872312226436671
2849,rho_b,0.000427,0.00043388808608845505,6.888086088455028e-06,1.6131349115512128
2850,rho_b,0.000502,0.0004957580416820326,6.241958317967336e-06,1.2434179891500312
2851,rho_b,0.000509,0.000513598473944625,4.598473944624946e-06,0.9034329932398066
2852,rho_b,0.000527,0.0005318588550873007,4.858855087300717e-06,0.9219838857838477
2853,rho_b,0.00055,0.000558466911204323,8.466911204322984e-06,1.539438397987018
2854,rho_b,0.0004328,0.0004355911226215711,2.7911226215710807e-06,0.6448989406474332
2855,rho_b,0.00048908,0.0004859426250083683,3.137374991631721e-06,0.641485030100775
2857,rho_b,0.00050738,0.0005126722381758391,5.292238175839134e-06,1.0430521828626695
2859,rho_b,0.00052676,0.0005269528447903844,1.928447903843354e-07,0.03660961159128242
2861,rho_b,0.0005612,0.0005635615721889639,2.361572188963948e-06,0.42080758816034786
2865,rho_b,0.00057764,0.0005781080820431115,4.6808204311145005e-07,0.08103352300760246
2866,rho_b,0.0005831,0.0005892954514579768,6.19545145797676e-06,1.0625023919313559
2867,rho_b,0.0002712,0.00028582642276845825,1.4626422768458268e-05,5.3932237147957345
2868,rho_b,0.00039367,0.0003873446195823423,6.325380417657666e-06,1.6067722715954844
2869,rho_b,0.00053922,0.0005342917838087546,4.928216191245425e-06,0.9139527803319419
2870,rho_b,0.00060077,0.000597463145037658,3.3068549623420374e-06,0.5504360998115212
2871,rho_b,0.00050863,0.0005110305353874276,2.4005353874275923e-06,0.4719610291779843
2872,rho_b,0.00055627,0.0005610549591642249,4.784959164224906e-06,0.8601864482397112
2874,rho_b,0.00057054,0.0005749183956952347,4.378395695234694e-06,0.7674125718723609
2875,rho_b,0.00050287,0.0005034543376149841,5.84337614984126e-07,0.116200531712395
2878,rho_b,0.00055501,0.0005559491348738817,9.391348738817425e-07,0.16921044164783303
2880,rho_b,0.00045709,0.0004568900020078225,1.9999799217749418e-07,0.043754619821030426
2883,rho_b,0.00053272,0.0005363220756967419,3.6020756967419625e-06,0.6761667836725287
2885,rho_b,0.00060618,0.0006057425904033896,4.3740959661036846e-07,0.07215836812312923
2887,rho_b,0.00058395,0.0005862781600484739,2.3281600484739403e-06,0.3986916764255542
2888,rho_b,0.0006256,0.0006329207162147755,7.3207162147754254e-06,1.170191208931188
2889,rho_b,0.000438,0.0004445431217688172,6.543121768817165e-06,1.4938634141275184
2890,rho_b,0.0006257,0.0006325251787182723,6.825178718272294e-06,1.0908068894620786
2891,rho_b,0.0004629,0.000481809385992796,1.8909385992796e-05,4.084982923297941
2892,rho_b,0.0005281,0.0005312778591245551,3.1778591245550667e-06,0.6017532888728525
2893,rho_b,0.0005643,0.0005676564761498866,3.356476149886595e-06,0.5948034988372426
2894,rho_b,0.0005507,0.0005561551835449247,5.455183544924723e-06,0.9905907998944643
2895,rho_b,0.00056,0.0005632156272095764,3.2156272095764738e-06,0.5742191435418362
2896,rho_b,0.0006298,0.0006348216682836774,5.02166828367733e-06,0.7973433273585101
2897,rho_b,0.0006136,0.0006102705210545639,3.3294789454360943e-06,0.5426139080850645
2898,rho_b,0.0006414,0.0006410738703311204,3.261296688796206e-07,0.0508465338901084
2899,rho_b,0.000656,0.0006545460845347336,1.45391546526642e-06,0.22163345473324475
2900,rho_b,0.00064,0.0006387170330297049,1.2829669702951957e-06,0.20046358879539997
2901,rho_b,0.0007516,0.0007589338748363516,7.333874836351682e-06,0.9757683377586481
2903,rho_b,0.0007924,0.0007877996494845444,4.600350515455531e-06,0.580559125397519
2905,rho_b,0.0007084,0.0007064142085353349,1.985791464665103e-06,0.2803206467902169
2906,rho_b,0.0006792,0.000683163401507267,3.963401507266944e-06,0.5835396792449274
2907,rho_b,0.0004198,0.00041604648382833324,3.7535161716667725e-06,0.8941200959327231
2908,rho_b,0.0004086,0.00041146251457710616,2.862514577106146e-06,0.7005664635586102
2909,rho_b,0.0003967,0.00040113775812513963,4.4377581251396365e-06,1.1186685439760402
2910,rho_b,0.0004067,0.0004122815237971877,5.581523797187698e-06,1.3723933571339475
2911,rho_b,0.0004395,0.00043980749324287944,3.0749324287943774e-07,0.06996433269164833
2912,rho_b,0.0004614,0.0004796765410069299,1.8276541006929914e-05,3.9611055412481275
2913,rho_b,0.0004645,0.00047846187798722563,1.3961877987225617e-05,3.0057864278079123
2914,rho_b,0.0005199,0.00052435154006876,4.451540068760047e-06,0.856230055817993
2915,rho_b,0.0005481,0.0005575266024858271,9.426602485827057e-06,1.719869087507456
2916,rho_b,0.000728,0.0007204674052741965,7.532594725803525e-06,1.0346970762989771
2917,rho_b,0.000585,0.0005847513154776535,2.4868452234646805e-07,0.04251017468741304
2918,rho_b,0.00054052,0.0005322402021418663,8.279797858133653e-06,1.5318208101116417
2919,rho_b,0.00055381,0.0005537471326063436,6.286739365635868e-08,0.01135179818761682
2920,rho_b,0.000559,0.0005602643831650204,1.2643831650203897e-06,0.22618661230027254
2922,rho_b,0.00055749,0.000560059999720154,2.5699997201539997e-06,0.4609947650261085
2923,rho_b,0.00056793,0.000572170243292738,4.240243292738034e-06,0.7466137174074088
2924,rho_b,0.00057477,0.0005797055372744658,4.9355372744658765e-06,0.8586977862238633
2925,rho_b,0.00058127,0.0005850909171355591,3.820917135559094e-06,0.6573394685749651
2926,rho_b,0.0005831,0.000587061949942301,3.961949942300953e-06,0.6794632027964879
2927,rho_b,0.001,0.0009944804848736294,5.519515126370649e-06,0.5519515120851134
2928,rho_b,0.000943,0.0009462587837388495,3.258783738849442e-06,0.34557621796327465
2929,rho_b,0.000824,0.000835036167945373,1.103616794537307e-05,1.3393407684441339
2930,rho_b,0.0009,0.000902377880323522,2.3778803235219997e-06,0.2642089245422123
2931,rho_b,0.000815,0.0008188517047479621,3.8517047479621645e-06,0.47260180898603027
2932,rho_b,0.000727,0.0007270832083879534,8.320838795338337e-08,0.011445445369866426
2933,rho_b,0.000625,0.000633171854124315,8.171854124314963e-06,1.3074966577983993
2934,rho_b,0.00061,0.0006078902743193093,2.109725680690699e-06,0.3458566683987102
2935,rho_b,0.000585,0.0005847513154776535,2.4868452234646805e-07,0.04251017468741304
2936,rho_b,0.000875,0.0008748135321734782,1.864678265217721e-07,0.0213106087209904
2937,rho_b,0.000885,0.0008812016129355186,3.7983870644814387e-06,0.42919627798751137
2938,rho_b,0.000828,0.0008370315426037182,9.031542603718198e-06,1.0907660136244612
2939,rho_b,0.000738,0.0007411564204790255,3.15642047902544e-06,0.42769925132092784
2940,rho_b,0.00064,0.0006470225661766975,7.022566176697405e-06,1.0972759633944758
2941,rho_b,0.000615,0.0006094047925373671,5.595207462632851e-06,0.9097898298430818
2942,rho_b,0.000609,0.0006055821996219906,3.417800378009337e-06,0.5612151678813112
2949,rho_b,0.0015,0.0015079994214436702,7.99942144367018e-06,0.5332947625558155
2951,rho_b,0.00142,0.0014141597122095963,5.840287790403716e-06,0.4112878722740026
2954,rho_b,0.00128,0.0012766341056774078,3.3658943225922926e-06,0.26296049374708497
2959,rho_b,0.00113,0.0011308711678679208,8.711678679208974e-07,0.07709450151769491
2963,rho_b,0.000874,0.0008715255445402215,2.4744554597785386e-06,0.2831184733349375
2964,rho_b,0.000898,0.0008995113874472907,1.5113874472906606e-06,0.16830595162668163
2965,rho_b,0.000761,0.0007600770934276014,9.229065723985203e-07,0.12127550212690741
2966,rho_b,0.000707,0.0007125893563087964,5.5893563087964495e-06,0.7905737342136793
2967,rho_b,0.000571,0.0005776143759863387,6.61437598633869e-06,1.1583845840201128
2968,rho_b,0.000539,0.0005492699906740752,1.0269990674075251e-05,1.9053786001895112
2969,rho_b,0.000609,0.0006055821996219906,3.417800378009337e-06,0.5612151678813112
2970,rho_b,0.0008514,0.0008593644557426292,7.964455742629243e-06,0.9354540443122743
2971,rho_b,0.0008249,0.0008373233019360225,1.2423301936022421e-05,1.5060373282776152
2972,rho_b,0.0007264,0.0007437394818018768,1.7339481801876828e-05,2.387043196311453
2973,rho_b,0.0006694,0.0006818641863536577,1.2464186353657665e-05,1.8619937757749816
2974,rho_b,0.0005583,0.0005670236925008672,8.723692500867282e-06,1.5625456717252062
2975,rho_b,0.000521,0.0005295610469660567,8.561046966056723e-06,1.6431951918665588
2976,rho_b,0.000554,0.0005616500634378807,7.650063437880704e-06,1.380877874381214
2977,rho_b,0.0006564,0.0006615154287620969,5.1154287620968795e-06,0.7793157760974592
2978,rho_b,0.0005432,0.0005477264129440326,4.526412944032623e-06,0.8332866229196902
2979,rho_b,0.0006627,0.0006599523458948893,2.7476541051106715e-06,0.41461507483997595
2980,rho_b,0.0005341,0.0005361188526922983,2.018852692298287e-06,0.3779915162925242
2981,rho_b,0.0014,0.0014102811874791093,1.0281187479109282e-05,0.7343705336975412
2982,rho_b,0.00115,0.001145696724032847,4.3032759671529815e-06,0.3741979098618263
2983,rho_b,0.00115,0.0011491269613023796,8.730386976203881e-07,0.07591640842271513
2984,rho_b,0.00125,0.0012431043728595957,6.895627140404313e-06,0.5516501707910249
2985,rho_b,0.0012,0.0012018453653638247,1.8453653638248e-06,0.15378044685724965
2986,rho_b,0.00132,0.001322295254945776,2.2952549457761103e-06,0.1738829503058546
2987,rho_b,0.00125,0.0012402106640659165,9.789335934083567e-06,0.7831468741001678
2988,rho_b,0.00121,0.0012067440198000401,3.2559801999597956e-06,0.2690892725015622
2989,rho_b,0.00102,0.0010180013365552816,1.9986634447184508e-06,0.19594739634891928
2990,rho_b,0.00105,0.0010393739981460865,1.0626001853913415e-05,1.0120001755993728
2991,rho_b,0.0011,0.001091728767019115,8.271232980885035e-06,0.7519302703059756
2992,rho_b,0.001,0.0009876026588026467,1.2397341197353286e-05,1.2397341184955943
2993,rho_b,0.00095,0.0009396427345848676,1.0357265415132373e-05,1.0902384636031566
2994,rho_b,0.000595,0.0005965382908217537,1.5382908217536533e-06,0.25853627212912444
2995,rho_b,0.007943,0.007924987153345728,1.8012846654272274e-05,0.2267763647488922
2996,rho_b,0.0042835,0.004331638370681056,4.8138370681055816e-05,1.1238092837590223
2997,rho_b,0.0041819,0.004165538510863309,1.636148913669068e-05,0.3912453462009667
2998,rho_b,0.001224,0.0012271397091867785,3.139709186778406e-06,0.2565121882527193
2999,rho_b,0.0013827,0.0013541607281858277,2.853927181417225e-05,2.0640248639279672
3000,rho_b,0.0007818,0.0007821151011139245,3.1510111392449736e-07,0.040304568114793
3001,rho_b,0.0005288,0.0005352121863733258,6.412186373325863e-06,1.21259197450831
3002,rho_b,0.0005288,0.0005331542090594831,4.354209059483191e-06,0.8234132093890052
3003,rho_b,0.0019455,0.0019475987083114458,2.0987083114458113e-06,0.10787500952799081
3004,rho_b,0.0018524,0.0018385388252888913,1.386117471110864e-05,0.7482819425408023
3005,rho_b,0.001415,0.0014235033124258747,8.50331242587465e-06,0.6009408070576143
3006,rho_b,0.0013649,0.0013742035665538228,9.303566553822739e-06,0.6816299030702937
3007,rho_b,0.0014728,0.001478442681153301,5.642681153301011e-06,0.38312609651478474
3008,rho_b,0.0013107,0.0013187835664050613,8.0835664050614e-06,0.6167365834206175
3009,rho_b,0.0010732,0.0010835524093132814,1.0352409313281333e-05,0.9646300133838085
3010,rho_b,0.0009654,0.0009652160528570295,1.8394714297056101e-07,0.019053982057180566
3011,rho_b,0.0006312,0.0006390614053578419,7.861405357841977e-06,1.2454697948965905
3012,rho_b,0.0006199,0.0006134700775086303,6.4299224913697125e-06,1.0372515697688653
3013,rho_b,0.0005594,0.0005625425721417542,3.1425721417541446e-06,0.5617754980579888
3014,rho_b,0.000554,0.0005589217723811332,4.921772381133189e-06,0.8884065653879284
3015,rho_b,0.000579,0.0005831472544481351,4.1472544481351145e-06,0.7162788326377075
3016,rho_b,0.0005293,0.0005343568775874515,5.056877587451521e-06,0.9553896803131728
3017,rho_b,0.0005552,0.0005564814142902594,1.2814142902593285e-06,0.23080228529382305
3018,rho_b,0.0005608,0.0005614506465284571,6.506465284571161e-07,0.11602113539531113
3020,rho_b,0.0005465,0.0005488649348350646,2.364934835064644e-06,0.43274196353837596
3021,rho_b,0.0005627,0.0005635010663746953,8.010663746953802e-07,0.14236118238346693
3023,rho_b,0.0006364,0.000637714443060795,1.3144430607950645e-06,0.20654353531263817
3027,rho_b,0.0006989,0.000694975994043553,3.9240059564470174e-06,0.5614545644344644
3029,rho_b,0.0007169,0.000713142237468972,3.757762531028078e-06,0.5241682976407301
3030,rho_b,0.0007239,0.0007266741749082876,2.7741749082875987e-06,0.38322626114868574
3032,rho_b,0.0007197,0.0007142573707261746,5.442629273825356e-06,0.7562358296877862
3034,rho_b,0.0006982,0.0006919345532239421,6.265446776057863e-06,0.8973713501982454
3036,rho_b,0.00066,0.0006581468605811544,1.8531394188456198e-06,0.28077869939967165
3038,rho_b,0.0006403,0.0006409166906000622,6.166906000622122e-07,0.09631275950321484
3040,rho_b,0.0006325,0.0006349197405042988,2.419740504298754e-06,0.3825676680589845
3041,rho_b,0.0006157,0.0006113636719358069,4.336328064193074e-06,0.70429235945268
3043,rho_b,0.0006023,0.0006056995146429425,3.3995146429425865e-06,0.5644221546236702
3044,rho_b,0.0006721,0.0006806738009072122,8.573800907212188e-06,1.2756733959909914
3045,rho_b,0.000484,0.00047968765843127973,4.3123415687202704e-06,0.8909796611178665
3046,rho_b,0.0006918,0.0006859234069287297,5.876593071270299e-06,0.849464160563119
3047,rho_b,0.000672,0.0006709288150870598,1.0711849129401612e-06,0.1594025165693655
3048,rho_b,0.000604,0.0006021038336827989,1.8961663172011511e-06,0.31393482020890773
3049,rho_b,0.0007599,0.0007559143961059021,3.985603894097892e-06,0.5244905762406877
3050,rho_b,0.0006518,0.0006448609815931484,6.939018406851641e-06,1.0645931875123824
3051,rho_b,0.0006881,0.0006822199945219623,5.8800054780377194e-06,0.8545277531597795
3052,rho_b,0.000664,0.0006586201441231256,5.3798558768743815e-06,0.8102192573452092
3053,rho_b,0.000644,0.0006455021929957525,1.5021929957524226e-06,0.2332597815869293
3054,rho_b,0.0007121,0.0007064820121766692,5.617987823330808e-06,0.7889324273896199
3055,rho_b,0.0006521,0.0006516615755829873,4.384244170126681e-07,0.0672326968778318
3056,rho_b,0.0006721,0.0006693668287511617,2.733171248838341e-06,0.4066613963356237
3057,rho_b,0.000735,0.0007475457501724498,1.2545750172449858e-05,1.7069047830450081
3058,rho_b,0.00067,0.0006769510476208187,6.951047620818687e-06,1.0374697926035805
3059,rho_b,0.00075,0.000752663968288066,2.663968288066018e-06,0.3551957712685414
3060,rho_b,0.00073,0.0007310645777009114,1.06457770091147e-06,0.1458325615689239
3061,rho_b,0.0006826,0.0006848451340333288,2.245134033328818e-06,0.328909175218243
3062,rho_b,0.0006745,0.0006757949845692321,1.294984569232124e-06,0.19199178166229894
3063,rho_b,0.0007476,0.0007397287899402898,7.871210059710193e-06,1.0528638375042207
3064,rho_b,0.0007817,0.0007854928668538095,3.7928668538095116e-06,0.4852074771597079
3065,rho_b,0.0008387,0.0008380744938595874,6.255061404125423e-07,0.07458043873455801
3066,rho_b,0.0004137,0.00042747591975635254,1.377591975635251e-05,3.3299298339504984
3067,rho_b,0.0006308,0.0006392988918241074,8.498891824107306e-06,1.347319564146181
3068,rho_b,0.0005641,0.0005754421482308996,1.1342148230899574e-05,2.0106626858345944
3069,rho_b,0.0006384,0.0006481373921797845,9.73739217978453e-06,1.5252807275268987
3070,rho_b,0.0007002,0.0007064464097696518,6.2464097696518115e-06,0.8920893688561722
3072,rho_b,0.0007151,0.000716264929323304,1.1649293233039707e-06,0.1629043940253009
3073,rho_b,0.0006719,0.0006829997247928757,1.1099724792875657e-05,1.6519905903193557
3074,rho_b,0.000672,0.0006797020725305483,7.702072530548355e-06,1.1461417439117467
3075,rho_b,0.0007478,0.0007525855498967808,4.785549896780877e-06,0.6399505068710046
3077,rho_b,0.0006515,0.0006555048660761452,4.004866076145206e-06,0.6147146692245679
3078,rho_b,0.0007119,0.000716521976612211,4.621976612211032e-06,0.6492452037812304
3079,rho_b,0.000804,0.0008117804901939861,7.78049019398608e-06,0.9677226597399071
3080,rho_b,0.000704,0.0007125513063984301,8.551306398430153e-06,1.2146742025970756
3081,rho_b,0.0008042,0.0008108899661995091,6.689966199509116e-06,0.83187841223456
3082,rho_b,0.0007504,0.0007553128920665974,4.912892066597386e-06,0.654703099686881
3083,rho_b,0.001102,0.0011002989328498186,1.7010671501812517e-06,0.15436181022120088
3084,rho_b,0.000953,0.0009502174421609649,2.7825578390350573e-06,0.29197878658082577
3085,rho_b,0.000904,0.0009112208309067846,7.220830906784622e-06,0.7987644799554179
3086,rho_b,0.0009045,0.0009097858772652697,5.285877265269706e-06,0.5843977069569628
3087,rho_b,0.000902,0.0009057277073077837,3.727707307783659e-06,0.4132713196952268
3088,rho_b,0.0008507,0.0008424075845204726,8.292415479527432e-06,0.9747755342399995
3089,rho_b,0.0009782,0.000975875857282779,2.3241427172210165e-06,0.23759381668831306
3090,rho_b,0.000933,0.0009327857230369268,2.1427696307325245e-07,0.02296644832192797
3091,rho_b,0.0008905,0.0008838026728283108,6.697327171689216e-06,0.7520861498223869
3092,rho_b,0.0008729,0.0008746023868249918,1.7023868249917617e-06,0.19502655780060674
3093,rho_b,0.0008359,0.0008418920378251908,5.992037825190808e-06,0.7168366811846442
3094,rho_b,0.0008001,0.0008053782343637499,5.278234363749923e-06,0.6596968325400518
3095,rho_b,0.0007754,0.0007762306939096661,8.306939096661137e-07,0.1071310173581124
3096,rho_b,0.0007262,0.0007272467276452598,1.0467276452597908e-06,0.14413765406477752
3097,rho_b,0.000675,0.000677807850304452,2.807850304451919e-06,0.41597782226550234
3099,rho_b,0.000803,0.0008090596140437158,6.059614043715821e-06,0.7546219223125283
3100,rho_b,0.0007682,0.0007628964685363714,5.303531463628653e-06,0.690384204207864
3101,rho_b,0.0007537,0.0007627789378230737,9.078937823073685e-06,1.2045824347920737
3102,rho_b,0.0007555,0.0007632340400599914,7.734040059991366e-06,1.0236982196895281
3103,rho_b,0.0006947,0.0006975120345623738,2.812034562373728e-06,0.4047840158810836
3104,rho_b,0.0006241,0.0006275499868333876,3.4499868333875625e-06,0.5527939156961421
3105,rho_b,0.000299,0.00030906530278594884,1.006530278594884e-05,3.3663219907309765
3106,rho_b,0.000344,0.00035491587935961445,1.0915879359614435e-05,3.173220734849485
3107,rho_b,0.000371,0.0003840006165138624,1.3000616513862359e-05,3.5042092934825515
3108,rho_b,0.000473,0.00048050919110256726,7.509191102567255e-06,1.5875668259390245
3109,rho_b,0.000502,0.0004996640923017887,2.3359076982112014e-06,0.4653202576808763
3110,rho_b,0.000561,0.0005663057385997907,5.305738599790748e-06,0.9457644546048314
3111,rho_b,0.000669,0.0006644586750216495,4.541324978350487e-06,0.6788228657043734
3112,rho_b,0.0003321,0.00033415098799923653,2.050987999236537e-06,0.6175814492805548
3113,rho_b,0.0004663,0.0004793253070968351,1.3025307096835108e-05,2.79333198989959
3114,rho_b,0.0004927,0.0004964710448099796,3.771044809979581e-06,0.7653835604476853
3115,rho_b,0.0005362,0.0005386156381614936,2.415638161493562e-06,0.4505106596397716
3116,rho_b,0.0005872,0.0005912086098496434,4.008609849643447e-06,0.682665163967438
3117,rho_b,0.000568,0.0005713764412617385,3.3764412617384417e-06,0.5944438830623244
3118,rho_b,0.0006241,0.0006275499868333876,3.4499868333875625e-06,0.5527939156961421
3119,rho_b,0.000982,0.0009797605834701872,2.2394165298128283e-06,0.2280464895654138
3120,rho_b,0.00098791,0.0009861831838977751,1.7268161022249325e-06,0.1747948801486961
3121,rho_b,0.00096886,0.0009684059121896882,4.5408781031174884e-07,0.04686825855573212
3122,rho_b,0.00096799,0.0009684068672748518,4.1686727485180583e-07,0.04306524596547003
3123,rho_b,0.00096596,0.0009691231028993108,3.163102899310854e-06,0.3274569232718006
3124,rho_b,0.00094556,0.0009495210760156467,3.9610760156467105e-06,0.4189132378122571
3125,rho_b,0.00094318,0.0009469922621576223,3.8122621576223894e-06,0.4041924291842984
3126,rho_b,0.00093157,0.0009259416447268822,5.628355273117709e-06,0.6041795320884007
3127,rho_b,0.0006151,0.0006109572606701876,4.142739329812488e-06,0.6735066368196101
3128,rho_b,0.0005878,0.0005900270416396606,2.227041639660623e-06,0.37887744740929713
3129,rho_b,0.0005641,0.0005670177507333275,2.917750733327459e-06,0.5172399801728522
3130,rho_b,0.0006,0.0006005765322851092,5.765322851092889e-07,0.09608871402473362
3131,rho_b,0.0002853,0.0002944499873766957,9.149987376695721e-06,3.207145932220211
3132,rho_b,0.0001011,0.00011525891770429702,1.4158917704297017e-05,14.004864059592855
3133,rho_b,0.0006241,0.0006275499868333876,3.4499868333875625e-06,0.5527939156961421
3134,rho_b,0.0006493,0.0006467458830978692,2.5541169021307602e-06,0.39336468476776737
3135,rho_b,0.0008576,0.0008671876831545286,9.587683154528527e-06,1.1179667844389993
3136,rho_b,0.0008605,0.0008690798790334013,8.579879033401286e-06,0.9970806535073188
3137,rho_b,0.0007612,0.0007621235784020668,9.235784020668065e-07,0.12133189711685333
3138,rho_b,0.0006836,0.000688593995606533,4.9939956065329916e-06,0.7305435341175477
3139,rho_b,0.0006241,0.0006275499868333876,3.4499868333875625e-06,0.5527939156961421
3140,rho_b,0.0008335,0.0008446952767289019,1.1195276728901814e-05,1.3431645729418318
3141,rho_b,0.0008779,0.0008759747526425412,1.925247357458795e-06,0.21930144153841902
3142,rho_b,0.0008359,0.0008418921182059546,5.992118205954593e-06,0.7168462972587786
3143,rho_b,0.0009768,0.0009736189283822326,3.1810716177674845e-06,0.3256625321980814
3144,rho_b,0.0006241,0.0006275499868333876,3.4499868333875625e-06,0.5527939156961421
3145,rho_b,0.001009,0.0010193778741494814,1.0377874149481532e-05,1.0285306381760382
3146,rho_b,0.001296,0.0012890251556509449,6.974844349055169e-06,0.5381824339254124
3147,rho_b,0.001106,0.0011134282649778336,7.4282649778335905e-06,0.6716333608605115
3148,rho_b,0.001011,0.0010177770355374795,6.777035537479555e-06,0.6703299239145654
3149,rho_b,0.0006407,0.0006513733547880322,1.0673354788032175e-05,1.6658896162592913
3150,rho_b,0.0009629,0.0009625966943141609,3.033056858391635e-07,0.0314991884436776
3151,rho_b,0.0006241,0.0006275499868333876,3.4499868333875625e-06,0.5527939156961421
3152,rho_b,0.0006558,0.0006628986902326372,7.098690232637192e-06,1.082447426320939
3153,rho_b,0.0006406,0.0006487584980024371,8.158498002437111e-06,1.273571337761692
3154,rho_b,0.0006772,0.0006796519432980562,2.4519432980561967e-06,0.36207077590600845
3155,rho_b,0.000611,0.0006160533986081245,5.053398608124461e-06,0.8270701472755744
3156,rho_b,0.0005429,0.0005511499069395535,8.24990693955351e-06,1.519599728192579
3157,rho_b,0.0006293,0.0006410252804523996,1.1725280452399667e-05,1.8632258753801698
3158,rho_b,0.0006241,0.0006275499868333876,3.4499868333875625e-06,0.5527939156961421
3159,rho_b,0.0008646,0.0008515558994656913,1.3044100534308667e-05,1.508686157670808
3160,rho_b,0.0009557,0.0009660214550246353,1.032145502463536e-05,1.0799890147363682
3161,rho_b,0.0011109,0.0011098805474849607,1.0194525150392184e-06,0.09176816222176046
3162,rho_b,0.0010932,0.0010945355810834368,1.3355810834368882e-06,0.12217170528861794
3163,rho_b,0.0010295,0.001032912407656187,3.412407656186965e-06,0.3314626180546225
3164,rho_b,0.0008836,0.0008927961117246432,9.196111724643153e-06,1.0407550604612497
3165,rho_b,0.0008999,0.0009061867907564128,6.2867907564128104e-06,0.6986099288172809
3166,rho_b,0.0008172,0.0008193256498324258,2.1256498324257822e-06,0.26011378240634414
3167,rho_b,0.000871,0.0008739562459539489,2.9562459539488615e-06,0.3394082606836715
3168,rho_b,0.0007618,0.0007614551275096283,3.4487249037172107e-07,0.04527073902848697
3169,rho_b,0.0008595,0.0008707684975001146,1.1268497500114606e-05,1.3110526453756928
3170,rho_b,0.000841,0.0008465340822812773,5.5340822812773504e-06,0.6580359422945293
3171,rho_b,0.000929,0.0009269688845059776,2.031115494022435e-06,0.2186346062256285
3172,rho_b,0.000566,0.0005655379196891693,4.620803108306955e-07,0.08163963074457584
3173,rho_b,0.000632,0.0006347392400933829,2.7392400933829754e-06,0.43342406472290107
3174,rho_b,0.000706,0.0007112138095223753,5.213809522375246e-06,0.7384999313017346
3175,rho_b,0.000819,0.0008188516568998842,1.4834310011575466e-07,0.01811271061472864
3176,rho_b,0.000858,0.0008638198085446071,5.819808544607033e-06,0.6782993633827552
3177,rho_b,0.000965,0.0009626709016726532,2.329098327346832e-06,0.24135733937132212
3178,rho_b,0.00096,0.0009590435883830322,9.564116169678144e-07,0.0996262099970367
3179,rho_b,0.0009392,0.000941401488329636,2.2014883296360204e-06,0.23440037556346005
3180,rho_b,0.0009467,0.0009466005626995667,9.943730043331881e-08,0.010503570331497106
3181,rho_b,0.0009506,0.000947164715685252,3.4352843147480517e-06,0.3613806344555276
3182,rho_b,0.0009437,0.0009451674339247553,1.4674339247552903e-06,0.1554979255272132
3183,rho_b,0.0009559,0.0009592841602214536,3.384160221453665e-06,0.35402868688287253
3184,rho_b,0.0009553,0.0009575935218164488,2.293521816448883e-06,0.24008393321972615
3185,rho_b,0.0010701,0.001075811550474321,5.711550474320898e-06,0.5337398812245117
3186,rho_b,0.0010865,0.0010907558877827526,4.255887782752578e-06,0.39170619225361397
3187,rho_b,0.0011077,0.0011078341452946188,1.341452946187257e-07,0.012110254987598008
3188,rho_b,0.0011444,0.0011519169990013031,7.516999001303069e-06,0.6568506636433556
3189,rho_b,0.0010643,0.0010643281626434538,2.8162643453833597e-08,0.0026461188976202583
3190,rho_b,0.0010233,0.0010334023607223202,1.0102360722320184e-05,0.9872335299958809
3191,rho_b,0.0009795,0.0009781447093288958,1.3552906711041326e-06,0.13836556097197317
3192,rho_b,0.0008999,0.0009061867907564128,6.2867907564128104e-06,0.6986099288172809
3193,rho_b,0.0015938,0.001594866052103864,1.0660521038640628e-06,0.06688744530023769
3194,rho_b,0.0015538,0.0015287377511979815,2.5062248802018442e-05,1.6129649109208903
3195,rho_b,0.0015218,0.001520715472771897,1.0845272281031267e-06,0.07126608144240149
3196,rho_b,0.0015277,0.001509712471883759,1.7987528116241184e-05,1.177425417586367
3197,rho_b,0.0014881,0.0014785310356146967,9.568964385303332e-06,0.6430323485567507
3198,rho_b,0.0014737,0.0014671567151464076,6.54328485359245e-06,0.44400385757972527
3199,rho_b,0.001364,0.0013657604801472407,1.7604801472407162e-06,0.1290674593805016
3200,rho_b,0.0013867,0.0013660947998409348,2.060520015906525e-05,1.4859162143366327
3201,rho_b,0.0010099,0.001009774214904097,1.257850959029104e-07,0.012455203067467904
3202,rho_b,0.0009907,0.0009879061725778361,2.7938274221638373e-06,0.2820053920807291
3203,rho_b,0.0009553,0.0009575935218164488,2.293521816448883e-06,0.24008393321972615
3204,rho_b,0.0011613,0.0011653454001862185,4.0454001862184116e-06,0.3483510016993801
3205,rho_b,0.0010801,0.001079287920048048,8.120799519521684e-07,0.075185626442025
3206,rho_b,0.000929,0.0009269688845059776,2.031115494022435e-06,0.2186346062256285
3207,rho_b,0.0006816,0.0006861819448703483,4.5819448703483335e-06,0.6722336947808094
3208,rho_b,0.001102,0.0011130035871659717,1.1003587165971758e-05,0.9985106312147597
3209,rho_b,0.001108,0.0011108169092564858,2.8169092564857452e-06,0.25423368717900796
3210,rho_b,0.0009364,0.0009363425460601826,5.7453939817406034e-08,0.0061356193673696964
3211,rho_b,0.0007453,0.0007457640691898714,4.640691898714303e-07,0.062266092747721644
3212,rho_b,0.0006306,0.0006453283089687162,1.4728308968716157e-05,2.3356024334538743
3213,rho_b,0.0006242,0.0006433026597170661,1.910265971706614e-05,3.0603427886034464
3214,rho_b,0.0007134,0.0007230579469379775,9.657946937977513e-06,1.3537912705970845
3215,rho_b,0.0008089,0.000815021468153489,6.121468153489056e-06,0.7567645130326878
3216,rho_b,0.0007644,0.000768498928264701,4.098928264701014e-06,0.5362281867266786
3217,rho_b,0.0003694,0.0004111399189743497,4.1739918974349744e-05,11.299382474649681
3218,rho_b,0.000667,0.0006753478666978456,8.347866697845673e-06,1.2515542256866765
3219,rho_b,0.000802,0.0007963595416904126,5.640458309587337e-06,0.7032990402187465
3220,rho_b,0.0007888,0.0007863379468867898,2.462053113210178e-06,0.31212640847983186
3221,rho_b,0.0007236,0.0007229540158812066,6.459841187934738e-07,0.08927364813443026
3222,rho_b,0.0006432,0.0006448793956801933,1.6793956801932361e-06,0.2611000742509694
3223,rho_b,0.0006173,0.0006113480240227992,5.951975977200774e-06,0.96419503767355
3224,rho_b,0.0005847,0.0005865669479864952,1.8669479864952916e-06,0.3193001510693159
3225,rho_b,0.000547,0.0005553280178798394,8.328017879839474e-06,1.5224895547741462
3226,rho_b,0.0004824,0.0004960263978218544,1.3626397821854433e-05,2.8247093270330303
3227,rho_b,0.0007767,0.0007738392702991489,2.860729700851104e-06,0.3683184881122595
3228,rho_b,0.0006851,0.00069147739155201,6.377391552010009e-06,0.9308701711722825
3229,rho_b,0.0006854,0.0006911170287782541,5.717028778254112e-06,0.8341156652922317
3230,rho_b,0.000669,0.000665102311816187,3.897688183812989e-06,0.5826140774270326
3231,rho_b,0.0006194,0.0006118678163667843,7.532183633215711e-06,1.2160451438578075
3232,rho_b,0.000578,0.0005804352364590462,2.435236459046204e-06,0.42132118595726514
3233,rho_b,0.0005683,0.0005755881745573028,7.288174557302791e-06,1.2824519698184536
3234,rho_b,0.0005427,0.00055018420184813,7.484201848129992e-06,1.3790679628412221
3235,rho_b,0.0004824,0.0004960263978218544,1.3626397821854433e-05,2.8247093270330303
3236,rho_b,0.0007075,0.000711903677229209,4.4036772292089556e-06,0.622427876040237
3237,rho_b,0.0007075,0.0007114346544867371,3.934654486737084e-06,0.5561349090001039
3238,rho_b,0.0007075,0.0007087203294538125,1.2203294538124486e-06,0.17248472821026167
3239,rho_b,0.0007075,0.0007081234920163276,6.234920163275797e-07,0.0881260799217412
3240,rho_b,0.0007075,0.0007070927802350509,4.072197649490888e-07,0.05755756386904779
3241,rho_b,0.0007075,0.0007073963573096295,1.0364269037053606e-07,0.014649143494564611
3242,rho_b,0.0007075,0.0007071629524420866,3.370475579134386e-07,0.04763923073315142
3243,rho_b,0.0007075,0.0007058452193962481,1.6547806037519068e-06,0.23389125108310874
3244,rho_b,0.0007075,0.0007060748456331587,1.425154366841352e-06,0.2014352459119434
3245,rho_b,0.0007075,0.0007066775566909207,8.224433090792647e-07,0.11624640394583756
3246,rho_b,0.0007075,0.0007064736177592246,1.0263822407753816e-06,0.1450716946041929
3247,rho_b,0.000667,0.0006641208437581163,2.8791562418836996e-06,0.4316576068316527
3248,rho_b,0.0006497,0.0006484153603405098,1.2846396594902486e-06,0.19772812952331342
3249,rho_b,0.0006021749999999,0.0006035144696155659,1.3394696156659568e-06,0.22243859566434895
3250,rho_b,0.00059232,0.0006014284674928282,9.108467492828162e-06,1.5377612569979993
3251,rho_b,0.00059445,0.0006020545825400833,7.604582540083368e-06,1.2792636096039587
3252,rho_b,0.00059508,0.0005964632347150301,1.3832347150300557e-06,0.23244516917147343
3253,rho_b,0.00060002,0.0006070437627998589,7.023762799858858e-06,1.1705881117551042
3254,rho_b,0.00059477,0.0006037239020324434,8.953902032443443e-06,1.505439416478479
3255,rho_b,0.00059998,0.0006106850071478348,1.07050071478348e-05,1.7842273292430628
3256,rho_b,0.00060262,0.000612564453083277,9.944453083276963e-06,1.6502029582116315
3257,rho_b,0.00059998,0.0006126042445089342,1.2624244508934292e-05,2.1041108850116976
3259,rho_b,0.000667,0.0006754266100727938,8.426610072793895e-06,1.2633598291094899
3260,rho_b,0.00067008,0.0006771740706758622,7.0940706758622135e-06,1.058690106446292
3261,rho_b,0.00067008,0.0006760412227940161,5.961222794016166e-06,0.8896285197468781
3262,rho_b,0.00067008,0.000670490432726045,4.10432726045051e-07,0.06125130214788353
3263,rho_b,0.00067008,0.0006693880900200484,6.919099799515636e-07,0.10325781681575116
3264,rho_b,0.00067008,0.0006709414234679675,8.614234679675103e-07,0.12855531678037804
3265,rho_b,0.00067008,0.0006700337702617801,4.622973821984122e-08,0.00689913714046828
3266,rho_b,0.00067008,0.0006702273929573535,1.4739295735354332e-07,0.02199632239935233
3267,rho_b,0.00067008,0.0006711594837912002,1.0794837912002104e-06,0.16109774796878476
3268,rho_b,0.00067008,0.0006725429718500451,2.4629718500451597e-06,0.36756385004320696
3269,rho_b,0.00067008,0.0006742724819079651,4.192481907965115e-06,0.6256688606895335
3270,rho_b,0.00067008,0.0006743239171335711,4.243917133571148e-06,0.6333448434870015
3271,rho_b,0.000667,0.0006641208437581163,2.8791562418836996e-06,0.4316576068316527
3272,rho_b,0.0007235,0.0007351775654212588,1.1677565421258835e-05,1.6140380656694477
3273,rho_b,0.0007371,0.0007373502722098316,2.502722098316401e-07,0.03395363037472579
3274,rho_b,0.0006892,0.0006931092865588306,3.909286558830666e-06,0.5672209160125447
3275,rho_b,0.000747,0.0007447368530874613,2.263146912538736e-06,0.3029647803894362
3276,rho_b,0.0007523,0.0007594825502874006,7.182550287400608e-06,0.9547454842287855
3277,rho_b,0.0007044,0.0007124235034016501,8.023503401650132e-06,1.1390549957779077
3278,rho_b,0.0006899,0.0006933083019196861,3.4083019196860754e-06,0.494028397557007
3279,rho_b,0.0006625,0.0006674391655695507,4.93916556955072e-06,0.7455344244672265
3280,rho_b,0.0006087,0.000613560883867019,4.8608838670190484e-06,0.7985680727835334
3281,rho_b,0.0005982,0.0006019795534801637,3.7795534801636976e-06,0.6318210421005495
3282,rho_b,0.0005981,0.0006014678130315443,3.367813031544321e-06,0.5630852743543668
3283,rho_b,0.0005899,0.0005939366313592719,4.036631359271951e-06,0.6842907869857677
3284,rho_b,0.0006097,0.0006130036872852172,3.303687285217201e-06,0.541854564506914
3285,rho_b,0.000604,0.0006034466101490935,5.533898509065818e-07,0.09162083609112143
3286,rho_b,0.0006082,0.0006111275855838713,2.927585583871223e-06,0.4813524464086975
3287,rho_b,0.0006161,0.0006160592461708055,4.0753829194466705e-08,0.006614807519610231
3288,rho_b,0.0006251,0.0006387143425730657,1.3614342573065735e-05,2.177946336791917
3289,rho_b,0.0006091,0.0006121543432393728,3.054343239372744e-06,0.5014518526281769
3290,rho_b,0.0006625,0.0006674391655695507,4.93916556955072e-06,0.7455344244672265
3291,rho_b,0.000432,0.0004364217230876669,4.421723087666895e-06,1.0235470086646818
3292,rho_b,0.000555,0.0005570871885954372,2.087188595437128e-06,0.3760700165182752
3293,rho_b,0.000525,0.0005294939955426404,4.4939955426404575e-06,0.8559991493486603
3294,rho_b,0.000501,0.0004955897375170133,5.410262482986698e-06,1.0798927090195152
3295,rho_b,0.00058,0.0005785585035328098,1.4414964671901958e-06,0.24853387322497536
3296,rho_b,0.000231,0.00020624610480338373,2.475389519661627e-05,10.71597190019764
3297,rho_b,0.00052,0.0005289483340968483,8.948334096848328e-06,1.720833476853845
3298,rho_b,0.00051,0.0005152275529196108,5.227552919610714e-06,1.0250103743844332
3299,rho_b,0.000309,0.00030663734690139846,2.3626530986015147e-06,0.764612650794624
3300,rho_b,0.000636,0.0006423721526626233,6.37215266262336e-06,1.0019107944346308
3301,rho_b,0.000703,0.000696735948566702,6.264051433297908e-06,0.891045721818983
3302,rho_b,0.0005772,0.000587000733155194,9.800733155193911e-06,1.697978714174311
3303,rho_b,0.0006673,0.0006738725959164346,6.572595916434624e-06,0.9849536799917709
3304,rho_b,0.0006574,0.0006692942730419021,1.1894273041902054e-05,1.8092900857634853
3305,rho_b,0.0007998,0.0008049946080368175,5.1946080368174335e-06,0.6494883758842898
3306,rho_b,0.0007503,0.000759801395227157,9.501395227157075e-06,1.266346156803094
3307,rho_b,0.0007501,0.0007624823300498004,1.2382330049800442e-05,1.650757236807475
3308,rho_b,0.0007295,0.0007332515656508184,3.7515656508183655e-06,0.5142653386807008
3309,rho_b,0.0007021,0.000701506837127009,5.931628729910401e-07,0.08448410086115925
3310,rho_b,0.0006695,0.0006670065388272941,2.4934611727058225e-06,0.37243632098304097
3311,rho_b,0.0006695,0.0006738905856949637,4.3905856949637235e-06,0.6558007002846478
3312,rho_b,0.0006695,0.0006680526557638455,1.447344236154462e-06,0.2161828579525965
3313,rho_b,0.0006695,0.000675507691261135,6.007691261135069e-06,0.8973399928546183
3314,rho_b,0.0006695,0.0006693010526479479,1.9894735205203042e-07,0.029715810568315508
3315,rho_b,0.0006695,0.0006696947404280101,1.9474042801015563e-07,0.02908744252715179
3316,rho_b,0.0006695,0.0006770462902213166,7.5462902213166904e-06,1.1271531307012934
3317,rho_b,0.0006695,0.0006697825255263799,2.82525526379895e-07,0.042199481099014224
3318,rho_b,0.0006695,0.0006772562357715248,7.756235771524847e-06,1.1585116893113863
3319,rho_b,0.0006695,0.0006692353050376098,2.6469496239018946e-07,0.03953621538384277
3320,rho_b,0.0006695,0.0006770220782612551,7.522078261255156e-06,1.123536706500342
3321,rho_b,0.00105,0.0010433539628556408,6.646037144359112e-06,0.6329559179075765
3322,rho_b,0.00099273,0.0009829603435134253,9.769656486574704e-06,0.9841202015385353
3323,rho_b,0.00089818,0.0009038190210774386,5.639021077438505e-06,0.6278275035249316
3324,rho_b,0.00087857,0.0008761316821313994,2.438317868600588e-06,0.2775325660818446
3325,rho_b,0.00086667,0.000860601878482669,6.068121517331052e-06,0.7001651736334937
3326,rho_b,0.00076667,0.0007621543031885518,4.515696811448243e-06,0.5890013702842462
3327,rho_b,0.0008501,0.000853157489553077,3.057489553076999e-06,0.3596623396636132
3328,rho_b,0.0008198,0.0008286411173665674,8.841117366567412e-06,1.0784480795051148
3329,rho_b,0.0008005,0.0008080809956628008,7.5809956628007744e-06,0.947032561315484
3330,rho_b,0.0007503,0.0007614947205789706,1.1194720578970585e-05,1.4920325955018339
3331,rho_b,0.0007295,0.0007332515656508184,3.7515656508183655e-06,0.5142653386807008
3332,rho_b,0.00064965,0.0006483603653178848,1.289634682115153e-06,0.1985122266035605
3333,rho_b,0.00065017,0.0006468258310536833,3.3441689463167487e-06,0.5143530063173045
3334,rho_b,0.00065171,0.0006460880911003033,5.6219088996967495e-06,0.862639654304883
3335,rho_b,0.00065429,0.0006540683079484289,2.216920515711162e-07,0.03388284265880386
3336,rho_b,0.0006579,0.0006574201563546848,4.79843645315235e-07,0.07293565049184961
3337,rho_b,0.00066128,0.0006590018192193534,2.278180780646618e-06,0.3445107635497082
3338,rho_b,0.00066253,0.0006593387289568365,3.1912710431635438e-06,0.4816794769062154
3339,rho_b,0.0006682,0.000662168887078469,6.031112921530942e-06,0.9025909776272123
3340,rho_b,0.00067489,0.0006743656603789097,5.243396210903757e-07,0.07769260476721386
3341,rho_b,0.00068262,0.0006834260872068185,8.060872068184864e-07,0.11808725288412497
3342,rho_b,0.00069137,0.0006921301496462025,7.601496462025879e-07,0.10994831206200802
3343,rho_b,0.00070116,0.0006972810922309963,3.878907769003757e-06,0.5532129276444218
3344,rho_b,0.00063788,0.0006508128909214934,1.2932890921493485e-05,2.0274802315825364
3345,rho_b,0.00064681,0.0006533920065172192,6.58200651721915e-06,1.0176105049462816
3346,rho_b,0.00065645,0.0006626018624612889,6.151862461288831e-06,0.9371410544470135
3348,rho_b,0.0006622,0.0006653703442474435,3.170344247443416e-06,0.4787593238682909
3349,rho_b,0.00067242,0.0006780260219499039,5.606021949903931e-06,0.8337083878478997
3350,rho_b,0.00067606,0.0006782462734767545,2.1862734767544214e-06,0.32338453295869835
3351,rho_b,0.00067841,0.0006833195269450302,4.909526945030243e-06,0.7236813929325083
3352,rho_b,0.00068499,0.0006861550426788343,1.1650426788343366e-06,0.17008170588381138
3353,rho_b,0.00069462,0.0006960687415306366,1.4487415306366214e-06,0.20856605461273228
3355,rho_b,0.00070038,0.0006964352420055046,3.9447579944953785e-06,0.5632311015253244
3356,rho_b,0.00070849,0.0007114924567470738,3.002456747073861e-06,0.42378251532640343
3357,rho_b,0.00071565,0.0007199032086958897,4.2532086958897404e-06,0.5943140767060155
3358,rho_b,0.00099821,0.0010030827933162354,4.872793316235352e-06,0.48815312522954296
3359,rho_b,0.00095668,0.0009632689378218328,6.58893782183275e-06,0.6887295454013311
3360,rho_b,0.00093926,0.000944085991064575,4.825991064574993e-06,0.5138077911799624
3361,rho_b,0.00091228,0.0009167522736748335,4.472273674833494e-06,0.490230375535054
3362,rho_b,0.00086502,0.0008653791220882788,3.5912208827884595e-07,0.04151604446876205
3363,rho_b,0.00081489,0.0008267122988549685,1.1822298854968533e-05,1.4507846262023938
3364,rho_b,0.0007619,0.0007624152702279816,5.152702279815702e-07,0.06762964001906731
3365,rho_b,0.00070605,0.0007119625682637032,5.912568263703299e-06,0.8374149501209758
3366,rho_b,0.0010508,0.001046138917666927,4.661082333072856e-06,0.44357464109603256
3367,rho_b,0.0009394,0.000944104307971654,4.704307971654053e-06,0.5007779398175722
3368,rho_b,0.0009289,0.0009314125761911005,2.5125761911005615e-06,0.27048941634144336
3370,rho_b,0.0009173,0.0009217001244799991,4.400124479999115e-06,0.4796821623462655
3371,rho_b,0.0008938,0.0008940373877952735,2.3738779527347764e-07,0.026559386328919642
3372,rho_b,0.0008682,0.0008738180174130939,5.618017413093956e-06,0.6470879298114578
3373,rho_b,0.0008485,0.0008427575351884762,5.742464811523784e-06,0.6767784095175015
3374,rho_b,0.0008244,0.0008314996153422863,7.099615342286343e-06,0.8611857512948187
3376,rho_b,0.0008284,0.0008356032241946257,7.20322419462576e-06,0.8695345468288768
3377,rho_b,0.0008111,0.0008213344366634658,1.0234436663465719e-05,1.2617971459558313
3378,rho_b,0.0007665,0.0007687396387473189,2.239638747318835e-06,0.29219031238055204
3380,rho_b,0.00059045,0.0006008678786116124,1.041787861161248e-05,1.764396408496658
3382,rho_b,0.00066656,0.0006692892708716429,2.729270871642967e-06,0.40945614311515927
3383,rho_b,0.00067759,0.00068667817521424,9.088175214239905e-06,1.341249900504347
3386,rho_b,0.00074729,0.000744729236752346,2.560763247653965e-06,0.3426732920589372
3387,rho_b,0.00083263,0.0008395563651776494,6.926365177649385e-06,0.8318659151520754
3388,rho_b,0.0007667,0.0007690888003887389,2.3888003887388796e-06,0.31156911251117625
3389,rho_b,0.00157877,0.0015852464907057595,6.476490705759497e-06,0.41022382624810827
3390,rho_b,0.00157877,0.0015803148624479939,1.5448624479939051e-06,0.097852280383804
3391,rho_b,0.00157877,0.001571223626986349,7.546373013650985e-06,0.4779906515116881
3392,rho_b,0.00157877,0.0015536532544727264,2.5116745527273537e-05,1.5909059274856046
3393,rho_b,0.00157877,0.001541962381004897,3.680761899510303e-05,2.3314110967264976
3394,rho_b,0.0004396,0.00043803182634071734,1.5681736592826692e-06,0.3567274012091436
3395,rho_b,0.000486,0.000487157597133604,1.1575971336040135e-06,0.23818871012800955
3397,rho_b,0.000478,0.00048208855383466296,4.088553834662937e-06,0.8553459887258321
3398,rho_b,0.00044,0.0004383959847464565,1.604015253543539e-06,0.36454892043137493
3399,rho_b,0.00046,0.00047046210094094294,1.0462100940942924e-05,2.2743697648259187
3400,rho_b,0.000452,0.0004557835985879027,3.783598587902702e-06,0.8370793317548472
3401,rho_b,0.000446,0.0004489428604280038,2.9428604280037755e-06,0.659834175203012
3403,rho_b,0.000458,0.000454073833285242,3.926166714758009e-06,0.8572416389051511
3404,rho_b,0.0004396,0.00043803182634071734,1.5681736592826692e-06,0.3567274012091436
3405,rho_b,0.00042725,0.00041715259292446165,1.0097407075538353e-05,2.3633486370754513
3406,rho_b,0.0004101,0.000415306374758764,5.20637475876401e-06,1.2695378556617
3407,rho_b,0.0003901,0.0003931762363775559,3.076236377555898e-06,0.7885763572597115
3408,rho_b,0.0003101,0.0003018567737167532,8.243226283246815e-06,2.65824774481275
3409,rho_b,0.0003719,0.00037705937350769733,5.159373507697342e-06,1.3873012890089618
3410,rho_b,0.0003019,0.0002996657931297461,2.2342068702539382e-06,0.740048646191935
3411,rho_b,0.0003519,0.00035200305027712896,1.0305027712897248e-07,0.029283966137008476
3412,rho_b,0.0003839,0.000383763524143966,1.364758560340202e-07,0.0355498451884662
3413,rho_b,0.0004219,0.00040624781612188436,1.5652183878115647e-05,3.7099274332819085
3414,rho_b,0.00042,0.00040487556627412044,1.512443372587958e-05,3.601055640445005
3415,rho_b,0.00046,0.0004587923784880975,1.2076215119025211e-06,0.26252641506027324
3416,rho_b,0.0002801,0.00028620732632227174,6.107326322271763e-06,2.1804092468645737
3417,rho_b,0.0003281,0.0003261178145660418,1.9821854339582097e-06,0.604140636365987
3418,rho_b,0.0003401,0.0003482239097273084,8.123909727308367e-06,2.3886826531671685
3419,rho_b,0.000316,0.00031127478373439677,4.72521626560321e-06,1.4953215983069603
3420,rho_b,0.000282,0.00028214604401046253,1.4604401046250555e-07,0.05178865600873014
3421,rho_b,0.0002961,0.0002952554897889063,8.445102110937047e-07,0.28521114766686706
3422,rho_b,0.00046,0.0004587923784880975,1.2076215119025211e-06,0.26252641506027324
3428,rho_b,0.0009749,0.000981140142185161,6.240142185160911e-06,0.6400802316914667
3429,rho_b,0.0012197,0.0012269604071962366,7.260407196236617e-06,0.595261719298516
3430,rho_b,0.0010766,0.001074924893667103,1.6751063328969418e-06,0.15559226558991446
3431,rho_b,0.0009913,0.0009869042045417046,4.395795458295507e-06,0.44343745121165457
3432,rho_b,0.0007609,0.000759426642169992,1.4733578300080196e-06,0.193633569203796
3433,rho_b,0.0006261,0.0006404780532091363,1.437805320913632e-05,2.296446763483765
3434,rho_b,0.0006931,0.000692375411289984,7.245887100159731e-07,0.10454316966823567
3435,rho_b,0.0005638,0.0005677698524148291,3.969852414829086e-06,0.7041242298311181
3436,rho_b,0.0005149,0.0005202595785160424,5.3595785160423905e-06,1.0408969713795728
3437,rho_b,0.0005677,0.0005646233955378496,3.076604462150332e-06,0.5419419511592236
3438,rho_b,0.000445,0.0004396576228045288,5.342377195471178e-06,1.2005341985316484
3439,rho_b,7.67e-05,6.144874139290841e-05,1.5251258607091586e-05,19.884300401888634
3440,rho_b,0.0001525,0.00015503812666567516,2.538126665675163e-06,1.6643453436273508
3441,rho_b,0.0002307,0.00022496740448538428,5.7325955146157205e-06,2.48487017328436
3442,rho_b,0.0002895,0.0002867886700504235,2.711329949576472e-06,0.9365561106082594
3443,rho_b,0.0003696,0.0003709072464517705,1.3072464517705374e-06,0.35369222084242835
3444,rho_b,0.0003808,0.0003768203777355809,3.9796222644190664e-06,1.045068869214385
3445,rho_b,0.0003963,0.0003902490048121493,6.050995187850705e-06,1.5268723624986074
3446,rho_b,0.0003582,0.0003468977867064323,1.1302213293567685e-05,3.1552800843145965
3447,rho_b,0.0003593,0.00036509082951004647,5.790829510046464e-06,1.6116976047674612
3448,rho_b,0.0004,0.00039428836856473365,5.711631435266365e-06,1.4279078552468216
3449,rho_b,0.0005694,0.0005740571704651632,4.657170465163286e-06,0.8179084048093084
3450,rho_b,0.000382,0.0004026733094824876,2.0673309482487567e-05,5.411861106902867
3451,rho_b,0.00065,0.0006505474883683534,5.474883683534004e-07,0.08422897961709394
3452,rho_b,0.000784,0.0007850135856701894,1.0135856701894413e-06,0.12928388633885235
3453,rho_b,0.00067,0.0006664392997595384,3.5607002404616436e-06,0.5314477962906218
3454,rho_b,0.000697,0.0006945013828756646,2.498617124335441e-06,0.3584816529053981
3455,rho_b,0.000613,0.0006154598009838494,2.4598009838493543e-06,0.40127259051168485
3456,rho_b,0.000569,0.0005788549886521009,9.854988652100946e-06,1.7319839428437798
3457,rho_b,0.000222,0.0002176615736733306,4.338426326669413e-06,1.95424608429142
3458,rho_b,0.000267,0.0003410896898842339,7.408968988423389e-05,27.748947418256336
3461,rho_b,0.00026,0.0002652583156756409,5.25831567564091e-06,2.0224290982371613
3462,rho_b,0.000256,0.00026525178520055766,9.251785200557674e-06,3.6139785798507376
3464,rho_b,0.000267,0.00026510666945450104,1.8933305454989485e-06,0.7091125612014318
3465,rho_b,0.000283,0.00028512460030870725,2.124600308707253e-06,0.7507421559010005
3466,rho_b,0.000302,0.0003021751167679885,1.7511676798849822e-07,0.0579856845723978
3467,rho_b,0.000293,0.00028249149456872577,1.0508505431274255e-05,3.5865206127675933
3468,rho_b,0.000222,0.0002176615736733306,4.338426326669413e-06,1.95424608429142
3469,rho_b,9.6e-05,0.0001110979749081876,1.5097974908187593e-05,15.727057032205233
3471,rho_b,0.00086,0.00087200674478432,1.2006744784319998e-05,1.3961331128324033
3472,rho_b,0.0007774,0.0007831005496992034,5.700549699203341e-06,0.7332839840327374
3473,rho_b,0.0004458,0.00044684015497440836,1.040154974408364e-06,0.23332323285669174
3474,rho_b,0.000463,0.0004730584932421504,1.0058493242150429e-05,2.172460738752877
3475,rho_b,0.000455,0.0004620105088603516,7.01050886035159e-06,1.5407711747129405
3476,rho_b,0.00047,0.00047777195343133837,7.771953431338387e-06,1.6536071095324076
3477,rho_b,0.000468,0.0004863125732564247,1.8312573256424735e-05,3.9129429951485695
3478,rho_b,0.000508,0.0005162822595545928,8.282259554592852e-06,1.630366050844329
3479,rho_b,0.000523,0.000534283266683201,1.1283266683200974e-05,2.15741236359978
3480,rho_b,0.000561,0.0005602250400679504,7.749599320495829e-07,0.13813902507454415
3482,rho_b,0.00049768,0.0004933904753797456,4.2895246202544505e-06,0.8619041576184313
3483,rho_b,0.00052835,0.0005301163923723652,1.7663923723652266e-06,0.33432239406113423
3484,rho_b,0.00079551,0.000791470354924092,4.039645075908007e-06,0.5078056933074317
3485,rho_b,0.00056887,0.0005725303037227951,3.660303722795126e-06,0.6434341266652812
3486,rho_b,0.00066379,0.0006661369873548318,2.3469873548317586e-06,0.35357377352717284
3487,rho_b,0.00067332,0.0006762584913110294,2.9384913110293677e-06,0.43641824194516504
3488,rho_b,0.00057343,0.0005797636642524158,6.3336642524158436e-06,1.1045226516524453
3489,rho_b,0.00063339,0.0006394544679943683,6.064467994368371e-06,0.9574619089019013
3490,rho_b,0.00067778,0.0006798129951773311,2.0329951773310692e-06,0.29994912424851394
3491,rho_b,0.000682,0.0006861059382955463,4.1059382955463105e-06,0.6020437374671368
3492,rho_b,0.0003321,0.00033415098799923653,2.050987999236537e-06,0.6175814492805548
3493,rho_b,0.0003648,0.00037323078586944797,8.430785869447993e-06,2.3110706815617563
3494,rho_b,0.0003118,0.00032470345883674754,1.290345883674755e-05,4.138376778500251
3495,rho_b,0.0006658,0.0006617407937052757,4.059206294724301e-06,0.609673518868664
3496,rho_b,0.0006486,0.0006497000565702794,1.1000565702793579e-06,0.1696047746813614
3497,rho_b,0.0005507,0.0005602436742972454,9.543674297245413e-06,1.7330078590730589
3498,rho_b,0.0006151,0.0006109572606701876,4.142739329812488e-06,0.6735066368196101
3499,rho_b,0.0006057,0.0006119226945878729,6.22269458787285e-06,1.027355882053705
3500,rho_b,0.0007726,0.0007728981257239449,2.981257239448483e-07,0.03858733155047566
3501,rho_b,0.0007335,0.0007392168955309674,5.716895530967427e-06,0.7793995259950145
3502,rho_b,0.0007368,0.000738249902046216,1.449902046215981e-06,0.19678366507168082
3503,rho_b,0.0007045,0.0007078479022043095,3.3479022043094234e-06,0.4752167777937907
3504,rho_b,0.0011109,0.0011098805474849607,1.0194525150392184e-06,0.09176816222176046
3505,rho_b,0.0003729,0.00037508612480557544,2.1861248055754295e-06,0.5862496110788237
3506,rho_b,0.0004267,0.00042642045986382,2.795401361800338e-07,0.0655121011307506
3507,rho_b,0.0004301,0.0004332826270069863,3.1826270069863273e-06,0.7399737269441037
3508,rho_b,0.0004437,0.0004476233395703996,3.9233395703996e-06,0.8842324907724307
3509,rho_b,0.000423,0.00042077008785671973,2.2299121432802545e-06,0.5271659900729538
3510,rho_b,0.0004262,0.0004354616566537166,9.261656653716582e-06,2.1730775767212123
3511,rho_b,0.0004249,0.0004319998347401146,7.099834740114644e-06,1.6709425096270227
3512,rho_b,0.0004325,0.0004320510236512178,4.489763487822108e-07,0.10380956017204976
3513,rho_b,0.0004337,0.00043358056973422023,1.1943026577979554e-07,0.027537529514507778
3514,rho_b,0.0004378,0.0004319564310574785,5.843568942521518e-06,1.3347576357181228
3515,rho_b,0.000412,0.00041544492248031626,3.444922480316272e-06,0.8361462310569927
3516,rho_b,0.0003991,0.00040434831144320164,5.248311443201647e-06,1.3150366900654673
3517,rho_b,0.0004041,0.00040845860106813157,4.358601068131561e-06,1.078594668979365
3518,rho_b,0.0004412,0.00043502619253463454,6.173807465365455e-06,1.399321725152366
3519,rho_b,0.0004783,0.0004774203970511712,8.796029488288481e-07,0.1839019333033303
3520,rho_b,0.0015002,0.0015052093040969104,5.00930409691046e-06,0.33390908502675437
3521,rho_b,0.0009501,0.0009581520943885434,8.05209438854346e-06,0.8474996716207203
3522,rho_b,0.0008518,0.0008642522667718789,1.2452266771878929e-05,1.461876820528312
3523,rho_b,0.0007724,0.0007679135310656577,4.4864689343423634e-06,0.5808478674953242
3524,rho_b,0.0005271,0.0005384125300901312,1.131253009013127e-05,2.146182900525411
3525,rho_b,0.0006193,0.000610287405695519,9.012594304481036e-06,1.4552873066249252
3526,rho_b,0.0005923,0.0005986240099977544,6.324009997754404e-06,1.0677038641022059
3527,rho_b,0.0005316,0.0005333810595939917,1.7810595939917037e-06,0.33503754526736795
3528,rho_b,0.0005499,0.0005551512316995355,5.251231699535488e-06,0.9549430241836803
3529,rho_b,0.0005936,0.0005980647664841892,4.4647664841891916e-06,0.7521506867701625
3530,rho_b,0.0006435,0.0006381692552815614,5.330744718438614e-06,0.8283985563565857
3531,rho_b,0.0005843,0.0005798455372402528,4.454462759747278e-06,0.7623588485578794
3532,rho_b,0.0005922,0.0005912988529925927,9.011470074073158e-07,0.15216936945045967
3533,rho_b,0.0005543,0.0005559849453396033,1.6849453396033161e-06,0.303977148938038
3534,rho_b,0.0005735,0.0005742320139727183,7.320139727183062e-07,0.1276397509053023
3535,rho_b,0.0005499,0.0005551512316995355,5.251231699535488e-06,0.9549430241836803
3537,rho_b,0.0005852,0.0005794907090111365,5.709290988863548e-06,0.9756136327934742
3538,rho_b,0.000407,0.00040208569650270447,4.91430349729556e-06,1.207445573764399
3539,rho_b,0.0004536,0.000445829090436623,7.770909563377024e-06,1.7131634802128284
3540,rho_b,0.000459,0.00046175905002294787,2.7590500229478796e-06,0.6011002215548753
3541,rho_b,0.000448,0.00045198781145854965,3.987811458549661e-06,0.8901364842964947
3542,rho_b,0.000452,0.0004457085332245368,6.291466775463182e-06,1.3919174251203559
3543,rho_b,0.000418,0.0004179927715131202,7.2284868798087876e-09,0.0017293030771568796
3544,rho_b,0.001296,0.0012973286194992394,1.3286194992393266e-06,0.10251693659059855
3545,rho_b,0.0009303,0.0009351328461686059,4.832846168605857e-06,0.5194932993024749
3546,rho_b,0.00047,0.0004755475227974789,5.547522797478925e-06,1.1803239969522736
3547,rho_b,0.0004245,0.0004322861987146092,7.78619871460919e-06,1.8342046398744742
3548,rho_b,0.0007818,0.0007837097391153864,1.9097391153863243e-06,0.24427463711225095
3549,rho_b,0.0009127,0.000912778071208246,7.807120824604094e-08,0.008553874017804558
3550,rho_b,0.0010141,0.0010061473949026605,7.952605097339511e-06,0.7842032432203411
3551,rho_b,0.0008448,0.0008292712925733703,1.552870742662976e-05,1.8381519185899904
3552,rho_b,0.000903,0.000900866402889524,2.1335971104760555e-06,0.23627874951420463
3553,rho_b,0.0008766,0.0008693491058565583,7.250894143441674e-06,0.8271610923077873
3554,rho_b,0.0008667,0.0008642662479503214,2.4337520496785356e-06,0.2808067436102998
3555,rho_b,0.0007817,0.0007764508454787751,5.249154521224839e-06,0.6715049909824472
3556,rho_b,0.0007818,0.0007769233682179219,4.876631782078163e-06,0.6237697334152552
3557,rho_b,0.0011628,0.0011694572863649513,6.657286364951257e-06,0.5725220467170653
3558,rho_b,0.0013413,0.0013386384065757393,2.661593424260625e-06,0.19843386433134175
3559,rho_b,0.0011906,0.0011927616568661317,2.161656866131673e-06,0.18156029433193938
3560,rho_b,0.0011122,0.0011143073191025314,2.107319102531398e-06,0.18947303548252722
3561,rho_b,0.0009916,0.0009939644501939329,2.364450193932839e-06,0.23844798220536095
3562,rho_b,0.0008511,0.0008477624514285284,3.337548571471626e-06,0.39214529051229857
3563,rho_b,0.0008062,0.0008051317722941914,1.068227705808538e-06,0.13250157584762123
3564,rho_b,0.0008359,0.0008374180349446074,1.5180349446073695e-06,0.18160485019635375
3565,rho_b,0.00092,0.0009206726559747984,6.726559747984159e-07,0.07311477978992044
3566,rho_b,0.0009,0.0009150540485851474,1.505404858514743e-05,1.6726720631578567
3567,rho_b,0.00092,0.0009251646341328027,5.164634132802685e-06,0.5613732746944513
3569,rho_b,0.00093,0.0009252380672524768,4.7619327475232525e-06,0.5120357787529994
3570,rho_b,0.0009,0.0009109258369498266,1.0925836949826672e-05,1.213981881965206
3572,rho_b,0.00091,0.0009186030096637775,8.603009663777522e-06,0.9453856762993038
3573,rho_b,0.00091,0.0009209948988022356,1.099489880223561e-05,1.2082306362805828
3574,rho_b,0.00092,0.0009267167639851704,6.716763985170409e-06,0.7300830410727803
3575,rho_b,0.00091,0.0009227692730402238,1.2769273040223825e-05,1.4032168160650174
3577,rho_b,0.00089,0.0008870502087756699,2.949791224330007e-06,0.3314372158444534
3578,rho_b,0.0008359,0.0008426213801409231,6.721380140923086e-06,0.8040890217588462
3579,rho_b,0.0011054,0.001114310121243705,8.910121243704957e-06,0.8060540289166289
3580,rho_b,0.0011781,0.0011793348540121333,1.2348540121332775e-06,0.10481741881717199
3581,rho_b,0.0011517,0.0011469981021304458,4.701897869554281e-06,0.4082571733499791
3582,rho_b,0.0012306,0.001235004619619969,4.404619619969002e-06,0.3579245584584557
3583,rho_b,0.001263,0.0012610842380957948,1.915761904205211e-06,0.15168344439337897
3584,rho_b,0.0012066,0.0011995015113843892,7.0984886156107325e-06,0.5883050397586344
3585,rho_b,0.001174,0.0011749222758997337,9.222758997338206e-07,0.07855842410121264
3586,rho_b,0.00117,0.0011737719364915342,3.7719364915341294e-06,0.32238773404361126
3587,rho_b,0.001034,0.0010308616348880019,3.1383651119981128e-06,0.3035169351027992
3588,rho_b,0.0007515,0.000755531518381936,4.031518381936053e-06,0.5364628578272022
3589,rho_b,0.000458,0.00045378655510465833,4.2134448953416856e-06,0.9199661323454201
3590,rho_b,0.000652,0.0006676841994781503,1.5684199478150328e-05,2.4055520635114735
3591,rho_b,0.000446,0.00044684015497440836,8.401549744083592e-07,0.18837555437771383
3592,rho_b,0.000477,0.0004749808024451673,2.019197554832704e-06,0.4233118554716112
3593,rho_b,0.000471,0.00047535373258397474,4.353732583974729e-06,0.9243593576923854
3594,rho_b,0.000512,0.0005198874732348692,7.887473234869193e-06,1.5405221131765572
3595,rho_b,0.000518,0.0005198407302801273,1.8407302801273003e-06,0.35535333524590096
3596,rho_b,0.000544,0.000536390399516618,7.6096004833819866e-06,1.3988236156973806
3597,rho_b,0.000586,0.0005918300762805304,5.830076280530358e-06,0.9948935615326658
3598,rho_b,0.000632,0.0006369532447791233,4.9532447791233265e-06,0.7837412612794168
3599,rho_b,0.000628,0.000634203643948389,6.203643948389059e-06,0.9878413914825869
3600,rho_b,0.000414,0.00041646128563345745,2.4612856334574676e-06,0.5945134365971819
3601,rho_b,0.000459,0.00046608292264087574,7.082922640875753e-06,1.5431203977003374
3602,rho_b,0.000509,0.000512038092215399,3.038092215398966e-06,0.5968746973340312
3603,rho_b,0.000511,0.0005135823235118814,2.5823235118814514e-06,0.5053470659154562
3604,rho_b,0.000549,0.0005559854520800909,6.985452080090853e-06,1.2723956406861379
3605,rho_b,0.000555,0.0005554585811976436,4.585811976435617e-07,0.08262724266978184
3606,rho_b,0.000578,0.0005773291802522694,6.708197477305576e-07,0.1160587796833858
3607,rho_b,0.000615,0.0006113175002421484,3.6824997578516075e-06,0.598780447457529
3608,rho_b,0.000628,0.000634203643948389,6.203643948389059e-06,0.9878413914825869
3609,rho_b,0.00092,0.0009190382644524897,9.617355475103305e-07,0.10453647244184411
3610,rho_b,0.000853,0.0008527002490057886,2.9975099421141686e-07,0.035140796466589554
3611,rho_b,0.000785,0.0007935677868532585,8.567786853258454e-06,1.0914378143113472
3612,rho_b,0.00077,0.0007600093660582982,9.990633941701736e-06,1.2974849258086867
3613,rho_b,0.000628,0.000634203643948389,6.203643948389059e-06,0.9878413914825869
3614,rho_b,0.000822,0.0008230503010068906,1.050301006890581e-06,0.127773844965066
3615,rho_b,0.0007821,0.0007807858517165051,1.314148283494839e-06,0.16802816542827737
3616,rho_b,0.0010704,0.0010744564839419012,4.056483941901204e-06,0.3789689777757394
3617,rho_b,0.0009522,0.0009555241815442862,3.324181544286193e-06,0.3491053918079331
3618,rho_b,0.0004328,0.00043872944721288083,5.929447212880826e-06,1.3700201476849871
3619,rho_b,0.0003965,0.00040048329258887097,3.983292588870984e-06,1.0046135129444764
3621,rho_b,0.0004058,0.00040568945794892123,1.1054205107877005e-07,0.02724052508781784
3622,rho_b,0.0003672,0.0003687015077755791,1.501507775579123e-06,0.4089073451770288
3623,rho_b,0.0003498,0.000355329823501746,5.5298235017460094e-06,1.5808529119318127
3624,rho_b,0.0003635,0.0003719583938355637,8.458393835563695e-06,2.3269308974675065
3625,rho_b,0.0003895,0.0003965978612099089,7.097861209908905e-06,1.8223006910618482
3627,rho_b,0.0004316,0.0004350533653722268,3.453365372226827e-06,0.8001309926379789
3628,rho_b,0.000414,0.00041646128563345745,2.4612856334574676e-06,0.5945134365971819
3629,rho_b,0.000417,0.00041939698439965364,2.3969843996536383e-06,0.5748164014161808
3630,rho_b,0.000443,0.0004414380048127185,1.5619951872814539e-06,0.3525948496062089
3631,rho_b,0.000436,0.00043592957915044293,7.042084955709857e-08,0.016151570962289648
3632,rho_b,0.000438,0.00043742401431297475,5.759856870252741e-07,0.13150358121238317
3633,rho_b,0.00044,0.00043705605890183524,2.943941098164772e-06,0.6690775207895447
3634,rho_b,0.000437,0.0004367964801116559,2.0351988834412405e-07,0.046572056722746794
3635,rho_b,0.000438,0.0004358148360028104,2.1851639971896147e-06,0.49889588863028667
3636,rho_b,0.000446,0.00044684015497440836,8.401549744083592e-07,0.18837555437771383
3637,rho_b,0.00092,0.0009190382644524897,9.617355475103305e-07,0.10453647244184411
3638,rho_b,0.000849,0.0008396337644253776,9.366235574622436e-06,1.1032079580200655
3639,rho_b,0.000739,0.0007381259086127049,8.740913872950758e-07,0.11828029582033463
3640,rho_b,0.000598,0.0005886587263045201,9.341273695479858e-06,1.562085899641973
3641,rho_b,0.000446,0.00044684015497440836,8.401549744083592e-07,0.18837555437771383
3642,rho_b,0.000556,0.000560593850630047,4.5938506300470874e-06,0.8262321262202817
3643,rho_b,0.000537,0.000534469916465295,2.530083534705023e-06,0.4711514953432976
3644,rho_b,0.000538,0.0005316351897582479,6.364810241752078e-06,1.1830502286099585
3645,rho_b,0.000524,0.0005300860833317202,6.0860833317201955e-06,1.1614662824628879
3646,rho_b,0.0002712,0.0002847283613121426,1.3528361312142596e-05,4.9883337987681635
3647,rho_b,0.00044146,0.0004423276591816269,8.676591816268622e-07,0.19654310235614353
3649,rho_b,0.00050348,0.0004975589491987705,5.921050801229529e-06,1.1760250237287038
3651,rho_b,0.00046178,0.00047433554551028207,1.2555545510282051e-05,2.718945273310364
3653,rho_b,0.00055248,0.0005567771707685111,4.297170768511097e-06,0.7777966190148295
3656,rho_b,0.00049534,0.00048434798889740796,1.0992011102592078e-05,2.2190840797030797
3660,rho_b,0.00089056,0.0008722841221094022,1.827587789059778e-05,2.0521781654325366
3662,rho_b,0.00039698,0.0004061229371723061,9.142937172306083e-06,2.303122864949079
3663,rho_b,0.000615,0.0006086747776189775,6.32522238102251e-06,1.028491442396357
3664,rho_b,0.00058,0.000580051382026646,5.1382026646038664e-08,0.00885897009611189
3665,rho_b,0.0005,0.0004970221598632723,2.9778401367276924e-06,0.5955680261544024
3666,rho_b,0.00049,0.0004905424949433237,5.424949433237075e-07,0.11071325351358673
3667,rho_b,0.000485,0.0004899377402955716,4.937740295571532e-06,1.018090780492912
3668,rho_b,0.000466,0.0004741398467249092,8.139846724909206e-06,1.7467482204810567
3669,rho_b,0.00045,0.0004524869783228511,2.486978322851119e-06,0.5526618482943335
3670,rho_b,0.000433,0.00043396664531017675,9.666453101767449e-07,0.2232437200795168
3671,rho_b,0.0005444,0.0005459831677569844,1.5831677569843987e-06,0.29080965357757205
3672,rho_b,0.0004858,0.0004892547072299404,3.4547072299403667e-06,0.7111377568606401
3673,rho_b,0.0004243,0.00043077420083658747,6.474200836587452e-06,1.5258545419111258
3674,rho_b,0.00138,0.001368360479957613,1.1639520042386895e-05,0.8434434807211928
3675,rho_b,0.0015,0.0015040982043081827,4.0982043081826906e-06,0.27321362036337027
3676,rho_b,0.00145,0.0014454964529205137,4.503547079486199e-06,0.3105894535434693
3677,rho_b,0.00132,0.0013245780031097903,4.578003109790294e-06,0.34681841714561434
3678,rho_b,0.00126,0.0012654464776660922,5.446477666092107e-06,0.43226013188646867
3679,rho_b,0.00128,0.0012720499038904667,7.950096109533367e-06,0.6211012580720588
3680,rho_b,0.00115,0.0011431113950742993,6.88860492570071e-06,0.5990091234530973
3682,rho_b,0.0008514,0.0008593644557426292,7.964455742629243e-06,0.9354540443122743
3684,rho_b,0.0007384,0.0007432920916154211,4.8920916154211345e-06,0.6625259491868737
3686,rho_b,0.0004243,0.000431808706479432,7.508706479432013e-06,1.7696692108732786
3687,rho_b,0.00075,0.0007398994696010866,1.0100530398913458e-05,1.3467373847261446
3688,rho_b,0.001,0.0009927253704015227,7.274629598477342e-06,0.7274629591202713
3689,rho_b,0.000563,0.000555359109306699,7.640890693301071e-06,1.3571741882290105
3690,rho_b,0.0004464,0.000446837871597076,4.3787159707597617e-07,0.09808951525427442
3691,rho_b,0.0019455,0.0019475987083114458,2.0987083114458113e-06,0.10787500952799081
3692,rho_b,0.0017139,0.0017238373444680047,9.937344468004695e-06,0.5798088839609432
3693,rho_b,0.0014925,0.0014831214249936278,9.378575006372151e-06,0.6283802345117822
3694,rho_b,0.001582,0.0015762533244422078,5.746675557792265e-06,0.36325382769656933
3695,rho_b,0.0012441,0.0012418130896286069,2.2869103713930687e-06,0.18382046214571693
3696,rho_b,0.0009872,0.000990390757798792,3.1907577987921702e-06,0.32321290473663306
3697,rho_b,0.0011826,0.0011657730781605771,1.682692183942289e-05,1.422875175477265
3698,rho_b,0.0009706,0.0009710001692760371,4.0016927603709913e-07,0.041229061984835
3699,rho_b,0.0010748,0.0010774748641377667,2.674864137766587e-06,0.24887087228115726
3700,rho_b,0.001099,0.0010982407670523918,7.592329476081676e-07,0.06908398061122183
3701,rho_b,0.000999,0.0009970162740746936,1.9837259253065176e-06,0.19857116349557616
3702,rho_b,0.0009287,0.0009267695435717324,1.9304564282676077e-06,0.20786652591675917
3703,rho_b,0.0008427,0.0008383516195592833,4.348380440716737e-06,0.5160057476630686
3704,rho_b,0.0008205,0.0008225577555206229,2.0577555206228136e-06,0.250792872408883
3705,rho_b,0.0009446,0.000941247985455064,3.3520145449359795e-06,0.3548607390839903
3706,rho_b,0.00081,0.000813463695707521,3.4636957075210965e-06,0.4276167534870283
3707,rho_b,0.0008176,0.0008094574694841192,8.142530515880837e-06,0.995906373033485
3708,rho_b,0.000483,0.0004833203621028217,3.203621028217366e-07,0.06632755738270416
3709,rho_b,0.0003472,0.0003529292464921099,5.729246492109925e-06,1.6501285932052534
3710,rho_b,0.00052167,0.0005124287180628634,9.241281937136616e-06,1.771480422378479
3711,rho_b,0.00048163,0.0004825504407129121,9.204407129121393e-07,0.19110950542969588
3712,rho_b,0.00042109,0.00042101392095246975,7.607904753024423e-08,0.018067170284160754
3714,rho_b,0.0005083,0.0005125862633074999,4.286263307499874e-06,0.8432546329072058
3715,rho_b,0.00052072,0.0005271918141310922,6.471814131092158e-06,1.2428587568488958
3717,rho_b,0.00053488,0.0005360295254348777,1.1495254348777755e-06,0.21491277159898442
3718,rho_b,0.00054332,0.0005472527345549332,3.932734554933158e-06,0.7238339372183645
3720,rho_b,0.00062145,0.00060858826464146,1.2861735358539982e-05,2.069633170463215
3723,rho_b,0.0005681,0.0005669881823329582,1.111817667041751e-06,0.19570809102000883
3725,rho_b,0.00058972,0.000583447945312476,6.272054687523915e-06,1.063564857371001
3727,rho_b,0.00054389,0.0005410851054249635,2.804894575036466e-06,0.5157098990382921
3728,rho_b,0.00080647,0.0007928746897683397,1.3595310231660275e-05,1.6857800308508035
3730,rho_b,0.00037939,0.0003856652591174058,6.275259117405785e-06,1.6540391420083276
3731,rho_b,0.00040345,0.0004129469920861119,9.496992086111889e-06,2.353945237965655
3732,rho_b,0.0007704,0.0007744060976545356,4.006097654535583e-06,0.520002290931407
3733,rho_b,0.0007379,0.0007436709598491809,5.770959849180925e-06,0.7820788509771157
3735,rho_b,0.0007657,0.0007623514424616241,3.34855753837595e-06,0.4373197771976952
3737,rho_b,0.0008018,0.0008008488427392052,9.511572607947844e-07,0.11862774502475767
3739,rho_b,0.0007671,0.000761963531270054,5.136468729946011e-06,0.6695957141507044
3742,rho_b,0.0007704,0.0007744060976545356,4.006097654535583e-06,0.520002290931407
3743,rho_b,0.0008065,0.0007973488612033751,9.151138796624904e-06,1.1346731289867542
3744,rho_b,0.0007704,0.0007717384876141546,1.3384876141545998e-06,0.17373930586931552
3745,rho_b,0.000612,0.0006170517891853052,5.051789185305162e-06,0.8254557478840857
3746,rho_b,0.0005561,0.0005704043464050748,1.4304346405074795e-05,2.5722615319820497
3748,rho_b,0.0006101,0.0006057603317038995,4.339668296100547e-06,0.7113044236989843
3750,rho_b,0.000629,0.0006394502953777678,1.0450295377767774e-05,1.6614142068606728
3753,rho_b,0.0006291,0.0006347243729441282,5.6243729441282425e-06,0.8940348013333166
3755,rho_b,0.000612,0.0006170517891853052,5.051789185305162e-06,0.8254557478840857
3756,rho_b,0.0006818,0.000679975709462813,1.8242905371869617e-06,0.26756974692157
3757,rho_b,0.000625,0.0006336157688673778,8.615768867377763e-06,1.3785230165748052
3758,rho_b,0.0007018,0.0006959060758388859,5.893924161114151e-06,0.8398296028378248
3759,rho_b,0.0008333,0.0008350887696659256,1.7887696659255742e-06,0.21466094609131942
3760,rho_b,0.000683,0.0006848451340333288,1.8451340333288085e-06,0.2701513954066317
3761,rho_b,0.0007151,0.000716264929323304,1.1649293233039707e-06,0.1629043940253009
3762,rho_b,0.000689,0.0006966631206358344,7.663120635834314e-06,1.1122090892180294
3763,rho_b,0.0006305,0.0006419176375336504,1.141763753365044e-05,1.8108862038923994
3764,rho_b,0.000656,0.0006669002500599706,1.0900250059970554e-05,1.6616234822186462
3765,rho_b,0.000649,0.0006563213145720413,7.321314572041396e-06,1.1280916118275008
3766,rho_b,0.0005931,0.0006083568267833109,1.5256826783310818e-05,2.5723869090519216
3767,rho_b,0.0005772,0.000587000733155194,9.800733155193911e-06,1.697978714174311
3768,rho_b,0.0004902,0.0004882515397587777,1.948460241222292e-06,0.39748270853681456
3769,rho_b,0.00092,0.0009190382644524897,9.617355475103305e-07,0.10453647244184411
3770,rho_b,0.000794,0.0008002816465087487,6.2816465087486796e-06,0.7911393577880713
3771,rho_b,0.000698,0.0006997720659421452,1.7720659421451186e-06,0.2538776417774129
3772,rho_b,0.000588,0.0005895225395853507,1.522539585350688e-06,0.25893530319070324
3773,rho_b,0.000414,0.00041646128563345745,2.4612856334574676e-06,0.5945134365971819
3775,rho_b,0.0009199,0.0009216105382165121,1.7105382165120845e-06,0.1859482785794762
3776,rho_b,0.0008502,0.0008503003814891458,1.0038148914588534e-07,0.011806808871773378
3777,rho_b,0.000802,0.0008066939912243454,4.693991224345392e-06,0.5852856880913385
3779,rho_b,0.0007421,0.0007423143045839167,2.143045839166904e-07,0.02887812742594113
3780,rho_b,0.0007201,0.0007135744675250595,6.525532474940506e-06,0.9061980927480245
3782,rho_b,0.0007102,0.0007089566835458346,1.2433164541654452e-06,0.17506567902207665
3784,rho_b,0.000554,0.0005551160499194239,1.116049919423854e-06,0.20145305368399338
3786,rho_b,0.00046803,0.00047621234744866977,8.182347448669794e-06,1.7482527682386315
3787,rho_b,0.00063915,0.0006423745556204814,3.224555620481395e-06,0.5045068630894667
3788,rho_b,0.00077887,0.000782688670749493,3.8186707494929995e-06,0.49028345482431795
3789,rho_b,0.00060429,0.0006055550677289553,1.2650677289553335e-06,0.2093477844845779
3790,rho_b,0.00054338,0.0005472235407334076,3.843540733407605e-06,0.7073393806055084
3791,rho_b,0.00055747,0.0005580348387590169,5.648387590168752e-07,0.10132182144396236
3792,rho_b,0.00055962,0.0005578182713986216,1.8017286013784e-06,0.3219557196238238
3793,rho_b,0.00055523,0.0005571087838769386,1.8787838769385905e-06,0.33837938756097413
3794,rho_b,0.00052766,0.0005304089779684212,2.7489779684212057e-06,0.5209752422414914
3795,rho_b,0.00051181,0.0005117049147937128,1.050852062872568e-07,0.020532073637079394
3796,rho_b,0.00051021,0.0005105824568629812,3.7245686298125955e-07,0.07300069819314646
3797,rho_b,0.00046803,0.0004766766133955827,8.646613395582711e-06,1.8474485347324372
3798,rho_b,0.00096,0.0009640908039519063,4.0908039519062375e-06,0.4261254112130191
3799,rho_b,0.0008357,0.0008423975238238203,6.697523823820319e-06,0.801426805768344
3800,rho_b,0.0007372,0.0007346876772547266,2.5123227452734107e-06,0.34079255858186175
3801,rho_b,0.0009187,0.000921311308041106,2.611308041105989e-06,0.28423947297960095
3802,rho_b,0.0006474,0.0006453305061526928,2.0694938473071745e-06,0.3196623175950805
3803,rho_b,0.0004702,0.0004799476895942515,9.747689594251493e-06,2.073094337201308
3804,rho_b,0.0003321,0.00033415098799923653,2.050987999236537e-06,0.6175814492805548
3805,rho_b,0.000808,0.0008173019119076022,9.301911907602135e-06,1.1512267198131025
3806,rho_b,0.001041,0.0010413331640020318,3.3316400203172065e-07,0.032004226869517614
3807,rho_b,0.001115,0.0011192636079710725,4.2636079710723675e-06,0.3823863647756505
3808,rho_b,0.001041,0.0010346823588632003,6.317641136799725e-06,0.606881953000087
3809,rho_b,0.000844,0.0008424271623241846,1.5728376758154632e-06,0.18635517463885207
3810,rho_b,0.00092,0.000924370848667591,4.370848667591023e-06,0.4750922459608805
3811,rho_b,0.0005,0.0004896222979311237,1.0377702068876341e-05,2.075540409624187
3812,rho_b,0.00169,0.0016887354308834943,1.2645691165058277e-06,0.07482657489689715
3813,rho_b,0.001283,0.001279060076873556,3.939923126444105e-06,0.30708675942114083
3815,rho_b,0.001174,0.001175976153682518,1.976153682517988e-06,0.16832654862305985
3817,rho_b,0.001272,0.0012668749566038403,5.125043396159634e-06,0.40291221636246166
3819,rho_b,0.0007285,0.0007280045157184862,4.954842815137498e-07,0.06801431445897141
3821,rho_b,0.0003321,0.00033415098799923653,2.050987999236537e-06,0.6175814492805548
3822,rho_b,0.0005065,0.0005081259054808496,1.6259054808495871e-06,0.3210079916366253
3823,rho_b,0.0007216,0.0007142790405162688,7.320959483731186e-06,1.0145453815944752
3824,rho_b,0.0006154,0.0006087467363475997,6.653263652400278e-06,1.0811283135503729
3825,rho_b,0.0006672,0.000663495360457417,3.7046395425829447e-06,0.5552517291712272
3826,rho_b,0.0005595,0.000567378143063814,7.878143063814059e-06,1.4080684628656612
3827,rho_b,0.0003321,0.00033415098799923653,2.050987999236537e-06,0.6175814492805548
3828,rho_b,0.0009176,0.0009233492573149281,5.749257314928142e-06,0.6265537607522456
3829,rho_b,0.0009392,0.000941401488329636,2.2014883296360204e-06,0.23440037556346005
3830,rho_b,0.0008845,0.0008795716933882522,4.928306611747782e-06,0.5571855970803761
3831,rho_b,0.0009139,0.0009183959258876653,4.4959258876652334e-06,0.49194943459303414
3832,rho_b,0.0008233,0.0008320540837089681,8.754083708968066e-06,1.0632920804488213
3833,rho_b,0.0007081,0.0007107943704989518,2.6943704989517477e-06,0.38050706046415433
3834,rho_b,0.0008172,0.0008193256498324258,2.1256498324257822e-06,0.26011378240634414
3835,rho_b,0.0011613,0.0011653454001862185,4.0454001862184116e-06,0.3483510016993801
3836,rho_b,0.001017,0.0010206284492752802,3.628449275280268e-06,0.3567796727347563
3837,rho_b,0.0008651,0.0008791086659951118,1.400866599511174e-05,1.6193117534295018
3838,rho_b,0.0009608,0.0009636656655873884,2.86566558738838e-06,0.29825828313965413
3839,rho_b,0.0009548,0.0009584865039336864,3.6865039336863702e-06,0.3861022130106146
3840,rho_b,0.0008172,0.0008193256498324258,2.1256498324257822e-06,0.26011378240634414
3842,rho_b,0.000546,0.0005611123815238272,1.5112381523827139e-05,2.7678354388550885
3843,rho_b,0.000457,0.0004509577030523948,6.042296947605171e-06,1.32216563115613
3844,rho_b,0.000151,0.00013616226349552,1.483773650448001e-05,9.826315500805864
3845,rho_b,0.00031,0.00030571369490167905,4.286305098320949e-06,1.3826790595142446
3846,rho_b,0.000373,0.0003780330425894469,5.0330425894468795e-06,1.3493411731778733
3847,rho_b,0.000504,0.0005027413292469075,1.2586707530924668e-06,0.24973626003871116
3848,rho_b,0.000515,0.0005239761935872799,8.976193587279836e-06,1.7429502077379289
3849,rho_b,0.000495,0.0004852721599180212,9.727840081978818e-06,1.9652202146114375
3850,rho_b,0.000519,0.0005214979692240079,2.4979692240078687e-06,0.4813042811550724
3851,rho_b,0.000382,0.0003908538246776875,8.853824677687485e-06,2.3177551451596683
3852,rho_b,0.000521,0.0005239805128836555,2.980512883655551e-06,0.5720754084327825
3853,rho_b,0.000542,0.0005319479826548861,1.0052017345113821e-05,1.8546157429091632
3854,rho_b,0.0008065,0.000803176896315565,3.3231036844350156e-06,0.4120401339509751
3855,rho_b,0.000521,0.0005295641860477007,8.564186047700759e-06,1.643797702737578
3856,rho_b,0.0006963,0.0006991198725120399,2.8198725120399818e-06,0.40497953583084684
3858,rho_b,0.0006041,0.0006058952158735188,1.795215873518787e-06,0.29717196996309675
3859,rho_b,0.0005772,0.0005830197100012782,5.819710001278154e-06,1.008265764240384
3860,rho_b,0.0005881,0.0005914939531880934,3.393953188093315e-06,0.5771047750930568
3861,rho_b,0.0006183,0.0006212201514292305,2.920151429230489e-06,0.47228714612770784
3862,rho_b,0.0004237,0.00044157634894477537,1.7876348944775367e-05,4.21910524016623
3863,rho_b,0.00073174,0.0007410031495163453,9.263149516345291e-06,1.2659072216478828
3864,rho_b,0.0006781,0.0006850203318328058,6.920331832805803e-06,1.020547385724868
3865,rho_b,0.00065199,0.0006679200207330772,1.5930020733077193e-05,2.4432921837212644
3866,rho_b,0.00061832,0.0006188168390784908,4.968390784908282e-07,0.08035306599936887
3867,rho_b,0.0006093,0.0006135105211000164,4.21052110001637e-06,0.6910423589538728
3868,rho_b,0.0007021,0.000701506837127009,5.931628729910401e-07,0.08448410086115925
3869,rho_b,0.0010508,0.001046138917666927,4.661082333072856e-06,0.44357464109603256
3870,rho_b,0.00088289,0.0008897664553233432,6.876455323343218e-06,0.7788575378081802
3871,rho_b,0.00091953,0.0009260189677574304,6.488967757430422e-06,0.7056830935775441
3873,rho_b,0.00093513,0.0009359204890392575,7.904890392574108e-07,0.08453252899726087
3874,rho_b,0.00093572,0.0009359628570422393,2.428570422392763e-07,0.025954029194602657
3876,rho_b,0.00092968,0.0009289474888458552,7.325111541447603e-07,0.07879175128612455
3878,rho_b,0.00090318,0.0009158681850978693,1.2688185097869389e-05,1.40483459374887
3880,rho_b,0.00085565,0.0008623920000178199,6.7420000178198495e-06,0.7879389949091871
3882,rho_b,0.00078706,0.000792095532796679,5.035532796678977e-06,0.6397902053567802
3883,rho_b,0.00069744,0.0007081747117039295,1.0734711703929496e-05,1.5391591661702662
3885,rho_b,0.001858,0.0018442655647258675,1.3734435274132548e-05,0.7392053426663344
3886,rho_b,0.001658,0.0016450682977337757,1.293170226622422e-05,0.7799579166721737
3887,rho_b,0.001449,0.0014503995230600048,1.3995230600048324e-06,0.09658544230772795
3888,rho_b,0.00117,0.0011699163359144892,8.366408551087161e-08,0.007150776533278961
3889,rho_b,0.0009,0.0009191405013440234,1.9140501344023435e-05,2.1267223691951345
3890,rho_b,0.000592,0.0005988391546243367,6.839154624336684e-06,1.1552626035108207
3891,rho_b,0.000457,0.0004509577030523948,6.042296947605171e-06,1.32216563115613
3892,rho_b,0.0005273,0.0005209356274568901,6.364372543109882e-06,1.2069737400038203
3894,rho_b,0.0002501,0.00025596483268687173,5.864832686871722e-06,2.3449950673417717
3895,rho_b,0.0002601,0.0002588435484238901,1.2564515761098825e-06,0.4830648101804054
3896,rho_b,0.0003165,0.000311960791809753,4.539208190247016e-06,1.4341889971264221
3897,rho_b,0.00022,0.00020231130013748273,1.7688699862517275e-05,8.040318082779134
3898,rho_b,0.0002849,0.0002840293493728364,8.706506271635652e-07,0.3055986746604347
3899,rho_b,0.0002812,0.0002847507855021897,3.5507855021897194e-06,1.2627259920207892
3900,rho_b,0.0001102,0.00013398099183815286,2.378099183815286e-05,21.57984720721814
3901,rho_b,0.000493,0.0004910712280750854,1.9287719249145045e-06,0.3912316269781315
3902,rho_b,0.000478,0.00048666532057942916,8.665320579429145e-06,1.8128285693098032
3903,rho_b,0.0002712,0.00028569161364916525,1.4491613649165276e-05,5.3435153376586
3904,rho_b,0.00052995,0.0005237866999567773,6.163300043222691e-06,1.1629965150660868
3905,rho_b,0.00053845,0.0005352286668913913,3.221333108608705e-06,0.5982603960676203
3907,rho_b,0.0005307,0.0005324041625127322,1.7041625127321627e-06,0.3211159806898441
3909,rho_b,0.00042896,0.0004347814776957616,5.82147769576162e-06,1.3571143421742067
3910,rho_b,0.00041877,0.0004234586627106972,4.688662710697171e-06,1.1196271699264273
3912,rho_b,0.00048222,0.0004883836925386245,6.163692538624539e-06,1.2781909762852286
3914,rho_b,0.00047419,0.00047907371486167024,4.883714861670253e-06,1.0299067570744187
3916,rho_b,0.00052669,0.0005239184144166294,2.771585583370576e-06,0.5262271123636874
3918,rho_b,0.00051352,0.0005217551158953121,8.23511589531211e-06,1.6036602039405494
3920,rho_b,0.00043414,0.00043420308757537786,6.30875753778468e-08,0.01453162003789805
3922,rho_b,0.00044361,0.0004367194568601077,6.890543139892284e-06,1.5532885021436396
3924,rho_b,0.0002712,0.00028649053065550167,1.529053065550169e-05,5.638101253363081
3925,rho_b,0.0008683,0.0008731219169579833,4.8219169579832985e-06,0.555328452427734
3926,rho_b,0.0008485,0.0008469132577078238,1.5867422921762202e-06,0.18700557340084437
3927,rho_b,0.0007087,0.0007181404984705998,9.440498470599749e-06,1.3320867020289093
3928,rho_b,0.0006661,0.00067243577888578,6.335778885779983e-06,0.9511753304711349
3929,rho_b,0.0006329,0.0006450293949199584,1.2129394919958326e-05,1.9164788909454158
3930,rho_b,0.0006652,0.0006680154401725129,2.8154401725128926e-06,0.4232471690138937
3931,rho_b,0.000654,0.0006607836978743615,6.7836978743614955e-06,1.0372626703346894
3932,rho_b,0.0006128,0.0006134315357331972,6.315357331971314e-07,0.10305739754676198
3933,rho_b,0.0006228,0.000627722093892052,4.9220938920519885e-06,0.790316937082341
3934,rho_b,0.001049,0.0010377573480280346,1.1242651971965414e-05,1.0717494719969418
3935,rho_b,0.0008819,0.0008717364228475843,1.0163577152415694e-05,1.1524636739869665
3936,rho_b,0.0004225,0.0004100870205638695,1.2412979436130509e-05,2.9379832915386213
3937,rho_b,0.0002712,0.0002811650849705459,9.965084970545916e-06,3.674441347271941
3938,rho_b,0.000524,0.0005322810123388191,8.281012338819051e-06,1.5803458631709144
3945,rho_b,0.000651,0.0006586878705095256,7.687870509525611e-06,1.1809324881284617
3947,rho_b,0.00043766,0.0004445431217688172,6.883121768817206e-06,1.5727098096901952
3948,rho_b,0.0005327,0.0005324630774930219,2.3692250697806335e-07,0.044475784969646236
3949,rho_b,0.0005617,0.0005607391104255807,9.608895744193805e-07,0.17106810979325252
3950,rho_b,0.0005633,0.0005618907379174687,1.4092620825313087e-06,0.25017966980818607
3951,rho_b,0.0006445,0.0006449250786231874,4.2507862318735736e-07,0.06595479015171597
3952,rho_b,0.0006576,0.0006597586342319977,2.1586342319976923e-06,0.3282594630041207
3953,rho_b,0.0007039,0.0007106667062935757,6.766706293575664e-06,0.96131642050895
3954,rho_b,0.0005963,0.0005966230466159391,3.230466159390719e-07,0.05417518286052659
3955,rho_b,0.0005211,0.0005264170382627227,5.317038262722651e-06,1.0203489258336522
3956,rho_b,0.0008951,0.0008878961283645296,7.2038716354704034e-06,0.8048119346913511
3957,rho_b,0.0008576,0.0008619597991627011,4.359799162701079e-06,0.5083721032669494
3958,rho_b,0.0007815,0.0007901047811272679,8.604781127267958e-06,1.101059643794928
3959,rho_b,0.0007506,0.0007607517541210304,1.0151754121030397e-05,1.3524852261531501
3960,rho_b,0.0007282,0.0007311204930069113,2.9204930069112343e-06,0.4010564409366479
3961,rho_b,0.0007561,0.0007649661809008786,8.866180900878647e-06,1.172620141403577
3962,rho_b,0.0007901,0.0007920984402497933,1.9984402497933438e-06,0.25293510280521364
3963,rho_b,0.0007827,0.0007907843697379116,8.084369737911619e-06,1.032882295589983
3964,rho_b,0.0007847,0.0007911605602466141,6.460560246614091e-06,0.8233159472895286
3965,rho_b,0.0007921,0.0007846844644566539,7.415535543346089e-06,0.9361867862623685
3966,rho_b,0.000718,0.0007142661305048659,3.733869495134109e-06,0.5200375334169546
3967,rho_b,0.0006184,0.0006094528405674498,8.947159432550205e-06,1.4468239679951431
3968,rho_b,0.0005211,0.0005264170382627227,5.317038262722651e-06,1.0203489258336522
3969,rho_b,0.0015002,0.0015052093040969104,5.00930409691046e-06,0.33390908502675437
3971,rho_b,0.000888,0.0008805532015727219,7.446798427278105e-06,0.8386034255509089
3972,rho_b,0.0010311,0.0010233509534638228,7.749046536177293e-06,0.7515320074349696
3973,rho_b,0.001212,0.0012011744940372074,1.082550596279261e-05,0.8931935605495607
3974,rho_b,0.001007,0.0010077528993973402,7.528993973401552e-07,0.07476657364374274
3975,rho_b,0.000865,0.0008754268886959297,1.0426888695929683e-05,1.205420657095431
3976,rho_b,0.0008553,0.000868835012404855,1.3535012404854987e-05,1.5824871260411686
3977,rho_b,0.0013049,0.0013064432863511381,1.543286351138231e-06,0.11826855314242819
3978,rho_b,0.0005652,0.0005595200099806122,5.6799900193877295e-06,1.0049522309515584
3979,rho_b,0.0006415,0.00063365259887357,7.847401126429986e-06,1.223289339703366
3980,rho_b,0.0003224,0.0003104987462811729,1.1901253718827069e-05,3.6914558566726154
3981,rho_b,0.0005397,0.0005341615448114822,5.5384551885178735e-06,1.0262099644720721
3982,rho_b,0.0004945,0.0004969405020128722,2.4405020128721736e-06,0.4935292230408253
3983,rho_b,0.0005812,0.0005718897682113656,9.310231788634406e-06,1.6018981026523442
3984,rho_b,0.0007039,0.0006971819153917417,6.718084608258292e-06,0.9544089499522946
3985,rho_b,0.0008388,0.0008291749537187751,9.625046281224923e-06,1.1474780960598643
3986,rho_b,0.0006557,0.0006474191179120089,8.280882087991024e-06,1.262907133652883
3987,rho_b,0.00053662,0.0005312145174982926,5.405482501707418e-06,1.0073203554907038
3988,rho_b,0.0005772,0.0005682489380291864,8.95106197081367e-06,1.5507730345297883
3989,rho_b,0.0007611,0.0007621663347326902,1.0663347326902214e-06,0.14010441877403457
3990,rho_b,0.0007611,0.0007626070388547211,1.507038854721074e-06,0.19800799536736222
3991,rho_b,0.000692,0.0006943331856683575,2.3331856683575123e-06,0.33716555852396773
3992,rho_b,0.0006069,0.0006097305882691874,2.830588269187484e-06,0.4664010981254693
3993,rho_b,0.0005141,0.0005296503989932083,1.555039899320829e-05,3.0247809692589924
3994,rho_b,0.0004612,0.0004912218475424527,3.00218475424527e-05,6.5095072587505705
3995,rho_b,0.0004053,0.00042305793807704054,1.7757938077040552e-05,4.381430553473044
3996,rho_b,0.0003024,0.000321812581312122,1.9412581312122038e-05,6.419504380928239
3997,rho_b,0.0005381,0.0005334605230306738,4.639476969326198e-06,0.8621960529091689
3998,rho_b,0.0006675,0.0006660905607316239,1.409439268376081e-06,0.2111519500021815
3999,rho_b,0.0004,0.00040314244971716325,3.1424497171632262e-06,0.7856124273267755
4000,rho_b,0.000544,0.0005450895165926372,1.0895165926371733e-06,0.20027878504308555
4001,rho_b,0.0004695,0.00047468418475261627,5.184184752616292e-06,1.1041927032107275
4002,rho_b,0.001063,0.0010485548771004187,1.444512289958122e-05,1.3589014944489375
4003,rho_b,0.000567,0.0005674203530082493,4.2035300824925896e-07,0.07413633289380875
4004,rho_b,0.0004975,0.0004876229866539437,9.877013346056289e-06,1.9853293117995972
4005,rho_b,0.000391,0.0003966062163275875,5.606216327587476e-06,1.4338149138745082
4006,rho_b,0.0004525,0.0004522918382329022,2.0816176709778644e-07,0.04600260036193601
4007,rho_b,0.0004765,0.0004784971806875816,1.9971806875815974e-06,0.4191355054334192
4008,rho_b,0.0004575,0.00045271925752879926,4.7807424712007504e-06,1.0449710296723584
4009,rho_b,0.000456,0.00045115209768290015,4.847902317099879e-06,1.0631364707167794
4010,rho_b,0.000464,0.00047343733650303995,9.437336503039949e-06,2.033908724720013
4011,rho_b,0.000411,0.00041006894342970543,9.310565702945863e-07,0.22653444477597123
4012,rho_b,0.000397,0.0003971482666601758,1.4826666017581916e-07,0.03734676569328753
4013,rho_b,0.0003955,0.0003970634508175458,1.5634508175457816e-06,0.39530994022570975
4014,rho_b,0.000404,0.00040315191753831033,8.480824616896739e-07,0.20992140088872768
4015,rho_b,0.0004487,0.00045765456496334503,8.954564963345023e-06,1.9956685855556804
4017,rho_b,0.0008755,0.0008688396131685565,6.660386831443526e-06,0.760752349952713
4018,rho_b,0.000629,0.0006394207955576467,1.0420795557646695e-05,1.656724251363983
4019,rho_b,0.0001247,0.00013354822543427567,8.848225434275679e-06,7.095609754065422
4020,rho_b,0.0001902,0.00019041911865320786,2.191186532078703e-07,0.11520433862030859
4021,rho_b,0.0003104,0.0003195958537351866,9.195853735186586e-06,2.962581735038907
4022,rho_b,0.0003576,0.000366254740833724,8.654740833723986e-06,2.420229532864007
4023,rho_b,0.0005658,0.0005675073849281647,1.707384928164744e-06,0.3017647446354006
4025,rho_b,0.0007989,0.0007850727148776464,1.3827285122353572e-05,1.73079047503388
4027,rho_b,0.0005459,0.0005487222797710957,2.8222797710957025e-06,0.5169957438955386
4029,rho_b,0.00149,0.0014808177190732115,9.1822809267885e-06,0.6162604644715366
4032,rho_b,0.0006664,0.0006595458436667388,6.854156333261263e-06,1.0285348623913437
4034,rho_b,0.0007156,0.0007058101188947531,9.789881105246988e-06,1.3680661111747243
4035,rho_b,0.00084995,0.000836966237506696,1.2983762493304005e-05,1.5275913263166176
4037,rho_b,0.000483,0.0004736288526010329,9.371147398967098e-06,1.9401961448375025
4038,rho_b,0.00047,0.0004755475227974789,5.547522797478925e-06,1.1803239969522736
4039,rho_b,0.0005121,0.000526418572034356,1.4318572034356008e-05,2.7960499914851606
4040,rho_b,0.0007,0.0006973682729435615,2.631727056438501e-06,0.37596100752555583
4041,rho_b,0.0007785,0.0007792340788573388,7.340788573388006e-07,0.09429400852869115
4042,rho_b,0.000797,0.0007965347723227695,4.6522767723042487e-07,0.05837235591552087
4043,rho_b,0.0014243,0.0014268964462310929,2.596446231092767e-06,0.18229630199184188
4044,rho_b,0.0012294,0.0012329537308693732,3.5537308693731583e-06,0.2890622146154658
4045,rho_b,0.0015571,0.0015256425658698165,3.145743413018355e-05,2.020257793974759
4046,rho_b,-3.07e-05,2.344822021506669e-05,5.414822021506669e-05,176.37856173055724
4047,rho_b,0.0012264,0.0012320223498730768,5.62234987307674e-06,0.4584434008881528
4048,rho_b,0.0011166,0.0011220637146059022,5.463714605902269e-06,0.48931708767769105
4049,rho_b,-5.08e-05,-5.5239258310678624e-05,4.439258310678622e-06,8.738697289944191
4050,rho_b,-0.0009069,-0.0008618253642380177,4.507463576198232e-05,4.970188081627571
4051,rho_b,0.00056,0.000569722086559905,9.722086559905063e-06,1.7360868825971776
4052,rho_b,0.00093797,0.0009356121751704846,2.357824829515376e-06,0.25137529206708353
4053,rho_b,0.00136,0.001349259759892678,1.0740240107322014e-05,0.7897235367224101
4054,rho_b,0.00122,0.0012321143859531766,1.2114385953176671e-05,0.9929824543644957
4055,rho_b,0.00118,0.0011781694971450976,1.83050285490244e-06,0.15512736045348866
4056,rho_b,0.001141,0.001134709674021667,6.290325978333027e-06,0.5512993841209494
4057,rho_b,0.001251,0.0012627048110523415,1.1704811052341575e-05,0.9356363743393454
4058,rho_b,0.001235,0.0012347705651202922,2.294348797077933e-07,0.018577723038219925
4059,rho_b,0.001121,0.0011167030709223781,4.296929077621898e-06,0.38331213860738417
4060,rho_b,0.0009899,0.000990560141258769,6.601412587689884e-07,0.06668767129024263
4061,rho_b,0.0009441,0.0009534054837320648,9.305483732064746e-06,0.9856459826510207
4062,rho_b,0.0009399,0.0009433313701906366,3.4313701906365287e-06,0.3650782197027074
4063,rho_b,0.00078,0.0007886383361812376,8.638336181237627e-06,1.1074789961747227
4064,rho_b,0.0003201,0.0003112804380881578,8.819561911842168e-06,2.7552520725678376
4065,rho_b,0.0009071,0.0009176051739368456,1.0505173936845567e-05,1.158105382566918
4066,rho_b,0.0008048,0.0008079375691017599,3.1375691017598113e-06,0.38985699526108863
4067,rho_b,0.0006418,0.0006453509196793713,3.550919679371346e-06,0.5532751127825795
4068,rho_b,0.0006763,0.0006737905141525692,2.5094858474307945e-06,0.3710610444655011
4069,rho_b,0.0013279,0.001315710221575711,1.218977842428891e-05,0.9179741256953964
4071,rho_b,0.0007641,0.0007507249268522166,1.3375073147783335e-05,1.7504349077711014
4072,rho_b,0.0007153,0.000701558393178743,1.3741606821257037e-05,1.9210969945541825
4074,rho_b,0.0005505,0.0005560094571167548,5.509457116754826e-06,1.0008096470021308
4075,rho_b,0.0005218,0.0005279797033600133,6.179703360013281e-06,1.1843049728191322
4076,rho_b,0.0005341,0.0005316027146490966,2.4972853509034557e-06,0.4675688721639706
4077,rho_b,0.000467,0.000474020631049289,7.020631049288993e-06,1.5033471165429382
4079,rho_b,0.0012302,0.0012321293187531346,1.9293187531344708e-06,0.15682968229281205
4080,rho_b,0.0003741,0.0003801387250805617,6.038725080561712e-06,1.6142007656828936
4081,rho_b,0.0003791,0.000390141343059677,1.1041343059677012e-05,2.912514647995744
4082,rho_b,0.0002852,0.00028975445902150953,4.554459021509534e-06,1.5969351351823924
4083,rho_b,0.0003102,0.00031150118996406493,1.301189964064925e-06,0.41946807216964677
4084,rho_b,0.000751,0.0007650121093231418,1.401210932314178e-05,1.8657935159099661
4085,rho_b,0.000711,0.0007138743219250873,2.8743219250872143e-06,0.40426468650415853
4088,rho_b,-0.0005198,-0.00040404529456376575,0.0001157547054362342,22.269085266168403
4090,rho_b,-0.0004801,-0.0004231233427872505,5.697665721274953e-05,11.867664464501747
4092,rho_b,-0.00043,-0.0004006295017502017,2.937049824979827e-05,6.830348414301114
4093,rho_b,-0.00033,-0.0003544784829118744,2.447848291187442e-05,7.417722072029455
4095,rho_b,-0.0003299,-0.00032258844579415567,7.311554205844328e-06,2.2162940841713814
4096,rho_b,-0.0002899,-0.0002927274464698988,2.8274464698988173e-06,0.9753178544828005
4097,rho_b,-0.0001,-0.00012427710577487053,2.4277105774870523e-05,24.277105532099466
4098,rho_b,-0.00017,-0.00019355460177482146,2.3554601774821446e-05,13.855648021332332
4099,rho_b,0.0008169,0.0008297725406295406,1.2872540629540628e-05,1.5757792402721063
4100,rho_b,0.0008755,0.0008688396131685565,6.660386831443526e-06,0.760752349952713
4101,rho_b,0.0007503,0.0007460671883201847,4.232811679815221e-06,0.5641492301977514
4102,rho_b,0.0007502,0.0007505482927615497,3.4829276154965325e-07,0.0464266543702195
4103,rho_b,0.0005001,0.0005103291103029273,1.0229110302927328e-05,2.0454129738998597
4104,rho_b,0.0003754,0.0003934719090016601,1.807190900166006e-05,4.814040744144819
4105,rho_b,0.0005444,0.0005484401104814476,4.040110481447635e-06,0.742121688836594
4106,rho_b,0.0006189,0.000610084459679569,8.815540320430992e-06,1.4243884805602047
4107,rho_b,0.000662,0.0006652772937648249,3.2772937648248464e-06,0.4950594803435425
4108,rho_b,0.0006612,0.0006613133428542814,1.1334285428135984e-07,0.01714199245461886
4109,rho_b,0.00071,0.0007138918279322812,3.891827932281226e-06,0.548144778422504
4110,rho_b,0.000777,0.000778294072307198,1.2940723071979809e-06,0.16654727226930607
4111,rho_b,0.000822,0.0008316909250072032,9.690925007203128e-06,1.1789446466440001
4112,rho_b,0.0009392,0.000941401488329636,2.2014883296360204e-06,0.23440037556346005
4113,rho_b,0.0009193,0.0009222181226706365,2.9181226706365354e-06,0.3174287683522515
4114,rho_b,0.0008829,0.0008837488155594507,8.488155594506101e-07,0.09613949014488789
4115,rho_b,0.0008787,0.0008813838373732465,2.6838373732464412e-06,0.3054327267772976
4116,rho_b,0.0008706,0.0008693159980894653,1.2840019105347152e-06,0.14748471273373168
4117,rho_b,0.000822,0.0008230503010068906,1.050301006890581e-06,0.127773844965066
4118,rho_b,0.0010704,0.0010744564839419012,4.056483941901204e-06,0.3789689777757394
4119,rho_b,0.0009885,0.0009877550556201653,7.449443798347548e-07,0.07536109044826948
4120,rho_b,0.000822,0.0008230503010068906,1.050301006890581e-06,0.127773844965066
4121,rho_b,0.001922,0.001929156242573525,7.156242573524985e-06,0.37233312017698506
4122,rho_b,0.002175,0.0021896475035148586,1.4647503514858724e-05,0.6734484371551375
4123,rho_b,0.002323,0.002305702068072895,1.7297931927104816e-05,0.7446376203038502
4124,rho_b,0.002349,0.002345263269463652,3.7367305363478383e-06,0.1590775025439363
4125,rho_b,0.002299,0.002234768452776428,6.423154722357168e-05,2.793890700114518
4126,rho_b,0.002149,0.0021104860557336538,3.8513944266346106e-05,1.7921798161202565
4127,rho_b,0.001924,0.0019313572043534696,7.3572043534696294e-06,0.3823910784639147
4128,rho_b,0.001649,0.0016608476226717276,1.184762267172749e-05,0.7184731755332175
4129,rho_b,0.001375,0.0013924388941486947,1.74388941486948e-05,1.2682832098917796
4130,rho_b,0.001024,0.0010241527546753471,1.5275467534717896e-07,0.014917448749805124
4131,rho_b,0.0006742,0.0006812086123226274,7.008612322627361e-06,1.0395449884651307
4132,rho_b,0.000702,0.0006858717630040849,1.61282369959151e-05,2.2974696542650146
4133,rho_b,0.0009515,0.0009442367876735773,7.263212326422694e-06,0.7633433861050195
4134,rho_b,0.0008313,0.0008310734217643924,2.2657823560759665e-07,0.027255892618192917
4135,rho_b,0.0008308,0.0008303117334047831,4.882665952169168e-07,0.0587706541441033
4136,rho_b,0.0007302,0.0007313165294842734,1.1165294842733825e-06,0.15290735178640222
4137,rho_b,0.000702,0.0006858717630040849,1.61282369959151e-05,2.2974696542650146
4138,rho_b,0.0005426,0.0005382723431722283,4.3276568277716846e-06,0.7975777404710482
4139,rho_b,0.00038,0.00038762690441849026,7.6269044184902384e-06,2.0070801048472204
4140,rho_b,0.000344,0.0003523268311947965,8.326831194796491e-06,2.420590456567031
4141,rho_b,0.0003286,0.00032613736188485053,2.4626381151494838e-06,0.7494333863831861
4142,rho_b,0.0003085,0.0003095839592151125,1.0839592151124801e-06,0.35136441218762915
4143,rho_b,0.0003571,0.0003570424791160135,5.7520883986526914e-08,0.016107780404774324
4144,rho_b,0.0004367,0.00043823410178369336,1.534101783693374e-06,0.3512942020106325
4145,rho_b,0.0004228,0.0004239912633577772,1.1912633577772051e-06,0.28175576039726763
4146,rho_b,0.0003679,0.0003759201420478513,8.020142047851313e-06,2.1799788056677154
4147,rho_b,0.0002999,0.000310206386845872,1.0306386845871979e-05,3.4366078064374457
4148,rho_b,0.0005198,0.0005248207580378397,5.02075803783975e-06,0.9659018907619722
4149,rho_b,0.0003202,0.0003145982142730747,5.601785726925298e-06,1.7494646188103224
4150,rho_b,0.0007,0.0006973682729435615,2.631727056438501e-06,0.37596100752555583
4151,rho_b,0.00079,0.0007847855142038151,5.214485796184876e-06,0.6600614923524382
4152,rho_b,0.000888,0.0008812378396244382,6.76216037556179e-06,0.7615045459399487
4153,rho_b,0.000924,0.0009238876756019283,1.1232439807169325e-07,0.01215632012447295
4154,rho_b,0.0009341,0.0009275034420553738,6.596557944626145e-06,0.7061939768294835
4155,rho_b,0.0008241,0.0008316457158992236,7.545715899223552e-06,0.9156310993893024
4156,rho_b,0.000826,0.0008355061672496724,9.50616724967239e-06,1.1508677043781737
4157,rho_b,0.0008081,0.0008040282055673315,4.071794432668435e-06,0.5038725934450822
4158,rho_b,0.000838,0.0008357241348660996,2.2758651339004326e-06,0.2715829512153464
4159,rho_b,0.000796,0.0007970375351071729,1.0375351071728297e-06,0.1303436062649992
4160,rho_b,0.0011,0.0010899626991463592,1.0037300853640895e-05,0.9124818949560068
4161,rho_b,0.00057,0.0005695077374557507,4.922625442493021e-07,0.0863618497167866
4171,rho_b,0.0003201,0.0003112804380881578,8.819561911842168e-06,2.7552520725678376
4172,rho_b,0.0003941,0.00039654599821453923,2.445998214539247e-06,0.6206542015561292
4173,rho_b,0.000372,0.00037895789951295953,6.957899512959542e-06,1.870403089853632
4174,rho_b,0.000368,0.00037433609656195306,6.336096561953056e-06,1.721765365417229
4175,rho_b,0.0004143,0.0004116438345390907,2.656165460909266e-06,0.6411212779382218
4176,rho_b,0.0004436,0.0004445213735676617,9.213735676616951e-07,0.2077036892661538
4177,rho_b,0.0005429,0.00054317211816669,2.72118166690029e-07,0.0501230735289737
4181,rho_b,0.000178,0.00019767158666060135,1.967158666060136e-05,11.05145311802631
4182,rho_b,0.000664,0.0006589671044798021,5.032895520197902e-06,0.7579661916593735
4184,rho_b,0.0009392,0.000941401488329636,2.2014883296360204e-06,0.23440037556346005
4185,rho_b,0.0008696,0.0008741193244270594,4.5193244270593565e-06,0.5197015204533512
4186,rho_b,0.0007832,0.0007922296295120097,9.02962951200971e-06,1.152914900469939
4187,rho_b,0.000702,0.000702053759570621,5.375957062099448e-08,0.00765805848211024
4188,rho_b,0.0006263,0.0006314801443779861,5.180144377986157e-06,0.8271027254854112
4189,rho_b,0.0005444,0.0005459831677569844,1.5831677569843987e-06,0.29080965357757205
4190,rho_b,0.000736,0.0007413712042614351,5.3712042614351314e-06,0.7297831867034374
4191,rho_b,0.0007017,0.000694420483765943,7.2795162340570305e-06,1.0374114612630634
4192,rho_b,0.0007292,0.0007293366009761104,1.3660097611032079e-07,0.018732991761243947
4193,rho_b,0.0007154,0.0007132847975904143,2.1152024095857447e-06,0.295667096257908
4194,rho_b,0.0007418,0.0007452158126506826,3.415812650682526e-06,0.46047622621700773
4195,rho_b,0.0007303,0.0007343941396811356,4.094139681135533e-06,0.5606106634984837
4196,rho_b,0.0007257,0.000725141899359131,5.581006408690147e-07,0.07690514539065223
4197,rho_b,0.0007384,0.0007317285774015061,6.671422598493828e-06,0.9034971004142548
4198,rho_b,0.0007348,0.0007317179445020344,3.0820554979655527e-06,0.4194414117815921
4199,rho_b,0.0007258,0.0007174342402602035,8.365759739796443e-06,1.1526260303486062
4201,rho_b,0.0007361,0.0007307622680720733,5.337731927926694e-06,0.7251367912885921
4203,rho_b,0.00072,0.0007075102089716066,1.2489791028393472e-05,1.734693195978686
4211,rho_b,0.000843,0.0008446902359811808,1.6902359811808232e-06,0.20050248863295353
4212,rho_b,0.000857,0.0008649806001724485,7.980600172448511e-06,0.9312252232364363
4213,rho_b,0.000783,0.0007854836360608647,2.483636060864741e-06,0.31719489881134
4214,rho_b,0.00072,0.0007145639660023937,5.4360339976063186e-06,0.7550047208411488
4215,rho_b,0.000692,0.0006933082821588706,1.3082821588705903e-06,0.18905811517052154
4216,rho_b,0.000537,0.0005356417665942788,1.3582334057212061e-06,0.25292987024057867
4217,rho_b,0.000573,0.0005724385698120712,5.614301879288417e-07,0.09798083541867945
4218,rho_b,0.001477,0.0014763824892564197,6.175107435803066e-07,0.041808445711727975
4219,rho_b,0.001352,0.0013514538887590454,5.461112409545221e-07,0.04039284323599066
4220,rho_b,0.001124,0.0011279003839658004,3.9003839658003844e-06,0.34700924931764165
4221,rho_b,0.000864,0.0008688878349019938,4.887834901993863e-06,0.5657216315204453
4222,rho_b,0.000711,0.0007117769013094346,7.769013094346055e-07,0.10926881973866628
4223,rho_b,0.000708,0.0007080266306397997,2.6630639799688632e-08,0.0037613897969032114
4224,rho_b,0.000671,0.0006756056278577779,4.605627857777895e-06,0.6863826901511278
4225,rho_b,0.00061,0.0006088649345654667,1.1350654345333158e-06,0.18607630043812343
4226,rho_b,0.000666,0.0006627372906083557,3.262709391644355e-06,0.48989630431612485
4227,rho_b,0.000573,0.0005724385698120712,5.614301879288417e-07,0.09798083541867945
4228,rho_b,0.0008514,0.0008544740745535845,3.0740745535844886e-06,0.36106114047144433
4229,rho_b,0.0008016,0.000805333058782853,3.733058782853056e-06,0.46570094538373835
4230,rho_b,0.0007303,0.000745412547699868,1.5112547699867949e-05,2.069361588275275
4231,rho_b,0.0007988,0.0007935677489060045,5.23225109399551e-06,0.6550139067908577
4232,rho_b,0.0005444,0.0005459831677569844,1.5831677569843987e-06,0.29080965357757205
4233,rho_b,0.00045,0.0004563114838518093,6.311483851809314e-06,1.4025519639519544
4234,rho_b,0.00046,0.00046742363985400736,7.423639854007343e-06,1.6138347473628252
4235,rho_b,0.00047,0.00047710759217885613,7.107592178856148e-06,1.5122536518582153
4236,rho_b,0.00048,0.00048299043329119105,2.9904332911910364e-06,0.6230069343668682
4237,rho_b,0.00048,0.00048662356750503374,6.6235675050337235e-06,1.3799098940072134
4238,rho_b,0.00049,0.000494448030630265,4.44803063026503e-06,0.907761351262738
4239,rho_b,0.0005,0.0004956466117916981,4.353388208301894e-06,0.8706776399190235
4240,rho_b,0.0005,0.0004943437153803541,5.656284619645928e-06,1.1312569216666717
4241,rho_b,0.00051,0.0005117483253294862,1.7483253294862076e-06,0.3428088874623762
4242,rho_b,0.00052,0.0005254114090873716,5.411409087371596e-06,1.0406555917240463
4243,rho_b,0.00052,0.0005250135009213869,5.013500921386945e-06,0.9641347907203072
4244,rho_b,0.0014,0.0014102811874791093,1.0281187479109282e-05,0.7343705336975412
4245,rho_b,0.00107,0.0010653822625955106,4.617737404489413e-06,0.43156424300689444
4246,rho_b,0.00104,0.001030749429096777,9.250570903222843e-06,0.8894779706084678
4247,rho_b,0.00101,0.0010151729003456138,5.172900345613721e-06,0.5121683505437661
4248,rho_b,0.00101,0.001011480674673971,1.4806746739708717e-06,0.14660145272325317
4249,rho_b,0.00099,0.0009851260829345848,4.873917065415217e-06,0.4923148545951584
4250,rho_b,0.00098,0.0009815954253311757,1.5954253311757302e-06,0.16279850301507603
4251,rho_b,0.00098,0.0009785504487735245,1.4495512264754273e-06,0.1479133903057442
4252,rho_b,0.00097,0.0009640675485603857,5.932451439614366e-06,0.6115929312884986
4253,rho_b,0.00097,0.0009645772941111833,5.422705888816735e-06,0.559041843631579
4254,rho_b,0.00092,0.0009221561152443016,2.156115244301526e-06,0.23436035238673072
4255,rho_b,0.00086,0.0008631511682250336,3.151168225033578e-06,0.3664149094615615
4256,rho_b,0.00085,0.0008388601835634361,1.1139816436563825e-05,1.3105666380539012
4257,rho_b,0.00075,0.000738895180604033,1.1104819395967047e-05,1.4806425841547495
4258,rho_b,0.0005,0.0004933904017312335,6.6095982687665355e-06,1.3219196511094677
4259,rho_b,0.0030582,0.0029833405979440195,7.485940205598056e-05,2.4478255847067656
4260,rho_b,0.0015903,0.0015880224338010002,2.2775661989997593e-06,0.1432161351674274
4261,rho_b,0.0006828,0.0006849719481076448,2.171948107644833e-06,0.3180943328154496
4262,rho_b,0.0005655,0.0005664064416037048,9.064416037047295e-07,0.1602902921488641
4263,rho_b,0.0019455,0.0019475987083114458,2.0987083114458113e-06,0.10787500952799081
4264,rho_b,0.0016147,0.0016315534952196123,1.685349521961233e-05,1.0437539610562203
4265,rho_b,0.001562,0.0015712395697273834,9.239569727383405e-06,0.5915217491336867
4266,rho_b,0.0014402,0.001445315055214624,5.115055214624086e-06,0.3551628392634674
4267,rho_b,0.0014773,0.0014816831909645564,4.383190964556399e-06,0.2967028336552745
4268,rho_b,0.0014268,0.0014181688096796179,8.631190320382114e-06,0.6049334394682352
4269,rho_b,0.0012157,0.0012068658274894254,8.8341725105745e-06,0.7266737273429106
4270,rho_b,0.0010237,0.001019561590188326,4.138409811674064e-06,0.4042600183287549
4271,rho_b,0.0007707,0.0007717701401759435,1.0701401759434861e-06,0.1388530134364806
4272,rho_b,0.0004515,0.000456563718086588,5.063718086587997e-06,1.1215322426074583
4273,rho_b,0.0006219,0.000611781873825228,1.0118126174771952e-05,1.6269699563438258
4274,rho_b,0.0005398,0.0005392140724949076,5.859275050923646e-07,0.10854529529583395
4275,rho_b,0.0005367,0.0005392276925018538,2.5276925018538187e-06,0.47096934919771294
4276,rho_b,0.0005264,0.0005275544784222089,1.1544784222089228e-06,0.21931580927351152
4277,rho_b,0.0005501,0.0005546322437414732,4.532243741473202e-06,0.8238945161305685
4278,rho_b,0.00052926,0.0005343568775874515,5.0968775874515e-06,0.9630196080983456
4279,rho_b,0.0005555,0.0005566367914318661,1.1367914318661122e-06,0.2046429216597089
4280,rho_b,0.0005532,0.0005566908721440784,3.490872144078401e-06,0.6310325628648004
4281,rho_b,0.00057501,0.0005758743406525052,8.643406525051705e-07,0.15031749900036442
4282,rho_b,0.00055558,0.0005573928017093807,1.8128017093807557e-06,0.326289950343399
4285,rho_b,0.00057254,0.0005759552971235098,3.4152971235098173e-06,0.596516770451785
4286,rho_b,0.00061266,0.0006105970351143373,2.062964885662737e-06,0.3367226328298748
4289,rho_b,0.00062198,0.0006120210404595718,9.95895954042814e-06,1.601170379178822
4290,rho_b,0.00066262,0.0006605997850601449,2.0202149398551236e-06,0.3048828796001169
4295,rho_b,0.00067248,0.0006731905596149807,7.105596149806692e-07,0.10566256452594032
4296,rho_b,0.00067338,0.0006730629863336398,3.170136663602566e-07,0.047077974678409934
4297,rho_b,0.0006473,0.0006455685900826081,1.7314099173918471e-06,0.26748183449977275
4298,rho_b,0.00065899,0.0006617115218327527,2.7215218327526986e-06,0.4129837825494864
4300,rho_b,0.00064288,0.0006395387063422592,3.3412936577407234e-06,0.5197383108112463
4303,rho_b,0.0006466,0.0006439867682863042,2.613231713695808e-06,0.40414966125182666
4307,rho_b,0.0005507,0.0005561348641804091,5.434864180409106e-06,0.9869010660141811
4308,rho_b,0.00087933,0.0008770161484234312,2.3138515765687992e-06,0.26313802257826063
4309,rho_b,0.00087,0.0008655167833988065,4.483216601193474e-06,0.5153122524184313
4310,rho_b,0.0008871,0.0008787579914877772,8.342008512222878e-06,0.9403684480688979
4311,rho_b,0.00088,0.0008727060275269343,7.293972473065738e-06,0.8288605073610378
4312,rho_b,0.00087933,0.0008770161484234312,2.3138515765687992e-06,0.26313802257826063
4313,rho_b,0.0007151,0.000716264929323304,1.1649293233039707e-06,0.1629043940253009
4314,rho_b,0.00065,0.0006593290323254801,9.329032325480161e-06,1.4352357401735083
4315,rho_b,0.000634,0.0006468642991819025,1.2864299181902469e-05,2.0290692683930245
4316,rho_b,0.000671,0.0006842812962711756,1.3281296271175531e-05,1.97932880050406
4317,rho_b,0.000691,0.000700117723619524,9.117723619524003e-06,1.3194969039549977
4318,rho_b,0.000723,0.000718728849612739,4.271150387261048e-06,0.5907538563421175
4319,rho_b,0.000636,0.0006446918902368686,8.691890236868613e-06,1.3666494061638552
4320,rho_b,0.00056,0.000569722086559905,9.722086559905063e-06,1.7360868825971776
4321,rho_b,0.00086,0.0008704178075008818,1.0417807500881786e-05,1.211372963810239
4322,rho_b,0.00089,0.0008826111376685241,7.388862331475857e-06,0.830209249794805
4323,rho_b,0.00091,0.000918780066946529,8.780066946528949e-06,0.9648425205363212
4324,rho_b,0.00079,0.0007943999171675872,4.399917167587195e-06,0.5569515394959088
4325,rho_b,0.00093797,0.0009415298135606268,3.559813560626837e-06,0.37952317844191236
4326,rho_b,0.00095,0.0009517327432942818,1.7327432942817588e-06,0.18239403078503352
4327,rho_b,0.00092,0.0009189112925700773,1.0887074299226933e-06,0.11833776399340387
4328,rho_b,0.00091,0.0009106139341172403,6.13934117240267e-07,0.06746528753468287
4329,rho_b,0.00091,0.0009192614333357887,9.261433335788685e-06,1.01773992589135
4330,rho_b,0.00079,0.0007890328018304982,9.67198169501797e-07,0.12243014788322727
4331,rho_b,0.00061,0.000609329386894214,6.70613105786008e-07,0.10993657453879382
4337,rho_b,0.0008553,0.0008683858893225011,1.3085889322501086e-05,1.5299765353912451
4338,rho_b,0.0008255,0.0008348009784537411,9.300978453741162e-06,1.1267084727406513
4339,rho_b,0.0006943,0.0006959312185837421,1.6312185837421287e-06,0.23494434414412865
4340,rho_b,0.0008282,0.0008398259377164939,1.1625937716493889e-05,1.403759683947874
4341,rho_b,0.0005764,0.0005845456907850856,8.145690785085584e-06,1.4132010359045062
4342,rho_b,0.0006151,0.0006109572606701876,4.142739329812488e-06,0.6735066368196101
4343,rho_b,0.0008154,0.0008284271300295961,1.3027130029596122e-05,1.5976367443732837
4344,rho_b,0.001363,0.0013723997205440756,9.399720544075573e-06,0.689634668905299
4345,rho_b,0.00104,0.001030795124109097,9.204875890902846e-06,0.8850842194280774
4346,rho_b,0.0006512,0.00065251042548638,1.310425486379988e-06,0.20123241467562406
4347,rho_b,0.000861,0.000868851710063023,7.851710063023045e-06,0.9119291584092628
4348,rho_b,0.0006151,0.0006109572606701876,4.142739329812488e-06,0.6735066368196101
4349,rho_b,0.003982,0.00397345688989559,8.543110104410577e-06,0.21454319694287152
4352,rho_b,0.001903,0.001913345225778337,1.0345225778337144e-05,0.5436272082449224
4355,rho_b,0.001174,0.001183311261303615,9.311261303615159e-06,0.7931227679458204
4358,rho_b,0.00135,0.001346071875434579,3.928124565421177e-06,0.2909721898156633
4362,rho_b,0.0009388,0.0009457338827380166,6.933882738016563e-06,0.7385899798285751
4363,rho_b,0.001964,0.0019510705996451394,1.2929400354860657e-05,0.6583197733338828
4364,rho_b,0.0006151,0.0006109572606701876,4.142739329812488e-06,0.6735066368196101
4365,rho_b,0.0009957,0.0009873934036964379,8.306596303562109e-06,0.8342468911539259
4366,rho_b,0.000811,0.0008272540623437375,1.6254062343737537e-05,2.0042000399131363
4367,rho_b,0.0006178,0.0006188160482662104,1.0160482662104238e-06,0.16446232835315647
4368,rho_b,0.0007071,0.0007122100289473599,5.1100289473599275e-06,0.7226741536039013
4369,rho_b,0.0007947,0.0007993923112371337,4.692311237133764e-06,0.5904506393896134
4370,rho_b,0.0006151,0.0006109572606701876,4.142739329812488e-06,0.6735066368196101
4373,rho_b,0.0009259,0.0009111412080595714,1.4758791940428623e-05,1.5939941596812486
4374,rho_b,0.0009491,0.0009604986392237799,1.139863922377984e-05,1.2009945434379827
4375,rho_b,0.0010701,0.001075811550474321,5.711550474320898e-06,0.5337398812245117
4376,rho_b,0.0009701,0.0009728160091532177,2.716009153217727e-06,0.2799720802410067
4377,rho_b,0.0010503,0.0010489476891607065,1.352310839293578e-06,0.12875472131829294
4378,rho_b,0.0009952,0.000995622727644687,4.22727644687048e-07,0.042476652357544366
4379,rho_b,0.0009911,0.0009976232812023906,6.523281202390615e-06,0.6581859747562058
4380,rho_b,0.0009397,0.0009519342352496291,1.2234235249629095e-05,1.3019298964147914
4381,rho_b,0.0008951,0.0008898574925949421,5.242507405057886e-06,0.585689576494357
4382,rho_b,0.0011613,0.0011653454001862185,4.0454001862184116e-06,0.3483510016993801
4383,rho_b,0.0010695,0.0010632481675440365,6.2518324559634065e-06,0.5845565638258852
4384,rho_b,0.0009392,0.000941401488329636,2.2014883296360204e-06,0.23440037556346005
4385,rho_b,0.000746,0.0007374737490211745,8.526250978825524e-06,1.1429290841013717
4386,rho_b,0.000617,0.0006077143950802546,9.285604919745415e-06,1.504960276287814
4387,rho_b,0.00048,0.00048429023584823966,4.290235848239648e-06,0.8937991331878451
4388,rho_b,0.000484,0.0004882976700366345,4.297670036634523e-06,0.8879483528419503
4389,rho_b,0.000457,0.0004534409518130081,3.55904818699187e-06,0.7787851595632426
4390,rho_b,0.00046,0.00047250111934947465,1.2501119349474633e-05,2.7176346352822365
4391,rho_b,0.000476,0.00048141127251093483,5.411272510934804e-06,1.136821953690459
4392,rho_b,0.000487,0.0004912789362554114,4.278936255411336e-06,0.878631672818279
4393,rho_b,0.000506,0.0005140987216621718,8.098721662171755e-06,1.600537874736438
4394,rho_b,0.00053,0.000533893774389428,3.893774389428055e-06,0.7346744117134549
4395,rho_b,0.000532,0.0005338970788004297,1.8970788004296678e-06,0.3565937588089718
4396,rho_b,0.000533,0.000535637536649433,2.637536649432895e-06,0.4948474004661202
4397,rho_b,0.000547,0.0005518832921806314,4.883292180631483e-06,0.892740799214639
4398,rho_b,0.000531,0.0005372086407672725,6.208640767272526e-06,1.1692355471902394
4399,rho_b,0.000503,0.0005136645623044478,1.0664562304447869e-05,2.1201913087964126
4400,rho_b,0.000393,0.00041072037572527115,1.772037572527114e-05,4.509001445338709
4401,rho_b,0.000533,0.000511158133295187,2.1841866704813044e-05,4.09791119396509
4402,rho_b,0.000371,0.0003199017406311581,5.1098259368841906e-05,13.77311569571718
4403,rho_b,0.000417,0.0003982981693318855,1.8701830668114516e-05,4.484851468409113
4404,rho_b,0.000463,0.0004600812008181249,2.9187991818750572e-06,0.6304101891081977
4405,rho_b,0.00051,0.0005008739172346485,9.126082765351573e-06,1.7894279896975083
4406,rho_b,0.000452,0.00044994283033334044,2.057169666659544e-06,0.45512603143988584
4407,rho_b,0.00044,0.0004441760035452048,4.176003545204761e-06,0.9490917126622372
4408,rho_b,0.000565,0.0005759393993994027,1.0939399399402723e-05,1.9361768814231777
4409,rho_b,0.000612,0.000612279458625595,2.794586255950226e-07,0.04566317404222073
4410,rho_b,0.000607,0.0006091304918595917,2.13049185959172e-06,0.3509871262078828
4411,rho_b,0.00074,0.0007367446550848563,3.2553449151437232e-06,0.4399114744249471
4412,rho_b,0.000674,0.0006729494906297664,1.0505093702336534e-06,0.15586192413576175
4413,rho_b,0.000727,0.0007186416587578303,8.358341242169698e-06,1.1497030578641907
4414,rho_b,0.000548,0.0005600703728623176,1.2070372862317612e-05,2.2026227810750703
4415,rho_b,0.000424,0.0004436632198354763,1.966321983547627e-05,4.637551837052064
4416,rho_b,0.00062576,0.0006380132125923911,1.2253212592391004e-05,1.958132922016376
4417,rho_b,0.00062576,0.0006370504918041545,1.129049180415443e-05,1.8042846756123085
4418,rho_b,0.00062576,0.0006329099212805079,7.1499212805078505e-06,1.1425980038803807
4419,rho_b,0.00062576,0.0006319918724563281,6.231872456328091e-06,0.9958885908925474
4420,rho_b,0.00062576,0.0006319029370632302,6.142937063230176e-06,0.9816762102744524
4421,rho_b,0.00062576,0.0006318649944500985,6.104994450098489e-06,0.9756127653321338
4422,rho_b,0.00062576,0.0006317586708153992,5.998670815399111e-06,0.9586216450097312
4423,rho_b,0.00062576,0.0006320136031876618,6.25360318766172e-06,0.9993612851042104
4424,rho_b,0.00062576,0.0006321478465213595,6.387846521359471e-06,1.020814131799944
4425,rho_b,0.00062576,0.0006321073208892909,6.347320889290805e-06,1.0143379057701716
4426,rho_b,0.00062576,0.0006321470351975682,6.387035197568118e-06,1.0206844776529775
4427,rho_b,0.00064965,0.0006483603653178848,1.289634682115153e-06,0.1985122266035605
4428,rho_b,0.000715,0.0007171489657280377,2.1489657280376797e-06,0.300554646857641
4429,rho_b,0.000617,0.0006077143950802546,9.285604919745415e-06,1.504960276287814
4430,rho_b,0.000632,0.0006353633327654969,3.363332765496949e-06,0.5321729050910159
4431,rho_b,0.000519,0.0005310332432598276,1.203324325982759e-05,2.318543976231628
4432,rho_b,0.0005108,0.0005172326809476718,6.432680947671848e-06,1.2593345605087123
4433,rho_b,0.0003434,0.0003569282348778721,1.3528234877872099e-05,3.939497623318906
4434,rho_b,0.0005004,0.0004968627135587553,3.5372864412447098e-06,0.7068917734164253
4435,rho_b,0.0004739,0.0004868415909875099,1.294159098750989e-05,2.73086958434294
4436,rho_b,0.000566,0.0005707404706626043,4.7404706626043075e-06,0.8375389848460986
4437,rho_b,0.0005347,0.0005336782205178365,1.021779482163524e-06,0.19109397423837368
4438,rho_b,0.0005389,0.0005350616358292207,3.838364170779293e-06,0.7122590765738916
4439,rho_b,0.000579,0.0005815124781465112,2.512478146511187e-06,0.43393404873434316
4440,rho_b,0.000568,0.000573431729887939,5.431729887939011e-06,0.9562904715450891
4441,rho_b,0.000639,0.0006453754557433544,6.375455743354384e-06,0.9977239019369553
4442,rho_b,0.0006059,0.0006097189968724435,3.818996872443476e-06,0.6303015128140718
4443,rho_b,0.000686,0.0006818956588605226,4.104341139477344e-06,0.5983004567776005
4444,rho_b,0.000814,0.0008199341685865585,5.934168586558424e-06,0.7290133389764485
4445,rho_b,0.000734,0.0007288732691896477,5.126730810352275e-06,0.6984646871073064
4446,rho_b,0.000705,0.0007019703799693223,3.029620030677721e-06,0.4297333370752323
4447,rho_b,0.0006567,0.0006618057058975263,5.105705897526344e-06,0.7774791974648322
4448,rho_b,0.0006393,0.0006461598704701359,6.859870470135869e-06,1.0730283840772072
4449,rho_b,0.000642,0.0006515872537865214,9.587253786521449e-06,1.4933417089700984
4450,rho_b,0.0006587,0.0006603186319798272,1.6186319798271913e-06,0.24573128546681014
4451,rho_b,0.000608,0.0006144312477634682,6.431247763468155e-06,1.05777101198856
4452,rho_b,0.0006607,0.0006640798911768047,3.379891176804738e-06,0.511562157059046
4453,rho_b,0.0006382,0.0006486542258722619,1.0454225872261885e-05,1.6380798896711197
4454,rho_b,0.000616,0.0006140330905579157,1.9669094420843043e-06,0.3193034803394918
4455,rho_b,0.0006045,0.0006100087691319838,5.508769131983785e-06,0.9112934860001407
4456,rho_b,0.000628,0.0006418501026313844,1.385010263138444e-05,2.205430351804162
4457,rho_b,0.0006931,0.0006945981719351411,1.498171935141097e-06,0.21615523488378943
4458,rho_b,0.000604,0.0005940794578360256,9.920542163974482e-06,1.642473865488368
4459,rho_b,0.000673,0.0006661515109823629,6.848489017637093e-06,1.0176060932334372
4460,rho_b,0.000589,0.0005848220245242351,4.177975475764899e-06,0.7093336958695352
4461,rho_b,0.000418,0.0004217733215537201,3.773321553720058e-06,0.9027085035150653
4462,rho_b,0.000487,0.000490485747923434,3.4857479234340263e-06,0.7157593257241135
4463,rho_b,0.000688,0.0006847808242829631,3.219175717036893e-06,0.4679034465636422
4464,rho_b,0.000562,0.000561500145935923,4.998540640769981e-07,0.08894200412590358
4465,rho_b,0.000674,0.0006687555976216536,5.2444023783464145e-06,0.7781012419236502
4466,rho_b,0.000605,0.0005999193602857006,5.080639714299408e-06,0.8397751580002739
4467,rho_b,0.0006,0.0005946249973273618,5.375002672638107e-06,0.8958337772799616
4468,rho_b,0.000669,0.0006633600728250807,5.639927174919297e-06,0.8430384404318255
4469,rho_b,0.000729,0.0007216098241172348,7.390175882765297e-06,1.0137415463138384
4470,rho_b,0.00092603,0.0009320804281145923,6.050428114592345e-06,0.6533727965679964
4471,rho_b,0.00089431,0.0008930822583546537,1.2277416453463936e-06,0.1372836761272441
4472,rho_b,0.00085864,0.0008656125214190626,6.972521419062604e-06,0.812042463773197
4473,rho_b,0.00085091,0.0008433605124901905,7.5494875098094634e-06,0.887225147305498
4474,rho_b,0.00079583,0.0008021985357051513,6.368535705151331e-06,0.8002382037808262
4475,rho_b,0.00072906,0.0007242492948200731,4.810705179926879e-06,0.6598503790261947
4476,rho_b,0.00065061,0.0006531937322100591,2.58373221005909e-06,0.39712457633418546
4477,rho_b,0.0010508,0.001046138917666927,4.661082333072856e-06,0.44357464109603256
4478,rho_b,0.0009738,0.000977721692102107,3.921692102106899e-06,0.40272048655572956
4479,rho_b,0.0009412,0.0009458665474488439,4.6665474488439196e-06,0.4958082707061025
4480,rho_b,0.0009379,0.0009357681126132908,2.1318873867091958e-06,0.22730433782238538
4481,rho_b,0.0008889,0.0008827941769795207,6.1058230204793064e-06,0.6868965028248781
4482,rho_b,0.000767,0.0007673167899740304,3.167899740304063e-07,0.041302473744117545
4483,rho_b,0.0006949,0.0006987942346968108,3.89423469681076e-06,0.5604021717091291
4484,rho_b,0.001665,0.0016475995751143808,1.740042488561919e-05,1.0450705630731822
4485,rho_b,0.00161,0.0016340828974745702,2.408289747457006e-05,1.4958321403485553
4486,rho_b,0.00164,0.0016438497353237049,3.849735323704917e-06,0.2347399586193608
4487,rho_b,0.0016309,0.001643230957204094,1.2330957204094049e-05,0.7560829723792519
4488,rho_b,0.00157,0.0015774388091005336,7.438809100533553e-06,0.4738094965474814
4489,rho_b,0.0014699,0.0014757860601170923,5.8860601170923794e-06,0.4004394933728815
4490,rho_b,0.00142,0.001415676231875521,4.32376812447904e-06,0.30449071277705164
4491,rho_b,0.0012256,0.0012301023625039232,4.502362503923125e-06,0.3673598645764953
4492,rho_b,0.00127,0.0012558854878865406,1.4114512113459462e-05,1.1113789056965095
4493,rho_b,0.0010004,0.001001318519734493,9.18519734492999e-07,0.09181524725858121
4494,rho_b,0.000882,0.0008745284019909583,7.4715980090416965e-06,0.8471199547132083
4495,rho_b,0.000811,0.0008187544894247024,7.754489424702379e-06,0.9561639229520025
4496,rho_b,0.0004784,0.0004823950891677314,3.995089167731431e-06,0.8350938878303705
4497,rho_b,0.0005061,0.0005130048685985009,6.904868598500919e-06,1.364328904338595
4498,rho_b,0.00051,0.000512971758150516,2.9717581505159414e-06,0.5826976754292087
4500,rho_b,0.0004928,0.0004907519800186696,2.048019981330438e-06,0.41558846939418687
4501,rho_b,0.0005001,0.0004962429348596205,3.857065140379433e-06,0.7712587747784134
4502,rho_b,0.0004901,0.0004910722069809832,9.722069809831512e-07,0.19836910406028568
4503,rho_b,0.0004837,0.0004901022575764872,6.402257576487236e-06,1.3236009020573138
4504,rho_b,0.0005,0.0004935097561555189,6.49024384448112e-06,1.2980487663001266
4505,rho_b,0.00051,0.0005132243705862957,3.2243705862956135e-06,0.6322295254849644
4507,rho_b,0.0004929,0.0004908087338403072,2.0912661596927734e-06,0.4242779783830379
4517,rho_b,0.000459,0.00046175905002294787,2.7590500229478796e-06,0.6011002215548753
4526,rho_b,0.000455,0.0004501776220688168,4.822377931183177e-06,1.0598632792493503
4528,rho_b,0.000457,0.00045332678285947537,3.6732171405246265e-06,0.8037674250518495
4530,rho_b,0.000473,0.0004763483932154413,3.348393215441296e-06,0.7079055408799664
4531,rho_b,0.00049,0.0004852561323199939,4.743867680006111e-06,0.9681362592499486
4532,rho_b,0.000477,0.0004773680410614578,3.680410614578301e-07,0.07715745507049382
4533,rho_b,0.000465,0.0004740099401407029,9.009940140702899e-06,1.9376215314681038
4534,rho_b,0.000459,0.00046175905002294787,2.7590500229478796e-06,0.6011002215548753
4535,rho_b,0.0002999,0.00030307294961384994,3.172949613849919e-06,1.0580025352683873
4536,rho_b,0.000344,0.0003463498735259725,2.34987352597249e-06,0.6831027671922856
4537,rho_b,0.000354,0.00035228252314801263,1.7174768519873508e-06,0.4851629511682829
4538,rho_b,0.000344,0.0003462703038318053,2.2703038318052727e-06,0.6599720422109163
4539,rho_b,0.0003321,0.00032297472972058557,9.125270279414428e-06,2.747747742227326
4540,rho_b,0.000322,0.0003143890478314793,7.6109521685206955e-06,2.3636497344360863
4541,rho_b,0.0003401,0.0003479634201979399,7.863420197939854e-06,2.312090613001749
4542,rho_b,0.0003641,0.0003673551005690314,3.2551005690313693e-06,0.8940127877207474
4547,rho_b,0.000348,0.0003519100571773118,3.910057177311803e-06,1.1235796454241398
4549,rho_b,0.0003683,0.0003691524623478632,8.524623478631992e-07,0.23145868736047034
4552,rho_b,0.0003723,0.00037492616460456385,2.6261646045638506e-06,0.7053893627477725
4553,rho_b,0.000348,0.00035377155742523684,5.771557425236838e-06,1.6584935082333054
4555,rho_b,0.0003633,0.00036809046988163616,4.790469881636164e-06,1.3185989178227842
4557,rho_b,0.000369,0.00037332567138751794,4.325671387517911e-06,1.172268665527161
4559,rho_b,0.0003641,0.0003673551005690314,3.2551005690313693e-06,0.8940127877207474
4560,rho_b,0.00053,0.0005361842163702022,6.184216370202253e-06,1.1668332751950794
4561,rho_b,0.000486,0.000490667105603504,4.667105603503997e-06,0.9603097929837241
4562,rho_b,0.000459,0.00046175905002294787,2.7590500229478796e-06,0.6011002215548753
4563,rho_b,0.000534,0.0005335750957344209,4.2490426557903645e-07,0.07957008703807783
4564,rho_b,0.000505,0.0005053774597321076,3.774597321076073e-07,0.07474450125943807
4565,rho_b,0.000502,0.0004887008315757631,1.3299168424236833e-05,2.64923673261842
4566,rho_b,0.000495,0.0004848007494732536,1.019925052674639e-05,2.060454647705423
4567,rho_b,0.000449,0.00045174748978727856,2.747489787278544e-06,0.6119130915722524
4568,rho_b,0.000447,0.00044910207129768184,2.1020712976818168e-06,0.47026203422353385
4569,rho_b,0.0004592,0.00046175905002294787,2.5590500229478747e-06,0.5572844114492662
4570,rho_b,0.0011451,0.0011484771131527309,3.377113152730829e-06,0.2949186228086318
4571,rho_b,0.001125,0.0011268765207297755,1.8765207297755365e-06,0.16680184249844607
4572,rho_b,0.0011863,0.0011916182564247362,5.318256424736295e-06,0.44830619744189776
4573,rho_b,0.0010201,0.0010203799922418955,2.7999224189558317e-07,0.027447528832576014
4574,rho_b,0.0009151,0.000920131669873049,5.031669873049025e-06,0.5498491823353222
4575,rho_b,0.0008256,0.0008360907522538203,1.049075225382026e-05,1.2706821997472673
4576,rho_b,0.0007121,0.0007104656595025634,1.6343404974365934e-06,0.2295099698274812
4577,rho_b,0.0006881,0.0006878892729128873,2.1072708711268508e-07,0.030624485802418288
4578,rho_b,0.0005416,0.0005370140938770875,4.585906122912581e-06,0.8467330344248986
4579,rho_b,0.0005083,0.0005103013314895646,2.001331489564595e-06,0.3937303729347415
4580,rho_b,0.0004771,0.00047528288949557664,1.8171105044233605e-06,0.3808657515436393
4581,rho_b,0.0004607,0.0004644848121084051,3.7848121084051037e-06,0.8215350770978409
4582,rho_b,0.0004155,0.00041232238626516624,3.1776137348337743e-06,0.7647686467355205
4583,rho_b,7.6e-05,6.144874139290841e-05,1.4551258607091596e-05,19.14639265214167
4584,rho_b,0.000162,0.00022338740974656092,6.138740974656091e-05,37.89346257260882
4585,rho_b,0.000188,0.00022181539340007151,3.3815393400071526e-05,17.98691128734171
4586,rho_b,0.000245,0.00026952569827826903,2.4525698278269042e-05,10.010489052311899
4587,rho_b,0.000348,0.0003556419418708723,7.641941870872274e-06,2.195960301411687
4588,rho_b,0.000382,0.00038334335376227535,1.3433537622753369e-06,0.35166328763316856
4589,rho_b,0.000296,0.0002920867318373046,3.9132681626953656e-06,1.3220500504982653
4590,rho_b,0.0003439,0.0003492866190461047,5.386619046104707e-06,1.5663329544755387
4591,rho_b,0.0003449,0.000357749885511775,1.2849885511775016e-05,3.7256843938875535
4592,rho_b,0.0003643,0.0003737561111957533,9.45611119575326e-06,2.5956934311820823
4593,rho_b,0.0003817,0.00039645702239537073,1.4757022395370722e-05,3.8661310863792013
4594,rho_b,0.00044,0.0004297190735982006,1.0280926401799392e-05,2.3365741769167387
4595,rho_b,0.00045,0.00044215056261166926,7.849437388330726e-06,1.7443194157527848
4597,rho_b,0.00024,0.00026439151674100046,2.4391516741000457e-05,10.163131933070474
4599,rho_b,0.000448,0.00044375602754211704,4.243972457882957e-06,0.9473152786629028
4601,rho_b,0.000406,0.0004040020934220727,1.9979065779273135e-06,0.49209521502619735
4602,rho_b,0.000414,0.0004115077255876829,2.4922744123170772e-06,0.6019986488640316
4603,rho_b,0.000332,0.00033227741063080916,2.774106308091654e-07,0.08355741866674433
4604,rho_b,0.003088,0.0030542435908160956,3.3756409183904445e-05,1.0931479654460157
4605,rho_b,0.004101,0.004116625257232272,1.5625257232272823e-05,0.3810109053514439
4606,rho_b,0.003858,0.003855860797141876,2.1392028581239224e-06,0.055448492938554625
4607,rho_b,0.003414,0.003444437295522295,3.0437295522294915e-05,0.8915435124012736
4608,rho_b,0.002981,0.0030532235218603777,7.222352186037756e-05,2.4227950968181684
4609,rho_b,0.002705,0.002723696413956521,1.8696413956520875e-05,0.6911798132942357
4610,rho_b,0.0007779,0.0007638854534967401,1.4014546503259874e-05,1.8015871558354548
4611,rho_b,0.00093014,0.0009352629259467546,5.122925946754583e-06,0.5507693402333939
4612,rho_b,0.0010701,0.001075811550474321,5.711550474320898e-06,0.5337398812245117
4613,rho_b,1e-06,1.624749019720883e-05,1.5247490197208828e-05,1524.7474949733878
4614,rho_b,0.00066044,0.0006619418340445037,1.5018340445037068e-06,0.22739901311697
4615,rho_b,0.00165,0.0016479503714183308,2.0496285816691984e-06,0.12421991396527268
4616,rho_b,0.0015,0.0015063399356819102,6.339935681910162e-06,0.42266237851223587
4617,rho_b,0.00152,0.0015205374852815903,5.374852815901929e-07,0.035360873765564745
4619,rho_b,0.00155,0.0015423481503567334,7.651849643266562e-06,0.4936677186019281
4622,rho_b,0.00171,0.001725000840702184,1.5000840702184123e-05,0.8772421458135499
4623,rho_b,0.00165,0.0016479503714183308,2.0496285816691984e-06,0.12421991396527268
4624,rho_b,0.0015,0.001506550888926313,6.550888926312899e-06,0.43672592812970934
4625,rho_b,0.00054,0.0005510148939881093,1.101489398810929e-05,2.0397951792058033
4626,rho_b,0.00106,0.0010615186326656872,1.518632665687249e-06,0.14326723247684686
4627,rho_b,0.00101,0.0010185681488777117,8.568148877711622e-06,0.8483315712107233
4628,rho_b,0.00107,0.0010699350969332032,6.490306679683006e-08,0.006065707171604952
4629,rho_b,0.00156,0.0015702541350795175,1.0254135079517572e-05,0.6573163508297698
4630,rho_b,0.0015,0.0015056878193796626,5.687819379662524e-06,0.37918795839137626
4631,rho_b,0.000852,0.0008544740745535845,2.474074553584474e-06,0.29038433693434634
4632,rho_b,0.000902,0.0009200391491937896,1.803914919378956e-05,1.9999056733692353
4633,rho_b,0.001149,0.0011490431616160434,4.3161616043382867e-08,0.003756450479183495
4634,rho_b,0.001155,0.0011507167318446782,4.28326815532184e-06,0.3708457274124141
4635,rho_b,0.00127,0.0012755955950801087,5.5955950801086195e-06,0.4405980374569007
4636,rho_b,0.001391,0.0013921390367938595,1.1390367938594534e-06,0.08188618210212735
4637,rho_b,0.001477,0.0014763824892564197,6.175107435803066e-07,0.041808445711727975
4638,rho_b,0.001682,0.001685609387208829,3.60938720882914e-06,0.21458901347700654
4639,rho_b,0.001674,0.0016859049778771011,1.1904977877101207e-05,0.7111695262837223
4640,rho_b,0.001666,0.0016377756036694844,2.8224396330515586e-05,1.6941414353886057
4641,rho_b,0.00165,0.0016371172821818838,1.288271781811623e-05,0.7807707763823346
4642,rho_b,0.00163,0.001626910447064078,3.089552935921832e-06,0.18954312478689575
4643,rho_b,0.001609,0.001604383236720494,4.6167632795060445e-06,0.286933702712039
4644,rho_b,0.0016,0.0016053607674401107,5.360767440110636e-06,0.33504796479750976
4645,rho_b,0.001577,0.0015775637786827126,5.637786827125766e-07,0.03575007497495725
4646,rho_b,0.001566,0.0015777506740662704,1.1750674066270507e-05,0.7503623281460335
4647,rho_b,0.001539,0.0015269322691391402,1.2067730860859834e-05,0.7841280606249872
4648,rho_b,0.001532,0.001526776272621668,5.223727378331992e-06,0.34097437173121725
4649,rho_b,0.0004619,0.00048005855202135506,1.8158552021355057e-05,3.931273431920832
4650,rho_b,0.0007014,0.0007025870678130696,1.1870678130695457e-06,0.16924263064971762
4651,rho_b,0.0016832,0.0016804047512425481,2.795248757451801e-06,0.1660675353963359
4653,rho_b,0.0015938,0.0015949043868580702,1.1043868580701364e-06,0.06929268775111115
4654,rho_b,0.000677,0.0006813391993496607,4.339199349660708e-06,0.6409452501109683
4655,rho_b,0.0013384,0.0013348663798168194,3.5336201831806437e-06,0.264018244212527
4656,rho_b,0.0007331,0.0007553637421529918,2.2263742152991853e-05,3.0369311311720835
4657,rho_b,0.0014098,0.0014287683531972752,1.8968353197275313e-05,1.3454641214229446
4658,rho_b,0.0007436,0.0007562738245175397,1.2673824517539685e-05,1.7043873723098186
4659,rho_b,0.0005556,0.0005628104200326683,7.210420032668376e-06,1.2977717818017744
4660,rho_b,0.0005777,0.000578529891836179,8.298918361789509e-07,0.14365446334471288
4661,rho_b,0.0003878,0.00038065029696513863,7.149703034861361e-06,1.8436573018114462
4662,rho_b,0.0013384,0.0013348663798168194,3.5336201831806437e-06,0.264018244212527
4663,rho_b,0.00054,0.0005510148939881093,1.101489398810929e-05,2.0397951792058033
4664,rho_b,0.0009525,0.0009666862209715329,1.4186220971532863e-05,1.4893670295684192
4665,rho_b,0.00074165,0.0007475979239028405,5.947923902840588e-06,0.8019852888587252
4666,rho_b,0.0006405,0.000664330151320441,2.3830151320440953e-05,3.7205544548376905
4667,rho_b,0.000665,0.000678194876178428,1.3194876178427998e-05,1.9841919035467788
4668,rho_b,0.00136,0.001349259759892678,1.0740240107322014e-05,0.7897235367224101
4669,rho_b,0.00104,0.001030223324137387,9.776675862612806e-06,0.9400649858857844
4670,rho_b,0.0010718,0.0010778608779946264,6.060877994626445e-06,0.5654859105217005
4671,rho_b,0.0008514,0.0008544740745535845,3.0740745535844886e-06,0.36106114047144433
4672,rho_b,0.0009141,0.0009168698059419323,2.7698059419322373e-06,0.30300907328543336
4673,rho_b,0.0009478,0.0009491763819367407,1.3763819367406793e-06,0.1452186046938693
4674,rho_b,0.0010141,0.001013711896568728,3.8810343127204834e-07,0.03827072585438725
4675,rho_b,0.0010704,0.0010744564839419012,4.056483941901204e-06,0.3789689777757394
4676,rho_b,0.0011613,0.0011653454001862185,4.0454001862184116e-06,0.3483510016993801
4677,rho_b,0.0010233,0.0010281251416531744,4.8251416531744015e-06,0.47152757240878784
4678,rho_b,0.0010517,0.0010524576683732818,7.576683732817349e-07,0.07204225278704121
4679,rho_b,0.0010909,0.0010953864742369937,4.486474236993802e-06,0.41126356521048374
4680,rho_b,0.0010704,0.0010744564839419012,4.056483941901204e-06,0.3789689777757394
4681,rho_b,0.00195,0.0019646631097558365,1.4663109755836626e-05,0.7519543460675427
4682,rho_b,0.001883,0.0018934957595138063,1.0495759513806354e-05,0.55739561913077
4683,rho_b,0.001801,0.0017804062695536515,2.0593730446348546e-05,1.1434608792289804
4684,rho_b,0.00175,0.0017515548674851371,1.5548674851370743e-06,0.0888495705284902
4685,rho_b,0.001684,0.0016782633901675555,5.736609832444417e-06,0.3406537903229145
4686,rho_b,0.001583,0.0015928713034289983,9.871303428998345e-06,0.6235820229161418
4687,rho_b,0.001517,0.0014947485421573634,2.2251457842636458e-05,1.4668067124567168
4688,rho_b,0.0014,0.0014253933591919276,2.5393359191927577e-05,1.8138113695563902
4689,rho_b,0.0013,0.001291224657757631,8.775342242368922e-06,0.67502632581682
4690,rho_b,0.0012,0.0012073772015043357,7.377201504335821e-06,0.6147667915156795
4691,rho_b,0.00105,0.001041603273445902,8.396726554097842e-06,0.7996882424858057
4692,rho_b,0.0009515,0.0009442367876735773,7.263212326422694e-06,0.7633433861050195
4693,rho_b,0.0008832,0.0008848384479980433,1.6384479980432716e-06,0.18551268072782437
4694,rho_b,0.0011613,0.0011653454001862185,4.0454001862184116e-06,0.3483510016993801
4695,rho_b,0.0011288,0.0011240943925970959,4.705607402904046e-06,0.41686812533091466
4696,rho_b,0.0010183,0.0010208153190102314,2.5153190102314513e-06,0.24701158870287102
4697,rho_b,0.0009743,0.0009730422851749507,1.2577148250492555e-06,0.12908907151373958
4698,rho_b,0.0008514,0.0008544740745535845,3.0740745535844886e-06,0.36106114047144433
4699,rho_b,0.0019455,0.0019475987083114458,2.0987083114458113e-06,0.10787500952799081
4700,rho_b,0.001743,0.0017268947236099429,1.610527639005709e-05,0.9239974974651243
4701,rho_b,0.0012953,0.0012932520884615635,2.0479115384365587e-06,0.1581032607778527
4702,rho_b,0.0012191,0.0012198755841205094,7.755841205092911e-07,0.06361940118719522
4703,rho_b,0.0012105,0.00121893170457057,8.431704570570006e-06,0.6965472584555583
4704,rho_b,0.0011411,0.0011325149502525536,8.58504974744637e-06,0.7523485881976062
4705,rho_b,0.0009354,0.0009392370214832518,3.837021483251834e-06,0.41020114166664773
4706,rho_b,0.0008732,0.000876984628184659,3.7846281846590788e-06,0.4334205428681715
4707,rho_b,0.0012615,0.0012582647692280183,3.235230771981689e-06,0.2564590384000871
4708,rho_b,0.0008309,0.0008479743010647122,1.7074301064712175e-05,2.054916481425323
4709,rho_b,0.0009848,0.0009861612900165227,1.3612900165225865e-06,0.13823009901911915
4710,rho_b,0.0011736,0.0011617563864956785,1.1843613504321443e-05,1.00916952063989
4711,rho_b,0.0012241,0.001216659769759471,7.440230240529167e-06,0.6078122893922917
4712,rho_b,0.0006957,0.0007057002336443073,1.000023364430727e-05,1.437434760663062
4713,rho_b,0.0009383,0.0009368179541505469,1.482045849453056e-06,0.15795010634909465
4714,rho_b,0.0010872,0.00109276254839595,5.562548395949933e-06,0.5116398446314877
4715,rho_b,0.0005217,0.0005289464884414574,7.246488441457343e-06,1.3890144580347321
4716,rho_b,0.00065272,0.0006570976870984672,4.377687098467277e-06,0.670683768194699
4717,rho_b,0.00070018,0.0006974787530987514,2.7012469012486053e-06,0.3857932099446818
4718,rho_b,0.00080205,0.0008003996333162185,1.6503666837814962e-06,0.2057685532976511
4719,rho_b,0.00075426,0.0007657820499274773,1.152204992747733e-05,1.5275965730916878
4720,rho_b,0.00088024,0.0008756750996438128,4.564900356187262e-06,0.5185972406390632
4721,rho_b,0.00077766,0.0007757312003330214,1.928799666978576e-06,0.24802608652860053
4722,rho_b,0.00082603,0.0008350568925921182,9.026892592118251e-06,1.0928044479244345
4723,rho_b,0.0008146,0.0008228122279509703,8.212227950970337e-06,1.008130117958389
4724,rho_b,0.00073504,0.0007469684626485259,1.192846264852596e-05,1.6228317686517255
4725,rho_b,0.0010211,0.0010214856202482969,3.8562024829683246e-07,0.03776517950437574
4726,rho_b,0.0011435,0.0011255013508587246,1.7998649141275427e-05,1.573996425495012
4728,rho_b,0.0010687,0.0010579758633184973,1.0724136681502638e-05,1.0034749388479358
4729,rho_b,0.001858,0.0018442655647258675,1.3734435274132548e-05,0.7392053426663344
4730,rho_b,0.00166,0.0016325248182710677,2.7475181728932362e-05,1.6551314284566896
4731,rho_b,0.001557,0.0015339607435004413,2.303925649955866e-05,1.479721033061108
4732,rho_b,0.00144,0.0014325117020952854,7.488297904714725e-06,0.5200206874662859
4733,rho_b,0.00103,0.001040729227539979,1.072922753997895e-05,1.0416725756856526
4734,rho_b,0.001001,0.0010174294237285542,1.6429423728554294e-05,1.6413010701439845
4735,rho_b,0.000787,0.0007942286037460293,7.2286037460292645e-06,0.9185011101453943
4736,rho_b,0.00065,0.0006405187426156873,9.481257384312634e-06,1.4586549799578592
4737,rho_b,0.00251,0.0024897674187017264,2.023258129827364e-05,0.8060789358650539
4738,rho_b,0.002483,0.002488994079879717,5.994079879717042e-06,0.24140474737426476
4739,rho_b,0.00249,0.002498705902909864,8.705902909863974e-06,0.3496346548742019
4740,rho_b,0.002377,0.0023948785942070525,1.7878594207052304e-05,0.7521495245911152
4741,rho_b,0.002568,0.002527023774081977,4.0976225918022864e-05,1.5956474260929279
4742,rho_b,0.002152,0.0021544214132767567,2.4214132767568473e-06,0.11251920425797655
4743,rho_b,0.00251,0.0025133924526537293,3.3924526537292346e-06,0.13515747619034502
4744,rho_b,0.0022931,0.0022854385579162877,7.661442083712472e-06,0.3341085029162002
4745,rho_b,0.0018691,0.001884123420435237,1.5023420435237049e-05,0.8037783118719847
4746,rho_b,0.0022751,0.0022463405361725277,2.8759463827472253e-05,1.2640966909072695
4747,rho_b,0.0022,0.002186126971092956,1.3873028907044043e-05,0.6305922227608236
4748,rho_b,0.0021401,0.0021358430392578558,4.256960742144052e-06,0.19891410402106963
4749,rho_b,0.0021561,0.0021819260542917203,2.5826054291720052e-05,1.1978133797014014
4750,rho_b,0.0020671,0.0020502719430438984,1.682805695610171e-05,0.8140901237463503
4751,rho_b,0.0020171,0.0020502754800488755,3.317548004887552e-05,1.6447117164458087
4752,rho_b,0.0022211,0.0021835027064276407,3.7597293572359455e-05,1.6927330401797362
4753,rho_b,0.00215,0.0021336232462482174,1.637675375178258e-05,0.7617094764728133
4754,rho_b,0.0021251,0.002134576499907108,9.476499907107912e-06,0.4459319515622132
4755,rho_b,0.0021471,0.002131362633243233,1.5737366756766926e-05,0.7329591891126326
4756,rho_b,0.0020651,0.0020490524724805026,1.6047527519497205e-05,0.7770823452484811
4757,rho_b,0.0021701,0.0021729282866358324,2.828286635832549e-06,0.13032978362883052
4758,rho_b,0.0020251,0.0020411632629523018,1.6063262952301614e-05,0.7932083820240743
4759,rho_b,0.0020081,0.00203975850414574,3.165850414573986e-05,1.5765402186133388
4760,rho_b,0.0019501,0.0019478882287895583,2.211771210441655e-06,0.11341834825431883
4761,rho_b,0.0022301,0.0022434324470672166,1.3332447067216594e-05,0.5978407722182049
4762,rho_b,0.0018621,0.001844427299746857,1.7672700253143058e-05,0.9490736396354826
4763,rho_b,0.0020061,0.0020408471793892935,3.474717938929369e-05,1.7320761363826793
4765,rho_b,0.0020451,0.0020483908974589637,3.2908974589634585e-06,0.16091621228078315
4766,rho_b,0.002146,0.002125185621185235,2.081437881476479e-05,0.9699151353711853
4768,rho_b,0.0022931,0.002285848423819923,7.2515761800769594e-06,0.3162346246092457
4769,rho_b,0.001869,0.0018831641819438663,1.4164181943866327e-05,0.7578481506842079
4770,rho_b,0.002483,0.002488994079879717,5.994079879717042e-06,0.24140474737426476
4772,rho_b,0.001253,0.0012651788229840074,1.217882298400739e-05,0.9719731024970198
4773,rho_b,0.000506,0.0005142152185313488,8.215218531348726e-06,1.6235609713662285
4774,rho_b,0.000652,0.0006562350559661098,4.235055966109787e-06,0.6495484600635434
4775,rho_b,0.000703,0.000693796021155675,9.203978844324985e-06,1.3092430769889836
4776,rho_b,0.000747,0.0007408179038409779,6.182096159022127e-06,0.8275898461507668
4777,rho_b,0.000791,0.0007889652930613275,2.0347069386725735e-06,0.25723222959548053
4778,rho_b,0.000854,0.0008570448666630163,3.0448666630162073e-06,0.35654176340173177
4779,rho_b,0.000916,0.000915909034869139,9.09651308610886e-08,0.009930691131198875
4780,rho_b,0.001,0.000993452720230426,6.5472797695740204e-06,0.6547279763026741
4781,rho_b,0.001058,0.0010541582355156954,3.841764484304507e-06,0.3631157354133601
4782,rho_b,0.001255,0.0012590356100559217,4.035610055921684e-06,0.3215625540004827
4783,rho_b,0.0013,0.0012856996893935461,1.4300310606453828e-05,1.1000238919579686
4784,rho_b,0.002687,0.002709494594144186,2.2494594144185746e-05,0.8371639053150021
4785,rho_b,0.0017625,0.0017782006372670308,1.5700637267030814e-05,0.8908162983332001
4786,rho_b,0.001915,0.0019142007242661555,7.992757338445063e-07,0.04173763621029399
4787,rho_b,0.00206,0.0020522657364143385,7.73426358566167e-06,0.37544968844209575
4788,rho_b,0.002205,0.002188186222176337,1.6813777823662755e-05,0.7625296061694993
4789,rho_b,0.00235,0.002333461192520578,1.6538807479422272e-05,0.703779041378063
4790,rho_b,0.0024975,0.002465723523945456,3.177647605454416e-05,1.2723313730458798
4791,rho_b,0.000683,0.0006746702394285548,8.329760571445187e-06,1.2195842692898016
4792,rho_b,0.000745,0.0007409245559564979,4.07544404350214e-06,0.5470394681921806
4793,rho_b,0.0005781,0.0005843204035474027,6.220403547402666e-06,1.076008222909978
4794,rho_b,0.000751,0.0007588626701161975,7.862670116197423e-06,1.0469600673405888
4795,rho_b,0.000885,0.0008907372511418487,5.737251141848653e-06,0.6482769644481224
4796,rho_b,0.004316,0.004199656153742504,0.00011634384625749603,2.6956405521441056
4797,rho_b,0.0014,0.0014102811874791093,1.0281187479109282e-05,0.7343705336975412
4798,rho_b,0.000759,0.0007666339273382398,7.63392733823978e-06,1.0057875267696845
4800,rho_b,0.001735,0.001746436982297301,1.1436982297301094e-05,0.659192062865082
4802,rho_b,0.0019434,0.0019430810509174273,3.189490825727514e-07,0.016411911207606888
4803,rho_b,0.0013017,0.0012977392193285952,3.960780671404809e-06,0.3042775346364011
4804,rho_b,0.001755,0.0017649379691317018,9.937969131701765e-06,0.5662660470677553
4805,rho_b,0.001876,0.0018588313658309285,1.7168634169071554e-05,0.9151723965842127
4807,rho_b,0.00181,0.0018212809822898697,1.1280982289869684e-05,0.623258689703707
4809,rho_b,0.001898,0.0018994525091858864,1.452509185886474e-06,0.07652840806750211
4811,rho_b,0.002048,0.002019303188614154,2.8696811385846028e-05,1.4012114927653279
4813,rho_b,0.002186,0.002141459282994868,4.454071700513195e-05,2.0375442353502518
4815,rho_b,0.002271,0.0022639859337647526,7.014066235247387e-06,0.308853642983657
4817,rho_b,0.002278,0.002268749732359252,9.250267640748249e-06,0.40606969432342194
4819,rho_b,0.002185,0.0021774778083424933,7.522191657506529e-06,0.34426506425921644
4821,rho_b,0.002056,0.0020555391680250265,4.6083197497359327e-07,0.02241400655396173
4823,rho_b,0.001936,0.0019275293024790315,8.470697520968507e-06,0.43753602874964603
4824,rho_b,0.001929,0.001902539392086776,2.6460607913223952e-05,1.371726692561259
4825,rho_b,0.001703,0.0016953087930707041,7.691206929295955e-06,0.4516269480199463
4826,rho_b,0.0017026,0.0016927343151577606,9.865684842239519e-06,0.5794481872691787
4827,rho_b,0.0026808,0.0026879762233090105,7.176223309010403e-06,0.26768961900677063
4828,rho_b,0.0017352,0.0017463189870397383,1.111898703973842e-05,0.6407899396801822
4829,rho_b,0.0017374,0.0017477285289200122,1.0328528920012158e-05,0.594481922071333
4830,rho_b,0.0018438,0.0018433531819185313,4.468180814687535e-07,0.024233543834820372
4831,rho_b,0.0017517,0.0017779008126740745,2.6200812674074614e-05,1.4957362938355456
4832,rho_b,0.0017707,0.0017777218241009534,7.021824100953344e-06,0.39655639560556727
4833,rho_b,0.001784,0.0017779001886700165,6.099811329983527e-06,0.3419176752558492
4834,rho_b,0.0017976,0.0017789095277621811,1.8690472237818754e-05,1.039745896051474
4835,rho_b,0.0018073,0.0018301052443127738,2.280524431277388e-05,1.2618405522135492
4836,rho_b,0.0018136,0.0018306662607190552,1.7066260719055112e-05,0.9410156985909216
4837,rho_b,0.0018,0.001759520377297123,4.047962270287706e-05,2.248867926688243
4838,rho_b,0.000506,0.0005142152185313488,8.215218531348726e-06,1.6235609713662285
4839,rho_b,0.000763,0.000758993334093018,4.006665906981983e-06,0.5251200395453188
4840,rho_b,0.00081,0.0008246738156464155,1.467381564641552e-05,1.8115821763332962
4841,rho_b,0.000928,0.0009277638348355659,2.3616516443413383e-07,0.025448832346944558
4842,rho_b,0.001075,0.001081177326075357,6.177326075357042e-06,0.5746349832195993
4843,rho_b,0.001209,0.0011955893289042712,1.3410671095728842e-05,1.1092366488533065
4844,rho_b,0.001212,0.0012166008669238892,4.600866923889233e-06,0.37960948185586946
4845,rho_b,0.001355,0.0013466794339467767,8.32056605322342e-06,0.6140639149138584
4846,rho_b,0.001465,0.0014747610043869556,9.7610043869557e-06,0.666280162477331
4847,rho_b,0.001625,0.001628203179185927,3.2031791859271803e-06,0.19711871901267652
4848,rho_b,0.001682,0.001685609387208829,3.60938720882914e-06,0.21458901347700654
4849,rho_b,0.0006016,0.0005981373578051706,3.462642194829407e-06,0.5755721723859185
4850,rho_b,0.0010398,0.001021318297497512,1.848170250248792e-05,1.7774285905668044
4851,rho_b,0.0008203,0.0008264368827036409,6.136882703640877e-06,0.7481266239375364
4852,rho_b,0.0009203,0.000926418609623121,6.118609623121025e-06,0.6648494639218223
4853,rho_b,0.0010008,0.001007108340719718,6.308340719717856e-06,0.6303298074954594
4854,rho_b,0.0009008,0.0009161711377238307,1.537113772383074e-05,1.706387400840016
4855,rho_b,0.0014406,0.0014465212779369578,5.921277936957832e-06,0.4110285945333573
4856,rho_b,0.001761,0.0017628624377661064,1.8624377661063951e-06,0.10576023651611544
4857,rho_b,0.00157,0.0015660792259429013,3.920774057098722e-06,0.24973083150327474
4858,rho_b,0.0014996,0.0014966639353757895,2.936064624210538e-06,0.19578985211073882
4859,rho_b,0.001749,0.0017557132434792184,6.713243479218546e-06,0.38383324616239073
4860,rho_b,0.0016251,0.001634967405242035,9.867405242035016e-06,0.6071875722086727
4861,rho_b,0.0016245,0.0016356620469606203,1.1162046960620179e-05,0.6871066145736604
4862,rho_b,0.0016243,0.0016228625082605887,1.437491739411309e-06,0.08849915277512267
4863,rho_b,0.00157,0.0015660792259429013,3.920774057098722e-06,0.24973083150327474
4864,rho_b,0.0018737,0.0018738603789584837,1.6037895848365104e-07,0.008559479020016879
4865,rho_b,0.007943,0.007924987153345728,1.8012846654272274e-05,0.2267763647488922
4866,rho_b,0.0019455,0.0019475987083114458,2.0987083114458113e-06,0.10787500952799081
4867,rho_b,0.000992,0.0009902293085435022,1.7706914564978582e-06,0.17849712245089586
4868,rho_b,0.00045,0.00044215056261166926,7.849437388330726e-06,1.7443194157527848
4869,rho_b,0.0005,0.0004935723665774419,6.42763342255815e-06,1.2855266819405766
4870,rho_b,7.67e-05,6.144874139290841e-05,1.5251258607091586e-05,19.884300401888634
4871,rho_b,0.000959,0.0009467058108634218,1.2294189136578186e-05,1.2819800963251704
4872,rho_b,0.0005293,0.0005177091096102884,1.159089038971163e-05,2.1898527050468735
4873,rho_b,0.00136,0.0013258256308964322,3.41743691035679e-05,2.512821255767624
4874,rho_b,0.00047,0.0004755475227974789,5.547522797478925e-06,1.1803239969522736
4875,rho_b,0.0074646,0.006511211928640499,0.0009533880713595011,12.772125381558018
0,mu1_a,0.00228,-0.2296171450250838,0.2318971450250838,10170.927408919935
4,mu1_a,0.1,-0.17649387256790328,0.27649387256790325,276.4938725651383
7,mu1_a,0.0708,-0.13165521563106658,0.20245521563106658,285.9536943901229
8,mu1_a,0.107,-0.15787032127202383,0.2648703212720238,247.54235632668073
9,mu1_a,0.0206,-0.11632156880775973,0.13692156880775974,664.6678097141411
11,mu1_a,0.0726,-0.3037340622042298,0.3763340622042298,518.3664768581903
12,mu1_a,0.115,-0.28461209504415985,0.39961209504415984,347.48877829624774
13,mu1_a,0.18,-0.0476266072904295,0.2276266072904295,126.45922627175828
14,mu1_a,0.187,-0.08179768001289461,0.2687976800128946,143.742074872437
15,mu1_a,0.0893,-0.12589703637528626,0.21519703637528625,240.9821235978459
16,mu1_a,0.12,-0.12328490293457034,0.24328490293457034,202.73741911045246
17,mu1_a,0.0851,-0.05920018491922929,0.1443001849192293,169.56543468570345
27,mu1_a,0.478,-0.2011998043522738,0.6791998043522738,142.0920092784211
28,mu1_a,0.00346,-0.2702180495978167,0.2736780495978167,7909.770217304018
31,mu1_a,5.1e-07,-2.8570732952784312,2.8570738052784312,560209451.6046892
37,mu1_a,0.0197,-0.07231795091503013,0.09201795091503012,467.09619751451356
38,mu1_a,0.0285,-0.0722321403037317,0.1007321403037317,353.4461063164816
39,mu1_a,0.0407,-0.07096214553179131,0.11166214553179131,274.3541659190363
40,mu1_a,0.0529,-0.07151280161418766,0.12441280161418766,235.1848801736027
41,mu1_a,0.0245,-0.09858248938773967,0.12308248938773966,502.37750768455464
42,mu1_a,0.0223,-0.1056928884513616,0.12799288845136159,573.9591410117579
43,mu1_a,0.0235,-0.1011002679349759,0.12460026793497589,530.2139060837181
44,mu1_a,0.028,-0.08941854729160015,0.11741854729160014,419.3519545978808
45,mu1_a,0.0321,-0.07892697489809125,0.11102697489809124,345.8784264630295
46,mu1_a,0.0339,-0.0755454874352281,0.1094454874352281,322.8480455221228
52,mu1_a,0.174,-0.044061976985228124,0.2180619769852281,125.32297527814649
55,mu1_a,0.168,-0.04509330932679528,0.2130933093267953,126.84125555090884
56,mu1_a,0.0776,-0.06140829169136225,0.13900829169136225,179.134396507179
58,mu1_a,0.132,-0.05241733360490447,0.18441733360490448,139.71010121477832
60,mu1_a,0.141,-0.05068510234904772,0.1916851023490477,135.94688109765121
62,mu1_a,0.119,-0.039359909330166254,0.15835990933016625,133.07555405784495
63,mu1_a,0.116,-0.07297053003914927,0.18897053003914926,162.90562934268982
65,mu1_a,0.169,-0.09500952031727261,0.26400952031727265,156.21865107438487
96,mu1_a,0.1307,-0.03508908147651785,0.16578908147651786,126.84704014938741
98,mu1_a,0.0882,-0.047828437680173974,0.13602843768017397,154.2272536038908
100,mu1_a,0.0697,-0.05965692656552163,0.1293569265655216,185.59099937398236
102,mu1_a,0.0683,-0.05681921146935298,0.12511921146935298,183.190646365331
103,mu1_a,0.0778,-0.06543660697140163,0.14323660697140161,184.10874931820118
104,mu1_a,0.0704,-0.0635423485996427,0.1339423485996427,190.2590178945172
105,mu1_a,0.0919,-0.08593769504977383,0.17783769504977381,193.51218177131523
106,mu1_a,0.0779,-0.06362507670798678,0.14152507670798678,181.67532311446732
107,mu1_a,0.0786,-0.07232913483236353,0.15092913483236353,192.02180003873193
109,mu1_a,0.087,-0.06425056495107173,0.15125056495107173,173.85122407969334
111,mu1_a,0.0889,-0.053963356580558286,0.1428633565805583,160.70118850275733
134,mu1_a,0.00627,-0.1454855478919455,0.1517555478919455,2420.343666152186
135,mu1_a,0.00845,-0.1548365029137584,0.1632865029137584,1932.384649638279
136,mu1_a,0.0207,-0.10916755879340806,0.12986755879340806,627.3795110489579
138,mu1_a,0.0594,-0.09761092223232787,0.15701092223232788,264.32815190182595
139,mu1_a,0.116,-0.2711705743974079,0.3871705743974079,333.7677365466122
140,mu1_a,0.118,-0.08814554794369323,0.20614554794369322,174.69961689995444
141,mu1_a,0.0212,-0.08535779097497243,0.10655779097497242,502.63108948087785
149,mu1_a,0.079,-0.09802431464571476,0.17702431464571478,224.08141094110627
151,mu1_a,0.17,-0.11168436759680417,0.28168436759680415,165.69668682067478
153,mu1_a,0.0441,-0.09243905991163626,0.13653905991163626,309.61238074498897
176,mu1_a,0.0768,-0.04856189443571479,0.12536189443571477,163.23163337771152
178,mu1_a,0.0926,-0.03551308548731896,0.12811308548731898,138.35106423967113
180,mu1_a,0.111,-0.03013050130693945,0.14113050130693944,127.14459577087206
203,mu1_a,0.0978,-0.04079095957232204,0.13859095957232204,141.7085476185122
204,mu1_a,0.0968,-0.041534392489381344,0.13833439248938134,142.90743025614904
206,mu1_a,0.118,-0.037149716018114676,0.15514971601811467,131.48281018372867
207,mu1_a,0.0864,-0.05944613638747426,0.14584613638747426,168.80339859465997
208,mu1_a,0.0562,-0.058419672138442735,0.11461967213844274,203.94959454876022
210,mu1_a,0.0569,-0.06166339296439466,0.11856339296439466,208.3715166297205
211,mu1_a,0.0689,-0.06544333911400618,0.1343433391140062,194.9830756343343
212,mu1_a,0.0899,-0.05470549865689872,0.1446054986568987,160.8515001727366
213,mu1_a,0.145,-0.036609181062173535,0.18160918106217352,125.24771107649727
215,mu1_a,0.109,-0.04363183949478677,0.15263183949478676,140.02921054439125
217,mu1_a,0.119,-0.040495276739369146,0.15949527673936914,134.02964431767128
219,mu1_a,0.103,-0.04490533910593475,0.14790533910593473,143.59741660630948
221,mu1_a,0.0864,-0.05997562923995298,0.14637562923995298,169.41623754428102
223,mu1_a,0.0828,-0.05011387680546864,0.13291387680546862,160.52400580176734
225,mu1_a,0.101,-0.04148744420423012,0.14248744420423012,141.076677428534
228,mu1_a,0.136,-0.03272070973315033,0.16872070973315034,124.05934539111009
345,mu1_a,0.116,-0.13263966412643352,0.2486396641264335,214.34453803818107
351,mu1_a,0.351,0.003697994857447817,0.34730200514255216,98.94644021127144
352,mu1_a,0.498,-0.08614351560487454,0.5841435156048745,117.29789469953847
353,mu1_a,0.518,-0.10209821397300106,0.6200982139730011,119.71007991733669
354,mu1_a,0.634,-0.13312270003727394,0.767122700037274,120.99727129906373
355,mu1_a,0.558,-0.13976680295531774,0.6977668029553178,125.04781414947442
356,mu1_a,0.417,-0.12147926128918346,0.5384792612891834,129.13171733522594
357,mu1_a,0.336,-0.08442358283532975,0.42042358283532977,125.12606631966622
358,mu1_a,0.397,-0.06565863404540417,0.4626586340454042,116.53869875169742
359,mu1_a,0.411,-0.11770574085867169,0.5287057408586717,128.63886638865824
360,mu1_a,0.132,-0.11439860291645887,0.24639860291645888,186.66560826863045
361,mu1_a,0.197,-0.08752111423705866,0.28452111423705867,144.42696154092098
362,mu1_a,0.107,-0.1510112165210542,0.2580112165210542,241.1319780548064
363,mu1_a,0.147,-0.11374229500554645,0.26074229500554646,177.37571088692022
364,mu1_a,0.0667,-0.08820788990098166,0.15490788990098164,232.24571199199278
365,mu1_a,0.181,-0.10017808351063273,0.2811780835106327,155.3470074635797
366,mu1_a,0.0433,-0.07792695781600195,0.12122695781600196,279.9698794762177
369,mu1_a,0.02993,-0.0733727936685496,0.1033027936685496,345.1479908623392
370,mu1_a,0.0767,-0.07513804104009875,0.15183804104009874,197.96354763770415
375,mu1_a,0.00275,-0.2118915684863376,0.2146415684863376,7805.147942119495
377,mu1_a,0.00128,-0.2116028294512724,0.2128828294512724,16631.471037887317
379,mu1_a,0.0234,-0.10442556497440336,0.12782556497440337,546.2630981578665
380,mu1_a,0.0292,-0.09991294636133419,0.1291129463613342,442.1676245099744
383,mu1_a,0.0431,-0.10102826002331455,0.14412826002331455,334.4043155915789
384,mu1_a,0.035,-0.0974276693677597,0.1324276693677597,378.36476961136015
386,mu1_a,0.0658,-0.08954268383911701,0.155342683839117,236.0831061348878
388,mu1_a,0.144,-0.05604221805923687,0.20004221805923686,138.91820698461643
389,mu1_a,0.221,-0.08265705758694619,0.30365705758694617,137.40138352288332
390,mu1_a,0.247,-0.0468594488045066,0.2938594488045066,118.97143676247646
391,mu1_a,0.106,-0.0710650975158349,0.17706509751583488,167.04254482468346
518,mu1_a,0.0448,-0.03737187385104074,0.08217187385104074,183.41936127055033
519,mu1_a,0.0495,-0.032958938455205256,0.08245893845520526,166.58371404755437
520,mu1_a,0.0441,-0.029384026584314604,0.0734840265843146,166.6304457656424
521,mu1_a,0.0538,-0.03178576347218465,0.08558576347218465,159.08134474088072
522,mu1_a,0.0332,-0.0432874139856555,0.0764874139856555,230.38377705828816
523,mu1_a,0.0319,-0.04375356772205641,0.0756535677220564,237.1585194974446
524,mu1_a,0.0599,-0.028996346217219304,0.08889634621721931,148.40792356550122
525,mu1_a,0.0323,-0.053916666697048254,0.08621666669704825,266.9246646884799
526,mu1_a,0.0366,-0.052238128133750616,0.08883812813375061,242.72712604186702
527,mu1_a,0.0284,-0.08347847083154075,0.11187847083154076,393.93827756197663
549,mu1_a,0.066,-0.0678417863072619,0.1338417863072619,202.79058531096058
552,mu1_a,0.109,-0.09246757462975108,0.20146757462975107,184.83263727330527
554,mu1_a,3.38e-05,-0.009085617432895765,0.009119417432895766,26980.524151155394
557,mu1_a,0.199,-0.03840254391257053,0.23740254391257054,119.2977607594862
558,mu1_a,0.123,-0.05572401761090301,0.178724017610903,145.3040793572764
559,mu1_a,0.219,-0.07221065070896843,0.29121065070896845,132.9728998665017
560,mu1_a,0.0485,-0.08200033164726656,0.13050033164726654,269.07284875170274
561,mu1_a,0.0239,-0.10840408680185093,0.13230408680185093,553.5735849218208
562,mu1_a,0.0316,-0.10492207517762336,0.13652207517762338,432.0318834598198
563,mu1_a,0.281,-0.09724131731880797,0.378241317318808,134.60545100265549
564,mu1_a,0.165,-0.05150274406988903,0.21650274406988904,131.21378428398597
565,mu1_a,0.0814,-0.05745441046146865,0.13885441046146865,170.58281383263247
566,mu1_a,0.0319,-0.07486592839953488,0.10676592839953487,334.6894307090533
567,mu1_a,0.107,-0.0749688901895193,0.18196889018951928,170.06438335310153
568,mu1_a,0.0504,-0.07517459351878042,0.12557459351878042,249.15593951644613
569,mu1_a,0.0196,-0.09668940799341608,0.11628940799341608,593.3133060585865
570,mu1_a,0.0298,-0.09572356331420012,0.12552356331420012,421.220011107342
573,mu1_a,0.00431,-0.1327364030344796,0.1370464030344796,3179.73092813648
574,mu1_a,0.0106,-0.09577021195841029,0.10637021195841029,1003.492565550711
575,mu1_a,0.0572,-0.10127423433712301,0.15847423433712302,277.052857227889
576,mu1_a,0.0299,-0.08573371836282745,0.11563371836282745,386.73484400990003
577,mu1_a,0.0032,-0.1358133908644365,0.1390133908644365,4344.168463156088
578,mu1_a,0.135,-0.054432516478081505,0.18943251647808151,140.32038257531724
579,mu1_a,0.0579,-0.06473828319147507,0.12263828319147507,211.8105063719464
580,mu1_a,0.0134,-0.08989766868308335,0.10329766868308335,770.8781244430937
581,mu1_a,0.00104,-0.1862847128438727,0.18732471284387273,18011.991602283928
583,mu1_a,0.016,-0.0882631663447041,0.1042631663447041,651.6447896136729
584,mu1_a,0.0793,-0.06265309469147406,0.14195309469147405,179.007685611203
585,mu1_a,0.0447,-0.06989122683178012,0.11459122683178011,256.3562121458983
586,mu1_a,0.00869,-0.09891460613004777,0.10760460613004777,1238.257837947816
587,mu1_a,0.0181,-0.08610262846329969,0.1042026284632997,575.7051295996831
588,mu1_a,0.0195,-0.08369655269804532,0.10319655269804533,529.2130907320677
589,mu1_a,0.00829,-0.10779536499410902,0.11608536499410903,1400.3059708094809
590,mu1_a,0.012,-0.10850916537047062,0.12050916537047061,1004.2430446702349
591,mu1_a,0.0297,-0.10133013228358545,0.13103013228358545,441.1788965628743
592,mu1_a,0.0154,-0.10635968917965266,0.12175968917965266,790.6473322840661
593,mu1_a,0.00398,-0.14868155386483395,0.15266155386483396,3835.7174328260494
594,mu1_a,0.124,-0.10840294135123901,0.232402941351239,187.421726894649
685,mu1_a,0.0633,-0.06547638051491822,0.12877638051491822,203.4381998623757
686,mu1_a,0.0159,-0.08897338906978275,0.10487338906978275,659.5810632904839
687,mu1_a,0.0215,-0.08525898272924659,0.10675898272924658,496.55340801991196
689,mu1_a,0.0614,-0.06964175524402277,0.13104175524402278,213.42305413988362
690,mu1_a,0.0769,-0.06753699952543224,0.14443699952543224,187.82444671463458
691,mu1_a,0.0387,-0.07744352901672075,0.11614352901672075,300.1124780716269
692,mu1_a,0.0511,-0.06975465975334261,0.12085465975334261,236.50618346570948
693,mu1_a,0.0746,-0.06850888565956997,0.14310888565956997,191.8349673695062
694,mu1_a,0.0132,-0.09032793575815506,0.10352793575815507,784.3025435629701
695,mu1_a,0.0649,-0.06654164540157648,0.1314416454015765,202.52949984522525
696,mu1_a,0.0456,-0.07317150639318531,0.11877150639318532,260.46382980390496
697,mu1_a,0.0262,-0.07994993322306942,0.10614993322306943,405.1524168664805
698,mu1_a,0.054,-0.07230381614574866,0.12630381614574865,233.89595582112906
699,mu1_a,0.0433,-0.07418255249006228,0.11748255249006229,271.3222921185891
700,mu1_a,0.0142,-0.10187867501638542,0.11607867501638543,817.4554578043019
701,mu1_a,0.0433,-0.07703083777518216,0.12033083777518216,277.9003181810697
702,mu1_a,0.0393,-0.07254348876995292,0.11184348876995293,284.58902994174815
703,mu1_a,0.021,-0.08418321319968713,0.10518321319968714,500.8724437841829
704,mu1_a,0.0254,-0.08437323223785631,0.10977323223785632,432.17807965958485
705,mu1_a,0.0319,-0.07196234536605661,0.10386234536605661,325.58728953856036
706,mu1_a,0.0525,-0.06590925131117881,0.1184092513111788,225.54143106461598
707,mu1_a,0.0643,-0.06753993643639666,0.13183993643639666,205.03878139089622
708,mu1_a,0.0708,-0.0665150702447857,0.1373150702447857,193.94783932605398
709,mu1_a,0.125,-0.1218951995759458,0.2468951995759458,197.5161596591765
710,mu1_a,0.0145,-0.09448350173529724,0.10898350173529724,751.610356743318
711,mu1_a,0.0158,-0.09458935632758764,0.11038935632758765,698.6668121557024
712,mu1_a,0.0187,-0.09322125918452856,0.11192125918452855,598.5094073718902
713,mu1_a,0.0236,-0.0925686902339174,0.11616869023391739,492.24021283472456
714,mu1_a,0.0289,-0.08969662681967261,0.1185966268196726,410.3689509189236
715,mu1_a,0.0775,-0.06634762585401222,0.14384762585401223,185.6098398092337
716,mu1_a,0.0411,-0.08099746423963466,0.12209746423963466,297.0741222303259
717,mu1_a,0.0474,-0.07637854426397911,0.1237785442639791,261.13616932778007
718,mu1_a,0.00678,-0.3179905571973276,0.3247705571973276,4790.126211643456
719,mu1_a,0.0111,-0.09866383521869088,0.10976383521869088,988.8633802594795
720,mu1_a,0.0153,-0.10017141643422506,0.11547141643422505,754.7151400436463
721,mu1_a,0.0143,-0.10715073495944877,0.12145073495944878,849.3058388178722
722,mu1_a,0.0187,-0.1027027029707685,0.1214027029707685,649.212315316986
723,mu1_a,0.0188,-0.09879399775602704,0.11759399775602704,625.4999880307024
724,mu1_a,0.0387,-0.09102163230692722,0.12972163230692724,335.19801628830817
725,mu1_a,0.0913,-0.06596250123908387,0.15726250123908386,172.24808459732898
726,mu1_a,0.0396,-0.1390448662529289,0.17864486625292889,451.12339961721625
727,mu1_a,0.0107,-0.1102036664988496,0.12090366649884961,1129.9408082948617
728,mu1_a,0.00525,-0.16134444076457244,0.16659444076457244,3173.2274425302885
729,mu1_a,0.013,-0.11161216484235309,0.12461216484235309,958.5551140982118
730,mu1_a,0.00977,-0.12326008783449494,0.13303008783449494,1361.6180943795166
731,mu1_a,0.0138,-0.11322178983916176,0.12702178983916176,920.4477523909949
732,mu1_a,0.0377,-0.10485080911929784,0.14255080911929785,378.118857070336
733,mu1_a,0.0189,-0.11376183204109952,0.13266183204109952,701.9144552067745
734,mu1_a,0.0249,-0.11539429493277537,0.14029429493277537,563.4309033218517
739,mu1_a,0.0747,-0.10472979416545053,0.17942979416545052,240.2005276613768
740,mu1_a,0.028,-0.104011171356784,0.132011171356784,471.46846911453326
742,mu1_a,0.0386,-0.11783566531688838,0.15643566531688838,405.2737443337711
743,mu1_a,0.0389,-0.06884379306190741,0.1077437930619074,276.97633177156206
744,mu1_a,0.0508,-0.07607864016131899,0.126878640161319,249.7611026748453
745,mu1_a,0.0478,-0.06795129702196234,0.11575129702196235,242.1575251454828
746,mu1_a,0.0669,-0.06337079800609546,0.13027079800609548,194.72466069379405
747,mu1_a,0.0296,-0.07838936753948911,0.10798936753948911,364.8289443778406
748,mu1_a,0.0173,-0.09414123271516278,0.11144123271516278,644.1689751949197
749,mu1_a,0.0379,-0.07999608622294624,0.11789608622294624,311.0714675985106
750,mu1_a,0.0493,-0.07064011149421229,0.11994011149421228,243.28623020644915
751,mu1_a,0.0105,-0.10478997655978084,0.11528997655978084,1097.9997766552458
752,mu1_a,0.00542,-0.11298708332970486,0.11840708332970486,2184.632533355323
753,mu1_a,0.00626,-0.11516710429408894,0.12142710429408894,1939.7301002346906
754,mu1_a,0.00832,-0.14413484816958183,0.15245484816958182,1832.3900018180038
757,mu1_a,0.000372,-0.3056937152091458,0.30606571520914577,82275.72967376035
759,mu1_a,0.00737,-0.1300863875441926,0.1374563875441926,1865.0798850141355
760,mu1_a,0.0707,-0.06977520468529591,0.1404752046852959,198.69194438940448
761,mu1_a,0.021,-0.08418321319968713,0.10518321319968714,500.8724437841829
762,mu1_a,0.0531,-0.0700268422809619,0.1231268422809619,231.8772924268232
763,mu1_a,0.0489,-0.06909674016954331,0.11799674016954331,241.3021271311458
764,mu1_a,0.0509,-0.07838464796900646,0.12928464796900646,253.99734374551375
765,mu1_a,0.0811,-0.06059902839161174,0.14169902839161175,174.72136669527066
767,mu1_a,0.0767,-0.09784109104639294,0.17454109104639293,227.56335207837975
769,mu1_a,0.161,-0.06727823652177517,0.22827823652177517,141.78772454680578
770,mu1_a,0.111,-0.08780753368352673,0.19880753368352672,179.10588619976184
771,mu1_a,0.138,-0.08824658863933543,0.22624658863933544,163.94680336064923
772,mu1_a,0.157,-0.05300140945402576,0.21000140945402576,133.7588595240052
773,mu1_a,0.173,-0.035734890065762914,0.2087348900657629,120.65600581766262
784,mu1_a,0.0981,-0.07144709084224021,0.16954709084224023,172.83087751326394
785,mu1_a,0.194,-0.08045392757613146,0.27445392757613146,141.4710966879983
786,mu1_a,0.104,-0.06603463726944692,0.1700346372694469,163.49484352674227
788,mu1_a,0.116,-0.08708306806004701,0.203083068060047,175.07161039508298
789,mu1_a,0.0657,-0.08256801499552174,0.14826801499552172,225.6742998375418
791,mu1_a,0.062,-0.07214187423139523,0.13414187423139523,216.35786166005107
795,mu1_a,0.0737,-0.05698835430300486,0.13068835430300485,177.3247683870171
796,mu1_a,0.0348,-0.15382630810776288,0.18862630810776287,542.0296209837431
797,mu1_a,0.0292,-0.09640666564546563,0.12560666564546563,430.15981383960286
798,mu1_a,0.0585,-0.0907103268181883,0.1492103268181883,255.06038771903877
806,mu1_a,0.3806,-0.17513464625175978,0.5557346462517598,146.01540889393058
814,mu1_a,0.31776,-0.14231341164720784,0.46007341164720783,144.786446263142
816,mu1_a,0.30267,-0.037036340284483715,0.3397063402844837,112.23654154140199
817,mu1_a,0.22062,-0.035016024336169405,0.2556360243361694,115.87164551491735
819,mu1_a,0.31178,-0.03647354064269215,0.34825354064269215,111.69848631778022
821,mu1_a,0.34041,-0.036588437859384426,0.3769984378593844,110.7483440140645
822,mu1_a,0.39199,-0.17615329555490478,0.5681432955549048,144.93821157515637
826,mu1_a,0.01801,-0.061152608393768904,0.0791626083937689,439.54807545459977
827,mu1_a,0.1264,-0.06625002266199576,0.19265002266199577,152.4129926111326
828,mu1_a,0.1421,-0.07201924137767346,0.21411924137767346,150.68208400856201
829,mu1_a,0.01167,-0.05391110101600921,0.06558110101600921,561.9631620427556
830,mu1_a,0.02728,-0.06572687720046061,0.09300687720046061,340.9343005757011
832,mu1_a,0.1208,-0.047065549469192,0.16786554946919202,138.9615475726841
833,mu1_a,0.1498,-0.03871631191157404,0.18851631191157403,125.8453350536152
835,mu1_a,0.1681,-0.0355866173518527,0.2036866173518527,121.16990919133909
837,mu1_a,0.2102,-0.0353059896667382,0.2455059896667382,116.79637947933884
838,mu1_a,0.3806,-0.17404803928688495,0.5546480392868849,145.7299104796184
848,mu1_a,0.3098,-0.14180267143868514,0.45160267143868515,145.77232777186165
888,mu1_a,0.1377,-0.05062206494508037,0.18832206494508036,136.76257439630555
889,mu1_a,0.1327,-0.051218920867270146,0.18391892086727016,138.5975289117439
891,mu1_a,0.1556,-0.037311943741905274,0.19291194374190526,123.97939829091611
893,mu1_a,0.1907,-0.10011882869437405,0.29081882869437403,152.5006967450703
894,mu1_a,0.3098,-0.13789958272149205,0.4476995827214921,144.51245407361102
895,mu1_a,0.05619,-0.1157766879488471,0.1719666879488471,306.045004352708
896,mu1_a,0.09628,-0.0453752505061043,0.1416552505061043,147.12842802724657
899,mu1_a,0.1271,-0.0418076476037586,0.1689076476037586,132.89350716162838
903,mu1_a,0.1625,-0.03853925056629631,0.20103925056629632,123.71646188619023
905,mu1_a,0.2411,-0.041532254176963934,0.2826322541769639,117.22615270667426
906,mu1_a,0.3098,-0.13789958272149205,0.4476995827214921,144.51245407361102
909,mu1_a,0.1481,-0.18121921215742165,0.32931921215742166,222.36273609398918
926,mu1_a,4.56,3.980275575150811,0.5797244248491884,12.713254930900469
927,mu1_a,0.600033,-0.050160775063330554,0.6501937750633306,108.35966939522443
928,mu1_a,0.295083,-0.06958361868169743,0.3646666186816974,123.58103268587539
929,mu1_a,0.172414,-0.07602932144059132,0.24844332144059134,144.09695351836297
930,mu1_a,0.139233,-0.035438159377815526,0.17467115937781552,125.45241385056777
931,mu1_a,0.080893,-0.09798266504641628,0.17887566504641628,221.12625943432062
932,mu1_a,0.105335,-0.03492638704519718,0.1402613870451972,133.1574377404145
933,mu1_a,0.167855,-0.08161548046493611,0.2494704804649361,148.6226090753626
934,mu1_a,0.126516,-0.09001615168739402,0.216532151687394,171.1500139790086
935,mu1_a,0.157457,-0.09278279620660895,0.25023979620660897,158.9257995548116
936,mu1_a,0.115231,-0.037027730854432894,0.1522587308544329,132.1334804463309
937,mu1_a,0.100842,-0.09367457508184351,0.1945165750818435,192.8924208959705
939,mu1_a,0.254856,-0.04523776332330137,0.3000937633233014,117.75032305385155
941,mu1_a,0.0862559,-0.12247407758569684,0.20872997758569684,241.98921764572273
942,mu1_a,0.311216,-0.04200893819014201,0.353224938190142,113.49832212643535
943,mu1_a,0.168166,-0.041819630637723426,0.20998563063772344,124.8680652667452
944,mu1_a,0.166318,-0.044587171449278484,0.21090517144927848,126.80838601234406
945,mu1_a,0.173107,-0.04630487738482786,0.21941187738482787,126.74928072438453
946,mu1_a,0.117241,-0.042792088888814805,0.1600330888888148,136.49925272511302
947,mu1_a,0.1159,-0.06418620478099352,0.18008620478099352,155.38067711772192
971,mu1_a,0.05236,-0.049081729375977046,0.10144172937597704,193.73897894201616
974,mu1_a,0.08238,-0.039298592207559824,0.12167859220755982,147.70404492119783
977,mu1_a,0.09479,-0.042643686574873885,0.13743368657487387,144.98753726492666
981,mu1_a,0.11851,-0.03497848128782277,0.15348848128782278,129.5152149915852
984,mu1_a,0.14124,-0.062492202756657456,0.20373220275665746,144.2453998550092
985,mu1_a,0.133357,-0.06575265935431412,0.19910965935431413,149.3057427452785
986,mu1_a,0.3663,-0.06131191226389082,0.42761191226389084,116.7381687858923
987,mu1_a,0.120107,-0.06903843644511481,0.18914543644511483,157.4807766770796
988,mu1_a,0.0119272,-0.05143367109583602,0.06336087109583602,531.2300547532003
989,mu1_a,6.094e-05,-0.14693192881049455,0.14699286881049456,241209.16704693614
990,mu1_a,7.362e-05,-0.08634740955788783,0.08642102955788783,117387.97661506121
999,mu1_a,6.06e-05,-0.11730744214752248,0.11736804214752247,193676.6340111487
1000,mu1_a,7.443e-05,-0.11943806161922338,0.11951249161922338,160570.32112524542
1002,mu1_a,0.00016009,-0.07807121821746293,0.07823130821746294,48867.07959822109
1008,mu1_a,0.07531,-0.05051599814566182,0.1258259981456618,167.0774108936277
1011,mu1_a,0.10056,-0.04660856776526129,0.14716856776526127,146.34901328937727
1014,mu1_a,0.11504,-0.04379087974746171,0.1588308797474617,138.06578559290773
1018,mu1_a,0.11192,-0.038287383957691934,0.15020738395769195,134.20959967508026
1021,mu1_a,0.14124,-0.06382677963985861,0.20506677963985862,145.19029994223075
1022,mu1_a,0.08363,-0.041661595833207055,0.12529159583320704,149.816568015914
1025,mu1_a,0.11289,-0.044821667195349135,0.15771166719534913,139.70384196470198
1028,mu1_a,0.10481,-0.041574897849319004,0.14638489784931902,139.66691904200204
1031,mu1_a,0.13815,-0.03518265103739626,0.17333265103739626,125.4669931495777
1034,mu1_a,0.14124,-0.06431761736902214,0.20555761736902214,145.53782028289916
1046,mu1_a,0.10392,-0.024728896612515483,0.1286488966125155,123.79608988768045
1048,mu1_a,0.11369,-0.034861905717020414,0.14855190571702043,130.66400362011942
1050,mu1_a,0.12345,-0.03922146306788599,0.162671463067886,131.7711324962076
1052,mu1_a,0.12903,-0.035706124544446216,0.16473612454444622,127.67273079374525
1054,mu1_a,0.14124,-0.06431761736902214,0.20555761736902214,145.53782028289916
1055,mu1_a,0.14711,-0.028452235153647698,0.1755622351536477,119.3407893089894
1058,mu1_a,0.14693,-0.03550165954002915,0.18243165954002916,124.1622946564946
1061,mu1_a,0.14094,-0.03767794911103717,0.17861794911103718,126.73332560647782
1064,mu1_a,0.14207,-0.035700500814223324,0.17777050081422333,125.12881031391005
1067,mu1_a,0.14124,-0.06568537571562572,0.20692537571562572,146.5062133348631
1068,mu1_a,3.67,2.7047372890968124,0.9652627109031875,26.30143626438486
1070,mu1_a,1.467,0.6332800675299173,0.8337199324700828,56.83162457188237
1073,mu1_a,1.704,1.3978991486063128,0.30610085139368715,17.963664987881895
1075,mu1_a,1.592,0.9211410984328943,0.6708589015671058,42.139378239113334
1077,mu1_a,0.307,-0.07252417382637705,0.37952417382637704,123.6235093892967
1078,mu1_a,0.302,-0.07273504401230635,0.37473504401230634,124.08445165929322
1079,mu1_a,0.319,-0.0728754651089697,0.3918754651089697,122.84497338800668
1081,mu1_a,0.266,-0.07766499600622245,0.34366499600622247,129.19736691914682
1082,mu1_a,0.31,-0.07601180131326679,0.3860118013132668,124.51993590710374
1083,mu1_a,0.334,-0.06319929064965207,0.3971992906496521,118.92194330792302
1085,mu1_a,0.357,-0.06253320484741609,0.4195332048474161,117.51630387849887
1086,mu1_a,1.3,0.46785757564448144,0.8321424243555187,64.01095571960603
1088,mu1_a,1.5,0.6729305912135344,0.8270694087864656,55.13796058572761
1090,mu1_a,1.74,1.1951468770256994,0.5448531229743006,31.31339787206824
1091,mu1_a,4.56,3.5613559242568367,0.9986440757431629,21.900089380327717
1092,mu1_a,2.9202e-05,-0.09482900210922407,0.09485820410922408,324834.60331784823
1093,mu1_a,2.8396e-05,-0.09800856745810504,0.09803696345810504,345249.1900465317
1094,mu1_a,2.3915e-05,-0.10208774382179081,0.10211165882179081,426977.439063418
1095,mu1_a,9.9695e-06,-0.11176718307663136,0.11177715257663136,1121191.0463385417
1098,mu1_a,1.0,1.07499524617112,0.07499524617112008,7.499524617104508
1099,mu1_a,1.5,1.3809080128273705,0.11909198717262948,7.9394658115033385
1100,mu1_a,1.5,1.441475467362292,0.05852453263770796,3.9016355091779293
1101,mu1_a,2.0,1.4965135855159009,0.5034864144840991,25.17432072419237
1102,mu1_a,0.3,0.7475072650322463,0.4475072650322463,149.1690883435849
1103,mu1_a,3.0,2.6210037354465654,0.3789962645534346,12.633208818443608
1105,mu1_a,0.6,0.7934977638570958,0.19349776385709583,32.24962730946222
1106,mu1_a,0.8,0.9408366859708795,0.1408366859708795,17.604585746337932
1107,mu1_a,1.0,1.0186347032150824,0.018634703215082427,1.863470321506379
1114,mu1_a,0.0225944,-0.12038239874505291,0.14297679874505292,632.7975017647069
1117,mu1_a,0.0217493,-0.12474775486583828,0.14649705486583828,673.5713556716887
1120,mu1_a,0.0254018,-0.12703689111321104,0.15243869111321104,600.1097997276175
1122,mu1_a,0.0389771,-0.1271333051518952,0.16611040515189518,426.17435660332205
1124,mu1_a,0.0416906,-0.12905350167085544,0.17074410167085544,409.5505981366541
1125,mu1_a,0.03491,-0.14705139316700627,0.18196139316700627,521.2300004634603
1126,mu1_a,0.0002317,-0.3487642443116594,0.3489959443116594,150624.05818101807
1127,mu1_a,0.0005658,-0.306472150054213,0.307037950054213,54266.16286877897
1128,mu1_a,0.000578,-0.19623483714029233,0.19681283714029232,34050.663806191296
1129,mu1_a,0.000726,-0.2806900987331604,0.2814160987331604,38762.547981478645
1130,mu1_a,0.000736,-0.3221306976134105,0.3228666976134105,43867.75776830611
1131,mu1_a,0.0004645,-0.3411091329712752,0.3415736329712752,73535.76582043435
1132,mu1_a,0.002011,-0.22359015756661926,0.22560115756661928,11218.356909718334
1133,mu1_a,0.005633,-0.17803660967206913,0.18366960967206913,3260.600206629915
1134,mu1_a,0.03632,-0.13449973573113183,0.17081973573113182,470.3186556344401
1135,mu1_a,0.006875,-0.09680130141376186,0.10367630141376187,1508.01892943537
1136,mu1_a,0.004546,-0.11144713564512565,0.11599313564512564,2551.5427984956054
1138,mu1_a,0.003503,-0.061683437869626545,0.06518643786962655,1860.8746174997946
1139,mu1_a,0.004652,-0.058776825441143765,0.06342882544114377,1363.4743213136076
1140,mu1_a,0.003871,-0.1257238337977079,0.12959483379770792,3347.838640253927
1141,mu1_a,0.004033,-0.1267192651165801,0.1307522651165801,3242.0596351142945
1143,mu1_a,0.0462149,-0.13139588741636848,0.1776107874163685,384.31498805044544
1144,mu1_a,0.00585,-0.08927621291867188,0.09512621291867188,1626.0891094429226
1145,mu1_a,0.00454,-0.10014828458294445,0.10468828458294445,2305.9093515393247
1146,mu1_a,0.00626,-0.10078271970317815,0.10704271970317815,1709.9475988191482
1147,mu1_a,0.00524,-0.10764689958712753,0.11288689958712753,2154.3301443813784
1148,mu1_a,0.0073,-0.1071237315269144,0.1144237315269144,1567.4483768663001
1149,mu1_a,0.0356,-0.13441375497658747,0.17001375497658747,477.56672744890955
1152,mu1_a,0.004408,-0.05507391662387168,0.05948191662387168,1349.4082715602904
1154,mu1_a,0.004167,-0.056088874109066544,0.06025587410906654,1446.0252962468512
1155,mu1_a,0.01013,-0.052488366449659096,0.0626183664496591,618.1477437658205
1156,mu1_a,0.007528,-0.055484973757631395,0.0630129737576314,837.0480041081419
1158,mu1_a,0.01899,-0.14798399236118065,0.16697399236118066,879.2732614659712
1160,mu1_a,0.03572,-0.0848908393997364,0.12061083939973641,337.6563252977599
1162,mu1_a,0.02721,-0.0827515072376756,0.1099615072376756,404.1216730379801
1165,mu1_a,0.01787,-0.06283320698966766,0.08070320698966765,451.6127979023589
1168,mu1_a,0.002192,-0.05594233070445159,0.05813433070445159,2652.1136258179954
1170,mu1_a,0.0007344,-0.0618568228567668,0.0625912228567668,8522.76998523136
1174,mu1_a,0.0006679,-0.06213799635694672,0.06280589635694672,9403.487986661452
1177,mu1_a,0.0004296,-0.0642764054693642,0.0647060054693642,15061.919301383847
1181,mu1_a,0.00216471,-0.05679019795090534,0.05895490795090534,2723.4552399014556
1185,mu1_a,0.014906,-0.07484512291676038,0.08975112291676038,602.1140675616479
1187,mu1_a,0.0466,-0.12834836341707823,0.17494836341707823,375.4256725607811
1188,mu1_a,0.00014225,-0.09430092764602915,0.09444317764602915,66392.39155156782
1196,mu1_a,0.0466,-0.12834836341707823,0.17494836341707823,375.4256725607811
1197,mu1_a,0.00228,-0.3882456207342667,0.3905256207342667,17128.316691358927
1203,mu1_a,0.11402,-0.04664005221727835,0.16066005221727836,140.90515016301464
1204,mu1_a,0.05288,-0.05556558435608694,0.10844558435608695,205.07863909613494
1205,mu1_a,0.04071,-0.05713954462851989,0.09784954462851989,240.3575156622852
1206,mu1_a,0.02845,-0.06365227795235107,0.09210227795235107,323.733841648906
1207,mu1_a,0.01967,-0.06693577224917419,0.08660577224917418,440.2937073958884
1228,mu1_a,0.08993,-0.10143993667035811,0.19136993667035812,212.7987731215725
1229,mu1_a,0.06892,-0.11421393603818047,0.18313393603818046,265.71958217574473
1230,mu1_a,0.05692,-0.10379279824101534,0.16071279824101534,282.34855628635256
1232,mu1_a,0.05615,-0.10082129273666457,0.15697129273666457,279.55706631143187
1233,mu1_a,0.08639,-0.11680094582498829,0.20319094582498828,235.2019282586367
1234,mu1_a,0.11804,-0.0860724205897393,0.2041124205897393,172.91801134192656
1236,mu1_a,0.09684,-0.08032736790534467,0.17716736790534465,182.9485418251912
1237,mu1_a,0.09778,-0.07742564311920414,0.17520564311920414,179.1835171992353
1244,mu1_a,0.18549,-0.03717508721810625,0.22266508721810624,120.0415586915229
1246,mu1_a,0.10194,-0.060443120184885235,0.16238312018488524,159.29283910466188
1249,mu1_a,0.01192,-0.12820644702895667,0.14012644702895666,1175.557441419472
1250,mu1_a,0.0224,-0.13661246824537382,0.15901246824537382,709.8770903494423
1251,mu1_a,0.01691,-0.15574283404154565,0.17265283404154566,1021.0102544727117
1252,mu1_a,0.02949,-0.14222537940560415,0.17171537940560413,582.2834160725035
1255,mu1_a,0.1856,-0.036949643317701175,0.22254964331770116,119.908212993805
1256,mu1_a,0.0833865,-0.060308875582977595,0.1436953755829776,172.32450766161708
1257,mu1_a,0.0785903,-0.06405679795563313,0.14264709795563313,181.50725719817592
1258,mu1_a,0.0714934,-0.06614118374377453,0.13763458374377452,192.51369181190063
1259,mu1_a,0.0842072,-0.059906635490360405,0.1441138354903604,171.14193974939076
1260,mu1_a,0.0397,-0.09822233814304265,0.13792233814304267,347.41143108203664
1261,mu1_a,0.0737,-0.112656338240324,0.186356338240324,252.85798946783638
1262,mu1_a,0.0462,-0.08883821818729809,0.13503821818729808,292.2905155505956
1264,mu1_a,0.0363,-0.11049468130623541,0.1467946813062354,404.393061438544
1266,mu1_a,0.0172,-0.12632307131196258,0.14352307131196257,834.4364610675477
1268,mu1_a,0.01736,-0.15536843317697469,0.17272843317697467,994.9794537271019
1269,mu1_a,0.0284,-0.11237012010297909,0.1407701201029791,495.6694369648676
1272,mu1_a,0.0352,-0.08789048322976545,0.12309048322976546,349.6888728018993
1277,mu1_a,0.06338,-0.1045503797343112,0.16793037973431119,264.9579989455058
1326,mu1_a,0.0012906,-0.08504482414063336,0.08633542414063336,6689.557110935828
1332,mu1_a,0.0308093,-0.05634783539323168,0.08715713539323168,282.8922935295601
1335,mu1_a,0.0292876,-0.056110358455390086,0.08539795845539008,291.58400979415944
1337,mu1_a,0.0191876,-0.06145913005949205,0.08064673005949205,420.3065003194198
1340,mu1_a,0.00720668,-0.07551453755668641,0.0827212175566864,1147.8408579985235
1343,mu1_a,0.00522441,-0.08184598116318398,0.08707039116318398,1666.6071603591201
1345,mu1_a,0.00507827,-0.08720187338813429,0.09228014338813428,1817.1570903075792
1347,mu1_a,0.0049975,-0.08669812987892067,0.09169562987892067,1834.830012217556
1349,mu1_a,0.0075989,-0.07958955265871764,0.08718845265871765,1147.3825507276556
1351,mu1_a,0.0237487,-0.06528967157779259,0.08903837157779258,374.918928505743
1352,mu1_a,20.2,19.67080798918321,0.5291920108167893,2.6197624297859563
1354,mu1_a,0.0012906,-0.08504482414063336,0.08633542414063336,6689.557110935828
1355,mu1_a,0.050619,-0.04797025195967847,0.09858925195967846,194.7672849280523
1356,mu1_a,0.0425687,-0.04586268535029853,0.08843138535029853,207.73804543765993
1357,mu1_a,0.0418772,-0.05406231309512827,0.09593951309512827,229.09724884385128
1358,mu1_a,0.0314318,-0.05288567816267015,0.08431747816267016,268.2553279162746
1359,mu1_a,0.0325,-0.052790882505187875,0.08529088250518788,262.4334846232724
1360,mu1_a,0.01975,-0.058832648885822736,0.07858264888582274,397.88682978148796
1362,mu1_a,0.02152,-0.06136720488848596,0.08288720488848596,385.16359147134904
1363,mu1_a,0.00614624,-0.07978516718950068,0.08593140718950068,1398.1134348076146
1364,mu1_a,0.0012906,-0.10364519525624977,0.10493579525624977,8130.776009216024
1365,mu1_a,0.1,-0.0466415974085958,0.1466415974085958,146.64159740712938
1366,mu1_a,0.09085,-0.04837365288528506,0.13922365288528504,153.24562783021747
1368,mu1_a,0.08982,-0.04486526121841167,0.13468526121841168,149.95019062225802
1369,mu1_a,0.102,-0.04238192000795038,0.14438192000795036,141.55090196719104
1371,mu1_a,0.1104,-0.04276418529176773,0.15316418529176773,138.73567508186628
1397,mu1_a,0.07993,-0.06670184537949192,0.14663184537949192,183.45032575710923
1402,mu1_a,0.03448,-0.07374393753829567,0.10822393753829566,313.8745288142602
1403,mu1_a,0.13769,-0.06181827159715658,0.1995082715971566,144.8967038969479
1404,mu1_a,0.10483,-0.05992926917702823,0.16475926917702824,157.16805225169946
1405,mu1_a,0.06616,-0.0751422830015342,0.1413022830015342,213.57660671009435
1406,mu1_a,0.05559,-0.07722265439389309,0.1328126543938931,238.91465082119794
1407,mu1_a,0.04584,-0.07847006685586505,0.12431006685586504,271.1825193131615
1408,mu1_a,0.02607,-0.10043786508415625,0.12650786508415626,485.26223659111486
1410,mu1_a,0.02928,-0.09210654765141357,0.12138654765141357,414.5715425111607
1412,mu1_a,0.02799,-0.10531443398587287,0.13330443398587288,476.2573561311551
1413,mu1_a,0.0357,-0.09834613662002878,0.1340461366200288,375.4793742752773
1435,mu1_a,0.18963,-0.053656648095018356,0.24328664809501835,128.29544275364415
1436,mu1_a,0.23561,-0.07287426444508227,0.30848426444508226,130.93003881149906
1437,mu1_a,0.2765,-0.04883886605676907,0.3253388660567691,117.66324269641682
1438,mu1_a,0.18155,-0.05352427517235542,0.2350742751723554,129.4818370537376
1440,mu1_a,0.20147,-0.05859518891577942,0.26006518891577945,129.08382831909893
1441,mu1_a,0.13508,-0.06010114739219241,0.19518114739219242,144.49300221405647
1442,mu1_a,0.0357,-0.09834613662002878,0.1340461366200288,375.4793742752773
1443,mu1_a,0.17545,-0.03928927421438744,0.21473927421438743,122.39343072850585
1445,mu1_a,0.1013,-0.047270829563506145,0.14857082956350615,146.66419502669248
1447,mu1_a,0.1156,-0.045646060431203506,0.1612460604312035,139.48621144447114
1448,mu1_a,0.1005,-0.05116197263808531,0.1516619726380853,150.9074354592798
1450,mu1_a,0.091698,-0.054665310153068136,0.14636331015306814,159.61450647939103
1451,mu1_a,0.030581,-0.08649785500322993,0.11707885500322993,382.84835355090235
1453,mu1_a,0.02574,-0.09655304984058743,0.12229304984058743,475.10897372119797
1455,mu1_a,0.0934,-0.09921605282988838,0.19261605282988836,206.22703728889303
1458,mu1_a,0.0136,-0.11664729575588911,0.13024729575588911,957.7007040170007
1460,mu1_a,0.01134,-0.20552953800677187,0.21686953800677186,1912.4297882508606
1463,mu1_a,0.0539,-0.06626936974733916,0.12016936974733916,222.94873793155782
1465,mu1_a,0.07615,-0.04596704595985729,0.12211704595985728,160.36381609750973
1468,mu1_a,0.1682,-0.042924064912128135,0.21112406491212812,125.51965809207665
1471,mu1_a,0.1025,-0.0604947777576918,0.16299477775769178,159.0192953718064
1473,mu1_a,0.06797,-0.09320870239653006,0.16117870239653007,237.13212063286554
1474,mu1_a,0.1116,-0.0633728992101692,0.1749728992101692,156.78575197903345
1475,mu1_a,0.2475,-0.04523905808714901,0.292739058087149,118.2784073074611
1511,mu1_a,0.00515,-0.14365931977896407,0.14880931977896406,2889.5013543702726
1512,mu1_a,2.2,1.9863850377967505,0.21361496220324971,9.70977100923421
1514,mu1_a,0.0594,-0.08729774216552033,0.14669774216552034,246.9658958973917
1515,mu1_a,0.0207,-0.11265675326411118,0.13335675326411117,644.2355229839073
1516,mu1_a,0.00845,-0.14967183924963795,0.15812183924963796,1871.2643695967495
1518,mu1_a,0.00627,-0.17999462676174116,0.18626462676174116,2970.7276990755
1538,mu1_a,0.247243,-0.06775848137534374,0.31500148137534373,127.40562174624547
1539,mu1_a,0.2212,-0.0971402907174368,0.3183402907174368,143.91514046835334
1541,mu1_a,0.1441,-0.11269259784658786,0.25679259784658787,178.20443986454254
1543,mu1_a,0.06582,-0.08566486251919353,0.15148486251919352,230.15020133225767
1545,mu1_a,0.0346,-0.09936192990446985,0.13396192990446984,387.17320780519685
1546,mu1_a,0.04312,-0.08908875388956833,0.13220875388956832,306.60657209300155
1549,mu1_a,0.02919,-0.10675273368123006,0.13594273368123005,465.7167991660599
1550,mu1_a,0.02341,-0.1092875775816417,0.1326975775816417,566.8414249294032
1552,mu1_a,0.001276,-0.26868887224911886,0.26996487224911886,21157.121633036648
1554,mu1_a,0.002746,-0.2630724244371675,0.2658184244371675,9680.204819386943
1556,mu1_a,0.1057,-0.10596643438737935,0.21166643438737937,200.25206658976046
1557,mu1_a,0.005309,-0.12019712621831818,0.1255061262183182,2364.0257335595766
1578,mu1_a,0.3787,-0.09250045682086266,0.47120045682086265,124.42578738305214
1591,mu1_a,0.064641,-0.050289992881276724,0.11493099288127673,177.79890917451576
1593,mu1_a,0.04063,-0.04550009892869955,0.08613009892869955,211.98646056258846
1595,mu1_a,0.022930435,-0.06128562747983596,0.08421606247983596,367.26761823822045
1598,mu1_a,0.01175905,-0.08509882055939805,0.09685787055939804,823.6878876368512
1600,mu1_a,0.005269395,-0.09846349236378032,0.10373288736378032,1968.5919796123542
1601,mu1_a,0.06263,-0.05259725567665996,0.11522725567665996,183.98092874791655
1602,mu1_a,0.02804,-0.05011076250550173,0.07815076250550172,278.71170650040875
1603,mu1_a,0.02504,-0.05131248288305945,0.07635248288305946,304.9220562300729
1604,mu1_a,0.01516,-0.057615449877635116,0.07277544987763512,480.0491416413894
1605,mu1_a,0.02033,-0.056185932651398485,0.07651593265139849,376.3695654089267
1606,mu1_a,0.01826,-0.061179747098299375,0.07943974709829937,435.04790303367423
1607,mu1_a,0.01786,-0.06239299462336356,0.08025299462336356,449.3448746857229
1608,mu1_a,0.01627,-0.06814730283015769,0.08441730283015769,518.8525066070631
1609,mu1_a,0.01419,-0.07652200227893863,0.09071200227893862,639.2671055147707
1610,mu1_a,0.00589,-0.09300232629216554,0.09889232629216554,1678.9868637585002
1611,mu1_a,0.001504,-0.11255874093056722,0.11406274093056723,7583.958833426041
1612,mu1_a,0.1038,-0.023590715124921613,0.12739071512492162,122.7270858609772
1614,mu1_a,0.09491,-0.03650351419569786,0.13141351419569786,138.4611886990973
1617,mu1_a,0.08809,-0.03728582252537077,0.12537582252537077,142.3269639277415
1619,mu1_a,0.0416,-0.04455845384145568,0.08615845384145568,207.11166788313596
1621,mu1_a,0.02384,-0.05365945280338591,0.07749945280338591,325.0815973160029
1623,mu1_a,0.02234,-0.06100413669706645,0.08334413669706645,373.0713370337321
1625,mu1_a,0.02204,-0.05849136200234489,0.0805313620023449,365.38730489424245
1626,mu1_a,0.02865,-0.05837561847990835,0.08702561847990835,303.75434023340597
1628,mu1_a,0.01895,-0.06448730927326657,0.08343730927326656,440.3024235823934
1629,mu1_a,0.005196,-0.09406664236161932,0.09926264236161933,1910.3664808028416
1630,mu1_a,9.305e-05,-0.17045583339328452,0.17054888339328453,183287.35256357983
1633,mu1_a,0.10215,-0.1344509555761924,0.23660095557619243,231.62110188338346
1698,mu1_a,0.01395,-0.19683414588871861,0.2107841458887186,1510.99746145956
1699,mu1_a,0.005655,-0.12160337095477858,0.12725837095477857,2250.369070420422
1701,mu1_a,0.01433,-0.10730531621295086,0.12163531621295086,848.815884190249
1702,mu1_a,0.03606,-0.11794022545898325,0.15400022545898326,427.0666263303178
1704,mu1_a,0.15,-0.09954239010304955,0.24954239010304954,166.36159340092394
1705,mu1_a,0.2175,-0.06430441336720777,0.28180441336720774,129.5652475245573
1707,mu1_a,0.3268,-0.09470993172260272,0.4215099317226027,128.9810072586637
1710,mu1_a,0.3321,-0.09301147877963123,0.42511147877963124,128.00706979173478
1712,mu1_a,0.3743,-0.07832988048034678,0.4526298804803468,120.92703192068862
1713,mu1_a,0.1715,-0.14200107310886162,0.31350107310886166,182.79945953762893
1743,mu1_a,1.5,1.4556322588555173,0.04436774114448272,2.9578494096302093
1744,mu1_a,1.0,1.1027741581122759,0.10277415811227586,10.277415811217308
1745,mu1_a,0.8,1.0173334904220868,0.21733349042208672,27.16668630272688
1746,mu1_a,0.6,0.8728287791670233,0.2728287791670233,45.4714631944281
1747,mu1_a,0.4,0.7663588376581907,0.36635883765819066,91.58970941431869
1748,mu1_a,0.3,0.7393747601743599,0.4393747601743599,146.45825339096513
1749,mu1_a,0.2,0.7197854693890613,0.5197854693890613,259.8927346932312
1761,mu1_a,0.1856,-0.03667089082784836,0.22227089082784834,119.75802307470408
1762,mu1_a,0.0759572,-0.08635131685021258,0.16230851685021258,213.68417588862638
1763,mu1_a,0.0479496,-0.08240030486905836,0.13034990486905837,271.84774193390535
1764,mu1_a,0.039205,-0.08682070865401281,0.1260257086540128,321.45315304374003
1778,mu1_a,2.75,2.13614587499348,0.6138541250065201,22.32196818204716
1788,mu1_a,0.148,0.1885176773761182,0.040517677376118194,27.37680903773272
1809,mu1_a,2.9367e-05,-0.09540542302470806,0.09543479002470806,324972.8837640182
1810,mu1_a,1.6999e-05,-0.10019868690648465,0.10021568590648465,589538.678811094
1811,mu1_a,6.0141e-06,-0.1150041726545486,0.1150101867545486,1912342.1231959458
1812,mu1_a,2.8786e-06,-0.12652662744087095,0.12652950604087096,4395520.811702316
1813,mu1_a,0.1893,-0.08106945772162605,0.270369457721626,142.82591533026823
1814,mu1_a,0.2405,-0.06498220818214667,0.30548220818214666,127.01962918123762
1815,mu1_a,0.2168,-0.03707939394902904,0.25387939394902903,117.10304148886439
1816,mu1_a,0.2101,-0.039116858526563436,0.24921685852656345,118.61820967414434
1818,mu1_a,0.2037,-0.03669539127857008,0.24039539127857007,118.0144287076043
1819,mu1_a,0.21,-0.037816554960156123,0.24781655496015612,118.00788331379812
1821,mu1_a,0.2039,-0.03657950989770259,0.2404795098977026,117.93992638377792
1822,mu1_a,0.2101,-0.036607442203584806,0.24670744220358481,117.4238182781583
1824,mu1_a,0.2041,-0.03700967750443551,0.24110967750443552,118.13310999669486
1825,mu1_a,0.1984,-0.038154567970926534,0.23655456797092653,119.2311330492612
1826,mu1_a,0.2044,-0.038261831596896834,0.24266183159689683,118.71909569261723
1827,mu1_a,0.1893,-0.08106945772162605,0.270369457721626,142.82591533026823
1839,mu1_a,0.198419,-0.04596389781353488,0.2443828978135349,123.16506877481653
1840,mu1_a,0.181767,-0.08351783746788399,0.265284837467884,145.9477448967219
1842,mu1_a,0.2096,-0.038689187097949385,0.2482891870979494,118.45858163013588
1843,mu1_a,0.1959,-0.03652412575637615,0.23242412575637614,118.64427042123006
1846,mu1_a,3.8,3.4751106048530027,0.3248893951469971,8.549720924918727
1847,mu1_a,3.7,3.0913383555308656,0.6086616444691346,16.45031471537757
1848,mu1_a,3.6,3.2306631405690163,0.3693368594309838,10.259357206413368
1849,mu1_a,0.08191,-0.04483875831020978,0.12674875831020976,154.74149469986858
1850,mu1_a,0.08994,-0.043840045905615355,0.13378004590561537,148.7436578876228
1851,mu1_a,0.09026,-0.04263247609938037,0.13289247609938037,147.232967092741
1852,mu1_a,0.1163,-0.04489457962100707,0.16119457962100708,138.60239004266643
1853,mu1_a,4.27,3.8470461457305163,0.4229538542694833,9.905242488744362
1854,mu1_a,4.36,3.8480969629103834,0.5119030370896169,11.740895346089438
1855,mu1_a,4.5,3.8498152000455845,0.6501847999544155,14.448551110094911
1877,mu1_a,0.2405,-0.06425727762053685,0.30475727762053684,126.71820275229507
1878,mu1_a,0.03235,-0.08801510776534599,0.12036510776534598,372.07143048415855
1879,mu1_a,0.06952,-0.05426484486473332,0.12378484486473332,178.056451183764
1880,mu1_a,0.08508,-0.048588154009060525,0.1336681540090605,157.1087846820515
1882,mu1_a,0.0982,-0.05331835654570832,0.15151835654570833,154.2956787618792
1883,mu1_a,0.08688,-0.049419711035438074,0.1362997110354381,156.88272448649778
1884,mu1_a,0.1013,-0.06829856897027697,0.16959856897027697,167.42208190385267
1899,mu1_a,0.11685,-0.05849707832802464,0.17534707832802465,150.06168448996493
1900,mu1_a,0.092337,-0.049882735421539814,0.14221973542153982,154.02247790159913
1902,mu1_a,0.078273,-0.05852911318474008,0.13680211318474006,174.77560995872435
1903,mu1_a,0.073125,-0.05276636213641345,0.12589136213641344,172.1591277055615
1905,mu1_a,0.11295,-0.04285758303455611,0.1558075830345561,137.94385394703556
1907,mu1_a,0.066934,-0.04685548876787954,0.11378948876787953,170.0025230319113
1912,mu1_a,0.05392,-0.05248132002989786,0.10640132002989786,197.33182497760484
1914,mu1_a,0.0668,-0.05162406470908476,0.11842406470908476,177.28153399298193
1915,mu1_a,0.06544,-0.053385538105128194,0.11882553810512819,181.57936751728667
1917,mu1_a,0.06313,-0.05004581462056962,0.11317581462056962,179.27421925990316
1918,mu1_a,0.06124,-0.04979741399430898,0.11103741399430898,181.31517634306962
1919,mu1_a,0.06977,-0.0517379376608888,0.1215079376608888,174.154991628418
1921,mu1_a,0.07274,-0.047000035960239384,0.11974003596023938,164.613742038209
1922,mu1_a,0.10266,-0.04072223739378256,0.14338223739378256,139.66709272587752
1924,mu1_a,0.2405,-0.06498220818214667,0.30548220818214666,127.01962918123762
1930,mu1_a,0.3812,-0.042787721262853795,0.4239877212628538,111.22448091861007
1931,mu1_a,0.2892,-0.03600583127885376,0.3252058312788538,112.45014912784555
1932,mu1_a,2.61,2.8784038833469436,0.26840388334694376,10.283673691449843
1933,mu1_a,0.098,-0.04835005654174329,0.1463500565417433,149.3367923880101
1936,mu1_a,0.0715,-0.051759234355210626,0.12325923435521062,172.39053755732408
1937,mu1_a,0.0659,-0.04858553394699444,0.11448553394699444,173.72615166199873
1939,mu1_a,0.07732,-0.04963254179959059,0.1269525417995906,164.19107837292896
1941,mu1_a,0.1045,-0.040755049782901676,0.14525504978290166,139.00004763781018
1943,mu1_a,0.2405,-0.06498220818214667,0.30548220818214666,127.01962918123762
1944,mu1_a,0.05864,-0.05643347990391495,0.11507347990391495,196.23717582188365
1945,mu1_a,0.04893,-0.05747301824932205,0.10640301824932205,217.45967350735225
1946,mu1_a,0.04138,-0.05859690409955837,0.09997690409955837,241.60682478768078
1947,mu1_a,0.03357,-0.06448507970265377,0.09805507970265377,292.0913902285757
1948,mu1_a,0.02856,-0.06390760867572026,0.09246760867572026,323.7661368084125
1949,mu1_a,3.4,3.258760222380642,0.1412397776193579,4.154111106450482
1950,mu1_a,3.4,3.2610805019014757,0.13891949809852422,4.085867591131864
1951,mu1_a,0.04915,-0.11660476271922143,0.16575476271922143,337.2426504900285
1953,mu1_a,0.07629,-0.04658250471051456,0.12287250471051456,161.05977809529946
1955,mu1_a,0.08377,-0.04475080745382809,0.1285208074538281,153.42104267911412
1956,mu1_a,0.08208,-0.04489405578168365,0.12697405578168364,154.69548706157002
1958,mu1_a,0.1552,-0.04212329895096556,0.19732329895096556,127.14130086964828
1960,mu1_a,0.2405,-0.06425727762053685,0.30475727762053684,126.71820275229507
2001,mu1_a,0.082084,-0.0867546877299955,0.1688386877299955,205.69013172839843
2045,mu1_a,0.3289,-0.11765578205426058,0.4465557820542606,135.77250898537636
2046,mu1_a,0.3102,0.1163704853829702,0.19382951461702977,62.48533675577206
2047,mu1_a,0.4033,0.1663105148203163,0.23698948517968368,58.76258000969404
2048,mu1_a,0.4039,0.19045939982736337,0.2134406001726366,52.84491214956875
2049,mu1_a,0.521,0.3564170769498216,0.1645829230501784,31.58981248557822
2050,mu1_a,0.4435,0.22575032838707848,0.21774967161292152,49.098009382735185
2051,mu1_a,0.4748,0.16805977905618363,0.30674022094381637,64.60409034186402
2052,mu1_a,0.4115,0.14056245080075186,0.2709375491992481,65.84144573477272
2053,mu1_a,0.4209,0.07581199065746003,0.34508800934253997,81.98812291321457
2054,mu1_a,0.375,0.0794347725559062,0.2955652274440938,78.8173939848815
2055,mu1_a,0.3927,0.05439993598464954,0.33830006401535045,86.14720244830379
2056,mu1_a,0.3949,0.07673492509896346,0.3181650749010365,80.56851732089919
2057,mu1_a,0.3327,0.1268975273248881,0.2058024726751119,61.85827252013626
2058,mu1_a,0.3385,0.12023504937207163,0.2182649506279284,64.48004449845895
2059,mu1_a,0.3325,0.11908041038111014,0.21341958961888988,64.18634274233023
2060,mu1_a,0.3267,0.12287446868168156,0.20382553131831843,62.38920456617526
2061,mu1_a,0.3009,0.09639947842817259,0.2045005215718274,67.96295166870979
2062,mu1_a,0.3341,0.09509327489170505,0.23900672510829496,71.53748132522585
2063,mu1_a,0.328,0.070085732191779,0.257914267808221,78.63239872177888
2064,mu1_a,0.3553,0.09633845347469111,0.2589615465253089,72.88532128471152
2065,mu1_a,0.3553,0.09564922920182711,0.2596507707981729,73.07930503727613
2066,mu1_a,0.3827,0.05680625741631573,0.32589374258368425,85.15645220350999
2067,mu1_a,0.3289,0.09338335584979168,0.23551664415020834,71.60737128291039
2068,mu1_a,0.3704,0.050377248251370244,0.32002275174862976,86.39923103341408
2069,mu1_a,0.7705,0.4234586597467551,0.34704134025324485,45.04105648965535
2070,mu1_a,1.06,0.3283411954258102,0.7316588045741899,69.02441552580183
2071,mu1_a,1.163,0.5848466733192499,0.5781533266807501,49.712237891681255
2072,mu1_a,1.015,0.29473962591798664,0.7202603740820133,70.96161320998065
2073,mu1_a,1.06,0.18347327227375756,0.8765267277262425,82.69120072881279
2074,mu1_a,0.8648,0.2749002434585448,0.5898997565414552,68.2122752706722
2075,mu1_a,0.752,0.3171961899205869,0.4348038100794131,57.81965559558975
2076,mu1_a,0.8393,0.28591936955626707,0.553380630443733,65.93359114060213
2077,mu1_a,0.8829,0.2946231257462904,0.5882768742537097,66.63006843957905
2078,mu1_a,0.3289,0.09338335584979168,0.23551664415020834,71.60737128291039
2084,mu1_a,0.11478,-0.06973771363798853,0.18451771363798852,160.75772228295952
2118,mu1_a,0.0847,-0.07112407207219057,0.15582407207219057,183.97174978789945
2146,mu1_a,0.07148,-0.0732526624228082,0.1447326624228082,202.47994183097842
2161,mu1_a,0.054,-0.05595388188614453,0.10995388188614452,203.61829978538583
2162,mu1_a,0.055,-0.0620236936162431,0.1170236936162431,212.77035202566435
2163,mu1_a,0.058,-0.06787183539065961,0.1258718353906596,217.0204058422231
2164,mu1_a,0.064,-0.07405876995985705,0.13805876995985705,215.71682805890606
2165,mu1_a,0.084,-0.07687870409066849,0.1608787040906685,191.52226677232534
2166,mu1_a,0.00984,-0.16337811801876023,0.17321811801876022,1760.346727654032
2168,mu1_a,0.01403,-0.09804315188027479,0.1120731518802748,798.8107759963412
2169,mu1_a,0.02951,-0.08044869374289776,0.10995869374289777,372.6150245312491
2170,mu1_a,0.03436,-0.07998471480693164,0.11434471480693165,332.7843853422695
2171,mu1_a,0.04018,-0.07781325597940153,0.11799325597940152,293.66166246009186
2172,mu1_a,0.05585,-0.06915292303560072,0.12500292303560073,223.8190206506044
2173,mu1_a,0.05943,-0.06755178523169353,0.1269817852316935,213.66613701759528
2174,mu1_a,0.02944,-0.07852956316574627,0.10796956316574627,366.744440088583
2175,mu1_a,0.03448,-0.07374393753829567,0.10822393753829566,313.8745288142602
2176,mu1_a,0.0471285,-0.053711836818612524,0.10084033681861251,213.96890802056683
2179,mu1_a,0.088,-0.05295600658941746,0.14095600658941745,160.1772802134269
2180,mu1_a,0.058263,-0.061103590471373204,0.11936659047137321,204.87546207597353
2181,mu1_a,0.042181,-0.07464237831251702,0.11682337831251702,276.9573464587076
2182,mu1_a,0.068,-0.054310832329963143,0.12231083232996315,179.86887107083007
2184,mu1_a,0.034348,-0.07639435165684888,0.11074235165684887,322.41280905329205
2185,mu1_a,0.041733,-0.0546251650429726,0.0963581650429726,230.89201600810793
2186,mu1_a,0.0505285,-0.0798781981577269,0.1304066981577269,258.08543328051707
2187,mu1_a,0.049971,-0.05044018523049798,0.10041118523049798,200.93891502769324
2188,mu1_a,0.05926,-0.07182323419425984,0.13108323419425985,221.20019269667205
2189,mu1_a,0.059239,-0.0725402556287354,0.13177925562873538,222.45354517549393
2218,mu1_a,0.072,-0.0574851460895639,0.1294851460895639,179.8404806774521
2220,mu1_a,0.063,-0.06522397327237156,0.12822397327237156,203.530116302121
2222,mu1_a,0.084,-0.07687870409066849,0.1608787040906685,191.52226677232534
2254,mu1_a,0.0003961,-0.20686160607364668,0.20725770607364669,52324.59115132562
2256,mu1_a,0.001314,-0.14123943080554308,0.14255343080554309,10848.815121541471
2258,mu1_a,0.00271,-0.10664678564722802,0.10935678564722802,4035.305741951105
2259,mu1_a,0.005044,-0.09203351766371304,0.09707751766371303,1924.6137518728565
2261,mu1_a,0.00349,-0.09078274141052217,0.09427274141052217,2701.2246814759287
2265,mu1_a,0.05385,-0.04834534787689754,0.10219534787689755,189.77780478180088
2267,mu1_a,0.06688,-0.04701685602143546,0.11389685602143546,170.30032299601143
2270,mu1_a,0.05935,-0.04959755349562328,0.10894755349562328,183.56790816139443
2273,mu1_a,0.08111,-0.043724790325479324,0.12483479032547933,153.90801420779218
2274,mu1_a,0.06791,-0.07501803038162008,0.14292803038162008,210.46683902152174
2278,mu1_a,0.101637,-0.0726287991635099,0.1742657991635099,171.4590150848562
2288,mu1_a,0.0772,-0.06114718303254102,0.138347183032541,179.20619563568513
2319,mu1_a,0.1058,-0.03526815256427085,0.14106815256427085,133.33473777215264
2320,mu1_a,0.039363,-0.051308635136588954,0.09067163513658896,230.34736969815685
2321,mu1_a,0.07375,-0.05234915594072648,0.12609915594072646,170.98190635798866
2322,mu1_a,0.06704,-0.04974955246053897,0.11678955246053897,174.20875963424353
2323,mu1_a,0.07851,-0.0564345535886519,0.1349445535886519,171.88199412423015
2324,mu1_a,0.0845664,-0.04904550871790003,0.13361190871790002,157.99644860880923
2325,mu1_a,0.05236,-0.04624547103187865,0.09860547103187864,188.32213718486523
2326,mu1_a,0.08363,-0.04769574455468112,0.1313257445546811,157.03186004198346
2328,mu1_a,0.0905,-0.056497274929678376,0.14699727492967837,162.42792809729733
2330,mu1_a,0.1199,-0.04109313070971132,0.16099313070971133,134.27283628721315
2333,mu1_a,0.1118,-0.03306053044995999,0.14486053044996,129.57113635837592
2335,mu1_a,0.09988,-0.035664728299669934,0.13554472829966993,135.70757739118227
2337,mu1_a,0.05236,-0.06657353852064535,0.11893353852064534,227.14579548963692
2338,mu1_a,0.1027,-0.024307313691132704,0.12700731369113272,123.66827038938268
2339,mu1_a,0.066,-0.04309506503520816,0.10909506503520816,165.29555308114425
2341,mu1_a,0.08442,-0.044018705776551814,0.1284387057765518,152.14250861766214
2342,mu1_a,0.103,-0.03369921383678737,0.13669921383678735,132.71768333539822
2343,mu1_a,0.05236,-0.04624547103187865,0.09860547103187864,188.32213718486523
2344,mu1_a,0.13076,-0.030556412653568732,0.16131641265356872,123.36831802717577
2348,mu1_a,0.13671,-0.03502973915558921,0.1717397391555892,125.62339196425498
2351,mu1_a,0.11333,-0.032367049542668225,0.1456970495426682,128.56000136008348
2354,mu1_a,0.07781,-0.03703851671620206,0.11484851671620207,147.60122955240465
2357,mu1_a,0.05236,-0.04624547103187865,0.09860547103187864,188.32213718486523
2360,mu1_a,0.3062,-0.03232346766542171,0.33852346766542174,110.5563251679674
2361,mu1_a,0.3327,0.1268975273248881,0.2058024726751119,61.85827252013626
2362,mu1_a,0.316,0.1149667189598518,0.2010332810401482,63.61812691123799
2363,mu1_a,0.5514,0.2924826376274282,0.2589173623725718,46.956358790733084
2364,mu1_a,0.4937,0.23839630311819254,0.2553036968818075,51.71231453945521
2365,mu1_a,0.6017,0.19929092205173032,0.4024090779482697,66.87869003616434
2366,mu1_a,0.5094,0.1546543205158201,0.3547456794841799,69.63990567009886
2367,mu1_a,0.4383,0.18150049219434544,0.2567995078056546,58.589894548270294
2368,mu1_a,0.448,0.19349467879725987,0.25450532120274016,56.809223482627694
2369,mu1_a,0.3226,0.17807291488059834,0.14452708511940165,44.800708344374975
2370,mu1_a,0.3141,0.1452860003090111,0.1688139996909889,53.74530394474736
2371,mu1_a,0.3062,0.11840455043437284,0.1877954495656272,61.33097634389742
2372,mu1_a,0.3704,0.050377248251370244,0.32002275174862976,86.39923103341408
2373,mu1_a,0.1085,-0.15254551987687848,0.26104551987687846,240.5949491930622
2374,mu1_a,0.283,0.059984981102782164,0.2230150188972178,78.80389360297873
2375,mu1_a,0.6017,0.13501462122722135,0.46668537877277866,77.56113989895347
2376,mu1_a,0.7149,0.316638252222221,0.398261747777779,55.70873517655923
2377,mu1_a,0.6351,0.22012980804937962,0.41497019195062035,65.33934686662998
2378,mu1_a,0.6357,0.2300738566645973,0.40562614333540276,63.807793508693514
2379,mu1_a,0.6701,0.27187576999293805,0.398224230007062,59.42758245134572
2380,mu1_a,0.6239,0.27389546908576745,0.35000453091423256,56.09945999578002
2381,mu1_a,0.594,0.33512784727110834,0.25887215272889164,43.581170493006034
2382,mu1_a,0.3102,0.1163704853829702,0.19382951461702977,62.48533675577206
2383,mu1_a,0.1042,-0.059374897996436415,0.16357489799643643,156.98166794133073
2399,mu1_a,2.48274e-05,-0.6140690758779558,0.6140939032779558,2473452.22835832
2400,mu1_a,1.31219e-05,-0.6471519783743543,0.6471651002743544,4931946.219334792
2401,mu1_a,2.699e-06,-0.7392284697908571,0.7392311687908572,27389066.131907962
2402,mu1_a,5.911e-07,-0.7876472217939803,0.7876478128939802,133250969.44413562
2403,mu1_a,1.863e-07,-0.8319289672847028,0.8319291535847028,446551093.9741079
2404,mu1_a,7.04e-08,-0.8660888438870342,0.8660889142870343,1230222460.3159535
2405,mu1_a,3.272e-07,-0.8193989997150795,0.8193993269150794,250426901.78669366
2406,mu1_a,1.842e-07,-0.861287033359645,0.861287217559645,467580098.6746245
2408,mu1_a,0.417111,-0.0663728297717372,0.4834838297717372,115.91251004422757
2413,mu1_a,0.3327,-0.10529779901956177,0.43799779901956176,131.64947370551408
2414,mu1_a,0.3704,0.050377248251370244,0.32002275174862976,86.39923103341408
2415,mu1_a,0.432,0.09021337651713368,0.3417866234828663,79.11727395418406
2416,mu1_a,0.429,0.08938894711966333,0.33961105288033666,79.16341558963754
2417,mu1_a,0.5136,0.23586193388370175,0.2777380661162982,54.076726268644364
2418,mu1_a,0.5136,0.25340942899874896,0.260190571001251,50.66015790512937
2419,mu1_a,0.4818,0.12904444619934943,0.3527555538006506,73.21617970110387
2420,mu1_a,0.4799,0.16796176352273406,0.31193823647726593,65.000674406463
2421,mu1_a,0.4544,0.14109316454506104,0.313306835454939,68.9495676615866
2422,mu1_a,0.412,0.1700014281244221,0.24199857187557788,58.737517445386054
2423,mu1_a,0.3943,0.1366755227163076,0.2576244772836924,65.33717405098632
2424,mu1_a,0.3327,0.1268975273248881,0.2058024726751119,61.85827252013626
2425,mu1_a,0.0209672,-0.13857756127982812,0.1595447612798281,760.9254515253294
2426,mu1_a,0.01804,-0.14012026887475515,0.15816026887475515,876.7198939356317
2446,mu1_a,0.01801,-0.1790145233376541,0.1970245233376541,1093.9729224137388
2447,mu1_a,3.963,3.7808363560552065,0.18216364394479356,4.59660973870168
2448,mu1_a,0.001434,-0.21586978803400503,0.21730378803400502,15153.681163352037
2449,mu1_a,1.04394e-06,-0.430910844652581,0.430911888592581,41277417.84186856
2450,mu1_a,0.02364,-0.0659797978530961,0.0896197978530961,379.10235976863396
2451,mu1_a,0.1853,-0.05873732363397838,0.24403732363397837,131.69850169058898
2452,mu1_a,0.09559,-0.09384758581436908,0.1894375858143691,198.17720034772185
2453,mu1_a,0.01801,-0.061152608393768904,0.0791626083937689,439.54807545459977
2454,mu1_a,0.00236791,-0.05974543357427298,0.06211334357427298,2623.1294072849764
2455,mu1_a,0.0114081,-0.05553321511094833,0.06694131511094834,586.7875904408312
2456,mu1_a,0.0121941,-0.05957636144562134,0.07177046144562134,588.5671057292926
2457,mu1_a,0.1568,-0.05715811710869945,0.21395811710869944,136.4528808082493
2458,mu1_a,0.05654,-0.0716907975675089,0.1282307975675089,226.7965998677767
2459,mu1_a,0.06259,-0.08421997858455327,0.14680997858455327,234.55820192076635
2460,mu1_a,0.01801,-0.061152608393768904,0.0791626083937689,439.54807545459977
2461,mu1_a,0.009468,-0.054919135976596034,0.06438713597659604,680.050020804769
2462,mu1_a,0.03361,-0.07705527392345107,0.11066527392345107,329.2629393637562
2463,mu1_a,0.005547,-0.06030643986119827,0.06585343986119827,1187.1901901807528
2464,mu1_a,0.03577,-0.08186982523662545,0.11763982523662544,328.8784602553443
2465,mu1_a,0.01801,-0.061152608393768904,0.0791626083937689,439.54807545459977
2466,mu1_a,0.0137604,-0.16259527257917294,0.17635567257917295,1281.6173408211735
2467,mu1_a,0.0843,-0.09133857788660071,0.1756385778866007,208.34943995790888
2468,mu1_a,0.06758,-0.10121840987579789,0.1687984098757979,249.7756878859132
2469,mu1_a,0.04572,-0.10607823016945239,0.15179823016945238,332.0171263476208
2470,mu1_a,0.03148,-0.10111997104800008,0.1325999710480001,421.219730126391
2471,mu1_a,0.02573,-0.10190327871708094,0.12763327871708094,496.0484986868265
2472,mu1_a,0.02292,-0.1057607661314714,0.1286807661314714,561.4344071808772
2473,mu1_a,0.04,-0.15656691360108865,0.19656691360108866,491.4172839904362
2474,mu1_a,0.01524,-0.0775735908896178,0.0928135908896178,609.0130635402078
2478,mu1_a,0.05193,-0.06568925801106845,0.11761925801106846,226.49577895013195
2480,mu1_a,0.0326,-0.1163270339208266,0.1489270339208266,456.8313923811604
2481,mu1_a,0.01257,-0.14698311604508058,0.15955311604508057,1269.3167544342673
2482,mu1_a,0.006052,-0.18027727923929915,0.18632927923929915,3078.8050100547107
2483,mu1_a,0.002249,-0.23216476235505712,0.23441376235505712,10423.021887542325
2484,mu1_a,0.18751,-0.04688959368959622,0.23439959368959623,125.00644962313805
2485,mu1_a,0.22196,-0.08942235435018026,0.31138235435018025,140.28759882356164
2486,mu1_a,0.20308,-0.07815313067673285,0.28123313067673283,138.483913076299
2487,mu1_a,0.14502,-0.07721231864627665,0.22223231864627666,153.24253113001254
2488,mu1_a,0.14066,-0.07028388824330195,0.21094388824330196,149.9672175755739
2489,mu1_a,0.12576,-0.06854361461020314,0.19430361461020315,154.50351034403474
2490,mu1_a,0.11169,-0.0668517549576223,0.1785417549576223,159.85473628437975
2491,mu1_a,0.10688,-0.060471543330813116,0.16735154333081312,156.5789140430832
2493,mu1_a,0.091341,-0.06487514701234498,0.15621614701234499,171.0252208872628
2494,mu1_a,0.084873,-0.06452642559461597,0.14939942559461597,176.02703520890705
2496,mu1_a,0.088309,-0.06289374987372481,0.1512027498737248,171.22009067253916
2497,mu1_a,0.10234,-0.056312317617993435,0.15865231761799342,155.02473873015748
2498,mu1_a,0.12115,-0.05196477899125379,0.17311477899125377,142.89292529081706
2499,mu1_a,0.21769,-0.03515000286594688,0.2528400028659469,116.14681559317626
2528,mu1_a,0.16522,-0.15059271045282485,0.3158127104528249,191.14678032375826
2530,mu1_a,0.173835,-0.11389248598062518,0.28772748598062514,165.51758045213563
2531,mu1_a,0.188624,-0.06947003344519115,0.25809403344519116,136.82990152039127
2533,mu1_a,0.195419,-0.06777398288717906,0.26319298288717907,134.68136818110432
2534,mu1_a,0.208181,-0.05243363155762898,0.260614631557629,125.18655955941085
2535,mu1_a,0.203253,-0.05346242749318142,0.25671542749318144,126.30338912189163
2548,mu1_a,0.08051,-0.053590587242750065,0.13410058724275006,166.56388925733998
2550,mu1_a,0.289523,-0.036502907388754724,0.3260259073887547,112.6079473436061
2596,mu1_a,0.127372,-0.04734046553075766,0.17471246553075767,137.16708972881477
2597,mu1_a,0.0746756,-0.06589242050415373,0.14056802050415373,188.238220385603
2598,mu1_a,0.091482,-0.0793653602011119,0.1708473602011119,186.7551651682783
2600,mu1_a,0.07666,-0.06404751774451206,0.14070751774451207,183.5475055344072
2620,mu1_a,0.3708,-0.0296533101806587,0.4004533101806587,107.99711709265878
2629,mu1_a,0.01834,-0.1761137965265036,0.1944537965265036,1060.2715186254138
2630,mu1_a,0.103799,-0.05112316326745647,0.15492216326745648,149.25207686583104
2631,mu1_a,0.126935,-0.04170002562404834,0.16863502562404833,132.8514795940598
2632,mu1_a,0.115999,-0.044575261311026626,0.16057426131102664,138.4272806745251
2633,mu1_a,0.149542,-0.04372445984539591,0.19326645984539592,129.23891605308444
2634,mu1_a,0.0921453,-0.05639280117063822,0.1485381011706382,161.19986713269824
2635,mu1_a,0.0902533,-0.06164223276012232,0.1518955327601223,168.29914558075916
2636,mu1_a,0.120674,-0.05090362081820943,0.17157762081820943,142.18275752588593
2637,mu1_a,0.120613,-0.04981304515472845,0.17042604515472845,141.29989731895853
2638,mu1_a,0.204751,-0.04047475505779524,0.24522575505779523,119.76779359153194
2639,mu1_a,0.3708,-0.0296533101806587,0.4004533101806587,107.99711709265878
2666,mu1_a,0.0946,-0.03574934938058011,0.13034934938058013,137.7900099145901
2685,mu1_a,0.0737,-0.05950690825127458,0.13320690825127457,180.74207360850357
2686,mu1_a,0.057042,-0.053327954919359655,0.11036995491935966,193.4889290652936
2687,mu1_a,0.060287,-0.05533596236523247,0.11562296236523248,191.78755347473682
2688,mu1_a,0.063379,-0.0554303740283022,0.1188093740283022,187.4585809596674
2689,mu1_a,0.067817,-0.058187938346723644,0.12600493834672366,185.80140428633771
2690,mu1_a,0.080912,-0.06631839864203526,0.14723039864203524,181.9636131108063
2691,mu1_a,0.098613,-0.06722790688984959,0.1658409068898496,168.17347295809662
2692,mu1_a,0.1047,-0.05602537567586774,0.16072537567586775,153.51038746354598
2723,mu1_a,0.1654,-0.15061947959633887,0.31601947959633886,191.06377242710292
2724,mu1_a,0.1251,-0.12363624361426706,0.24873624361426705,198.82993094506696
2725,mu1_a,0.1165,-0.11388240337985739,0.23038240337985738,197.75313594667796
2726,mu1_a,0.1019,-0.10846679728552566,0.21036679728552565,206.4443545470669
2727,mu1_a,0.1132,-0.10117887523997471,0.2143788752399747,189.3806318357605
2728,mu1_a,0.1228,-0.09915696603754842,0.22195696603754844,180.74671501281836
2729,mu1_a,0.1007,-0.09400824681833764,0.19470824681833765,193.3547634720994
2730,mu1_a,0.1097,-0.08463015139952834,0.19433015139952836,177.14690191226697
2731,mu1_a,0.1019,-0.07833458786808278,0.18023458786808277,176.87398220442984
2732,mu1_a,0.06245,-0.0691745954149105,0.1316245954149105,210.76796703411182
2733,mu1_a,0.03987,-0.0765093116161778,0.1163793116161778,291.8969441014769
2734,mu1_a,0.1048,-0.05906695725405836,0.16386695725405837,156.36160043176977
2735,mu1_a,2.7,2.519401802563509,0.18059819743649097,6.688822127274966
2736,mu1_a,2.5,2.133778472236701,0.3662215277632992,14.648861110526108
2737,mu1_a,0.0413188,-0.04818904467728924,0.08950784467728924,216.62740610841306
2738,mu1_a,0.0375673,-0.04828659590282669,0.08585389590282669,228.5335808017647
2739,mu1_a,0.078287,-0.04601193304255213,0.12429893304255213,158.77340176653135
2773,mu1_a,0.06166,-0.051672336342749536,0.11333233634274953,183.80203752985972
2802,mu1_a,0.3708,-0.0296533101806587,0.4004533101806587,107.99711709265878
2803,mu1_a,0.160011,-0.04207305966500097,0.20208405966500095,126.29385458733339
2804,mu1_a,0.11719,-0.05042318336444429,0.1676131833644443,143.02686522998042
2805,mu1_a,0.0890006,-0.05855744778138583,0.14755804778138581,165.79444158772847
2806,mu1_a,0.0757815,-0.060514783040011844,0.13629628304001185,179.8542956238835
2807,mu1_a,0.0469728,-0.08014121230908999,0.12711401230909,270.6119548044483
2808,mu1_a,0.0442247,-0.07716634297589414,0.12139104297589415,274.4869789351862
2809,mu1_a,0.0420941,-0.07832569647896881,0.1204197964789688,286.0728616982144
2810,mu1_a,0.0550113,-0.06811107391350507,0.12312237391350507,223.81287828367434
2811,mu1_a,0.0179522,-0.11636094080808845,0.13431314080808845,748.170925015356
2812,mu1_a,0.026633,-0.10357874800551176,0.13021174800551175,488.91130552556086
2836,mu1_a,15.0,12.774832171009898,2.2251678289901022,14.83445219326636
2854,mu1_a,0.06578,-0.04145798999887179,0.1072379899988718,163.02522042754867
2856,mu1_a,0.08893,-0.05508852014826754,0.14401852014826755,161.94593516996298
2858,mu1_a,0.08703,-0.07195969516771639,0.15898969516771638,182.6837816452827
2860,mu1_a,0.0786,-0.07435689916863697,0.15295689916863697,194.60165288383072
2862,mu1_a,0.07793,-0.07619657137511826,0.15412657137511826,197.77565940349095
2863,mu1_a,0.09019,-0.06786047794200195,0.15805047794200194,175.24168748225912
2864,mu1_a,0.07037,-0.061189841393649524,0.1315598413936495,186.95444279064935
2866,mu1_a,0.05727,-0.05398989404230453,0.11125989404230453,194.27255812879662
2867,mu1_a,0.13173,-0.04261221103231533,0.17434221103231534,132.34814471342278
2873,mu1_a,0.17399,-0.040895634247018364,0.21488563424701837,123.50458891073241
2876,mu1_a,0.1675,-0.04300780287665862,0.21050780287665863,125.6763002241205
2877,mu1_a,0.07757,-0.0546958594063216,0.1322658594063216,170.51161454765565
2879,mu1_a,0.1323,-0.051220041334639366,0.18352004133463937,138.7150728142496
2881,mu1_a,0.1408,-0.04834087876207582,0.18914087876207583,134.33301048347477
2882,mu1_a,0.11894,-0.05126727145241189,0.17020727145241188,143.10347355892117
2884,mu1_a,0.1158,-0.04779047549908216,0.16359047549908218,141.2698406715626
2886,mu1_a,0.169162,-0.05545384708609319,0.2246158470860932,132.78150357927038
2888,mu1_a,0.05315,-0.06236166601385107,0.11551166601385107,217.33145063344827
2902,mu1_a,0.118813,-0.060317899683742626,0.17913089968374263,150.76708750914037
2904,mu1_a,0.0921884,-0.05055024013150683,0.14273864013150683,154.83362346017338
2906,mu1_a,0.199789,-0.020294610126170787,0.22008361012617078,110.15802177550776
2918,mu1_a,0.01821,-0.16641701181959945,0.18462701181959945,1013.8770555159841
2919,mu1_a,0.02448,-0.124271435470441,0.148751435470441,607.6447527139076
2921,mu1_a,0.02231,-0.08344528343326318,0.10575528343326318,474.0263712618688
2922,mu1_a,0.02351,-0.12383737391265942,0.14734737391265942,626.7434024091535
2923,mu1_a,0.028,-0.11281170143593128,0.14081170143593127,502.8989336817939
2924,mu1_a,0.03209,-0.07764956620539148,0.10973956620539149,341.9743415455648
2925,mu1_a,0.03388,-0.0794258625103918,0.11330586251039179,334.4328881553939
2926,mu1_a,0.04529,-0.06410426008654968,0.10939426008654968,241.5417533321578
2943,mu1_a,0.31191,-0.050170201536885395,0.3620802015368854,116.08483265548543
2944,mu1_a,0.132216,-0.046892149890781776,0.17910814989078178,135.46632018018022
2945,mu1_a,0.119419,-0.03802080844637862,0.15743980844637862,131.83815677995983
2946,mu1_a,0.173649,-0.03564729798043931,0.2092962979804393,120.52836352598288
2947,mu1_a,0.199893,-0.03574676050363024,0.23563976050363022,117.88294762820681
2948,mu1_a,0.24794,-0.0354111097324602,0.2833511097324602,114.28212863245841
2949,mu1_a,0.04915,-0.11660476271922143,0.16575476271922143,337.2426504900285
2950,mu1_a,0.04884,-0.053183522114430115,0.10202352211443011,208.89337041838897
2952,mu1_a,0.05424,-0.05074869593675979,0.10498869593675979,193.56322996833364
2953,mu1_a,0.05837,-0.04871382904288485,0.10708382904288485,183.45696255105415
2955,mu1_a,0.04929,-0.0531934715360336,0.1024834715360336,207.9193985269921
2956,mu1_a,0.05018,-0.05264062212143866,0.10282062212143867,204.90359131006304
2957,mu1_a,0.05321,-0.052757288724615437,0.10596728872461544,199.1491988773237
2958,mu1_a,0.05305,-0.05275340580829585,0.10580340580829585,199.44091575174636
2960,mu1_a,0.05099,-0.05439958147570556,0.10538958147570557,206.68676500027203
2961,mu1_a,0.0598,-0.05370499530740974,0.11350499530740973,189.80768445737738
2962,mu1_a,0.04191,-0.056904609812429674,0.09881460981242968,235.7781193273011
2970,mu1_a,0.072,-0.0574851460895639,0.1294851460895639,179.8404806774521
2971,mu1_a,0.078,-0.05722478270523995,0.13522478270523997,173.3651060301363
2972,mu1_a,0.077,-0.05732073975031454,0.13432073975031456,174.44251915398718
2973,mu1_a,0.069,-0.05264246945635026,0.12164246945635027,176.2934339921555
2974,mu1_a,0.054,-0.05595388188614453,0.10995388188614452,203.61829978538583
3019,mu1_a,0.0003783,-0.20941173260287016,0.20979003260287016,55455.99578332282
3022,mu1_a,0.001072,-0.14673930519360268,0.14781130519360267,13788.368008929008
3024,mu1_a,0.002558,-0.11441887702877573,0.11697687702877574,4572.981899259027
3025,mu1_a,0.002066,-0.11456786715527806,0.11663386715527806,5645.39530972043
3026,mu1_a,0.002451,-0.10376471179326802,0.10621571179326801,4333.566370866273
3028,mu1_a,0.002465,-0.09835640158978881,0.1008214015897888,4090.117709894021
3031,mu1_a,0.003531,-0.08666689663412097,0.09019789663412098,2554.457564672229
3033,mu1_a,0.03849,-0.05662804485775752,0.09511804485775752,247.1240448305697
3035,mu1_a,0.06994,-0.05232740126989538,0.12226740126989538,174.81755971997026
3037,mu1_a,0.03306,-0.05509702421432783,0.08815702421432783,266.65766549201834
3039,mu1_a,0.04744,-0.05575166908363033,0.10319166908363034,217.52038170627137
3042,mu1_a,0.09889,-0.047207158158599216,0.14609715815859922,147.7370392932772
3043,mu1_a,0.06985,-0.05334802492161389,0.12319802492161389,176.37512515368667
3057,mu1_a,0.07088,-0.0520933743009761,0.1229733743009761,173.49516690073523
3058,mu1_a,0.07079,-0.04752760425148872,0.11831760425148873,167.13886742451945
3059,mu1_a,0.07263,-0.05017294929445015,0.12280294929445015,169.08020004510442
3060,mu1_a,0.07096,-0.050841155856564624,0.12180115585656462,171.64762662746358
3066,mu1_a,0.0807,-0.03464375498718736,0.11534375498718735,142.92906441853538
3068,mu1_a,0.08076,-0.0457186849998214,0.1264786849998214,156.61055596614077
3069,mu1_a,0.07949,-0.05733133317834149,0.1368213331783415,172.12395669470405
3070,mu1_a,0.07425,-0.057495741521470634,0.13174574152147062,177.43534211406902
3071,mu1_a,0.07318,-0.05297083041803424,0.12615083041803424,172.38429955768024
3072,mu1_a,0.09139,-0.029615510199701156,0.12100551019970116,132.40563540691224
3073,mu1_a,0.09615,-0.030859720580033,0.12700972058003301,132.09539321758925
3074,mu1_a,0.09095,-0.03654539835437942,0.12749539835437942,140.18185635291655
3075,mu1_a,0.08346,-0.06177512557498077,0.14523512557498078,174.01764386920752
3076,mu1_a,0.07757,-0.06200187638219262,0.13957187638219262,179.9302260930686
3077,mu1_a,0.1068,-0.04076956940378712,0.14756956940378713,138.1737541221024
3160,mu1_a,0.1023,-0.05354064486358234,0.15584064486358234,152.336896248347
3218,mu1_a,0.1645,-0.04018745881650049,0.2046874588165005,124.43006614909191
3248,mu1_a,0.04561,-0.09741338995495408,0.14302338995495406,313.5790176536248
3249,mu1_a,0.05016,-0.02907007429036723,0.07923007429036724,157.95469355818918
3250,mu1_a,0.06475,-0.043360998398816075,0.10811099839881608,166.9667928913458
3251,mu1_a,0.06095,-0.033924024936317965,0.09487402493631797,155.65877757959208
3253,mu1_a,0.06768,-0.044783320827724404,0.11246332082772441,166.16920925836686
3254,mu1_a,0.07052,-0.042430638598119186,0.11295063859811919,160.16823397123864
3255,mu1_a,0.08506,-0.0398827789260941,0.1249427789260941,146.88781909784294
3256,mu1_a,0.09819,-0.03505836236913579,0.1332483623691358,135.70461591585573
3257,mu1_a,0.1093,-0.03707679969507949,0.1463767996950795,133.92204912510547
3258,mu1_a,0.133,-0.05732793199157016,0.19032793199157017,143.1037082632625
3259,mu1_a,0.1131,-0.0451178244861456,0.1582178244861456,139.8919756717477
3272,mu1_a,0.0813865,-0.052841470950613034,0.13422797095061303,164.92657989834157
3302,mu1_a,0.09436,-0.03581785585146818,0.13017785585146818,137.9587281158209
3303,mu1_a,0.08119,-0.04777170493615174,0.12896170493615172,158.83939516512294
3304,mu1_a,0.08096,-0.06219480084664425,0.14315480084664425,176.8216413597777
3305,mu1_a,0.07456,-0.0588156091397955,0.13337560913979551,178.88359594689734
3306,mu1_a,0.07664,-0.049514810296055034,0.12615481029605502,164.60700716911396
3307,mu1_a,0.07643,-0.04684725807168816,0.12327725807168816,161.29433216024495
3308,mu1_a,0.07088,-0.050717390678235996,0.121597390678236,171.5538807512986
3309,mu1_a,0.08363,-0.0476624813466191,0.13129248134661908,156.9920857886514
3311,mu1_a,0.08554,-0.06664866732543223,0.15218866732543224,177.9152061300597
3313,mu1_a,0.06555,-0.05027521180100952,0.11582521180100952,176.69750083789862
3316,mu1_a,0.09038,-0.0379502219516189,0.12833022195161892,141.98962375547578
3318,mu1_a,0.09139,-0.034373664295541784,0.12576366429554178,137.61206291078418
3320,mu1_a,0.07375,-0.04939775849231787,0.12314775849231786,166.98001151274312
3327,mu1_a,0.07918,-0.05913707007922514,0.13831707007922514,174.6868780973456
3328,mu1_a,0.07667,-0.06215984885478021,0.13882984885478022,181.07453874131923
3329,mu1_a,0.07574,-0.05414937823729954,0.12988937823729954,171.49376582464296
3330,mu1_a,0.07391,-0.05027918480609955,0.12418918480609956,168.02758057694393
3331,mu1_a,0.07088,-0.050717390678235996,0.121597390678236,171.5538807512986
3344,mu1_a,0.1027,-0.020418325599158793,0.12311832559915879,119.88152443813046
3347,mu1_a,0.098204,-0.043553254600005864,0.14175725460000588,144.3497765860478
3354,mu1_a,0.0871,-0.04966761887710014,0.13676761887710015,157.02367264699186
3357,mu1_a,0.07375,-0.05007343297498462,0.12382343297498462,167.89618030278731
3366,mu1_a,0.13076,-0.030556412653568732,0.16131641265356872,123.36831802717577
3369,mu1_a,0.1172,-0.03649895200362646,0.15369895200362646,131.14245051392066
3372,mu1_a,0.09477,-0.044000497174509434,0.13877049717450943,146.42871918649905
3375,mu1_a,0.07819,-0.052763110575464955,0.13095311057546494,167.48063764393163
3378,mu1_a,0.07375,-0.052314037414286474,0.12606403741428646,170.9342880170537
3379,mu1_a,0.09363,-0.03848035135838618,0.13211035135838617,141.0983139559705
3381,mu1_a,0.08515,-0.04826467190913275,0.13341467190913275,156.68193999714143
3384,mu1_a,0.08821,-0.04324705533761947,0.13145705533761948,149.02738389766375
3385,mu1_a,0.08561,-0.054216147752383925,0.13982614775238394,163.32922293044112
3387,mu1_a,0.1018,-0.04117731271999986,0.14297731271999986,140.4492266390917
3388,mu1_a,0.1,-0.0465159393453114,0.1465159393453114,146.51593934384624
3394,mu1_a,0.02295,-0.04786273758105386,0.07081273758105386,308.5522334551997
3396,mu1_a,0.0250167,-0.05848996441441978,0.08350666441441978,333.80367678823245
3402,mu1_a,0.0337208,-0.05553787892731049,0.08925867892731049,264.6991735802931
3404,mu1_a,0.02295,-0.04786273758105386,0.07081273758105386,308.5522334551997
3449,mu1_a,0.00858,-0.10810990012356003,0.11668990012356004,1360.0221458037272
3458,mu1_a,28.0,24.99684063004638,3.0031593699536216,10.72556917840541
3459,mu1_a,2.36376,1.6444491349393209,0.7193108650606792,30.430790988102633
3470,mu1_a,0.02061,-0.12939480965147881,0.1500048096514788,727.8253743047092
3471,mu1_a,0.00733,-0.11496199762225534,0.12229199762225534,1668.3765021223953
3472,mu1_a,0.02061,-0.10402833821289181,0.12463833821289182,604.7469102709575
3475,mu1_a,0.06887,-0.057703244317701685,0.12657324431770167,183.7857475183154
3477,mu1_a,0.06486,-0.060545609925950705,0.1254056099259507,193.34814974409068
3479,mu1_a,0.04046,-0.0700664215827767,0.1105264215827767,273.1745466634823
3481,mu1_a,0.00984,-0.16337811801876023,0.17321811801876022,1760.346727654032
3505,mu1_a,0.0866,-0.09268445279082327,0.17928445279082328,207.02592700779795
3507,mu1_a,0.20167,-0.12318332019686368,0.32485332019686364,161.0816284996543
3508,mu1_a,0.15131,-0.12000336303750297,0.271313363037503,179.3096048084792
3509,mu1_a,0.13848,-0.13555947713273797,0.27403947713273796,197.8910146813685
3510,mu1_a,0.13743,-0.07138851834273396,0.20881851834273396,151.94536734425853
3511,mu1_a,0.13196,-0.0824074074269322,0.2143674074269322,162.4487779821974
3513,mu1_a,0.12768,-0.0663548233005698,0.1940348233005698,151.96962977682495
3514,mu1_a,0.13047,-0.07091751963691584,0.20138751963691584,154.3554224230645
3515,mu1_a,0.1362,-0.08550429567197104,0.22170429567197103,162.77848433945908
3516,mu1_a,0.1591,-0.10866445661890795,0.2677644566189079,168.29946990397542
3517,mu1_a,0.21837,-0.08855740492237518,0.3069274049223752,140.5538329078947
3519,mu1_a,0.219888,-0.057412846085421576,0.2773008460854216,126.11004060438064
3548,mu1_a,0.02244,-0.07872065296118974,0.10116065296118974,450.8050488265672
3564,mu1_a,0.0224,-0.13661246824537382,0.15901246824537382,709.8770903494423
3565,mu1_a,0.018175,-0.1510131601376103,0.1691881601376103,930.8839621914798
3568,mu1_a,0.02329,-0.10905578295552204,0.13234578295552205,568.2515369250301
3571,mu1_a,0.012567,-0.13643839074987613,0.14900539074987612,1185.6878390866495
3576,mu1_a,0.023883,-0.10321165339970378,0.12709465339970377,532.1553129606089
3590,mu1_a,0.1403,-0.06646763504148212,0.20676763504148213,147.37536353528748
3618,mu1_a,0.10852,-0.026331867261796038,0.13485186726179604,124.2645293591535
3620,mu1_a,0.0757508,-0.06811909819616463,0.14386989819616464,189.92525253101667
3621,mu1_a,0.105124,-0.06478319918640818,0.16990719918640818,161.62550814732307
3622,mu1_a,0.107794,-0.051336635887195003,0.159130635887195,147.62476194010682
3623,mu1_a,0.0820991,-0.04814345010671506,0.13024255010671504,158.64065514132142
3625,mu1_a,0.0982459,-0.03921381515917011,0.1374597151591701,139.91394567892496
3626,mu1_a,0.0910034,-0.052496591346516686,0.1434999913465167,157.6864066012257
3627,mu1_a,0.114371,-0.028913579408774315,0.14328457940877432,125.28051639622063
3646,mu1_a,0.1645,-0.04773459485858639,0.2122345948585864,129.01799079470894
3648,mu1_a,0.111,-0.0411771022718897,0.15217710227188969,137.09648853199883
3650,mu1_a,0.0883,-0.05065651458519932,0.1389565145851993,157.36864618757147
3652,mu1_a,0.1295,-0.03935147881195994,0.16885147881195994,130.38724232483094
3653,mu1_a,0.2355,-0.035881707795423545,0.27138170779542353,115.23639396784338
3654,mu1_a,0.1081,-0.04187367088029481,0.1499736708802948,138.7360507667969
3655,mu1_a,0.08025,-0.05167229500484127,0.13192229500484126,164.38915265195934
3657,mu1_a,0.09686,-0.0451478737965757,0.1420078737965757,146.61147408126118
3658,mu1_a,0.118,-0.04655336218004219,0.16455336218004218,139.4520018463116
3659,mu1_a,0.1139,-0.04696387527775092,0.16086387527775092,141.2325507254948
3661,mu1_a,0.1692,-0.04735453717072685,0.21655453717072684,127.98731511196631
3662,mu1_a,0.08139,-0.036168848901550865,0.11755884890155087,144.43893463583544
3682,mu1_a,0.072,-0.0574851460895639,0.1294851460895639,179.8404806774521
3683,mu1_a,0.058,-0.05215215483320296,0.11015215483320295,189.9175083298341
3684,mu1_a,0.062,-0.06203400237287343,0.12403400237287343,200.05484253366595
3685,mu1_a,0.084,-0.05557280751879329,0.1395728075187933,166.15810418706155
3686,mu1_a,0.05,-0.04852798450467255,0.09852798450467255,197.05596900540397
3710,mu1_a,9.818701e-05,-0.45290681835339164,0.4530050053633916,461369.58519227314
3713,mu1_a,0.0004248,-0.1931930299748531,0.1936178299748531,45578.58510335858
3716,mu1_a,0.000724,-0.15154040225155985,0.15226440225155985,21030.994757078715
3719,mu1_a,0.001164,-0.11967576771569166,0.12083976771569166,10381.423334353729
3721,mu1_a,0.004129,-0.09208959900879049,0.09621859900879048,2330.312399745395
3722,mu1_a,0.07933,-0.052315701766923406,0.13164570176692342,165.94693276851626
3724,mu1_a,0.06367,-0.05289547198991684,0.11656547198991685,183.0775435653935
3726,mu1_a,0.08751,-0.049655139619748656,0.13716513961974866,156.7422461640741
3729,mu1_a,0.1138,-0.04186354189775732,0.15566354189775733,136.786943669938
3731,mu1_a,0.118,-0.026551748994132596,0.1445517489941326,122.50148219737929
3732,mu1_a,0.001979,-0.10035617824927745,0.10233517824927744,5171.054987244412
3734,mu1_a,0.00162,-0.07142308335548869,0.07304308335548869,4508.832303111134
3736,mu1_a,0.001848,-0.06970857636229821,0.07155657636229822,3872.1091084186755
3738,mu1_a,0.001444,-0.07038294179170224,0.07182694179170224,4974.164940578988
3740,mu1_a,0.001201,-0.07233312765561367,0.07353412765561367,6122.7416814643
3741,mu1_a,0.001811,-0.06709110340278379,0.06890210340278378,3804.6440289750053
3742,mu1_a,0.001979,-0.10035617824927745,0.10233517824927744,5171.054987244412
3745,mu1_a,0.09436,-0.03760401308096267,0.13196401308096267,139.8516459088217
3746,mu1_a,0.08072,-0.039868358113685776,0.12058835811368578,149.3909292767491
3747,mu1_a,0.07891,-0.05486887468483509,0.13377887468483507,169.53348711587853
3749,mu1_a,0.07617,-0.05374514332054836,0.12991514332054838,170.5594634617865
3751,mu1_a,0.08188,-0.05988489929728619,0.1417648992972862,173.13739532920715
3752,mu1_a,0.08138,-0.057700630934210406,0.13908063093421041,170.90271680081273
3754,mu1_a,0.09068,-0.04422380044511054,0.13490380044511052,148.76907856597137
3755,mu1_a,0.09436,-0.03760401308096267,0.13196401308096267,139.8516459088217
3761,mu1_a,0.09139,-0.029615510199701156,0.12100551019970116,132.40563540691224
3762,mu1_a,0.09091,-0.02879943957180542,0.11970943957180542,131.6790667368701
3763,mu1_a,0.09824,-0.026249979677791635,0.12448997967779163,126.72025618538726
3764,mu1_a,0.1016,-0.041266621705244755,0.14286662170524475,140.6167536455104
3765,mu1_a,0.1021,-0.036248510297626324,0.13834851029762632,135.5029483802853
3766,mu1_a,0.09817,-0.03997773576756747,0.13814773576756745,140.7229660447797
3767,mu1_a,0.09436,-0.03581785585146818,0.13017785585146818,137.9587281158209
3768,mu1_a,0.18359,-0.03371963350382001,0.21730963350382002,118.36681382571837
3778,mu1_a,0.00184461,-0.20806704742640614,0.20991165742640613,11379.731071207943
3781,mu1_a,0.00110691,-0.2465391790767869,0.2476460890767869,22372.739324160004
3783,mu1_a,0.00254473,-0.18938089416780135,0.19192562416780135,7542.082031979053
3785,mu1_a,0.0148957,-0.10618264363183971,0.12107834363183971,812.8409112946105
3786,mu1_a,0.130978,-0.04955459933249523,0.18053259933249524,137.83429227131035
3793,mu1_a,0.1164,-0.04272417539788537,0.15912417539788537,136.70461803824597
3798,mu1_a,0.02241,-0.08786122175486755,0.11027122175486755,492.06256916531424
3814,mu1_a,0.07901,-0.11626082746496846,0.19527082746496846,247.14697818313755
3816,mu1_a,0.1696,-0.12982464340817318,0.2994246434081732,176.54754917830644
3818,mu1_a,0.04408,-0.09545799417903994,0.13953799417903995,316.5562481303865
3820,mu1_a,6.04,4.815531987218523,1.224468012781477,20.27264921823302
3828,mu1_a,0.1265,-0.0728161317139,0.1993161317139,157.56215945638291
3841,mu1_a,0.002971,-0.06956400152261771,0.07253500152261771,2441.433911080558
3842,mu1_a,0.0823731,-0.04245634171910262,0.12482944171910262,151.54151260252095
3856,mu1_a,0.1116,-0.03397538127989563,0.14557538127989564,130.4438900345799
3857,mu1_a,0.1034,-0.04174972723943715,0.14514972723943714,140.3769122224694
3859,mu1_a,0.09914,-0.04294621009806793,0.14208621009806793,143.31875135831623
3861,mu1_a,0.0876,-0.04637961102512228,0.1339796110251223,152.94476144245758
3862,mu1_a,0.0807,-0.03423020452074005,0.11493020452074004,142.4166103089416
3863,mu1_a,0.091906,-0.03053717033662029,0.12244317033662029,133.22652529245968
3864,mu1_a,0.09359,-0.024563104051495588,0.1181531040514956,126.24543653192984
3865,mu1_a,0.1133,-0.026556259214834066,0.13985625921483408,123.43888721412152
3866,mu1_a,0.1025,-0.030337697354192117,0.1328376973541921,129.5977535150206
3867,mu1_a,0.09815,-0.03871543894046514,0.13686543894046516,139.44517467047447
3868,mu1_a,0.08363,-0.0476624813466191,0.13129248134661908,156.9920857886514
3869,mu1_a,0.13076,-0.030556412653568732,0.16131641265356872,123.36831802717577
3870,mu1_a,0.1004,-0.03319835467018428,0.13359835467018427,133.0660903076231
3871,mu1_a,0.08825,-0.04582381687351911,0.1340738168735191,151.92500495410746
3872,mu1_a,0.08311,-0.044063188721632895,0.1271731887216329,153.01791447491604
3875,mu1_a,0.09271,-0.03623899963399463,0.12894899963399464,139.08855531507254
3877,mu1_a,0.09584,-0.03761067406094315,0.13345067406094313,139.2431907966931
3878,mu1_a,0.09076,-0.046470189499454084,0.1372301894994541,151.20117838027994
3879,mu1_a,0.07887,-0.054794296369617135,0.13366429636961713,169.47419344227512
3881,mu1_a,0.08028,-0.06115148413263011,0.14143148413263013,176.172750536707
3883,mu1_a,0.09377,-0.043737239225271285,0.1375072392252713,146.643104643068
3884,mu1_a,0.08363,-0.05772556370368387,0.14135556370368385,169.02494762883367
3902,mu1_a,0.003409,-0.11614882365204982,0.11955782365204981,3507.123016045133
3903,mu1_a,0.17939,-0.03708920081567302,0.216479200815673,120.67517744270374
3904,mu1_a,1.2,1.1384183878358618,0.061581612164138155,5.131801013673903
3906,mu1_a,1.19,1.187458137531877,0.002541862468123046,0.2136018880773874
3908,mu1_a,0.1357,-0.05534908726999099,0.19104908726999098,140.78783144331845
3911,mu1_a,0.1009,-0.05376281394979182,0.1546628139497918,153.28326456715456
3913,mu1_a,0.08278,-0.04290327999091553,0.12568327999091555,151.82807440130134
3915,mu1_a,0.08636,-0.05276998628109825,0.13912998628109824,161.1046622041306
3917,mu1_a,0.1028,-0.04019163389070318,0.14299163389070318,139.0969201257901
3919,mu1_a,0.1189,-0.04156319540194142,0.16046319540194143,134.95643010983335
3921,mu1_a,0.1089,-0.04381068259009041,0.1527106825900904,140.23019521458963
3923,mu1_a,0.1451,-0.04496421736628542,0.19006421736628543,130.98843374567576
3924,mu1_a,0.1258,-0.04685668815984745,0.17265668815984744,137.24696991929648
3939,mu1_a,0.02656,-0.11967443544851636,0.14623443544851636,550.5814587462746
3940,mu1_a,0.01806,-0.12570770631742245,0.14376770631742244,796.055959631572
3941,mu1_a,0.0175,-0.13228714938907205,0.14978714938907206,855.9265678886445
3942,mu1_a,0.01807,-0.1346325357907146,0.1527025357907146,845.0610723976979
3943,mu1_a,0.01971,-0.1352797114642736,0.1549897114642736,786.3506415850336
3944,mu1_a,0.02542,-0.13058718134155756,0.15600718134155755,613.7182585972478
3978,mu1_a,0.0009287,-0.46355632907493727,0.4644850290749373,50014.53952565865
3979,mu1_a,0.006663,-0.1836645563846011,0.1903275563846011,2856.4844117670154
3980,mu1_a,0.005752,-0.13461892260912317,0.14037092260912318,2440.384606827526
3981,mu1_a,2.48274e-05,-0.6140690758779558,0.6140939032779558,2473452.22835832
3982,mu1_a,0.001588,-0.35616270963624297,0.35775070963624295,22528.382204720347
3983,mu1_a,0.002222,-0.29878573401682185,0.30100773401682185,13546.70269493046
3986,mu1_a,0.003173,-0.3048960018031379,0.3080690018031379,9709.076637442393
3987,mu1_a,2.512e-05,-0.6041564487856232,0.6041815687856232,2405181.308653703
3988,mu1_a,0.0001806,-0.5543047025234876,0.5544853025234876,307023.9753340243
3989,mu1_a,0.1867,-0.022424562104182977,0.20912456210418298,112.01101344566838
3990,mu1_a,0.08488,-0.04227780070066628,0.1271578007006663,149.80890751551388
3991,mu1_a,0.08893,-0.0312041874866254,0.1201341874866254,135.0884824977786
3992,mu1_a,0.07306,-0.03704450782738017,0.11010450782738017,150.70422642468262
3993,mu1_a,0.03181,-0.046435900941540154,0.07824590094154016,245.97894039321088
3994,mu1_a,0.0336,-0.04758728502235404,0.08118728502235403,241.62882446410043
3995,mu1_a,0.02255,-0.06259748270035975,0.08514748270035975,377.59415829970646
3996,mu1_a,0.01235,-0.0741862110321097,0.0865362110321097,700.6980649805888
4015,mu1_a,0.18937,-0.12935672647722601,0.318726726477226,168.30898583489616
4018,mu1_a,0.152639,-0.06342140954577102,0.21606040954577102,141.54993779070588
4024,mu1_a,0.5624,0.052507233536791986,0.509892766463208,90.66372092146185
4025,mu1_a,0.337,-0.06200077176197355,0.39900077176197357,118.39785512189601
4026,mu1_a,0.6193,-0.0261376451501808,0.6454376451501808,104.2205143144096
4028,mu1_a,0.4046,-0.059086585380855206,0.4636865853808552,114.6037037517818
4030,mu1_a,0.407,-0.05940988786048895,0.4664098878604889,114.59702404406463
4031,mu1_a,0.8071,0.14062736153548813,0.6664726384645119,82.57621589191997
4033,mu1_a,0.4684,-0.10325116714988364,0.5716511671498836,122.04337471149941
4036,mu1_a,1.7411,1.5563154182381624,0.18478458176183765,10.613094122206162
4037,mu1_a,0.148,0.11503391513772304,0.03296608486227695,22.27438166355014
4042,mu1_a,0.0797384,-0.10881740122026229,0.18855580122026228,236.46800188854755
4052,mu1_a,0.017924,-0.15280240267676692,0.17072640267676692,952.5016886143826
4084,mu1_a,0.0832,-0.03941283672821305,0.12261283672821305,147.3711979888694
4085,mu1_a,0.0877,-0.03457692402163237,0.12227692402163237,139.42636718385188
4086,mu1_a,0.0832,-0.04145335977482234,0.12465335977482234,149.823749727553
4099,mu1_a,0.1034,-0.03938835701843657,0.14278835701843656,138.09318860450253
4105,mu1_a,0.1051,-0.06005902822298814,0.16515902822298814,157.14465101942594
4106,mu1_a,0.0402,-0.08167890086709145,0.12187890086709145,303.1813454329842
4107,mu1_a,0.1459,-0.03146733822199349,0.1773673382219935,121.56774381136243
4109,mu1_a,0.1456,-0.027884643091554362,0.17348464309155437,119.1515405840404
4110,mu1_a,0.1399,-0.037205308334986975,0.17710530833498697,126.59421610702005
4111,mu1_a,0.3046,-0.03745889754809073,0.3420588975480907,112.29773392874846
4138,mu1_a,0.099228,-0.035584664216002426,0.1348126642160024,135.86151511130305
4162,mu1_a,0.0264946,-0.1129010745977268,0.1393956745977268,526.1286246724446
4163,mu1_a,0.0769671,-0.10125972087076068,0.1782268208707607,231.56234399950765
4164,mu1_a,0.0894914,-0.08036240394468092,0.16985380394468091,189.79902419984816
4165,mu1_a,0.0636424,-0.08235963667054791,0.1460020366705479,229.41001072909535
4166,mu1_a,0.0961257,-0.06489431947781438,0.16102001947781436,167.50985373957147
4167,mu1_a,0.0307744,-0.09789009478464555,0.12866449478464556,418.0893690225144
4168,mu1_a,0.00354645,-0.14140319332515888,0.1449496433251589,4087.175718938294
4169,mu1_a,0.00294991,-0.15158606123586427,0.15453597123586427,5238.667321493795
4170,mu1_a,0.00827424,-0.1076209665185533,0.1158952065185533,1400.6749442190041
4190,mu1_a,0.091634,-0.03090628554636088,0.12254028554636087,133.7279672883685
4192,mu1_a,0.1276,-0.022325702284109072,0.14992570228410906,117.4966318831772
4194,mu1_a,0.181163,-0.018413374399617044,0.19957637439961703,110.16398182769959
4196,mu1_a,0.140717,-0.039626981920857174,0.18034398192085718,128.1607637453723
4200,mu1_a,0.100302,-0.04635747859503486,0.14665947859503486,146.21790053396012
4202,mu1_a,0.00738367,-0.07219059780226111,0.07957426780226111,1077.706178519409
4204,mu1_a,0.676061,-0.0381280839665466,0.7141890839665466,105.63974019585366
4283,mu1_a,0.0004034,-0.19037228011263563,0.19077568011263563,47291.93843324646
4284,mu1_a,0.0003888,-0.1837910763635382,0.1841798763635382,47371.367255613295
4287,mu1_a,0.001326,-0.12988884639131437,0.13121484639131437,9895.538936075338
4288,mu1_a,0.00389595,-0.11390353902127359,0.11779948902127359,3023.6396512028437
4291,mu1_a,0.0109995,-0.08432720086179674,0.09532670086179673,866.6457643813833
4292,mu1_a,0.008074,-0.08440956155702306,0.09248356155702306,1145.4491150058034
4293,mu1_a,0.01319,-0.07618182946244034,0.08937182946244035,677.5726266540153
4294,mu1_a,0.002732,-0.0975238934045855,0.1002558934045855,3669.688629864151
4299,mu1_a,0.03685,-0.05525091322094655,0.09210091322094655,249.93463559958536
4301,mu1_a,0.08019,-0.04815260881820921,0.1283426088182092,160.0481466724139
4302,mu1_a,0.06682,-0.04488524190591059,0.1117052419059106,167.17336411888485
4304,mu1_a,0.07445,-0.039924492446271165,0.11437449244627117,153.6259132904431
4305,mu1_a,0.2048,-0.04188996544401402,0.24668996544401403,120.4540846888718
4306,mu1_a,0.1093,-0.05972208380102351,0.16902208380102351,154.64051582751793
4307,mu1_a,0.1053,-0.05889716673745504,0.16419716673745505,155.9327319429209
4308,mu1_a,0.02439,-0.058493872809518954,0.08288387280951895,339.8272767778626
4309,mu1_a,0.0366,-0.05158410401026897,0.08818410401026897,240.94017488486222
4310,mu1_a,0.02385,-0.059733550262367874,0.08358355026236787,350.45513735372464
4311,mu1_a,0.02054,-0.06245678708334601,0.08299678708334601,404.0739390423821
4312,mu1_a,0.02439,-0.058493872809518954,0.08288387280951895,339.8272767778626
4313,mu1_a,0.09139,-0.029615510199701156,0.12100551019970116,132.40563540691224
4314,mu1_a,0.09425,-0.022910627323672772,0.11716062732367277,124.30835790178216
4315,mu1_a,0.09332,-0.023550774708182287,0.11687077470818229,125.23657812572858
4316,mu1_a,0.09085,-0.029291641976170735,0.12014164197617073,132.24176331849017
4317,mu1_a,0.08937,-0.04137169530982426,0.13074169530982427,146.29259853235015
4318,mu1_a,0.09587,-0.03988208263534443,0.13575208263534444,141.60016964006303
4319,mu1_a,0.1197,-0.04704090462596244,0.16674090462596244,139.29900135720086
4327,mu1_a,0.338948,-0.09714510800811482,0.43609310800811485,128.6607703856722
4328,mu1_a,0.0117121,-0.20648265908305075,0.21819475908305075,1862.9857930210715
4334,mu1_a,51.8,41.10733974209777,10.692660257902226,20.64220127008112
4335,mu1_a,14.5,12.217508312811946,2.2824916871880543,15.741321980606186
4336,mu1_a,9.8,10.414994387078833,0.6149943870788324,6.2754529293751995
4350,mu1_a,10.99,9.216457243299939,1.7735427567000617,16.137786685167427
4351,mu1_a,0.1318,-0.14302252576725666,0.27482252576725663,208.51481469284633
4353,mu1_a,0.1966,-0.12531149268838615,0.32191149268838615,163.73931469315806
4354,mu1_a,0.1068,-0.11740847768794027,0.22420847768794028,209.93303154104953
4356,mu1_a,0.1471,-0.1260537084844639,0.2731537084844639,185.69252786037183
4357,mu1_a,0.06668,-0.09700648751354113,0.16368648751354115,245.48063513960156
4359,mu1_a,0.05011,-0.10367526443369396,0.15378526443369395,306.89535907129317
4360,mu1_a,5.72,5.079878619304481,0.6401213806955184,11.190933228940674
4361,mu1_a,0.04334,-0.1297655987975671,0.1731055987975671,399.4130105989224
4371,mu1_a,0.02993,-0.07253441637453772,0.10246441637453772,342.34686391952647
4372,mu1_a,0.07666,-0.07743844082929113,0.15409844082929114,201.01544590044477
4374,mu1_a,0.0994,-0.049296971166543246,0.14869697116654323,149.5945383954198
4385,mu1_a,0.04876,-0.053252870799724294,0.10201287079972429,209.2142551222973
4428,mu1_a,0.1041,-0.023243233322525148,0.12734323332252515,122.32779377646673
4477,mu1_a,0.1308,-0.030556412653568732,0.16135641265356873,123.3611717525498
4478,mu1_a,0.0795,-0.048884424629882905,0.12838442462988292,161.4898422997082
4479,mu1_a,0.08057,-0.05461891270596553,0.13518891270596553,167.7906326229212
4481,mu1_a,0.03548,-0.045048995213781584,0.08052899521378158,226.9701105172263
4482,mu1_a,3.2593173,2.954619352962306,0.30469794703769404,9.3485205333522
4483,mu1_a,0.09699,-0.023897887377164695,0.1208878873771647,124.63953745326147
4496,mu1_a,0.07211,-0.040773170237600576,0.11288317023760057,156.54301793930819
4499,mu1_a,0.06099,-0.0602672688704361,0.1212572688704361,198.81500060411207
4506,mu1_a,0.06858,-0.05142251574372797,0.12000251574372797,174.98179606587655
4507,mu1_a,0.07212,-0.04130034570242386,0.11342034570242386,157.26614767172933
4509,mu1_a,1.24004e-08,-0.22751374451727568,0.2275137569176757,1834581232.100212
4510,mu1_a,2.82696e-05,-0.19923831084607813,0.19926658044607812,704879.3523689214
4512,mu1_a,2.62174,2.827688046527725,0.20594804652772503,7.855395520823822
4513,mu1_a,1.15668,0.6898942523684017,0.4667857476315982,40.35565131507371
4514,mu1_a,0.368532,0.19030439167893706,0.17822760832106296,48.36150139488005
4515,mu1_a,0.162034,-0.013797766611714224,0.17583176661171424,108.51535271031332
4516,mu1_a,0.0883776,-0.10025203357968676,0.18862963357968676,213.4360217719789
4518,mu1_a,7.62,5.402616130636049,2.2173838693639514,29.099525844667458
4519,mu1_a,5.71,5.458250146659634,0.2517498533403657,4.408929130303355
4520,mu1_a,3.81,4.594083010570486,0.7840830105704861,20.579606576647777
4521,mu1_a,2.38,2.9160596043303246,0.5360596043303247,22.52351278697897
4522,mu1_a,5.24,5.745177606156313,0.5051776061563125,9.64079401061481
4523,mu1_a,6.67,6.405289670779884,0.26471032922011606,3.9686706029996457
4524,mu1_a,11.91,13.28436065613311,1.3743606561331099,11.539552108589373
4525,mu1_a,18.1,20.47379550040238,2.3737955004023803,13.114892267415742
4527,mu1_a,30.95,29.63671176609808,1.3132882339019183,4.24325762165388
4544,mu1_a,3.33749,7.173002091826071,3.835512091826071,114.92205495222223
4593,mu1_a,0.04935,-0.12480505269722447,0.17415505269722448,352.8977764816525
4598,mu1_a,0.0801421,-0.13107478845613024,0.21121688845613024,263.5529745957427
4600,mu1_a,0.216394,-0.13244826959894673,0.3488422695989467,161.20699723529054
4611,mu1_a,0.116738,-0.05993227820535085,0.17667027820535086,151.33913396138144
4613,mu1_a,0.3704,-0.1064979096755686,0.4768979096755686,128.7521354412206
4615,mu1_a,0.08165,-0.14099391013571932,0.22264391013571933,272.6808452333037
4616,mu1_a,0.07066,-0.1140369235411135,0.1846969235411135,261.38823031205715
4618,mu1_a,0.044219,-0.06112862983788775,0.10534762983788776,238.24064279044154
4620,mu1_a,0.040502,-0.05900624033251661,0.09950824033251662,245.6872261371284
4621,mu1_a,0.05754,-0.05200165811504004,0.10954165811504005,190.37479685981282
4623,mu1_a,0.08165,-0.14099391013571932,0.22264391013571933,272.6808452333037
4624,mu1_a,0.05619,-0.1157766879488471,0.1719666879488471,306.045004352708
4665,mu1_a,0.094205,-0.0616037118047113,0.1558087118047113,165.39325067996108
4666,mu1_a,0.15847,-0.06440243983961313,0.22287243983961313,140.64014629785243
4670,mu1_a,0.0806,-0.06440778713798817,0.14500778713798818,179.91040587616507
4693,mu1_a,0.06783,-0.060522120583777095,0.1283521205837771,189.2261839626785
4725,mu1_a,0.0971068,-0.05157151012675393,0.14867831012675392,153.1080316983186
4726,mu1_a,0.0764,-0.05563432692030906,0.13203432692030906,172.81979963165034
4727,mu1_a,0.08754,-0.03799092396059828,0.12553092396059828,143.3983595603887
4728,mu1_a,0.1296,-0.030866621886363688,0.16046662188636368,123.81683787432524
4737,mu1_a,0.01899,-0.13813622881401727,0.15712622881401728,827.4156335215541
4744,mu1_a,0.003841,-0.1652645389821965,0.16910553898219652,4402.643554755796
4745,mu1_a,0.03299,-0.1469552728828411,0.1799452728828411,545.453994778377
4746,mu1_a,0.02142,-0.15822647189465477,0.17964647189465477,838.6856764064795
4747,mu1_a,0.01783,-0.14928324391238756,0.16711324391238758,937.2587992317164
4748,mu1_a,0.01766,-0.15340835847884615,0.17106835847884616,968.6770015241191
4749,mu1_a,0.01182,-0.1501439115281472,0.1619639115281472,1370.2530584978397
4750,mu1_a,0.01046,-0.13724905123309933,0.14770905123309933,1412.1324208315295
4751,mu1_a,0.01072,-0.13762884043252394,0.14834884043252394,1383.8511233086326
4752,mu1_a,0.009065,-0.14647584043872403,0.15554084043872402,1715.839386889858
4753,mu1_a,0.008722,-0.1419966512970075,0.1507186512970075,1728.0285631704564
4754,mu1_a,0.006568,-0.15011867700431814,0.15668667700431813,2385.607140384623
4755,mu1_a,0.006167,-0.14944641564233835,0.15561341564233835,2523.324397877495
4756,mu1_a,0.00457,-0.1412098282736733,0.14577982827367328,3189.9305961000864
4757,mu1_a,0.004787,-0.15189654112404133,0.15668354112404131,3273.1050990455456
4758,mu1_a,0.004996,-0.13683284830412845,0.14182884830412845,2838.8480439499594
4759,mu1_a,0.004198,-0.13742328276936178,0.14162128276936178,3373.5417516823804
4760,mu1_a,0.003503,-0.13096424845762278,0.13446724845762278,3838.6311281540525
4761,mu1_a,0.004051,-0.16060479675171413,0.16465579675171413,4064.5716295005773
4762,mu1_a,0.003709,-0.11974047169363172,0.12344947169363173,3328.376156924992
4763,mu1_a,0.00488,-0.13439563337713206,0.13927563337713206,2854.0088800940975
4764,mu1_a,0.004333,-0.0885480622030213,0.09288106220302131,2143.5740175764035
4765,mu1_a,0.00405,-0.13583876543497414,0.13988876543497414,3454.0435901341652
4767,mu1_a,0.004573,-0.08865728744638662,0.09323028744638662,2038.711730286453
4768,mu1_a,0.003828,-0.1653265861296651,0.1691545861296651,4418.876334521326
4769,mu1_a,0.0348832,-0.15629228592078992,0.19117548592078992,548.0445770895717
4784,mu1_a,0.03187,-0.2089542577334933,0.2408242577334933,755.6456157073638
4785,mu1_a,0.04949,-0.1591802606088688,0.2086702606088688,421.6412620825468
4786,mu1_a,0.04236,-0.16863048468684672,0.21099048468684672,498.0889628939231
4787,mu1_a,0.03646,-0.1764667749220037,0.21292677492200368,584.0010282944698
4788,mu1_a,0.03316,-0.18194411849325387,0.21510411849325387,648.6855201651598
4789,mu1_a,0.03103,-0.18409291335384637,0.21512291335384637,693.2739714692674
4790,mu1_a,0.03138,-0.19101145781623452,0.2223914578162345,708.7044544587237
4793,mu1_a,0.09638,-0.05485932009491584,0.15123932009491584,156.9198174863526
4800,mu1_a,0.04952,-0.16417899190551077,0.21369899190551078,431.54077524474025
4802,mu1_a,0.105948,-0.2205125878130294,0.3264605878130294,308.1328461225772
4804,mu1_a,0.3157,-0.18216034158679129,0.49786034158679127,157.70045663136344
4805,mu1_a,0.2297,-0.18089917781045917,0.4105991778104592,178.75453975127195
4806,mu1_a,0.2297,-0.04769989108239042,0.2773998910823904,120.76616938667075
4808,mu1_a,0.233,-0.04578587795801958,0.27878587795801957,119.65059139777813
4810,mu1_a,0.2352,-0.04550795126500112,0.28070795126500114,119.3486187346121
4812,mu1_a,0.2359,-0.04184677250282315,0.27774677250282315,117.73919987352512
4814,mu1_a,0.2364,-0.04060972252509637,0.27700972252509637,117.17839362264154
4816,mu1_a,0.2409,-0.037498388925180814,0.2783983889251808,115.56595638191165
4818,mu1_a,0.2416,-0.0367584879560503,0.27835848795605034,115.21460594159693
4820,mu1_a,0.245,-0.03684685411993771,0.2818468541199377,115.03953229338256
4822,mu1_a,0.2302,-0.039695497255677226,0.2698954972556772,117.24391713922883
4824,mu1_a,0.2464,-0.16905203984953499,0.415452039849535,168.60878240578285
4825,mu1_a,0.2332,-0.17723114060879364,0.4104311406087936,175.99963147814478
4826,mu1_a,0.2357,-0.1775303223508944,0.4132303223508944,175.32045920625424
4827,mu1_a,0.235,-0.16591942222932943,0.4009194222293294,170.60400945856316
4828,mu1_a,0.241,-0.17500517733726506,0.41600517733726505,172.61625615582525
4829,mu1_a,0.2385,-0.17606691596102175,0.41456691596102174,173.82260627223627
4831,mu1_a,0.2986,-0.17788922596235668,0.47648922596235666,159.57442262584092
4832,mu1_a,0.2404,-0.17484073725113503,0.41524073725113503,172.72909203386345
4833,mu1_a,0.2414,-0.17322036818229514,0.41462036818229514,171.75657339709096
4834,mu1_a,0.2424,-0.1735581844276859,0.4159581844276859,171.59991106681926
4835,mu1_a,0.2437,-0.16907402953443462,0.41277402953443465,169.3779357951337
4836,mu1_a,0.2464,-0.16966572615986775,0.41606572615986775,168.85784340835193
4837,mu1_a,0.173,-0.16072708689348691,0.3337270868934869,192.90583057315484
4856,mu1_a,0.2284,-0.17660838974295712,0.4050083897429571,177.3241636344938
4864,mu1_a,0.0843,-0.09128466763544685,0.17558466763544683,208.28548948204502
4867,mu1_a,0.010775,-0.13528157682351533,0.14605657682351533,1355.5134738743404
4871,mu1_a,7.78814e-05,-0.3023954250419314,0.3024733064419314,388376.81726081355
4872,mu1_a,9.818701e-05,-0.4561427056409405,0.4562408926509405,464665.22201285925
4875,mu1_a,5.10082e-07,-2.7892183108430064,2.7892188209250066,546816659.4309174
0,mu1_b,19400.0,44761.09070386928,25361.090703869282,130.72727166942929
4,mu1_b,47600.0,83704.66654453661,36104.66654453661,75.85013979944665
7,mu1_b,23900.0,62278.484624105426,38378.484624105426,160.57943357366287
8,mu1_b,23800.0,62798.114498377334,38998.114498377334,163.8576239427619
9,mu1_b,54600.0,83008.51437941575,28408.51437941575,52.03024611614606
11,mu1_b,22400.0,49253.67577155083,26853.67577155083,119.88248112299478
12,mu1_b,27000.0,63857.96768091692,36857.96768091692,136.5109914108034
13,mu1_b,20500.0,62621.22596092358,42121.22596092358,205.4693949313345
14,mu1_b,32100.0,70296.73059180309,38196.73059180309,118.992930192533
15,mu1_b,22000.0,62243.4038716735,40243.4038716735,182.92456305306135
16,mu1_b,26500.0,64139.739101951636,37639.739101951636,142.03675132811938
17,mu1_b,36900.0,71550.22731683849,34650.227316838485,93.90305505918289
27,mu1_b,10900.0,56081.828499743235,45181.828499743235,414.51218807103874
28,mu1_b,50700.0,69254.34038370848,18554.340383708477,36.5963321177682
31,mu1_b,80100.0,12615.426750885907,67484.5732491141,84.25040355694644
37,mu1_b,31900.0,66430.4512101986,34530.451210198604,108.24592855861631
38,mu1_b,29800.0,65013.971586655745,35213.971586655745,118.16768988810654
39,mu1_b,27700.0,63730.246541421744,36030.246541421744,130.0730922072987
40,mu1_b,26800.0,63026.670340720644,36226.670340720644,135.17414306239047
41,mu1_b,35900.0,69071.71760356758,33171.71760356758,92.40032758653922
42,mu1_b,36400.0,69665.71093904057,33265.71093904057,91.38931576659496
43,mu1_b,35500.0,69092.17909022511,33592.17909022511,94.62585659218341
44,mu1_b,33500.0,67848.67003663,34348.67003663001,102.53334339292539
45,mu1_b,32000.0,66161.70312297727,34161.70312297727,106.75532225930397
46,mu1_b,31100.0,65998.17264715697,34898.17264715697,112.21277378507065
52,mu1_b,16800.0,56824.410384375,40024.410384375,238.2405380022321
55,mu1_b,17000.0,56802.03687279257,39802.03687279257,234.12962866348568
56,mu1_b,22900.0,60180.95245222702,37280.95245222702,162.7989190053582
58,mu1_b,18500.0,57240.73919943157,38740.73919943157,209.4094010780085
60,mu1_b,18800.0,57676.25950092264,38876.25950092264,206.7886143666098
62,mu1_b,18900.0,58037.51185991186,39137.51185991186,207.07678232757596
63,mu1_b,19300.0,58231.244673892455,38931.244673892455,201.71629364711117
65,mu1_b,16000.0,56878.135164002844,40878.135164002844,255.48834477501777
96,mu1_b,23671.0,61910.95477029545,38239.95477029545,161.54769452196973
98,mu1_b,26193.0,63291.53596694608,37098.53596694608,141.63530701693614
100,mu1_b,27738.0,65129.869341673555,37391.869341673555,134.80376862669823
102,mu1_b,27657.0,63924.09787478847,36267.09787478847,131.13171303752566
103,mu1_b,26300.0,62860.729138763396,36560.729138763396,139.0141792348418
104,mu1_b,23900.0,61097.63801505288,37197.63801505288,155.63865278264802
105,mu1_b,21300.0,59152.612686774635,37852.612686774635,177.7117966515241
106,mu1_b,22300.0,59684.49843414132,37384.49843414132,167.64349073605973
107,mu1_b,22000.0,59579.322910987394,37579.322910987394,170.8151041408518
109,mu1_b,20900.0,58632.86625709021,37732.86625709021,180.54002993823067
111,mu1_b,20800.0,59204.2113020288,38404.2113020288,184.63563125975386
134,mu1_b,64700.0,89202.10611061388,24502.10611061388,37.87033401949596
135,mu1_b,58700.0,86128.78241053272,27428.782410532716,46.72705691743222
136,mu1_b,49600.0,80569.65735135015,30969.65735135015,62.438825305141435
138,mu1_b,38300.0,73020.17664554511,34720.176645545114,90.65320272988279
139,mu1_b,31200.0,55326.51940425258,24126.519404252584,77.3285878341429
140,mu1_b,30100.0,67630.84249534237,37530.84249534237,124.6871843699082
141,mu1_b,38900.0,72636.20039841312,33736.200398413115,86.72545089566354
149,mu1_b,43000.0,75115.96432916788,32115.96432916788,74.68828913759972
151,mu1_b,36400.0,71195.61420902557,34795.614209025574,95.59234672809224
153,mu1_b,42900.0,75160.2291659519,32260.229165951896,75.19866938450326
176,mu1_b,27462.0,66050.7203904195,38588.720390419505,140.51678825438609
178,mu1_b,26855.0,64176.39892591824,37321.39892591824,138.9737439058583
180,mu1_b,26232.0,62924.631661829364,36692.631661829364,139.8773698605877
203,mu1_b,14000.0,53378.248092584065,39378.248092584065,281.2732006613147
204,mu1_b,13800.0,53227.457759520796,39427.457759520796,285.70621564870135
206,mu1_b,12900.0,52744.87810414503,39844.87810414503,308.87502406313973
207,mu1_b,13900.0,52756.15723212602,38856.15723212602,279.54069951169794
208,mu1_b,15100.0,53666.88500039415,38566.88500039415,255.4098344396963
210,mu1_b,14900.0,53533.704847922345,38633.704847922345,259.2866097175996
211,mu1_b,14200.0,53092.54623396999,38892.54623396999,273.89117066176044
212,mu1_b,13500.0,52853.41443333314,39353.41443333314,291.50677358024546
213,mu1_b,21700.0,60218.33678648178,38518.33678648178,177.50385615890218
215,mu1_b,23500.0,61195.66065137701,37695.66065137701,160.4070666016043
217,mu1_b,21900.0,60430.63876765739,38530.63876765739,175.93898980665475
219,mu1_b,22200.0,60465.02129527314,38265.02129527314,172.36496078951862
221,mu1_b,22500.0,60184.921656218205,37684.921656218205,167.48854069430314
223,mu1_b,21700.0,61299.83084615197,39599.83084615197,182.4876997518524
225,mu1_b,21200.0,60700.38861905302,39500.38861905302,186.3225878257218
228,mu1_b,19300.0,59003.10875809757,39703.10875809757,205.71558942019468
345,mu1_b,26800.0,64174.60434356825,37374.60434356825,139.45747889391137
351,mu1_b,23100.0,62585.506386557245,39485.506386557245,170.9329280803344
352,mu1_b,17800.0,62324.37069878065,44524.37069878065,250.13691403809355
353,mu1_b,16400.0,61352.84004601506,44952.84004601506,274.10268320740886
354,mu1_b,13200.0,60064.114794458656,46864.114794458656,355.0311726852928
355,mu1_b,13500.0,60596.01683299245,47096.01683299245,348.8593839480922
356,mu1_b,15400.0,61015.558575448355,45615.558575448355,296.2049258145997
357,mu1_b,16700.0,59321.23747254296,42621.23747254296,255.21699085355067
358,mu1_b,15100.0,57671.90986146778,42571.90986146778,281.9331778905151
359,mu1_b,13200.0,57130.28073054115,43930.28073054115,332.80515704955405
360,mu1_b,39100.0,77582.11162444236,38482.11162444236,98.41972282466077
361,mu1_b,35900.0,70886.81717026142,34986.81717026142,97.456315237497
362,mu1_b,38800.0,73743.73697815268,34943.73697815268,90.06117777874401
363,mu1_b,36300.0,74345.58298455007,38045.58298455007,104.80876855247953
364,mu1_b,42300.0,74412.08455758666,32112.084557586655,75.91509351675333
365,mu1_b,32700.0,70301.41399281195,37601.413992811955,114.98903361716194
366,mu1_b,45700.0,79189.57306569966,33489.57306569966,73.2813415004369
369,mu1_b,32435.32905,69427.96005113839,36992.63100113839,114.0504261390818
370,mu1_b,33200.0,69435.8584183118,36235.85841831179,109.14415186238492
375,mu1_b,74100.0,95062.25098303484,20962.250983034843,28.289137628926913
377,mu1_b,74700.0,95794.27633674345,21094.276336743453,28.23865640795643
379,mu1_b,47900.0,79343.4218563384,31443.421856338406,65.64388696521587
380,mu1_b,45100.0,77887.72726252826,32787.727262528264,72.70006044906489
383,mu1_b,39500.0,74177.90198355663,34677.90198355663,87.79215692039652
384,mu1_b,43000.0,76452.25354846407,33452.25354846407,77.79593848480016
386,mu1_b,36200.0,72484.5773478449,36284.5773478449,100.23363908244445
388,mu1_b,30100.0,68878.04325117468,38778.04325117468,128.83070847566339
389,mu1_b,22700.0,62541.22455952278,39841.22455952278,175.51200246485806
390,mu1_b,22100.0,63237.30013381044,41137.30013381044,186.1416295647531
391,mu1_b,29500.0,67098.75319912724,37598.75319912724,127.4534006750076
518,mu1_b,16000.0,52508.99708023651,36508.99708023651,228.18123175147818
519,mu1_b,15800.0,52819.615183057685,37019.615183057685,234.3013619180866
520,mu1_b,15900.0,52544.44532968632,36644.44532968632,230.46820962066866
521,mu1_b,15000.0,52158.55492100578,37158.55492100578,247.72369947337182
522,mu1_b,17700.0,53424.10138619273,35724.10138619273,201.83108127792502
523,mu1_b,18000.0,53905.61690257039,35905.61690257039,199.4756494587244
524,mu1_b,15000.0,51945.6825768822,36945.6825768822,246.304550512548
525,mu1_b,17500.0,52936.495036885375,35436.495036885375,202.49425735363073
526,mu1_b,17100.0,52685.61977853325,35585.61977853325,208.10303964054532
527,mu1_b,16200.0,50748.5827228523,34548.5827228523,213.26285631390303
549,mu1_b,36400.0,72487.09355273758,36087.093552737584,99.14036690312524
552,mu1_b,34000.0,70120.61226444505,36120.61226444505,106.23709489542662
554,mu1_b,4740.0,54683.02994232296,49943.02994232296,1053.6504207241128
557,mu1_b,26700.0,66032.96742409415,39332.96742409415,147.31448473443504
558,mu1_b,29800.0,68445.1186205902,38645.118620590205,129.6816061093631
559,mu1_b,29800.0,68819.3629408525,39019.3629408525,130.93745953306208
560,mu1_b,39400.0,74831.67342796414,35431.67342796414,89.9281051471171
561,mu1_b,46900.0,79833.3793331598,32933.3793331598,70.22042501739828
562,mu1_b,47800.0,80566.40634062125,32766.40634062125,68.54896723979341
563,mu1_b,25800.0,61564.87321026143,35764.87321026143,138.62353957465672
564,mu1_b,29700.0,68696.50756233309,38996.50756233309,131.3013722637478
565,mu1_b,34200.0,71033.9569576935,36833.9569576935,107.70162853126754
566,mu1_b,41000.0,76389.76277326225,35389.76277326225,86.31649456893231
567,mu1_b,34900.0,72602.17806248431,37702.17806248431,108.02916350282038
568,mu1_b,41300.0,76371.32416104455,35071.324161044555,84.91846043836453
569,mu1_b,52400.0,84192.63021092888,31792.63021092888,60.67295841780321
570,mu1_b,51400.0,83704.68822011654,32304.688220116543,62.849587976880436
573,mu1_b,60600.0,88241.85889659467,27641.85889659467,45.61362854223543
574,mu1_b,53000.0,84231.19592407257,31231.19592407257,58.92678476240107
575,mu1_b,40400.0,74598.80770870124,34198.807708701235,84.6505141304486
576,mu1_b,48200.0,81246.65902636462,33046.65902636462,68.56153324971913
577,mu1_b,62700.0,90887.04060829646,28187.040608296462,44.95540766873439
578,mu1_b,32300.0,70949.97742032206,38649.97742032206,119.65937281833455
579,mu1_b,39700.0,75795.59252036411,36095.59252036411,90.92088796061488
580,mu1_b,53500.0,84659.50966589354,31159.509665893536,58.242074141857074
581,mu1_b,76600.0,101086.28914816579,24486.289148165786,31.966434919276487
583,mu1_b,50000.0,83566.15105358111,33566.15105358111,67.13230210716222
584,mu1_b,36600.0,74399.82306059197,37799.82306059197,103.27820508358461
585,mu1_b,42700.0,78048.57879760367,35348.578797603666,82.78355690305308
586,mu1_b,57700.0,89166.07731355535,31466.077313555346,54.53392948623111
587,mu1_b,53600.0,86997.43217343662,33397.432173436624,62.30864211462057
588,mu1_b,47500.0,82824.15168192085,35324.15168192085,74.36663511983336
589,mu1_b,57200.0,89706.6772748463,32506.677274846297,56.82985537560541
590,mu1_b,59400.0,91890.22389650124,32490.223896501237,54.69734662710646
591,mu1_b,49400.0,84635.69525119233,35235.69525119233,71.32731832225168
592,mu1_b,55900.0,89733.30642362079,33833.30642362079,60.52469843223754
593,mu1_b,70000.0,100385.41287735169,30385.412877351686,43.40773268193098
594,mu1_b,39600.0,72739.54034118238,33139.54034118238,83.68570793227873
685,mu1_b,36100.0,72564.69573862439,36464.69573862439,101.01023750311465
686,mu1_b,47600.0,79368.44421403739,31768.444214037387,66.74042902108695
687,mu1_b,46300.0,78710.25003836011,32410.250038360115,70.00054003965468
689,mu1_b,40700.0,75848.12146813082,35148.12146813082,86.35902080621823
690,mu1_b,38800.0,75228.47828608978,36428.47828608978,93.88783063425203
691,mu1_b,42800.0,76065.97167293512,33265.97167293512,77.72423288068954
692,mu1_b,37800.0,72760.84173251245,34960.84173251245,92.48899929236097
693,mu1_b,37200.0,72345.30218382145,35145.30218382145,94.47661877371357
694,mu1_b,47700.0,79369.63428505107,31669.63428505107,66.3933632810295
695,mu1_b,37100.0,72160.71267340225,35060.712673402246,94.50326866146158
696,mu1_b,39200.0,73302.46136250156,34102.46136250156,86.99607490434073
697,mu1_b,39600.0,74237.67286388241,34637.67286388241,87.46887086838993
698,mu1_b,39500.0,73776.57370815692,34276.573708156924,86.77613597001753
699,mu1_b,40400.0,74323.71141564302,33923.71141564302,83.96958271198767
700,mu1_b,49200.0,79764.13482051913,30564.13482051913,62.12222524495758
701,mu1_b,41200.0,75643.11181231528,34443.111812315285,83.59978595222157
702,mu1_b,40300.0,74932.23257249528,34632.23257249528,85.93606097393369
703,mu1_b,44500.0,77806.56158585842,33306.56158585842,74.84620581091781
704,mu1_b,43100.0,76474.02841474708,33374.02841474708,77.43394063746423
705,mu1_b,40400.0,74529.59395174443,34129.593951744435,84.47919294986247
706,mu1_b,36800.0,72098.22800695457,35298.22800695457,95.91909784498523
707,mu1_b,36000.0,72492.86354730558,36492.86354730558,101.36906540918216
708,mu1_b,33700.0,70471.43193061845,36771.43193061845,109.11404133714673
709,mu1_b,36200.0,73666.89365354482,37466.893653544816,103.49970622526192
710,mu1_b,49000.0,81187.93741414964,32187.937414149637,65.68966819214212
711,mu1_b,46200.0,78086.80562407558,31886.805624075583,69.0190597923714
712,mu1_b,45200.0,77920.50636681591,32720.506366815913,72.39050081153962
713,mu1_b,43500.0,76747.59397711165,33247.593977111654,76.43125052209575
714,mu1_b,41600.0,74775.74006219403,33175.74006219403,79.74937514950489
715,mu1_b,35600.0,70924.42481462764,35324.42481462764,99.22591240063943
716,mu1_b,39800.0,73950.01428815411,34150.01428815411,85.8040560003872
717,mu1_b,38400.0,73006.70123877193,34606.70123877193,90.1216178093019
718,mu1_b,54000.0,70699.2707218354,16699.270721835404,30.924575410806305
719,mu1_b,49100.0,80780.07159765725,31680.071597657254,64.52153074879278
720,mu1_b,48000.0,79977.70633690796,31977.706336907955,66.6202215352249
721,mu1_b,48900.0,80089.42244926858,31189.422449268575,63.78204999850425
722,mu1_b,46700.0,78270.71341536962,31570.713415369624,67.60324071813623
723,mu1_b,45700.0,77952.90338963826,32252.90338963826,70.57528094012748
724,mu1_b,42200.0,75778.32979023649,33578.32979023649,79.56950187259831
725,mu1_b,34400.0,70500.32872141672,36100.32872141672,104.94281605063001
726,mu1_b,45700.0,78719.83151576859,33019.83151576859,72.25346064719602
727,mu1_b,57300.0,86163.81955172647,28863.81955172647,50.373158030936246
728,mu1_b,58500.0,83153.11674642855,24653.116746428554,42.142079908424876
729,mu1_b,55500.0,84760.83294587818,29260.83294587818,52.72222152410483
730,mu1_b,54800.0,83393.1239680811,28593.123968081098,52.177233518396164
731,mu1_b,52200.0,82694.98542494912,30494.985424949118,58.41951230833164
732,mu1_b,47400.0,78583.48651088859,31183.486510888586,65.78794622550335
733,mu1_b,49000.0,80198.26714511061,31198.267145110614,63.66993294920534
734,mu1_b,47900.0,79204.5785339,31304.5785339,65.35402616680584
739,mu1_b,40600.0,76190.3918742988,35590.3918742988,87.6610637298
740,mu1_b,48800.0,81633.81583761555,32833.81583761555,67.28240950331055
742,mu1_b,39500.0,72747.7011401681,33247.701140168094,84.17139529156479
743,mu1_b,39900.0,74619.00393851267,34719.00393851267,87.01504746494403
744,mu1_b,40500.0,75690.47047515308,35190.47047515308,86.89005055593353
745,mu1_b,35400.0,71564.80488952072,36164.80488952072,102.16046578960655
746,mu1_b,35400.0,71671.2759727911,36271.2759727911,102.46123156155679
747,mu1_b,41200.0,75002.4879908628,33802.487990862806,82.04487376423012
748,mu1_b,45700.0,77839.21664052867,32139.21664052867,70.3265134366054
749,mu1_b,39600.0,73269.5736426553,33669.573642655305,85.02417586529117
750,mu1_b,37000.0,71853.58876443183,34853.58876443183,94.19888855251845
751,mu1_b,52000.0,83109.85651245297,31109.85651245297,59.826647139332636
752,mu1_b,57400.0,88150.77306908657,30750.773069086572,53.572775381683925
753,mu1_b,57200.0,87730.88083757709,30530.88083757709,53.37566579995995
754,mu1_b,57600.0,83472.67499466898,25872.67499466898,44.91783853241142
757,mu1_b,87900.0,104226.24766686081,16326.247666860814,18.573660599386592
759,mu1_b,58800.0,87421.4214767985,28621.421476798496,48.67588686530356
760,mu1_b,37100.0,72286.58050287137,35186.580502871366,94.8425350481708
761,mu1_b,44500.0,77806.56158585842,33306.56158585842,74.84620581091781
762,mu1_b,37900.0,72820.26259447691,34920.26259447691,92.13789602764356
763,mu1_b,37800.0,72524.58807840415,34724.58807840415,91.86398962540781
764,mu1_b,37900.0,72892.3158001435,34992.31580014349,92.32801002676383
765,mu1_b,33300.0,70193.77423870168,36893.77423870168,110.79211483093597
767,mu1_b,39300.0,73719.54837093838,34419.548370938384,87.58154801765492
769,mu1_b,26400.0,64913.404869656835,38513.404869656835,145.88410935476074
770,mu1_b,29000.0,67152.74210786284,38152.74210786284,131.56117968228565
771,mu1_b,28600.0,66863.89220129879,38263.89220129879,133.7898328716741
772,mu1_b,26300.0,66059.17127182567,39759.171271825675,151.17555616663753
773,mu1_b,25300.0,64899.38624960677,39599.38624960677,156.51931323955245
784,mu1_b,32400.0,68809.17502349893,36409.17502349893,112.37399698610781
785,mu1_b,27500.0,65206.00758618451,37706.00758618451,137.11275485885278
786,mu1_b,31600.0,68261.74934436179,36661.749344361786,116.01819412772717
788,mu1_b,29900.0,67145.83931984672,37245.839319846724,124.56802448109272
789,mu1_b,33900.0,70699.48185762054,36799.48185762054,108.55304382778921
791,mu1_b,38800.0,73097.90413922828,34297.90413922828,88.39666015265021
795,mu1_b,33400.0,70295.8300161025,36895.830016102496,110.46655693443861
796,mu1_b,35500.0,68162.12010799749,32662.120107997485,92.00597213520417
797,mu1_b,37500.0,70958.88914211674,33458.889142116735,89.22370437897797
798,mu1_b,38600.0,71731.74474909977,33131.74474909977,85.83353561942945
806,mu1_b,12920.41,58603.40486807713,45682.994868077134,353.5723314358997
814,mu1_b,12027.11,55984.37983269176,43957.26983269176,365.4848906569554
816,mu1_b,12742.17,55151.188164391264,42409.018164391266,332.8241434888348
817,mu1_b,15031.69,56625.77493458548,41594.08493458548,276.70930503879123
819,mu1_b,13358.06,55757.11785445866,42399.05785445866,317.40430761995873
821,mu1_b,13109.53,55363.52443304453,42253.99443304453,322.3150977422114
822,mu1_b,12737.15,58083.97122848402,45346.82122848402,356.0201554388856
826,mu1_b,21087.71,59075.69139134878,37987.98139134878,180.14275324987295
827,mu1_b,12409.11,53716.128842764,41307.018842764,332.87656280558394
828,mu1_b,11354.31,53125.510346173316,41771.20034617332,367.88849649316705
829,mu1_b,23057.15,60696.30594721339,37639.15594721339,163.24288104650134
830,mu1_b,19561.36,58233.603541795936,38672.243541795935,197.69711074176814
832,mu1_b,19324.55,58224.30073973886,38899.750739738854,201.2970586106215
833,mu1_b,17719.12,57483.141017428454,39764.02101742846,224.41306914467796
835,mu1_b,17098.2,57595.201151932226,40497.00115193223,236.84949966623518
837,mu1_b,15811.6,56822.41276126576,41010.81276126576,259.3716813052807
838,mu1_b,12920.41,58525.84718127386,45605.437181273854,352.9720587912756
848,mu1_b,12196.56,56748.37439477822,44551.81439477822,365.28180400685284
888,mu1_b,18002.8,57419.08976531292,39416.28976531292,218.94532942271712
889,mu1_b,18111.58,57348.19334828071,39236.613348280705,216.63826871140287
891,mu1_b,16748.83,57411.24005455734,40662.41005455734,242.77761523973516
893,mu1_b,15490.26,56880.45987255005,41390.199872550045,267.20145351046426
894,mu1_b,12196.56,56361.9765023591,44165.416502359105,362.11371487008716
895,mu1_b,28292.68,65645.01011445369,37352.33011445369,132.02118044120843
896,mu1_b,24015.31,62985.79719251534,38970.48719251534,162.27351299031884
899,mu1_b,21228.72,61014.303067173496,39785.583067173495,187.41395179348305
903,mu1_b,18775.6,59465.36375948318,40689.76375948318,216.7161835546304
905,mu1_b,14976.46,57404.457429735805,42427.997429735806,283.29790504388757
906,mu1_b,12196.56,56361.9765023591,44165.416502359105,362.11371487008716
909,mu1_b,22004.02,65772.25336888706,43768.23336888706,198.9101690004238
927,mu1_b,8848.05,51053.84123891519,42205.79123891519,477.00669909093176
928,mu1_b,12130.04,53621.78327230229,41491.74327230229,342.05776132891793
929,mu1_b,14626.25,52752.73147312935,38126.48147312935,260.6716107897058
930,mu1_b,15530.85,57115.01883471169,41584.168834711694,267.75204727823456
931,mu1_b,17558.87,53872.431099301335,36313.56109930134,206.81035339575578
932,mu1_b,16709.08,57725.58065707691,41016.50065707691,245.47432089065887
933,mu1_b,15068.09,53389.849054271544,38321.75905427155,254.32393259047126
934,mu1_b,16590.26,53894.1618522584,37303.90185225841,224.85423285866773
935,mu1_b,16184.4,53649.285799050194,37464.88579905019,231.48764117947027
936,mu1_b,17386.07,58555.163464155376,41169.093464155376,236.7935563595187
937,mu1_b,17895.27,54750.30660456752,36855.03660456752,205.94848026639173
939,mu1_b,14712.86,57479.48491708885,42766.62491708885,290.6751299005689
941,mu1_b,19223.71,55080.74869487329,35857.03869487329,186.52507083634373
942,mu1_b,9393.24,53652.15551768891,44258.91551768891,471.17837421048444
943,mu1_b,12409.11,54260.97464278154,41851.86464278154,337.26725480539324
944,mu1_b,13001.58,54532.26846369544,41530.688463695435,319.428011547023
945,mu1_b,13234.63,54481.77824873824,41247.148248738245,311.6607585458622
946,mu1_b,16004.49,56033.12548264901,40028.63548264901,250.10878498876883
947,mu1_b,15146.33,57507.939220261665,42361.609220261664,279.68233374198013
971,mu1_b,22020.76,59408.57045092966,37387.81045092967,169.7843782454814
974,mu1_b,18351.33,57754.45237560133,39403.12237560133,214.71534965368355
977,mu1_b,16744.65,56425.087992410074,39680.43799241007,236.97382741598105
981,mu1_b,15263.49,56646.6144155193,41383.124415519305,271.1249158319578
984,mu1_b,14301.15,56303.879745312035,42002.72974531203,293.7017634617638
985,mu1_b,12380.66,53550.87847286089,41170.218472860885,332.53654064372074
986,mu1_b,7850.15,51367.420117772876,43517.270117772874,554.3495362225291
987,mu1_b,13311.62,54215.10772966553,40903.487729665525,307.27655784694514
988,mu1_b,23995.22,61515.491096793055,37520.271096793054,156.3656057197769
989,mu1_b,41252.84,73648.35702152332,32395.517021523323,78.52918010377789
990,mu1_b,40552.84,73551.2464950578,32998.4064950578,81.37138236201905
999,mu1_b,41056.19,74445.18797981685,33388.99797981685,81.32512534606073
1000,mu1_b,39634.86,73357.32100576273,33722.46100576273,85.0828311384542
1002,mu1_b,37654.96,71680.63610243627,34025.67610243627,90.36173747744327
1008,mu1_b,18527.06,56636.82701126882,38109.76701126882,205.6978657772405
1011,mu1_b,16430.84,56330.3082545902,39899.4682545902,242.8327964643938
1014,mu1_b,15372.27,54581.80941620484,39209.53941620483,255.06668446628132
1018,mu1_b,15426.67,56054.28658317852,40627.61658317852,263.35960115292875
1021,mu1_b,14301.15,56675.53528149004,42374.38528149004,296.30054423238715
1022,mu1_b,18690.24,57286.79949362674,38596.559493626744,206.5064947995678
1025,mu1_b,16481.05,56310.59881821822,39829.548818218216,241.66875786565913
1028,mu1_b,16012.44,55536.746597822785,39524.30659782278,246.83500202232
1031,mu1_b,14660.98,56336.97765611518,41675.997656115185,284.2647466684709
1034,mu1_b,14301.15,56663.035977092964,42361.88597709296,296.21314353805786
1046,mu1_b,16234.19,55599.79426332208,39365.60426332208,242.48579241293882
1048,mu1_b,15493.61,56726.932497330374,41233.32249733037,266.131150179528
1050,mu1_b,15296.96,55820.88465576485,40523.92465576485,264.91488933595207
1052,mu1_b,14824.16,56030.53199462482,41206.37199462482,277.9676689581387
1054,mu1_b,14301.15,56663.035977092964,42361.88597709296,296.21314353805786
1055,mu1_b,15865.99,55615.70923422744,39749.71923422744,250.53412509542386
1058,mu1_b,15008.26,56553.809953895354,41545.54995389535,276.81789863645315
1061,mu1_b,14648.43,54759.927219635894,40111.497219635894,273.82796121929715
1064,mu1_b,14271.86,55825.30480723173,41553.44480723173,291.1564772022128
1067,mu1_b,14301.15,56873.911883378736,42572.761883378735,297.6876816436352
1070,mu1_b,3774.03,14845.239140298114,11071.209140298113,293.3524412974489
1073,mu1_b,3241.82,16712.133728062363,13470.313728062363,415.51701599911036
1075,mu1_b,3568.17,16706.860861439676,13138.690861439676,368.21930741639756
1077,mu1_b,10153.48,55470.87554344276,45317.39554344276,446.32377808832786
1078,mu1_b,10317.92,55478.64331638685,45160.72331638685,437.69212512199016
1079,mu1_b,10284.44,55483.74914160192,45199.309141601916,439.49217596292954
1081,mu1_b,11033.39,55617.44305707108,44584.05305707108,404.08299767407004
1082,mu1_b,10401.6,55580.18522497931,45178.58522497931,434.3426513707439
1083,mu1_b,10100.34,54963.085168612044,44862.74516861205,444.1706434497457
1085,mu1_b,9857.67,54912.8742010522,45055.2042010522,457.0573391181911
1086,mu1_b,4790.76,15448.008243468166,10657.248243468166,222.45422946397156
1088,mu1_b,4301.22,15125.271930142435,10824.051930142436,251.65073932843316
1090,mu1_b,3834.28,17936.182985520252,14101.902985520252,367.7849031766133
1092,mu1_b,43767.63,75664.3055860173,31896.675586017307,72.87731957617378
1093,mu1_b,44371.56,76320.10470777153,31948.544707771536,72.00230216781095
1094,mu1_b,45458.37,77008.41910160115,31550.049101601144,69.40426834838368
1095,mu1_b,48825.71,78824.60921492864,29998.899214928642,61.440784404217865
1114,mu1_b,49593.78,79408.4759118434,29814.695911843402,60.11781298348988
1117,mu1_b,51100.05,80037.75997663316,28937.709976633152,56.6295140154132
1120,mu1_b,51459.88,80525.07144512104,29065.19144512104,56.48126549288696
1122,mu1_b,48623.08,77783.57352079434,29160.493520794334,59.97253469092113
1124,mu1_b,51493.35,80142.75344575832,28649.403445758326,55.63709381067328
1125,mu1_b,13066.85,46703.14260679615,33636.29260679615,257.4169949666228
1126,mu1_b,36907.26,54738.57926881472,17831.319268814717,48.31385279973294
1127,mu1_b,33688.88,54363.75654001717,20674.876540017176,61.37003230744738
1128,mu1_b,33201.85,60246.78961147262,27044.93961147262,81.4561225096572
1129,mu1_b,32222.36,54670.04128186989,22447.68128186989,69.66491989373183
1130,mu1_b,31465.46,51730.85090805983,20265.39090805983,64.40519511890128
1131,mu1_b,32376.33,51082.7672464726,18706.437246472597,57.77812755946272
1132,mu1_b,26146.25,51954.81898144301,25808.568981443008,98.70849158652966
1133,mu1_b,20695.67,50020.08108149103,29324.41108149103,141.6934609098958
1134,mu1_b,13004.51,47142.765083085964,34138.25508308596,262.510891091521
1135,mu1_b,25284.34,58133.5756394644,32849.2356394644,129.9192924927619
1136,mu1_b,26562.15,58549.730272182605,31987.580272182604,120.42541839490629
1138,mu1_b,27365.49,63777.078899768225,36411.58889976822,133.05659390629663
1139,mu1_b,26257.55,62631.19619197931,36373.64619197931,138.52642836814292
1140,mu1_b,26634.95,57752.97028004459,31118.020280044588,116.83153255419884
1141,mu1_b,26349.18,57573.08575189527,31223.90575189527,118.50048370345971
1143,mu1_b,12184.01,46627.69288725489,34443.68288725489,282.6957864221622
1144,mu1_b,25518.64,58900.867550697636,33382.22755069764,130.81507302386663
1145,mu1_b,26212.36,58430.83625918305,32218.47625918305,122.91329837978361
1146,mu1_b,24968.86,57694.35199182431,32725.49199182431,131.0652228088279
1147,mu1_b,25398.56,57673.4307698632,32274.870769863195,127.07362452778108
1148,mu1_b,23944.18,56449.36762407381,32505.187624073813,135.75402299879892
1149,mu1_b,13071.45,47149.887311849845,34078.43731184985,260.7089290924101
1152,mu1_b,26641.65,63254.4312260484,36612.7812260484,137.42685316430627
1154,mu1_b,26713.19,63208.59774848916,36495.40774848916,136.61942938484384
1155,mu1_b,23560.92,61218.71829584694,37657.798295846944,159.8316122453917
1156,mu1_b,24448.36,61764.17581302672,37315.81581302672,152.63116140725478
1158,mu1_b,16297.37,49714.963586148806,33417.5935861488,205.04899616409762
1160,mu1_b,15009.1,55555.67499992107,40546.574999921075,270.1466110554335
1162,mu1_b,16685.65,56490.175270975524,39804.52527097552,238.5554369831293
1165,mu1_b,18743.38,57764.681883163226,39021.30188316322,208.18711397391087
1168,mu1_b,26544.58,63151.10741080709,36606.52741080709,137.9058452264345
1170,mu1_b,30747.89,66795.04915888447,36047.159158884475,117.23457823897664
1174,mu1_b,31080.95,66935.4008759115,35854.4508759115,115.35828498135191
1177,mu1_b,32180.94,67328.4515647938,35147.51156479379,109.21841178285592
1181,mu1_b,25714.88,62547.22256628631,36832.342566286316,143.23357747065634
1185,mu1_b,17211.17,56906.876595115944,39695.706595115946,230.63921043784907
1187,mu1_b,12147.61,46533.1643003667,34385.5543003667,283.0643583418194
1188,mu1_b,43861.61,75310.98146522464,31449.37146522464,71.70136131625046
1196,mu1_b,12147.61,46533.1643003667,34385.5543003667,283.0643583418194
1197,mu1_b,19424.96,38743.1134304772,19318.1534304772,99.45015809802028
1203,mu1_b,21390.22,59658.168118862,38267.948118862,178.90394824766645
1204,mu1_b,26800.64,63390.43043604512,36589.79043604512,136.52580847339885
1205,mu1_b,27650.43,64244.32028972976,36593.89028972976,132.34474216035613
1206,mu1_b,29800.62,65608.9376380584,35808.317638058405,120.15963975936879
1207,mu1_b,31900.6,66845.50013691225,34944.90013691225,109.54308112359094
1228,mu1_b,13501.99,54746.645204241286,41244.65520424129,305.4709357971772
1229,mu1_b,14225.42,55276.22598351809,41050.80598351809,288.57359560222534
1230,mu1_b,14903.24,55493.413043223736,40590.17304322374,272.3580445810692
1232,mu1_b,15064.33,55564.94587091924,40500.61587091924,268.85109308491803
1233,mu1_b,13941.32,55092.956799742075,41151.636799742075,295.17747817094846
1234,mu1_b,12857.65,54009.90529334197,41152.25529334197,320.06047211848175
1236,mu1_b,13840.9,54602.133228781095,40761.23322878109,294.49843022333147
1237,mu1_b,13953.87,54660.30383356405,40706.43383356405,291.7214638918382
1244,mu1_b,23472.63,63279.78198935059,39807.15198935059,169.58965394738718
1246,mu1_b,30373.0,67340.58643883477,36967.58643883477,121.71200223499415
1249,mu1_b,54072.83,81779.98698741318,27707.156987413182,51.24044180305189
1250,mu1_b,48079.15,76861.18479779518,28782.034797795182,59.86385948544261
1251,mu1_b,49932.69,76863.94661431463,26931.256614314625,53.935120688099566
1252,mu1_b,43137.76,72727.19008863889,29589.43008863889,68.59287568162762
1255,mu1_b,20769.72,59354.46538094384,38584.74538094384,185.7740276755962
1256,mu1_b,29279.29,64633.71420526847,35354.42420526847,120.74891230377673
1257,mu1_b,29747.06,65354.91799642124,35607.85799642124,119.7021083643938
1258,mu1_b,30503.54,65744.80315299629,35241.26315299629,115.5317158369038
1259,mu1_b,28367.58,64427.28752368372,36059.70752368372,127.11591021752196
1260,mu1_b,41133.59,74267.41711250591,33133.82711250591,80.55175128770894
1261,mu1_b,33773.39,68765.78448875301,34992.39448875301,103.60936372911635
1262,mu1_b,40507.24,73961.64485194822,33454.404851948224,82.58870476474878
1264,mu1_b,44654.07,76676.44925713724,32022.37925713724,71.71211774679719
1266,mu1_b,53685.38,81228.72365987935,27543.343659879356,51.305110739421714
1268,mu1_b,53945.21,79405.74360241162,25460.53360241162,47.1970237995396
1269,mu1_b,46785.43,77672.524935224,30887.094935224006,66.01861933346345
1272,mu1_b,38494.28,72615.5078963296,34121.2278963296,88.63973529659367
1277,mu1_b,14547.17,49134.54100615236,34587.37100615236,237.76013483139576
1326,mu1_b,47347.35,79453.31043050013,32105.960430500134,67.8094136852435
1332,mu1_b,24950.45,62057.76607677704,37107.316076777046,148.7240353451623
1335,mu1_b,26082.66,62847.88511304672,36765.22511304672,140.9565784818217
1337,mu1_b,28783.47,64857.6712062299,36074.201206229896,125.329577032338
1340,mu1_b,34798.07,69260.58965318272,34462.51965318272,99.03572138679736
1343,mu1_b,37533.62,71005.0665210631,33471.446521063095,89.17724035428262
1345,mu1_b,38659.13,71673.06141934886,33013.93141934886,85.3975022700947
1347,mu1_b,39556.2,72387.48029747,32831.28029747,82.99907548619434
1349,mu1_b,38229.85,72029.29112202329,33799.441122023294,88.41112670340924
1351,mu1_b,32592.65,68615.33175540017,36022.68175540017,110.52394253121537
1354,mu1_b,47347.35,79453.31043050013,32105.960430500134,67.8094136852435
1355,mu1_b,22013.65,60184.38982706498,38170.73982706498,173.39577865126853
1356,mu1_b,23928.7,61999.533241306555,38070.83324130655,159.10113479339267
1357,mu1_b,24998.56,62204.544508815234,37205.984508815236,148.8325107878823
1358,mu1_b,26673.03,63585.894767351194,36912.864767351195,138.39021951143607
1359,mu1_b,27116.96,64123.35546248938,37006.39546248938,136.4695580274831
1360,mu1_b,30380.53,66410.26476521607,36029.73476521607,118.59481965988107
1362,mu1_b,30902.7,67251.01400931083,36348.31400931084,117.6218065389459
1363,mu1_b,37916.88,72213.15130244556,34296.271302445566,90.45119562170086
1364,mu1_b,47347.35,77535.38201480987,30188.032014809876,63.758651782644385
1365,mu1_b,17047.16,55562.90997873827,38515.74997873827,225.93646084590202
1366,mu1_b,18078.53,57342.23161035127,39263.70161035127,217.1841494322341
1368,mu1_b,18670.99,58009.73630205591,39338.74630205591,210.69448541323146
1369,mu1_b,18609.49,57886.02776852176,39276.53776852175,211.05649734905015
1371,mu1_b,18868.48,58109.12267251669,39240.6426725167,207.9692835486308
1397,mu1_b,39521.55,74921.79015955515,35400.24015955515,89.57199340500345
1402,mu1_b,28342.89,63689.78580487615,35346.89580487615,124.71168538168179
1403,mu1_b,19196.51,57285.10537443788,38088.59537443788,198.41416681697808
1404,mu1_b,24368.02,61082.79222504675,36714.77222504675,150.66785165576337
1405,mu1_b,30539.53,66088.84733702906,35549.31733702906,116.4042712413356
1406,mu1_b,33849.13,68421.94255487039,34572.81255487039,102.13796500787582
1407,mu1_b,37560.4,71406.70639128669,33846.306391286686,90.11167716873804
1408,mu1_b,44836.49,76074.66928559961,31238.17928559961,69.6713308414633
1410,mu1_b,44723.52,76801.30085724109,32077.780857241094,71.72463360943212
1412,mu1_b,47623.08,77816.86023650339,30193.780236503386,63.401569651738996
1413,mu1_b,48146.09,79051.1113160252,30905.021316025202,64.19009584376468
1435,mu1_b,16355.53,55100.984540922174,38745.454540922176,236.89513296678354
1436,mu1_b,15941.31,55904.43946720888,39963.129467208884,250.6891181917225
1437,mu1_b,17066.82,56941.413534196385,39874.593534196385,233.63809739715066
1438,mu1_b,24355.47,61769.67699842106,37414.20699842106,153.61726543737836
1440,mu1_b,25778.06,64731.64169996979,38953.581699969785,151.1113780477266
1441,mu1_b,32221.52,69587.89528656263,37366.37528656263,115.96714024218171
1442,mu1_b,48146.09,79051.1113160252,30905.021316025202,64.19009584376468
1443,mu1_b,21195.035000000003,62483.16447370914,41288.12947370914,194.80094972105087
1445,mu1_b,25641.65,63698.70250520382,38057.05250520382,148.41889077030464
1447,mu1_b,25083.5,63200.23937929472,38116.73937929472,151.95941307750002
1448,mu1_b,27239.97,64876.83485700841,37636.86485700841,138.16779114297265
1450,mu1_b,29317.78,65630.60656220553,36312.82656220553,123.85940054876438
1451,mu1_b,40446.99,73789.59279692946,33342.60279692946,82.43531297861587
1453,mu1_b,43978.34,75951.53495052311,31973.194950523117,72.7021414417259
1455,mu1_b,38730.26,72990.4086008613,34260.14860086129,88.4583491070323
1458,mu1_b,50146.08,79040.90191703523,28894.821917035224,57.621297451436334
1460,mu1_b,44154.49,72120.43828977994,27965.94828977994,63.33658998163027
1463,mu1_b,33039.93,69415.13971128926,36375.20971128926,110.09469363672761
1465,mu1_b,30870.49,69041.55128374483,38171.06128374483,123.64902948979697
1468,mu1_b,24745.01,62798.8555963033,38053.845596303305,153.7839168232436
1471,mu1_b,30223.63,66033.69218601595,35810.062186015944,118.48365727748767
1473,mu1_b,34609.79,67318.06500860301,32708.275008603006,94.50584649199838
1474,mu1_b,30586.81,66485.49085710317,35898.68085710317,117.3665408622317
1475,mu1_b,23744.18,63330.39285193476,39586.21285193476,166.71964604351365
1511,mu1_b,58040.16,83322.32850396202,25282.16850396202,43.559784301011604
1514,mu1_b,38284.24,72477.12938301131,34192.889383011316,89.31322492757155
1515,mu1_b,49581.23,79293.82409629479,29712.594096294786,59.927101639662396
1516,mu1_b,58702.5,84416.90592505343,25714.405925053434,43.804618074278665
1518,mu1_b,64685.72,87070.77865293925,22385.058652939246,34.60587383573878
1538,mu1_b,22125.36,63210.423552733286,41085.063552733285,185.69218106613084
1539,mu1_b,22682.26,60306.603712037264,37624.34371203727,165.8756389885191
1541,mu1_b,30049.57,64634.038533373845,34584.468533373845,115.09139243381469
1543,mu1_b,36166.68,72138.71877419887,35972.038774198874,99.46182169388752
1545,mu1_b,42941.53,75806.52348379898,32864.993483798986,76.5342862347918
1546,mu1_b,39485.91,73272.31610323096,33786.406103230955,85.56572737776831
1549,mu1_b,45111.39,77152.87730343879,32041.487303438786,71.02748840911084
1550,mu1_b,47929.78,78419.50098904251,30489.720989042515,63.61331303636803
1552,mu1_b,74659.29,92413.57853008108,17754.28853008109,23.780414373189313
1554,mu1_b,74051.76,92233.86605066323,18182.106050663235,24.553239586288342
1556,mu1_b,29519.87,65584.9653828667,36065.09538286671,122.17227034830002
1557,mu1_b,55752.73,84823.35415846421,29070.624158464205,52.142064000209864
1578,mu1_b,19635.84,54569.99081741464,34934.150817414644,177.9101419517303
1591,mu1_b,19388.98,56859.52747300459,37470.5474730046,193.25692982820445
1593,mu1_b,23632.46,61472.729928818946,37840.26992881895,160.11989411520827
1595,mu1_b,32022.57,67546.94842953839,35524.37842953839,110.93543844088214
1598,mu1_b,39372.1,73140.84224842144,33768.74224842144,85.76820197150124
1600,mu1_b,44949.465,76368.6087413691,31419.143741369102,69.89881579540291
1601,mu1_b,19784.37,58557.135011705504,38772.7650117055,195.97674837109042
1602,mu1_b,24674.72,62119.94752229592,37445.22752229592,151.7554303444818
1603,mu1_b,26468.85,63423.427470768576,36954.57747076858,139.61534963086262
1604,mu1_b,30093.92,66345.18284186439,36251.26284186439,120.46042138034656
1605,mu1_b,29493.93,66050.65088074846,36556.720880748464,123.94659131810668
1606,mu1_b,30821.95,67570.0961038657,36748.1461038657,119.22719394413949
1607,mu1_b,31771.74,67824.38398587007,36052.64398587006,113.47393622719454
1608,mu1_b,33094.32,69291.51143578629,36197.19143578629,109.37584285093723
1609,mu1_b,35079.24,70506.70241570761,35427.46241570761,100.99267377431099
1610,mu1_b,40643.22,74585.93171647267,33942.711716472666,83.51383506639647
1611,mu1_b,49609.26,79103.91278028995,29494.652780289944,59.453926102284015
1612,mu1_b,16129.59,55606.19708937447,39476.607089374476,244.74650062013026
1614,mu1_b,17464.31,58461.049938110795,40996.7399381108,234.74583271890384
1617,mu1_b,18382.71,58096.877480833864,39714.167480833865,216.04087471778573
1619,mu1_b,23682.25,62769.94784554899,39087.69784554899,165.050608981617
1621,mu1_b,27321.14,65256.059739602446,37934.91973960245,138.8482315877099
1623,mu1_b,28401.05,66301.37285738447,37900.32285738447,133.4469072706272
1625,mu1_b,29548.32,66661.003636309,37112.683636309004,125.59997873418524
1626,mu1_b,28796.86,66304.72090336596,37507.86090336596,130.24982898609764
1628,mu1_b,32003.53,68082.75577823525,36079.22577823525,112.73514446136177
1629,mu1_b,40359.54,74230.8611911918,33871.3211911918,83.92395253065767
1630,mu1_b,64433.84,86651.36842905416,22217.52842905416,34.48114908106387
1633,mu1_b,30350.99,66331.26159556214,35980.27159556214,118.54727504955237
1698,mu1_b,42290.07,72406.41773592347,30116.347735923475,71.21375712058048
1699,mu1_b,52052.34,80658.3153182987,28605.975318298704,54.95617549239613
1701,mu1_b,44631.47,76662.9506558077,32031.480655807696,71.76882288620047
1702,mu1_b,37282.99,71213.91111969035,33930.921119690356,91.0091200295104
1704,mu1_b,25498.98,58077.380556298594,32578.400556298595,127.76354409587599
1705,mu1_b,23409.45,63456.524729136465,40047.07472913647,171.07225812283698
1707,mu1_b,20722.86,59063.25178656397,38340.39178656397,185.01496312074667
1710,mu1_b,22546.28,55899.30185700541,33353.02185700541,147.93137429769087
1712,mu1_b,22346.7,52597.276427405,30250.576427404998,135.36932266242889
1713,mu1_b,28610.25,62699.714274041915,34089.464274041915,119.15122822779219
1761,mu1_b,20769.72,59340.82904430191,38571.109044301906,185.70837278645018
1762,mu1_b,30804.8,68199.61094963015,37394.81094963015,121.39280550313636
1763,mu1_b,35979.24,69860.03408988492,33880.79408988493,94.16762024402108
1764,mu1_b,38316.46,71343.01151905856,33026.551519058565,86.19416177553606
1788,mu1_b,41798.86,44075.15186925642,2276.29186925642,5.445822850806026
1809,mu1_b,43871.35,75792.30063814227,31920.950638142276,72.76035644707144
1810,mu1_b,45921.8,76730.7214413606,30808.921441360595,67.0899691243823
1811,mu1_b,49859.18,79454.26750008468,29595.08750008468,59.35734903799998
1812,mu1_b,52655.73,81307.08739665875,28651.35739665875,54.41261073896184
1813,mu1_b,19062.62,59374.12805258136,40311.50805258137,211.46887496357462
1814,mu1_b,16368.08,57202.03138765137,40833.95138765137,249.4730682380057
1815,mu1_b,17238.37,58510.42928561232,41272.059285612326,239.4197321766056
1816,mu1_b,17558.03,58792.61599843527,41234.58599843527,234.84745155598478
1818,mu1_b,17871.42,58760.381635951766,40888.96163595177,228.7952587760333
1819,mu1_b,17711.59,58751.24652362874,41039.65652362874,231.71074151800454
1821,mu1_b,18017.02,58822.73055454479,40805.710554544785,226.48423853969626
1822,mu1_b,17858.45,58744.040744281534,40885.59074428154,228.94254957334783
1824,mu1_b,18156.35,58885.24850524607,40728.89850524607,224.32316244865336
1825,mu1_b,18448.4,59193.36260291553,40744.962602915526,220.85905879596888
1826,mu1_b,18291.08,59152.22071112571,40861.14071112571,223.39381114251157
1827,mu1_b,19062.62,59374.12805258136,40311.50805258137,211.46887496357462
1839,mu1_b,16242.14,56382.62643266386,40140.48643266386,247.1379167564364
1840,mu1_b,16635.44,56779.29818083621,40143.85818083621,241.3152773887328
1842,mu1_b,15754.7,56316.14584431794,40561.44584431795,257.45616129991646
1843,mu1_b,16424.99,56882.43382527781,40457.443825277805,246.31639852004662
1849,mu1_b,24719.07,62839.77977548884,38120.70977548884,154.21579280890762
1850,mu1_b,23832.04,62641.69968689578,38809.65968689578,162.84656994070073
1851,mu1_b,23547.11,62053.465331113104,38506.3553311131,163.5290077258445
1852,mu1_b,21914.9,61797.24072822686,39882.34072822686,181.98732701598846
1877,mu1_b,16368.08,57299.4835207929,40931.4035207929,250.0684473731366
1878,mu1_b,32126.96,69300.92342606714,37173.96342606714,115.70955803495612
1879,mu1_b,27084.32,65056.91598237466,37972.59598237466,140.20140059774312
1880,mu1_b,25837.47,63983.67997806807,38146.209978068066,147.63910699487244
1882,mu1_b,24837.89,64016.453026176954,39178.563026176955,157.73708244209536
1883,mu1_b,25659.65,64030.79043058795,38371.14043058795,149.53883015001352
1884,mu1_b,24703.59,64379.23369374614,39675.64369374614,160.60679315737568
1899,mu1_b,18265.98,57328.665887089825,39062.68588708983,213.85485961930226
1900,mu1_b,20585.21,58998.4482326119,38413.238232611904,186.60600612095726
1902,mu1_b,21440.43,59310.05237286397,37869.62237286397,176.6271589369428
1903,mu1_b,22530.8,60455.12608300502,37924.32608300503,168.32214605342477
1905,mu1_b,19741.28,58991.89254105848,39250.61254105848,198.8250637296998
1907,mu1_b,23154.64,60990.358305174166,37835.71830517417,163.40447661969338
1912,mu1_b,25309.44,62298.868128449794,36989.4281284498,146.1487418467173
1914,mu1_b,23670.12,61185.03160018829,37514.911600188294,158.49058475490745
1915,mu1_b,23564.68,61129.485397473545,37564.805397473545,159.41148107028633
1917,mu1_b,23803.17,61658.857509905654,37855.687509905656,159.03632797608745
1918,mu1_b,24016.56,61822.926383738275,37806.36638373828,157.41790824222235
1919,mu1_b,23292.72,60828.179229395115,37535.459229395114,161.1467412538987
1921,mu1_b,23815.73,61862.04910929224,38046.319109292235,159.75289906835624
1922,mu1_b,22058.42,61461.8653150381,39403.4453150381,178.63221987358162
1924,mu1_b,16368.08,57202.03138765137,40833.95138765137,249.4730682380057
1930,mu1_b,12186.52,53832.23167822846,41645.71167822846,341.73588258361247
1931,mu1_b,14089.02,56068.27243002267,41979.252430022665,297.957220800472
1933,mu1_b,21322.02,61691.94766025752,40369.92766025753,189.33444232890471
1936,mu1_b,23359.24,60832.16404695721,37472.92404695721,160.4201337327636
1937,mu1_b,23987.27,61730.95589415084,37743.68589415084,157.34881832801665
1939,mu1_b,23205.69,60855.09219027763,37649.40219027763,162.24211471530313
1941,mu1_b,21531.22,61175.60651855096,39644.38651855096,184.12512862044488
1943,mu1_b,16368.08,57202.03138765137,40833.95138765137,249.4730682380057
1944,mu1_b,27741.22,65814.48871695292,38073.26871695292,137.2443919804281
1945,mu1_b,28643.72,66004.0622583813,37360.34225838129,130.43118093034457
1946,mu1_b,29481.79,66552.8737143589,37071.083714358894,125.74230979312618
1947,mu1_b,30638.69,67776.18860098318,37137.49860098318,121.21111771091773
1948,mu1_b,31551.65,67906.47917062117,36354.82917062117,115.22322658441371
1951,mu1_b,29284.31,66021.81924871099,36737.509248710994,125.45116906872994
1953,mu1_b,25725.34,63403.41075878889,37678.07075878889,146.46286796904877
1955,mu1_b,24578.06,62676.02713656291,38097.967136562904,155.00803210897402
1956,mu1_b,24489.36,62519.80485353811,38030.44485353811,155.29374738065064
1958,mu1_b,19499.44,60396.55153529188,40897.111535291886,209.73480025729913
1960,mu1_b,16368.08,57299.4835207929,40931.4035207929,250.0684473731366
2001,mu1_b,29472.59,67802.25715819871,38329.66715819872,130.05191317830813
2045,mu1_b,23775.56,65833.24023653951,42057.68023653951,176.89459359333497
2046,mu1_b,32112.32,37770.90642313777,5658.586423137771,17.621232047817696
2047,mu1_b,27473.02,32732.85365785656,5259.833657856561,19.145451274947426
2048,mu1_b,26272.19,30707.603585681525,4435.4135856815265,16.88254228399508
2049,mu1_b,21236.67,21896.574197663598,659.9041976635999,3.1073807600890344
2050,mu1_b,22570.97,27282.219441680303,4711.249441680302,20.87304817506869
2051,mu1_b,20826.63,29237.585815256407,8410.955815256406,40.38558237821676
2052,mu1_b,21341.69,31105.77894551518,9764.088945515181,45.75124531147806
2053,mu1_b,19686.05,34960.58239033162,15274.53239033162,77.59064103937368
2054,mu1_b,21389.8,35262.091240064874,13872.291240064875,64.85470289607605
2055,mu1_b,20240.44,36866.82578993003,16626.38578993003,82.14438910384375
2056,mu1_b,21254.66,35351.8088577081,14097.1488577081,66.32497935844705
2057,mu1_b,29434.1,35730.822206241464,6296.722206241466,21.392609953222504
2058,mu1_b,28248.75,35677.790680908955,7429.0406809089545,26.298652793164138
2059,mu1_b,27859.21,35620.13492904241,7760.924929042412,27.8576633330321
2060,mu1_b,27430.34,35195.501766457106,7765.161766457106,28.308660288050042
2061,mu1_b,27551.26,36859.87699244673,9308.616992446729,33.78653822891123
2062,mu1_b,25231.2,35786.455429418056,10555.255429418055,41.834139594700424
2063,mu1_b,22894.81,36632.96710504184,13738.157105041839,60.00555193531563
2064,mu1_b,21232.9,33858.743966826376,12625.843966826375,59.463587012732006
2065,mu1_b,21232.9,33900.23394191645,12667.333941916448,59.65899119722906
2066,mu1_b,20621.19,36699.15376473476,16077.963764734759,77.96816655457206
2067,mu1_b,23775.56,35475.59869117982,11700.038691179816,49.210360097427
2068,mu1_b,28444.14,40480.81304127443,12036.67304127443,42.31688158360362
2069,mu1_b,16565.57,18270.298878989335,1704.7288789893355,10.290795179334822
2070,mu1_b,10761.01,18842.09653037908,8081.08653037908,75.09598569631548
2071,mu1_b,8361.45,15685.253543872357,7323.803543872356,87.59011348357467
2072,mu1_b,9080.27,19555.596672966305,10475.326672966305,115.36360342772078
2073,mu1_b,7386.98,23700.478938218213,16313.498938218214,220.8412495799124
2074,mu1_b,9069.81,20227.304327844075,11157.494327844075,123.01794996636173
2075,mu1_b,10179.42,19105.645650215578,8926.225650215578,87.68894151352018
2076,mu1_b,8561.03,19827.462605004617,11266.432605004617,131.60136811814246
2077,mu1_b,8297.43,19533.39000048611,11235.96000048611,135.41494174082945
2078,mu1_b,23775.56,35475.59869117982,11700.038691179816,49.210360097427
2084,mu1_b,29468.41,70705.39145948895,41236.98145948895,139.93622818295574
2118,mu1_b,22920.34,59242.64903685235,36322.309036852355,158.4719469120107
2146,mu1_b,23619.41,59958.42022546777,36339.01022546778,153.85231987364534
2161,mu1_b,26878.47,63378.89511929022,36500.425119290216,135.79800159492046
2162,mu1_b,26192.28,61904.072226025986,35711.79222602599,136.3447253390159
2163,mu1_b,25560.48,61532.68147126719,35972.201471267195,140.73366959958184
2164,mu1_b,24853.38,60788.0440116987,35934.6640116987,144.58662770093522
2165,mu1_b,22552.14,59184.97362796632,36632.83362796632,162.43617513888404
2166,mu1_b,61851.01,85743.38658511244,23892.37658511244,38.62891905097822
2168,mu1_b,55936.83,86643.71687947377,30706.886879473765,54.89565082517863
2169,mu1_b,46556.15,79507.56332092365,32951.41332092365,70.77778837151193
2170,mu1_b,43033.16,76431.05237273383,33397.892372733826,77.60966745815047
2171,mu1_b,39547.83,72983.59108827263,33435.76108827263,84.54512191509023
2172,mu1_b,34284.27,69099.2919239925,34815.0219239925,101.54809165833923
2173,mu1_b,31472.57,66718.30957436324,35245.739574363244,111.9887558415574
2174,mu1_b,23623.26,60358.681718058244,36735.42171805825,155.50530163092753
2175,mu1_b,28342.89,63689.78580487615,35346.89580487615,124.71168538168179
2176,mu1_b,26317.8,63831.820905342094,37514.0209053421,142.54238920176496
2179,mu1_b,20439.18,58917.73697671695,38478.55697671695,188.25880968178248
2180,mu1_b,23388.95,60477.567375137856,37088.61737513785,158.57324666194015
2181,mu1_b,26317.8,62128.490135868786,35810.69013586879,136.0702267509776
2182,mu1_b,23221.59,60710.819162325846,37489.22916232585,161.4412672100655
2184,mu1_b,28284.31,63492.49626664212,35208.18626664212,124.4795657615198
2185,mu1_b,26819.89,63442.72218054848,36622.83218054848,136.55101561023733
2186,mu1_b,25773.870000000003,61371.50832242718,35597.63832242718,138.11522414921458
2187,mu1_b,25439.15,62648.55181245221,37209.40181245221,146.268259012004
2188,mu1_b,24602.33,60822.47942497195,36220.14942497195,147.2224355374956
2189,mu1_b,25397.305,61388.58228197695,35991.27728197695,141.71297813676276
2218,mu1_b,24602.33,61286.6490023753,36684.3190023753,149.1091250396824
2220,mu1_b,25200.65,61136.85201199281,35936.202011992806,142.60029805577557
2222,mu1_b,22552.14,59184.97362796632,36632.83362796632,162.43617513888404
2254,mu1_b,67497.42,88804.94024024258,21307.52024024258,31.567903247624248
2256,mu1_b,56164.86,82886.77489984929,26721.91489984929,47.57764000453182
2258,mu1_b,47593.38,77726.40724915435,30133.02724915435,63.31348445761648
2259,mu1_b,42273.33,75021.1745957416,32747.844595741597,77.46691494552617
2261,mu1_b,42193.84,74595.0692962233,32401.229296223304,76.79137356595965
2265,mu1_b,26321.57,63965.53024584854,37643.96024584854,143.01563412003364
2267,mu1_b,26125.33,63582.13730063855,37456.807300638546,143.37352791577578
2270,mu1_b,26978.46,64430.11446425887,37451.65446425887,138.82057932238857
2273,mu1_b,23799.83,62333.30241808861,38533.47241808861,161.90650276950973
2274,mu1_b,23342.93,59466.51896128344,36123.588961283436,154.75173408515312
2278,mu1_b,22177.04,61503.63733733205,39326.59733733205,177.33023585353163
2288,mu1_b,22701.3,59985.479145576974,37284.17914557697,164.23807951781163
2319,mu1_b,17627.49,58290.90262075394,40663.41262075394,230.68180790772786
2320,mu1_b,23193.14,60186.47678649776,36993.33678649776,159.501200727878
2321,mu1_b,18665.14,56488.35685117114,37823.21685117114,202.6409491231844
2322,mu1_b,19351.32,56774.7951997634,37423.4751997634,193.38978012747143
2323,mu1_b,18690.24,56173.4111405149,37483.171140514896,200.54943724914656
2324,mu1_b,18583.97,56255.106129015505,37671.136129015504,202.7076890945019
2325,mu1_b,22020.76,59660.6617861214,37639.90178612141,170.92916768595367
2326,mu1_b,18690.24,56688.553565554445,37998.31356555445,203.30564811128397
2328,mu1_b,17485.23,56090.48043086691,38605.250430866916,220.7877759163987
2330,mu1_b,15669.34,55137.907698093,39468.567698093,251.88404679516174
2333,mu1_b,16203.65,55447.07329467871,39243.42329467871,242.1887864442808
2335,mu1_b,17380.63,56205.436923593224,38824.80692359322,223.3797447134725
2337,mu1_b,22020.76,57885.465267481704,35864.70526748171,162.86769969556778
2338,mu1_b,16313.69,55768.99660526078,39455.306605260776,241.8539680799425
2339,mu1_b,18853.42,56579.793922872675,37726.37392287268,200.10360943994607
2341,mu1_b,17786.48,55519.09891277745,37732.618912777456,212.1421378079162
2342,mu1_b,17146.32,56088.45981198989,38942.13981198989,227.11660468246183
2343,mu1_b,22020.76,59660.6617861214,37639.90178612141,170.92916768595367
2344,mu1_b,16594.02,55666.42899964165,39072.408999641644,235.46078044766514
2348,mu1_b,16175.61,57348.67361972169,41173.06361972169,254.53793470367847
2351,mu1_b,17217.45,56404.11634384982,39186.66634384982,227.59854882023657
2354,mu1_b,19499.44,59121.938100595944,39622.49810059594,203.1981333853482
2357,mu1_b,22020.76,59660.6617861214,37639.90178612141,170.92916768595367
2360,mu1_b,32361.27,66197.70933991307,33836.439339913064,104.5584408149404
2361,mu1_b,29434.1,35730.822206241464,6296.722206241466,21.392609953222504
2362,mu1_b,27565.91,35735.61776667795,8169.707766677948,29.636996444804282
2363,mu1_b,18994.0,22845.810174815328,3851.8101748153276,20.279089053465977
2364,mu1_b,19867.22,25369.74359006803,5502.523590068027,27.696494980515784
2365,mu1_b,16154.28,25575.738059175885,9421.458059175884,58.32174543944937
2366,mu1_b,18193.59,28847.53059205035,10653.940592050349,58.558759387511465
2367,mu1_b,20826.21,28508.255340387142,7682.045340387143,36.88642984194985
2368,mu1_b,21301.1,27991.59212924823,6690.492129248232,31.40913910196296
2369,mu1_b,26898.97,31643.869546310278,4744.8995463102765,17.639707194402895
2370,mu1_b,29353.34,34548.78285201248,5195.442852012482,17.699665019423623
2371,mu1_b,32361.27,37935.76916812442,5574.499168124417,17.225835599543583
2372,mu1_b,28444.14,40480.81304127443,12036.67304127443,42.31688158360362
2373,mu1_b,44033.57,66721.46983268461,22687.899832684612,51.52409816575084
2374,mu1_b,28071.76,39755.56347901899,11683.803479018989,41.62120037724385
2375,mu1_b,16154.28,29189.41167285751,13035.13167285751,80.69150511726617
2376,mu1_b,13198.65,19777.217749291638,6578.567749291638,49.84273201646864
2377,mu1_b,15761.81,24420.817988450264,8659.007988450265,54.93663474214107
2378,mu1_b,16524.57,24182.295758825723,7657.7257588257235,46.34145250875347
2379,mu1_b,16840.46,22686.46411470594,5846.004114705942,34.71404055890363
2380,mu1_b,19235.43,23384.486000739766,4149.056000739765,21.569863531721232
2381,mu1_b,21187.71,22353.856733832865,1166.1467338328657,5.503882835062712
2382,mu1_b,32112.32,37770.90642313777,5658.586423137771,17.621232047817696
2383,mu1_b,21234.16,61696.12141472464,40461.96141472465,190.55126934488882
2399,mu1_b,44100.1,51585.62936229605,7485.529362296053,16.973950993979724
2400,mu1_b,46736.06,52307.84251460218,5571.782514602179,11.921806233991866
2401,mu1_b,52844.8,53375.32396655487,530.5239665548652,1.0039284216325262
2402,mu1_b,58451.46,53396.33549198587,5055.124508014131,8.648414441682261
2403,mu1_b,62677.37,54003.038883686684,8674.331116313318,13.839653955348346
2404,mu1_b,65982.78,54597.71109892393,11385.068901076069,17.254606279208105
2405,mu1_b,61463.99,52713.90979155889,8750.080208441104,14.236108343179648
2406,mu1_b,63974.43,53360.45445655793,10613.975543442073,16.59096539577152
2408,mu1_b,19004.05,61754.977528280724,42750.92752828072,224.95693038210655
2413,mu1_b,29434.1,68977.36764957839,39543.26764957839,134.3450883484747
2414,mu1_b,28444.14,40480.81304127443,12036.67304127443,42.31688158360362
2415,mu1_b,24330.79,35902.02027678306,11571.230276783062,47.55797192274917
2416,mu1_b,23059.25,35362.80717631378,12303.557176313778,53.35627644573773
2417,mu1_b,20043.37,25399.549605259326,5356.179605259327,26.72294931071635
2418,mu1_b,20043.37,24632.41408354771,4589.044083547709,22.895571371220058
2419,mu1_b,21348.38,31831.408438469527,10483.028438469526,49.10456174412075
2420,mu1_b,22108.21,29977.85284176668,7869.642841766679,35.59601994809476
2421,mu1_b,23251.71,32073.538286228977,8821.828286228978,37.940557000878556
2422,mu1_b,25350.86,31324.19803533626,5973.338035336259,23.562664285693895
2423,mu1_b,26316.96,33697.143159600266,7380.183159600267,28.04344863388578
2424,mu1_b,29434.1,35730.822206241464,6296.722206241466,21.392609953222504
2425,mu1_b,16177.71,48905.411539326815,32727.701539326816,202.3012004747694
2426,mu1_b,13359.74,46196.8680698417,32837.1280698417,245.79167012113783
2446,mu1_b,21087.71,54660.85643242122,33573.14643242122,159.20717058619084
2448,mu1_b,33527.37,62967.31810851411,29439.94810851411,87.80870109559476
2449,mu1_b,64530.91,75329.11487729376,10798.204877293756,16.73338385789656
2450,mu1_b,20025.38,58473.27098296878,38447.89098296878,191.9958122291251
2451,mu1_b,9688.21,52567.0218014389,42878.811801438904,442.5875554043409
2452,mu1_b,12837.56,54109.57530857441,41272.01530857441,321.49423495254865
2453,mu1_b,21087.71,59075.69139134878,37987.98139134878,180.14275324987295
2454,mu1_b,29094.35,64818.660394862556,35724.31039486256,122.78779348864148
2455,mu1_b,22447.12,60474.8026306355,38027.68263063551,169.41007412369834
2456,mu1_b,22182.27,59916.17633748019,37733.90633748019,170.10840791983955
2457,mu1_b,11745.1,53368.280214969345,41623.18021496935,354.3876187939595
2458,mu1_b,15771.85,55694.78961792229,39922.93961792229,253.12781707867043
2459,mu1_b,15270.18,55477.16075490369,40206.98075490369,263.3039083684913
2460,mu1_b,21087.71,59075.69139134878,37987.98139134878,180.14275324987295
2461,mu1_b,23127.87,60719.33021363333,37591.46021363333,162.53749356786133
2462,mu1_b,16772.26,56509.38903068874,39737.12903068874,236.92173285346604
2463,mu1_b,24864.25,61751.5549352724,36887.3049352724,148.35478623032023
2464,mu1_b,17326.65,56669.15876337486,39342.508763374855,227.0635625661905
2465,mu1_b,21087.71,59075.69139134878,37987.98139134878,180.14275324987295
2466,mu1_b,21719.09,54178.277815252644,32459.187815252644,149.45003596031253
2467,mu1_b,15301.14,55193.248122790086,39892.10812279009,260.71330713129925
2468,mu1_b,16807.41,55452.92399971014,38645.513999710136,229.93140525345746
2469,mu1_b,18895.26,56382.22349340081,37486.963493400806,198.39347801195015
2470,mu1_b,20916.17,57823.89787515761,36907.72787515761,176.4554785850259
2471,mu1_b,22201.51,58896.164401550894,36694.6544015509,165.27999402541045
2472,mu1_b,23121.17,59223.30855335969,36102.13855335969,156.14321659915865
2473,mu1_b,18958.02,54323.53253768252,35365.512537682516,186.54644597738854
2474,mu1_b,24196.06,59083.454630367836,34887.39463036784,144.1862626823038
2478,mu1_b,19597.35,56917.71785676344,37320.36785676344,190.43578778132476
2480,mu1_b,51024.73,79906.85554170096,28882.12554170096,56.60417123559685
2481,mu1_b,58764.43,84209.56746706467,25445.13746706467,43.30023700913065
2482,mu1_b,64260.62,87113.80116943899,22853.181169438983,35.5632752523069
2483,mu1_b,71960.15,90656.84480833981,18696.694808339817,25.982012000169284
2484,mu1_b,27037.88,66205.91808637897,39168.03808637896,144.86356950463187
2485,mu1_b,28787.66,67230.8444843809,38443.184484380894,133.54049785352785
2486,mu1_b,29167.57,66806.86380917177,37639.29380917177,129.04501063740236
2487,mu1_b,31389.31,68366.94221542969,36977.632215429694,117.80326555578856
2488,mu1_b,31201.03,68241.01645517212,37039.986455172126,118.71398622151936
2489,mu1_b,31729.06,68280.04135803488,36550.981358034885,115.1971768405206
2490,mu1_b,32437.0,68669.3449679752,36232.344967975194,111.70066580748896
2491,mu1_b,32538.68,69246.74267396516,36708.062673965156,112.81361958741152
2493,mu1_b,33414.4,69774.75770842198,36360.35770842198,108.816431563703
2494,mu1_b,33631.55,69579.61396184038,35948.06396184038,106.88791911713963
2496,mu1_b,33045.78,69415.1757649895,36369.3957649895,110.0576102757735
2497,mu1_b,31651.65,68296.0137789781,36644.3637789781,115.77394473582925
2498,mu1_b,30284.72,67725.63169469073,37440.91169469073,123.62971060881767
2499,mu1_b,24932.87,64307.921402083986,39375.05140208399,157.92426384160345
2528,mu1_b,29465.06,58105.88281666258,28640.82281666258,97.20266246416122
2530,mu1_b,28951.25,66744.0321443045,37792.782144304496,130.53937962714735
2531,mu1_b,28097.7,67463.9522132233,39366.2522132233,140.1048919065379
2533,mu1_b,27547.5,67236.8547539622,39689.354753962194,144.07606771562644
2534,mu1_b,26761.73,66337.88967943187,39576.159679431876,147.88341291624974
2535,mu1_b,26763.4,66326.38024201538,39562.98024201538,147.82494093431842
2548,mu1_b,28782.22,65450.96833794654,36668.74833794654,127.40069507475984
2550,mu1_b,21360.1,62285.16184991257,40925.06184991257,191.59583452283732
2596,mu1_b,25550.02,63714.17884651588,38164.158846515886,149.37036779820872
2597,mu1_b,32134.91,68298.43463554708,36163.52463554707,112.53656735166544
2598,mu1_b,33578.42,69730.31182583299,36151.891825832994,107.66406467556543
2600,mu1_b,36065.43,73168.81512143998,37103.385121439984,102.87797794575022
2620,mu1_b,18653.84,59062.38918822115,40408.54918822115,216.623221750702
2629,mu1_b,39786.32,70573.78899846287,30787.46899846287,77.38204739333236
2630,mu1_b,25446.26,63900.96619998833,38454.70619998833,151.1212500382702
2631,mu1_b,25156.3,62919.231069535665,37762.93106953567,150.11321644890413
2632,mu1_b,26831.6,64391.89863406324,37560.29863406324,139.98531073086676
2633,mu1_b,25415.71,63294.32486483947,37878.614864839474,149.0362254874622
2634,mu1_b,30156.68,66397.96223621661,36241.28223621661,120.17663163258227
2635,mu1_b,30819.02,67220.94691399719,36401.92691399719,118.11513446565526
2636,mu1_b,28473.85,65384.77198218551,36910.921982185515,129.6309490363457
2637,mu1_b,28690.59,65852.86786555611,37162.27786555611,129.52775758726506
2638,mu1_b,24113.63,63005.355076295265,38891.72507629526,161.28523609384095
2639,mu1_b,18653.84,59062.38918822115,40408.54918822115,216.623221750702
2666,mu1_b,18955.34,57194.080520849,38238.740520848994,201.73070238175097
2685,mu1_b,23543.34,60290.81845191882,36747.478451918825,156.08438926642873
2686,mu1_b,26304.41,62995.80593908137,36691.39593908137,139.48762180593053
2687,mu1_b,25388.94,61995.11244777036,36606.17244777037,144.18157058849394
2688,mu1_b,24709.03,61359.185833476695,36650.155833476696,148.32697128732573
2689,mu1_b,23921.58,60965.10190713927,37043.52190713927,154.85399336974928
2690,mu1_b,22325.36,59668.867731749895,37343.507731749894,167.26945380387997
2691,mu1_b,20578.51,58161.88773929144,37583.377739291434,182.63410586719561
2692,mu1_b,20326.63,58184.26042395148,37857.63042395147,186.2464679287785
2723,mu1_b,20311.15,61717.63421214496,41406.48421214496,203.86085579666815
2724,mu1_b,20900.68,61276.518754330995,40375.838754330995,193.179546092907
2725,mu1_b,20743.36,60495.79291607796,39752.43291607796,191.63931453765426
2726,mu1_b,21602.77,61056.888186315366,39454.11818631536,182.63453337842952
2727,mu1_b,20974.74,60036.19451240232,39061.45451240231,186.2309354604744
2728,mu1_b,20733.32,59680.01831104788,38946.69831104788,187.84593259086284
2729,mu1_b,21857.16,59936.41676446237,38079.25676446236,174.21868515608782
2730,mu1_b,20992.32,58799.18382081961,37806.86382081961,180.09854947342464
2731,mu1_b,21405.7,58628.030768046636,37222.33076804664,173.8898086399727
2732,mu1_b,24984.34,61496.58658601042,36512.24658601041,146.14052877126397
2733,mu1_b,28499.79,63228.527970554314,34728.73797055431,121.85611883650479
2734,mu1_b,20253.83,58098.692780570986,37844.862780570984,186.85287069443646
2737,mu1_b,26080.56,63158.50125815498,37077.941258154984,142.16696749669097
2738,mu1_b,26205.25,63352.96301704644,37147.71301704644,141.7567587298211
2739,mu1_b,21666.79,60051.593998781565,38384.803998781565,177.1596253934319
2773,mu1_b,25047.27,61913.68885501553,36866.41885501552,147.18737353418365
2802,mu1_b,18653.84,59062.38918822115,40408.54918822115,216.623221750702
2803,mu1_b,26159.22,64139.17627161621,37979.95627161621,145.18764807060842
2804,mu1_b,28617.78,65399.800054857595,36782.020054857596,128.52855831185227
2805,mu1_b,30897.26,67103.07993204278,36205.81993204278,117.18132912770511
2806,mu1_b,31922.36,67372.74605344195,35450.38605344195,111.05189607986988
2807,mu1_b,35798.9,69970.49413959336,34171.594139593355,95.45431323195226
2808,mu1_b,35401.0,70210.00761369673,34809.007613696725,98.32775236207092
2809,mu1_b,34723.18,69510.70264767364,34787.522647673635,100.18530171393759
2810,mu1_b,31252.49,66675.2522452583,35422.7622452583,113.34380795020908
2811,mu1_b,39977.95,72090.819495217,32112.869495217004,80.32645369564224
2812,mu1_b,34556.23,68443.49531256617,33887.26531256617,98.0641271127266
2854,mu1_b,23787.69,62307.712124262514,38520.02212426251,161.93258834406583
2856,mu1_b,20836.67,59100.56805531463,38263.89805531463,183.63729931565186
2858,mu1_b,20852.57,58946.02240239202,38093.45240239202,182.6798922261957
2860,mu1_b,21962.18,59743.40379246264,37781.22379246264,172.02856816792612
2862,mu1_b,22330.38,60122.4029512533,37792.0229512533,169.2403933621071
2863,mu1_b,21326.2,59238.372801493744,37912.17280149374,177.77275277120978
2864,mu1_b,23878.49,61251.406753090545,37372.91675309054,156.5128982322188
2866,mu1_b,26273.45,62811.80278886928,36538.35278886928,139.06948949935878
2867,mu1_b,23451.71,64201.813662105866,40750.10366210587,173.76175836263482
2873,mu1_b,16840.88,56991.498437660266,40150.61843766026,238.41164142052114
2876,mu1_b,17027.91,56943.75222319505,39915.84222319505,234.414218909984
2877,mu1_b,22882.68,60419.90294504825,37537.22294504825,164.0420743769884
2879,mu1_b,18526.23,57464.2997525181,38938.0697525181,210.17805431821856
2881,mu1_b,18801.12,57843.50450785707,39042.384507857074,207.65988679321802
2882,mu1_b,18861.79,57803.59469880271,38941.80469880271,206.45869081779995
2884,mu1_b,19295.26,58258.59641312083,38963.33641312084,201.93216579160293
2886,mu1_b,16040.47,56104.990283365914,40064.52028336591,249.77148601858866
2888,mu1_b,27288.5,63371.01105065564,36082.51105065564,132.2260697753839
2902,mu1_b,13805.76,54396.68213091569,40590.922130915686,294.0143978376828
2904,mu1_b,15285.66,55645.591818581466,40359.93181858146,264.03787483550894
2906,mu1_b,12912.88,53583.600714192406,40670.72071419241,314.962430644383
2918,mu1_b,39083.4,71010.25360737846,31926.853607378456,81.68903833181979
2919,mu1_b,35902.25,69424.37882175564,33522.12882175564,93.37055148843218
2921,mu1_b,36397.22,71703.0708661468,35305.85086614679,97.00150414275265
2922,mu1_b,35487.19,69104.34163482566,33617.151634825655,94.73038478060859
2923,mu1_b,33500.59,68081.82000202627,34581.23000202628,103.22573423938589
2924,mu1_b,32013.99,66396.71876218889,34382.72876218888,107.39907384924179
2925,mu1_b,31116.51,66371.62110267197,35255.111102671974,113.30033831773542
2926,mu1_b,28475.94,64461.356900588806,35985.41690058881,126.3713046894635
2943,mu1_b,16294.86,58628.44765277505,42333.58765277505,259.7971854485098
2944,mu1_b,20745.46,61381.84498040493,40636.38498040493,195.8808576932251
2945,mu1_b,20878.09,60343.66983983311,39465.57983983311,189.0286891177934
2946,mu1_b,18620.37,58430.79418141612,39810.42418141612,213.80039269582787
2947,mu1_b,17770.58,57948.15388919251,40177.57388919251,226.09039147395583
2948,mu1_b,16410.76,57119.87481760043,40709.114817600435,248.06355596937888
2949,mu1_b,29284.31,66021.81924871099,36737.509248710994,125.45116906872994
2950,mu1_b,28383.89,65301.196099627276,36917.306099627276,130.0642938639745
2952,mu1_b,27137.88,64430.02826910832,37292.14826910832,137.4173231995584
2953,mu1_b,26267.59,63163.47527777505,36895.88527777504,140.46163076922946
2955,mu1_b,27116.96,64061.61066331834,36944.65066331834,136.24185994048867
2956,mu1_b,27051.69,63820.80820608012,36769.11820608012,135.92170472927987
2957,mu1_b,26514.45,63332.143729516705,36817.6937295167,138.8589758773676
2958,mu1_b,26720.73,63480.24324503059,36759.5132450306,137.56927016975433
2960,mu1_b,26920.31,63497.944634873835,36577.63463487383,135.8737497260389
2961,mu1_b,25965.92,62647.7580634428,36681.8380634428,141.26916382490128
2962,mu1_b,28916.11,65041.41458449719,36125.30458449719,124.93141222832945
2970,mu1_b,24602.33,61286.6490023753,36684.3190023753,149.1091250396824
2971,mu1_b,23556.31,60270.077418566536,36713.76741856654,155.8553415987756
2972,mu1_b,23656.73,60550.14215640365,36893.41215640365,155.95313535050553
2973,mu1_b,24539.57,61419.98751696451,36880.41751696451,150.2895833829383
2974,mu1_b,26878.47,63378.89511929022,36500.425119290216,135.79800159492046
3019,mu1_b,67979.0,88848.58591060294,20869.58591060294,30.70004841289654
3022,mu1_b,56637.66,83169.33576023206,26531.675760232058,46.84458319823251
3024,mu1_b,48379.15,78546.71725014027,30167.567250140266,62.356546673805276
3025,mu1_b,49127.68,78626.89778267412,29499.217782674117,60.046022492155366
3026,mu1_b,45860.75,76377.94919235012,30517.19919235012,66.54317513854465
3028,mu1_b,43861.19,75543.7573271417,31682.567327141704,72.23371579097991
3031,mu1_b,40260.8,72803.73033604457,32542.930336044563,80.8303122045378
3033,mu1_b,27463.4,64178.602720149436,36715.202720149435,133.6877543208395
3035,mu1_b,24206.52,61650.171274153865,37443.65127415386,154.6841564758332
3037,mu1_b,25529.1,62550.12699973539,37021.02699973539,145.01501032051812
3039,mu1_b,28506.07,64941.212665794694,36435.142665794694,127.81538341060235
3042,mu1_b,21062.19,59367.46673130928,38305.27673130928,181.8674920856249
3043,mu1_b,25282.24,61842.6760646498,36560.436064649795,144.60916463355224
3057,mu1_b,18893.59,56604.13622070351,37710.546220703516,199.59439270516359
3058,mu1_b,18939.61,57255.95964589348,38316.34964589348,202.30801820044593
3059,mu1_b,19034.17,56941.16854128275,37906.99854128275,199.15235884350489
3060,mu1_b,19277.27,57198.072525952055,37920.80252595205,196.71251440661487
3066,mu1_b,18861.79,58491.469355198395,39629.679355198394,210.10561222025262
3068,mu1_b,18999.86,57850.42330397396,38850.56330397396,204.4781556494309
3069,mu1_b,19250.91,57396.82303196188,38145.913031961885,198.15122003043953
3070,mu1_b,19874.33,57650.396929108014,37776.06692910801,190.07466882711523
3071,mu1_b,20104.46,58662.93941613348,38558.47941613348,191.79067438833712
3072,mu1_b,16891.09,56106.244845764544,39215.15484576454,232.16473801136894
3073,mu1_b,17037.53,56397.89758927292,39360.36758927292,231.02155998711623
3074,mu1_b,17723.72,56576.71892104563,38852.998921045626,219.21469601779773
3075,mu1_b,18627.48,56476.060827362184,37848.58082736218,203.1868015821903
3076,mu1_b,19225.8,57879.95256640968,38654.152566409684,201.05354558150862
3077,mu1_b,23778.99,61826.6736584456,38047.6836584456,160.00546557463375
3160,mu1_b,20521.27,58074.292312219535,37553.02231221953,182.99560559468068
3218,mu1_b,14326.26,54458.34089662619,40132.08089662619,280.1295027217584
3248,mu1_b,19916.17,58327.40467224269,38411.23467224269,192.86456518619138
3249,mu1_b,19504.04,58591.76764527075,39087.72764527075,200.40836485810502
3250,mu1_b,18307.82,56956.58718338997,38648.76718338997,211.10523909121878
3251,mu1_b,18660.95,57578.84640613798,38917.89640613798,208.5525999809119
3253,mu1_b,18192.34,56869.04363585095,38676.70363585095,212.59883904902256
3254,mu1_b,18054.26,56919.01256020847,38864.75256020848,215.26638344749927
3255,mu1_b,17158.87,56372.6261451473,39213.7561451473,228.53344156781478
3256,mu1_b,16506.16,55990.204467905176,39484.04446790517,239.2079349037279
3257,mu1_b,16018.71,55618.2627039143,39599.5527039143,247.20812539782727
3258,mu1_b,15102.82,55392.895356374676,40290.07535637468,266.7718701300464
3259,mu1_b,16225.82,55391.765979862714,39165.945979862714,241.3803800354171
3272,mu1_b,18198.49,56313.312664277095,38114.82266427709,209.439479123142
3302,mu1_b,19522.87,58533.28596721975,39010.41596721976,199.81906332019707
3303,mu1_b,20213.24,58312.647964574455,38099.40796457445,188.4873872994851
3304,mu1_b,19623.29,57983.57639552073,38360.28639552073,195.48346070164953
3305,mu1_b,19874.33,57225.429149341646,37351.099149341644,187.936394078903
3306,mu1_b,19455.93,57205.767838591426,37749.837838591426,194.0274139482997
3307,mu1_b,19121.2,56824.246299963204,37703.0462999632,197.17928947954732
3308,mu1_b,18895.26,56880.718871398945,37985.45887139895,201.03168133912396
3309,mu1_b,18690.24,56693.31437823684,38003.07437823684,203.33112029720772
3311,mu1_b,17882.72,56436.9151379272,38554.1951379272,215.59469218288493
3313,mu1_b,18924.55,57101.319909473445,38176.76990947344,201.73145416653736
3316,mu1_b,16991.51,56094.90301991955,39103.393019919546,230.1348910127443
3318,mu1_b,17075.19,56166.65389539597,39091.463895395966,228.93721179908374
3320,mu1_b,18665.14,56964.27379278099,38299.13379278099,205.1907127017584
3327,mu1_b,19447.56,56490.905791932186,37043.34579193218,190.47811546503613
3328,mu1_b,19305.3,56555.90679059457,37250.60679059457,192.9553376046711
3329,mu1_b,19050.07,56590.878837287644,37540.808837287645,197.06388919981734
3330,mu1_b,18857.6,56684.577109172096,37826.9771091721,200.59274302759684
3331,mu1_b,18895.26,56880.718871398945,37985.45887139895,201.03168133912396
3344,mu1_b,16313.69,56568.45136051273,40254.761360512726,246.75448264931305
3347,mu1_b,16284.4,56465.60587756047,40181.20587756047,246.7466156417213
3354,mu1_b,17326.23,56982.951217915295,39656.7212179153,228.88257409670368
3357,mu1_b,18665.14,56720.08882220394,38054.94882220394,203.88247193540442
3366,mu1_b,16594.02,55666.42899964165,39072.408999641644,235.46078044766514
3369,mu1_b,16824.15,57344.26164382699,40520.11164382699,240.84492615571656
3372,mu1_b,17727.9,55787.12853489623,38059.228534896225,214.6854874796012
3375,mu1_b,18556.35,57469.62478601499,38913.27478601499,209.70328101170216
3378,mu1_b,18665.14,56492.59605141537,37827.45605141537,202.6636609819984
3379,mu1_b,19614.5,59213.43947880791,39598.93947880791,201.88605102759644
3381,mu1_b,19546.3,58518.5326885985,38972.232688598495,199.3841938811872
3384,mu1_b,19067.64,58355.363508348906,39287.72350834891,206.04397559608273
3385,mu1_b,18849.65,57799.222950829026,38949.572950829024,206.6328709065103
3387,mu1_b,17385.65,55485.78909462497,38100.13909462497,219.14704997871786
3388,mu1_b,17047.16,55560.379080081286,38513.21908008128,225.9216143925515
3394,mu1_b,25845.0,63487.59139688079,37642.59139688079,145.64748073855984
3396,mu1_b,25246.26,62275.123064704894,37028.8630647049,146.67068732043836
3402,mu1_b,23236.65,60885.315459679434,37648.66545967943,162.02277634546903
3404,mu1_b,25845.0,63487.59139688079,37642.59139688079,145.64748073855984
3449,mu1_b,27003.99,62925.09061136722,35921.10061136722,133.02145576030512
3459,mu1_b,23299.83,31667.981778817928,8368.151778817926,35.91507654269549
3470,mu1_b,54597.93,81946.84128777526,27348.911287775256,50.091480185741936
3471,mu1_b,57765.27,87400.65603957743,29635.38603957743,51.303120438245045
3472,mu1_b,54597.93,84554.28520583088,29956.355205830878,54.86719955469168
3475,mu1_b,30263.38,67120.33371853315,36856.95371853314,121.78730108313461
3477,mu1_b,35221.5,71594.11885226695,36372.618852266954,103.26822779344137
3479,mu1_b,43819.77,78501.26874747989,34681.49874747989,79.14577996981704
3481,mu1_b,61851.01,85743.38658511244,23892.37658511244,38.62891905097822
3505,mu1_b,36862.49,72474.64499093013,35612.15499093013,96.60811027939278
3507,mu1_b,27579.72,51891.97072301383,24312.25072301383,88.15263796374231
3508,mu1_b,30013.17,50803.999215360156,20790.829215360158,69.27235348801929
3509,mu1_b,30785.13,67513.84902674692,36728.71902674691,119.30668808852492
3510,mu1_b,31015.67,69095.96892252039,38080.29892252039,122.77761184111256
3511,mu1_b,31562.53,69242.98032016192,37680.45032016192,119.38349150135278
3513,mu1_b,32003.11,69172.41153874458,37169.30153874458,116.14277968217644
3514,mu1_b,31942.86,69247.86977811897,37305.00977811897,116.78669279494375
3515,mu1_b,31732.82,69087.8444512153,37355.02445121529,117.71731743732607
3516,mu1_b,30775.93,68463.55739253043,37687.627392530434,122.45812683005983
3517,mu1_b,28698.95,67197.61864448435,38498.66864448435,134.1466103968415
3519,mu1_b,29457.11,70047.69679132152,40590.58679132152,137.79555017896024
3548,mu1_b,55018.85,87076.40600732758,32057.556007327577,58.26649595061979
3564,mu1_b,48079.15,76861.18479779518,28782.034797795182,59.86385948544261
3565,mu1_b,52430.58,78941.93816154407,26511.358161544063,50.56468603159466
3568,mu1_b,48355.3,78614.33254788756,30259.03254788756,62.57645500676773
3571,mu1_b,54091.66,81901.04850260208,27809.388502602073,51.4116011647675
3576,mu1_b,46577.07,77462.85158986715,30885.781589867147,66.31113032628963
3590,mu1_b,17246.23,57569.58759308062,40323.357593080626,233.8096940205519
3618,mu1_b,19111.37,58913.4265884716,39802.056588471605,208.26375392487094
3620,mu1_b,34256.65,69304.20231231788,35047.55231231788,102.30875556225689
3621,mu1_b,28716.95,66565.20390033908,37848.253900339085,131.79761047165206
3622,mu1_b,26998.97,65654.25267157148,38655.28267157148,143.1731753899185
3623,mu1_b,27260.47,65415.39481724949,38154.92481724949,139.96429561650805
3625,mu1_b,24086.02,62959.27537920574,38873.255379205744,161.3934364382565
3626,mu1_b,23301.09,60820.68043801916,37519.590438019164,161.02075241123555
3627,mu1_b,20645.46,60112.4974510626,39467.0374510626,191.16569672491
3646,mu1_b,21555.49,63064.914279513076,41509.42427951307,192.57007973148868
3648,mu1_b,22762.6,61693.32973479548,38930.72973479548,171.0293627915769
3650,mu1_b,23262.17,60712.934765504855,37450.76476550486,160.99428714305182
3652,mu1_b,19736.26,59243.7311758205,39507.47117582051,200.17709118049981
3653,mu1_b,14485.67,55330.59182650307,40844.92182650307,281.96777799372114
3654,mu1_b,20752.99,59526.09531743986,38773.105317439855,186.83141714731156
3655,mu1_b,22683.52,60478.20820170114,37794.68820170114,166.61738655068146
3657,mu1_b,21132.48,59414.26900567767,38281.78900567767,181.15142664598602
3658,mu1_b,19333.33,58230.96554836813,38897.635548368125,201.1947013182319
3659,mu1_b,19393.58,58228.49616943891,38834.91616943891,200.24624731193987
3661,mu1_b,16057.21,56206.75982278494,40149.54982278494,250.0406348474295
3662,mu1_b,22363.02,61349.547901216116,38986.52790121612,174.3348076476975
3682,mu1_b,24602.33,61286.6490023753,36684.3190023753,149.1091250396824
3683,mu1_b,25472.62,62560.83471426264,37088.214714262635,145.6003140401837
3684,mu1_b,24229.95,61003.52927013149,36773.57927013149,151.76910918153564
3685,mu1_b,21171.39,59139.04527773247,37967.65527773247,179.3347308690288
3686,mu1_b,25941.23,63378.05311848259,37436.823118482585,144.3139863394395
3710,mu1_b,96325.38,104215.52885748947,7890.148857489461,8.191142207266102
3713,mu1_b,65879.02,87815.00778549699,21935.98778549698,33.29738023652595
3716,mu1_b,57798.74,83887.50151894435,26088.761518944353,45.13724956451361
3719,mu1_b,51366.15,79987.98589193032,28621.83589193032,55.72120139806141
3721,mu1_b,41895.51,74335.05540966663,32439.54540966663,77.42964677996909
3722,mu1_b,24385.6,61773.80877047313,37388.20877047313,153.32084824844634
3724,mu1_b,25812.36,62656.310890382345,36843.950890382344,142.73762991986143
3726,mu1_b,22255.07,60280.569418812025,38025.499418812025,170.8621874422863
3729,mu1_b,19815.76,59068.935620482785,39253.17562048278,198.09068953440487
3731,mu1_b,18889.4,58751.54098509332,39862.14098509332,211.02915383809608
3732,mu1_b,32690.14,66480.75423297269,33790.614232972686,103.36637968810378
3734,mu1_b,35142.0,69545.91116292037,34403.91116292037,97.89969598463483
3736,mu1_b,34535.31,69671.43985641934,35136.12985641934,101.73972625819586
3738,mu1_b,35154.56,69802.42481993636,34647.86481993637,98.55866442343857
3740,mu1_b,35489.28,70393.60383844216,34904.32383844216,98.35173843606339
3741,mu1_b,33489.3,68815.13710157138,35325.83710157138,105.48395189380302
3742,mu1_b,32690.14,66480.75423297269,33790.614232972686,103.36637968810378
3745,mu1_b,19522.87,58358.92635221265,38836.05635221265,198.92595889955038
3746,mu1_b,18860.95,57534.000710998196,38673.0507109982,205.04296289952626
3747,mu1_b,19060.53,57968.057156991046,38907.52715699105,204.12615576267316
3749,mu1_b,19465.97,58337.45771762433,38871.48771762433,199.68944633955732
3751,mu1_b,19453.42,57992.09712924699,38538.67712924699,198.10746454477925
3752,mu1_b,19676.84,58538.08547028781,38861.24547028782,197.49739018199983
3754,mu1_b,19446.3,58350.89856437527,38904.598564375265,200.0617010144617
3755,mu1_b,19522.87,58358.92635221265,38836.05635221265,198.92595889955038
3761,mu1_b,16891.09,56106.244845764544,39215.15484576454,232.16473801136894
3762,mu1_b,17405.73,56523.67335910142,39117.943359101424,224.74175664623905
3763,mu1_b,17594.01,56993.64684330678,39399.636843306784,223.93778816373748
3764,mu1_b,18075.18,56759.701444050785,38684.521444050784,214.02011733244584
3765,mu1_b,18284.39,57244.06009985192,38959.67009985192,213.07612723121704
3766,mu1_b,18786.47,57687.71520130703,38901.24520130703,207.07054173193274
3767,mu1_b,19522.87,58533.28596721975,39010.41596721976,199.81906332019707
3768,mu1_b,21832.02,62166.59225572096,40334.57225572097,184.7496120639362
3778,mu1_b,69041.34,89417.91743347037,20376.577433470375,29.513589153209335
3781,mu1_b,72254.7,90977.96630179552,18723.26630179552,25.912869753518482
3783,mu1_b,64363.55,87338.78709333453,22975.237093334523,35.69603773150257
3785,mu1_b,47660.74,78036.04504677927,30375.30504677927,63.732340384935846
3786,mu1_b,26839.97,65444.81127763695,38604.84127763695,143.83339950691803
3793,mu1_b,26811.1,64419.22094072137,37608.12094072137,140.2707122823061
3798,mu1_b,38518.55,71217.10339650876,32698.553396508752,84.89040578243146
3814,mu1_b,43023.54,75480.95924203357,32457.419242033568,75.4410707301946
3816,mu1_b,36424.84,68768.47615032743,32343.63615032744,88.79554762718914
3818,mu1_b,42879.19,75217.91629708593,32338.72629708593,75.41823037488797
3828,mu1_b,17386.23,56910.65609750364,39524.426097503645,227.33177979069438
3841,mu1_b,34342.85,68933.6939398335,34590.843939833496,100.72211228780809
3842,mu1_b,18575.18,57296.35627299806,38721.17627299806,208.456533250273
3856,mu1_b,17573.09,56525.9477801701,38952.8577801701,221.66197168608426
3857,mu1_b,17870.16,57444.68747742615,39574.52747742615,221.4559213651481
3859,mu1_b,18368.07,57361.11776520398,38993.04776520398,212.28712524072466
3861,mu1_b,18451.75,57034.338771568204,38582.588771568204,209.0998890163166
3862,mu1_b,18861.79,58400.74117688817,39538.95117688817,209.62459648256166
3863,mu1_b,16899.46,55940.37271436096,39040.91271436096,231.01869949904292
3864,mu1_b,16861.8,56489.24730795895,39627.44730795895,235.013149888855
3865,mu1_b,15978.96,55608.02723795919,39629.06723795919,248.00780049489572
3866,mu1_b,16824.15,56322.74712538198,39498.59712538198,234.7732106845337
3867,mu1_b,17422.47,56594.88096991948,39172.41096991948,224.8384469591251
3868,mu1_b,18690.24,56693.31437823684,38003.07437823684,203.33112029720772
3869,mu1_b,16594.02,55666.42899964165,39072.408999641644,235.46078044766514
3870,mu1_b,17621.63,56282.177231466776,38660.54723146677,219.39257169437087
3871,mu1_b,18020.79,55929.24162225974,37908.45162225974,210.35954373953493
3872,mu1_b,18163.05,57383.169963531196,39220.11996353119,215.93355721385555
3875,mu1_b,17440.46,57602.03915388648,40161.57915388648,230.2782102873805
3877,mu1_b,17087.74,57285.41393700396,40197.67393700396,235.24277603125955
3878,mu1_b,17393.18,55315.79130089829,37922.61130089829,218.03150028285964
3879,mu1_b,18163.05,57099.74848588416,38936.69848588416,214.37312833408575
3881,mu1_b,18154.68,57079.182410476715,38924.502410476714,214.4047838379785
3883,mu1_b,17542.13,56169.53168772152,38627.40168772152,220.19789893086823
3884,mu1_b,18690.24,57660.84234560456,38970.60234560455,208.5077684695571
3902,mu1_b,60213.37,88796.14805330301,28582.77805330301,47.469155194773194
3903,mu1_b,20558.68,62257.391569245585,41698.711569245585,202.82776700277248
3908,mu1_b,19262.62,60680.337546348484,41417.71754634849,215.01601311944322
3911,mu1_b,21217.42,61628.265457477515,40410.84545747752,190.46069436094265
3913,mu1_b,21740.85,61607.587995672286,39866.73799567229,183.37249001613225
3915,mu1_b,22532.05,60427.83147245011,37895.78147245011,168.18612364365475
3917,mu1_b,22166.78,61297.096890261615,39130.316890261616,176.52684282634473
3919,mu1_b,21902.77,61459.62300029077,39556.853000290765,180.60205627092265
3921,mu1_b,23450.88,62438.93200652092,38988.05200652091,166.25411074774556
3923,mu1_b,21741.26,61688.26291984263,39947.002919842635,183.73821443578998
3924,mu1_b,23736.65,64626.581421103205,40889.9314211032,172.2649633419341
3939,mu1_b,49263.24,79444.83907627076,30181.59907627076,61.26596439103632
3940,mu1_b,53459.86,80880.95563099494,27421.09563099494,51.292868389470044
3941,mu1_b,54447.3,81919.46293815083,27472.162938150825,50.456428396175426
3942,mu1_b,55275.75,82280.50998588844,27004.759985888435,48.85462428983493
3943,mu1_b,55882.44,82568.72913590944,26686.289135909436,47.754337741711765
3944,mu1_b,54907.55,82169.51031037685,27261.960310376846,49.650658808081666
3978,mu1_b,37225.67,55610.91437130161,18385.24437130161,49.38861912035865
3979,mu1_b,25259.23,57794.46226952218,32535.232269522177,128.80532094415457
3980,mu1_b,27033.28,63259.36777633485,36226.087776334854,134.0055212550414
3981,mu1_b,44100.1,51585.62936229605,7485.529362296053,16.973950993979724
3982,mu1_b,34455.82,58907.43347139114,24451.613471391138,70.96511843685954
3983,mu1_b,30313.59,57926.9873831773,27613.3973831773,91.09246837203149
3986,mu1_b,29953.76,56843.55444822645,26889.794448226454,89.77101521887887
3987,mu1_b,44146.12,53477.480585824385,9331.360585824383,21.137442171190543
3988,mu1_b,41175.43,53794.596500897664,12619.166500897663,30.64732171806746
3989,mu1_b,12029.2,51978.16412321376,39948.964123213766,332.0999245437249
3990,mu1_b,15305.33,53684.357374816915,38379.02737481691,250.7559613207746
3991,mu1_b,15581.48,54535.44798869193,38953.96798869193,250.0017199180818
3992,mu1_b,17435.02,55997.567472173614,38562.54747217361,221.17868217056022
3993,mu1_b,21497.75,59503.88154889902,38006.13154889902,176.79120628390888
3994,mu1_b,22175.57,60256.269860199,38080.699860199,171.7236574311235
3995,mu1_b,24598.15,62535.957493324306,37937.807493324304,154.2303282699077
3996,mu1_b,28070.93,65577.915200691,37506.985200691,133.61504303808601
4015,mu1_b,28834.1,52822.85331110269,23988.753311102693,83.19577622017921
4018,mu1_b,29570.08,55186.83095127188,25616.750951271875,86.63064473032158
4024,mu1_b,8443.45,31841.795753631082,23398.34575363108,277.1183077252909
4025,mu1_b,11225.86,54138.16241761917,42912.30241761917,382.26293947741345
4026,mu1_b,7974.84,37622.401489139986,29647.561489139985,371.7637154994957
4028,mu1_b,9292.82,42145.66487237778,32852.844872377784,353.5293363303903
4030,mu1_b,9347.21,42178.62998815899,32831.41998815899,351.2429910974396
4031,mu1_b,6016.69,25541.305562116646,19524.615562116647,324.5075874295775
4033,mu1_b,8213.33,47646.79445702416,39433.46445702416,480.11542768918514
4036,mu1_b,3105.0,15663.656406057053,12558.656406057053,404.46558473613686
4037,mu1_b,41798.86,44126.217135378036,2327.3571353780353,5.567991891113861
4042,mu1_b,38682.98,75039.39504058358,36356.415040583575,93.98555912854586
4052,mu1_b,51799.92,78761.7642890349,26961.844289034896,52.04997283593275
4084,mu1_b,19620.36,57798.31608358849,38177.95608358849,194.58336179146812
4085,mu1_b,18623.3,57277.49459774629,38654.19459774629,207.5582447672877
4086,mu1_b,19620.36,59105.24680620421,39484.88680620421,201.24445630051744
4099,mu1_b,20478.3,59010.88264783049,38532.582647830495,188.16299520873557
4105,mu1_b,22954.23,62259.82272611529,39305.5927261153,171.23463834820552
4106,mu1_b,31857.09,67423.71650208079,35566.62650208079,111.64430430425627
4107,mu1_b,21222.44,60532.04031158444,39309.600311584436,185.22658238913357
4109,mu1_b,18978.94,58688.86334392901,39709.92334392901,209.23151316105648
4110,mu1_b,19431.66,58246.3357576217,38814.675757621706,199.74966501895207
4111,mu1_b,13327.52,54466.645525211046,41139.12552521104,308.678025058008
4138,mu1_b,21123.395,60689.84835526654,39566.45335526654,187.3110518231872
4162,mu1_b,47572.88,78123.38111994181,30550.501119941815,64.21831329097968
4163,mu1_b,35004.35,70380.68189768467,35376.33189768467,101.06267334684024
4164,mu1_b,31167.97,68310.3081774922,37142.3381774922,119.16829417344857
4165,mu1_b,32693.07,69619.90108843094,36926.83108843094,112.95002607106319
4166,mu1_b,26872.61,65426.49672595487,38553.88672595487,143.46908144000477
4167,mu1_b,37412.28,72117.58092211996,34705.30092211996,92.76446375927894
4168,mu1_b,57572.8,83595.14640831786,26022.346408317855,45.19902872244854
4169,mu1_b,59556.05,84697.66791804941,25141.617918049407,42.215052741156285
4170,mu1_b,47698.4,78016.70348301582,30318.30348301582,63.56251673644361
4190,mu1_b,16958.04,55937.748727656086,38979.708727656085,229.85975223348973
4192,mu1_b,15575.62,55421.84284680267,39846.222846802666,255.82431291211944
4194,mu1_b,13985.67,54669.55033918057,40683.88033918057,290.8968990343728
4196,mu1_b,15615.79,56939.30462892963,41323.51462892963,264.6264750546058
4200,mu1_b,17227.07,59159.322221446695,41932.252221446695,243.40907781443215
4202,mu1_b,32234.91,69027.39253804527,36792.48253804527,114.13862343045247
4204,mu1_b,6893.26,38242.83687431898,31349.576874318976,454.78593400392515
4283,mu1_b,64872.33,87600.8570512896,22728.527051289595,35.03578035703295
4284,mu1_b,64719.19,86973.89384727165,22254.703847271652,34.386561153301905
4287,mu1_b,52690.41,80862.3406918307,28171.930691830697,53.466903544365465
4288,mu1_b,49300.06,78773.54460961034,29473.484609610343,59.78387168212441
4291,mu1_b,39704.105,73289.74867644145,33585.64367644145,84.58985204789641
4292,mu1_b,39683.39,73123.52394574758,33440.133945747584,84.26733186289675
4293,mu1_b,37283.62,71303.56889986302,34019.94889986302,91.24636743927498
4294,mu1_b,42698.43,74672.21638076444,31973.78638076444,74.88281508421841
4299,mu1_b,28180.13,64932.01234254266,36751.88234254265,130.41771752842394
4301,mu1_b,23324.935,61012.47030835584,37687.535308355844,161.57616434239083
4302,mu1_b,24552.12,62925.383665485206,38373.26366548521,156.29307638397503
4304,mu1_b,21338.34,60999.76646327923,39661.42646327923,185.86931534167715
4305,mu1_b,14626.25,57089.06406517415,42462.81406517415,290.31921418801227
4306,mu1_b,21224.53,61760.595029029035,40536.065029029036,190.9868676904932
4307,mu1_b,21853.82,61505.53912083683,39651.71912083683,181.44067774346468
4308,mu1_b,25109.86,60921.27334634051,35811.41334634051,142.618928764798
4309,mu1_b,22214.48,58773.9638085114,36559.4838085114,164.57501507355295
4310,mu1_b,24468.44,60283.80620765235,35815.36620765235,146.3737214454716
4311,mu1_b,25606.09,60985.380752700556,35379.29075270056,138.16748575319605
4312,mu1_b,25109.86,60921.27334634051,35811.41334634051,142.618928764798
4313,mu1_b,16891.09,56106.244845764544,39215.15484576454,232.16473801136894
4314,mu1_b,16950.5,56891.8224693573,39941.3224693573,235.63506958117637
4315,mu1_b,17232.93,57071.0268924642,39838.0968924642,231.17425122985006
4316,mu1_b,17598.2,56924.470209472725,39326.27020947273,223.46757173729546
4317,mu1_b,17847.15,56596.05015477144,38748.900154771436,217.1153386102063
4318,mu1_b,18063.47,56688.6464331474,38625.1764331474,213.83032403600967
4319,mu1_b,26468.43,64874.447042796746,38406.017042796746,145.10122830404654
4327,mu1_b,30331.16,66156.99994067407,35825.839940674065,118.11562742959407
4328,mu1_b,63677.36,83688.91617681022,20011.55617681022,31.4264852952607
4351,mu1_b,39139.46,68572.45828789838,29432.99828789838,75.20031775578504
4353,mu1_b,35893.88,62913.597315203486,27019.71731520349,75.27666921270001
4354,mu1_b,38810.6,72408.35055166017,33597.750551660174,86.56849044245689
4356,mu1_b,36343.25,69782.08183303408,33438.831833034084,92.00836973312536
4357,mu1_b,42283.37,75105.840521125,32822.470521125004,77.62501078112979
4359,mu1_b,43984.62,76183.79211291004,32199.17211291004,73.20552527885893
4361,mu1_b,45669.96,76402.58122555783,30732.621225557836,67.29285776812118
4371,mu1_b,32435.33,69048.08796446849,36612.75796446849,112.87925223658426
4372,mu1_b,33234.07,69621.40865598136,36387.33865598136,109.48806046319744
4374,mu1_b,19095.26,57798.46338838827,38703.20338838827,202.6848725201347
4385,mu1_b,19581.45,58620.19386996891,39038.74386996891,199.36595027420802
4428,mu1_b,16259.3,55958.22997468707,39698.92997468707,244.16137210511562
4477,mu1_b,16594.02,55666.42899964165,39072.408999641644,235.46078044766514
4478,mu1_b,18673.5,56188.655212374375,37515.155212374375,200.9005018468652
4479,mu1_b,18117.02,55564.37021115629,37447.350211156285,206.69707386289954
4481,mu1_b,22213.23,59175.68477510524,36962.454775105245,166.39837959227563
4482,mu1_b,17664.31,17023.610319467392,640.6996805326089,3.6270858048381673
4483,mu1_b,16614.94,56101.12467629606,39486.18467629606,237.65469316347858
4496,mu1_b,20656.75,60813.319248989195,40156.569248989195,194.3992605273782
4499,mu1_b,21464.28,62131.51390676504,40667.23390676504,189.46470092062273
4506,mu1_b,20974.74,61586.476513704845,40611.73651370485,193.62212124538777
4507,mu1_b,20652.57,60757.88292666656,40105.312926666564,194.1904224349152
4509,mu1_b,126358.91,89987.77708407892,36371.13291592109,28.78398754462276
4510,mu1_b,68217.08,87894.61062813348,19677.530628133478,28.845460151817516
4512,mu1_b,14528.76,14617.148760624319,88.38876062431882,0.6083709870926274
4513,mu1_b,18288.15,21115.95209745237,2827.802097452368,15.462483069377535
4514,mu1_b,22789.79,28955.703950497245,6165.9139504972445,27.055597925637947
4515,mu1_b,25126.6,45049.900919465465,19923.300919465466,79.29167065765152
4516,mu1_b,26199.81,58295.882027093816,32096.072027093815,122.5049801013588
4544,mu1_b,21561.35,22356.135195912422,794.7851959124237,3.686156923905153
4593,mu1_b,19397.35,57962.91705809036,38565.56705809036,198.81874100374725
4598,mu1_b,49008.01,78792.43200619255,29784.42200619255,60.77459991987545
4600,mu1_b,36567.1,65537.33440177696,28970.234401776957,79.22486169747384
4611,mu1_b,27121.56,65186.48397290012,38064.92397290011,140.34931608985661
4613,mu1_b,28444.14,67875.43567974583,39431.29567974583,138.62713261763525
4615,mu1_b,24573.04,64032.98723918864,39459.94723918864,160.58227732176658
4616,mu1_b,26790.6,64554.09247378817,37763.492473788174,140.95799449727954
4618,mu1_b,29652.92,66887.72908995525,37234.80908995525,125.56877734116995
4620,mu1_b,29652.5,66586.21091805304,36933.71091805304,124.55513335487072
4621,mu1_b,27167.17,64988.76962725999,37821.599627259995,139.21803274783497
4623,mu1_b,24573.04,64032.98723918864,39459.94723918864,160.58227732176658
4624,mu1_b,28292.68,65645.01011445369,37352.33011445369,132.02118044120843
4665,mu1_b,31429.06,68566.20142959527,37137.14142959527,118.16179494262721
4666,mu1_b,28317.79,68431.44072746638,40113.65072746638,141.65530123454684
4670,mu1_b,23550.33,60037.545046313346,36487.215046313344,154.9329247034472
4693,mu1_b,24805.18,61116.69664240574,36311.51664240574,146.3868298573352
4725,mu1_b,24324.51,62423.30542598964,38098.795425989636,156.62718560821838
4726,mu1_b,23081.34,60113.91423507237,37032.574235072374,160.44377941260072
4727,mu1_b,18807.39,58435.59969669656,39628.20969669656,210.7055242470995
4728,mu1_b,16635.86,55687.7771007064,39051.9171007064,234.74540601271227
4737,mu1_b,16297.37,49772.1943038424,33474.8243038424,205.4001615220271
4744,mu1_b,18599.86,48989.50894166706,30389.64894166706,163.38643915420363
4745,mu1_b,10132.56,46232.499195591074,36099.939195591076,356.2765894856884
4746,mu1_b,11396.57,45246.690210456065,33850.120210456065,297.0202456568604
4747,mu1_b,12475.22,46180.33922011963,33705.11922011963,270.17655175716044
4748,mu1_b,12604.93,46474.46292423238,33869.53292423238,268.70068238564096
4749,mu1_b,13892.37,46884.182497284404,32991.8124972844,237.4815276103674
4750,mu1_b,14344.67,47839.52514612139,33494.855146121394,233.50035341434406
4751,mu1_b,14341.32,47839.673158970196,33498.353158970196,233.57928809182275
4752,mu1_b,14826.67,47348.87372901474,32522.203729014742,219.3493463401744
4753,mu1_b,14960.56,47626.81215491854,32666.25215491854,218.3491270040596
4754,mu1_b,15981.47,48219.92497394455,32238.45497394455,201.72396515429776
4755,mu1_b,16188.17,48310.91749250707,32122.74749250707,198.43347019772506
4756,mu1_b,17265.15,49450.07465641579,32184.924656415787,186.41555188582655
4757,mu1_b,17270.59,48839.40122116851,31568.81122116851,182.78941959231568
4758,mu1_b,17187.32,49582.39432274343,32395.07432274343,188.4824063480719
4759,mu1_b,17744.22,49863.20406302201,32118.984063022006,181.01096617953343
4760,mu1_b,18326.65,50624.37473566053,32297.72473566053,176.23365282613312
4761,mu1_b,17950.08,48845.45071363643,30895.370713636425,172.1182897994684
4762,mu1_b,18230.41,51194.870418210005,32964.46041821,180.8212783925869
4763,mu1_b,17524.98,49705.307608297124,32180.327608297124,183.62547408497542
4764,mu1_b,17997.36,57317.90751533002,39320.54751533002,218.47952986065746
4765,mu1_b,18295.26,50191.550403901245,31896.290403901246,174.34182626484264
4767,mu1_b,18014.09,57312.686113295145,39298.59611329515,218.15476725882434
4768,mu1_b,18620.37,48986.59243730774,30366.222437307744,163.080660788737
4769,mu1_b,9991.56,46054.81238486666,36063.25238486666,360.93715480732396
4784,mu1_b,8066.89,42489.33391832012,34422.44391832012,426.7126974375517
4785,mu1_b,6877.36,44233.86717826982,37356.50717826982,543.1809179433651
4786,mu1_b,7304.97,44041.980552391324,36737.01055239132,502.9043316042546
4787,mu1_b,7724.63,43762.621543175504,36037.99154317551,466.53356268423863
4788,mu1_b,8011.24,43434.7834556617,35423.543455661704,442.1730400744666
4789,mu1_b,8231.32,43364.26065954831,35132.94065954831,426.8202506954936
4790,mu1_b,8262.28,43118.664947751844,34856.384947751845,421.87368314498946
4793,mu1_b,34917.82,71861.75717434307,36943.937174343075,105.80253055414994
4800,mu1_b,6874.43,44381.28291171617,37506.85291171617,545.59945932559
4802,mu1_b,20983.13,55181.56172025343,34198.43172025343,162.9806026091123
4804,mu1_b,11771.46,56053.17882175573,44281.718821755734,376.1786458243559
4805,mu1_b,12696.98,54683.44921242847,41986.46921242848,330.680754103956
4806,mu1_b,12696.98,53993.86342891287,41296.88342891287,325.2496532948218
4808,mu1_b,12714.97,54185.93791531595,41470.96791531595,326.1585982138845
4810,mu1_b,12729.61,54214.127345105066,41484.517345105065,325.88993178192464
4812,mu1_b,12816.22,54424.267888030095,41608.047888030094,324.65147982814034
4814,mu1_b,12908.69,54680.59121290194,41771.90121290194,323.5951999227027
4816,mu1_b,12879.4,54901.02497643464,42021.624976434636,326.27005121694043
4818,mu1_b,12960.58,55189.85337150689,42229.27337150689,325.82857689630316
4820,mu1_b,12946.35,55148.170715979446,42201.82071597945,325.9746624799997
4822,mu1_b,13443.84,54911.87291388738,41468.03291388738,308.4537819096878
4824,mu1_b,13089.86,56986.98407925293,43897.12407925293,335.3521281301169
4825,mu1_b,14110.78,58172.32712850779,44061.547128507795,312.25451129213116
4826,mu1_b,13975.21,57955.6092388914,43980.3992388914,314.70295787248557
4827,mu1_b,13913.71,54513.675389748794,40599.965389748795,291.7982722778381
4828,mu1_b,13688.6,58135.03472529087,44446.43472529087,324.6967164303936
4829,mu1_b,13693.21,57330.09587841244,43636.88587841244,318.6753571909905
4831,mu1_b,11686.11,56805.15766348945,45119.04766348945,386.0912456197096
4832,mu1_b,13517.89,57070.97806579265,43553.088065792654,322.1885077167565
4833,mu1_b,13414.55,57543.38490528993,44128.83490528993,328.9624691494678
4834,mu1_b,13343.0,57411.24181010572,44068.24181010572,330.27236611036284
4835,mu1_b,13209.95,57193.1575736478,43983.2075736478,332.9551404331416
4836,mu1_b,13089.86,57166.75884173536,44076.89884173536,336.72551762765494
4837,mu1_b,14225.84,56159.50860132328,41933.66860132328,294.7711249481456
4856,mu1_b,14522.91,58354.29761512653,43831.38761512653,301.80857428109465
4864,mu1_b,15301.14,55190.47372938515,39889.33372938515,260.6951751920782
4867,mu1_b,58222.17,92045.45721971862,33823.28721971862,58.09348435435955
4871,mu1_b,82480.57,98875.02400315336,16394.454003153354,19.87674673338624
4872,mu1_b,96325.38,104063.32989964925,7737.9498996492475,8.03313716452429
4875,mu1_b,80116.57,9349.097397348884,70767.47260265112,88.3306319811883
2,mu2_a,-8.12,-8.073679017962487,0.04632098203751234,0.5704554438116581
3,mu2_a,-0.545,-0.5483849826699437,0.0033849826699436925,0.6210977376032076
5,mu2_a,6.38,6.268215016326024,0.11178498367397616,1.7521157315667497
23,mu2_a,-0.439,-0.3389773389312991,0.10002266106870089,22.784205254777458
30,mu2_a,11.4,11.223107934672903,0.17689206532709711,1.5516847835708911
67,mu2_a,-1.0987,-1.0934959336423657,0.005204066357634263,0.47365671772363027
68,mu2_a,-1.2881,-1.3373481323654275,0.049248132365427466,3.823315919989848
71,mu2_a,-1.2779,-1.3283580126062275,0.05045801260622751,3.948510259502936
73,mu2_a,-1.2387,-1.2998407630453048,0.06114076304530491,4.935881411581138
76,mu2_a,-1.2151,-1.28163752085936,0.06653752085935993,5.475888474965449
79,mu2_a,-1.2414,-1.2654299430096878,0.02402994300968775,1.9357131472263887
83,mu2_a,-1.0585,-1.0996790908959457,0.041179090895945736,3.890325072830121
85,mu2_a,-0.9033,-0.9330780681410658,0.02977806814106576,3.296586753131052
87,mu2_a,-0.7024,-0.7347318550338195,0.03233185503381952,4.603054532143151
246,mu2_a,-1.2006,-1.2528835502951148,0.05228355029511489,4.354785132023267
247,mu2_a,-1.3481,-1.391172575368136,0.043072575368136023,3.1950578865146553
248,mu2_a,-1.3106,-1.3620012249926086,0.051401224992608574,3.921961314861083
249,mu2_a,-1.3073,-1.3587182184400763,0.051418218440076435,3.933161358528043
250,mu2_a,-1.3057,-1.3626934170608085,0.056993417060808405,4.364970288792582
251,mu2_a,-1.2675,-1.3104348078051269,0.04293480780512682,3.3873615625319875
253,mu2_a,-1.2179,-1.269849574690544,0.051949574690544065,4.265504121069169
255,mu2_a,-1.163,-1.1667386218415416,0.0037386218415416117,0.32146361492161624
257,mu2_a,-1.0927,-1.0876684134730132,0.005031586526986764,0.4604728220904328
262,mu2_a,-1.1696,-1.2284898369711896,0.05888983697118966,5.035040780706165
263,mu2_a,-1.0227,-1.0445170169234614,0.021817016923461496,2.1332763198826794
264,mu2_a,-1.0053,-1.0282652705838038,0.02296527058380371,2.2844196343162104
265,mu2_a,-1.0042,-1.0199287473454437,0.015728747345443717,1.5662962901242832
267,mu2_a,-0.7081,-0.7871529442623867,0.07905294426238674,11.164093244213403
269,mu2_a,-0.4374,-0.541048796019377,0.10364879601937704,23.69656973459993
270,mu2_a,-0.5628,-0.6474330614330401,0.08463306143304017,15.037857397457321
273,mu2_a,-0.9208,-0.9734176583294499,0.05261765832944998,5.714341695199049
275,mu2_a,-1.0165,-0.9902045025718504,0.026295497428149517,2.5868664464460056
278,mu2_a,-1.7954,-1.7260192317398526,0.0693807682601475,3.8643627191772776
281,mu2_a,-1.6411,-1.6042925498385778,0.03680745016142217,2.2428523649625096
282,mu2_a,-1.3062,-1.314024149471317,0.007824149471316932,0.5990008782200996
284,mu2_a,-1.1585,-1.195351918806304,0.036851918806303896,3.1810029181072146
286,mu2_a,-1.1028,-1.1690103560753233,0.06621035607532333,6.003840775776504
288,mu2_a,-1.116,-1.18967351405183,0.07367351405182987,6.601569359477047
289,mu2_a,-1.1429,-1.2047371867545476,0.061837186754547524,5.4105509453577225
290,mu2_a,-1.3937,-1.366754223962431,0.02694577603756887,1.9333985820154649
291,mu2_a,-1.1001,-1.128184782569852,0.02808478256985203,2.5529299672599306
293,mu2_a,-1.2092,-1.1740692244984376,0.035130775501562406,2.9052907295346797
295,mu2_a,-0.9109,-0.9522552806450364,0.04135528064503635,4.540046179052689
298,mu2_a,-0.8306,-0.8859604007275991,0.05536040072759907,6.665109646945872
300,mu2_a,-0.5816,-0.67861559941812,0.09701559941811999,16.680811454256048
302,mu2_a,-0.8741,-0.9554975421104358,0.08139754211043582,9.312154457195136
304,mu2_a,-1.138,-1.1882250903064127,0.050225090306412756,4.413452575252076
307,mu2_a,-1.4978,-1.4802657403848674,0.017534259615132664,1.170667620184334
309,mu2_a,-1.692,-1.6545970290310446,0.037402970968955396,2.2105774804334097
311,mu2_a,-1.7511,-1.7030815101972034,0.04801848980279666,2.742190040704085
313,mu2_a,-1.1119,-1.1173409164547508,0.005440916454750644,0.48933505303945946
314,mu2_a,-1.2701,-1.2899934142549765,0.019893414254976483,1.566287241552698
315,mu2_a,-1.3567,-1.385872250136351,0.02917225013635094,2.150235876489234
316,mu2_a,-1.3732,-1.391017313154565,0.017817313154564918,1.2975031426268528
317,mu2_a,-1.262,-1.27999963235314,0.01799963235313995,1.4262783164124948
319,mu2_a,-1.2302,-1.2717380131877032,0.04153801318770323,3.376525214409808
322,mu2_a,-1.383,-1.3769120484475712,0.006087951552428805,0.44019895534522074
324,mu2_a,-1.6419,-1.5855085573922527,0.0563914426077472,3.4345235768142306
325,mu2_a,-1.9735,-1.8751567419559616,0.09834325804403843,4.98319017197814
326,mu2_a,-2.3328,-2.248825490839172,0.08397450916082816,3.5997303309667417
327,mu2_a,-2.266,-2.2084848030388655,0.057515196961134496,2.538181684073659
328,mu2_a,-2.1551,-2.126190159595426,0.028909840404574005,1.3414616678836522
330,mu2_a,-2.0699,-2.0662652928114618,0.003634707188538311,0.17559820225791364
332,mu2_a,-1.9342,-1.9571689897659648,0.022968989765964842,1.1875188587505412
333,mu2_a,-1.8569,-1.8729431924324882,0.016043192432488196,0.863977189535223
335,mu2_a,-1.702,-1.7323136617127914,0.030313661712791484,1.7810612052158445
336,mu2_a,-1.8277,-1.870163423609366,0.04246342360936595,2.3233256885343714
337,mu2_a,-1.4953,-1.537421067426876,0.042121067426875936,2.816897440436552
338,mu2_a,-1.5054,-1.565643298857455,0.06024329885745483,4.001813395603481
339,mu2_a,-1.4521,-1.4834545296826627,0.031354529682662724,2.159254161741005
340,mu2_a,-1.0548,-1.092551742640541,0.03775174264054093,3.57904272283894
466,mu2_a,-0.9731,-0.9795153110584583,0.006415311058458384,0.659265343587688
467,mu2_a,-0.6816,-0.7871554604992081,0.10555546049920816,15.486423195283644
468,mu2_a,-0.8875,-0.9150631076889499,0.027563107688949984,3.1057022748077667
469,mu2_a,-1.0651,-1.0545886198871244,0.010511380112875557,0.9868913822989097
470,mu2_a,-1.2142,-1.2081831442074655,0.006016855792534415,0.49554075049657875
471,mu2_a,-1.0839,-1.1150822072110658,0.031182207211065682,2.8768527734142366
472,mu2_a,-1.0859,-1.1220190577920865,0.03611905779208646,3.326186370020554
473,mu2_a,-1.0694,-1.078964734820075,0.009564734820075138,0.894401984296446
474,mu2_a,-1.058,-1.0556597419022407,0.0023402580977593956,0.22119641755738972
475,mu2_a,-1.1352,-1.1306784163131076,0.004521583686892372,0.3983072310507742
476,mu2_a,-1.1417,-1.2107173136250413,0.06901731362504138,6.0451356420233795
477,mu2_a,-1.2786,-1.2893940000031334,0.010794000003133464,0.8442045990243251
478,mu2_a,-1.2429,-1.2289335392813623,0.013966460718637608,1.12369947048245
479,mu2_a,-1.0553,-1.046179735032013,0.009120264967986902,0.8642343379113294
480,mu2_a,-1.0878,-1.0754095002604325,0.012390499739567629,1.1390420793855704
481,mu2_a,-1.3571,-1.3515963841239782,0.005503615876021772,0.40554239746648857
482,mu2_a,-1.3954,-1.3810933580001232,0.014306641999876746,1.0252717500262643
483,mu2_a,-1.4507,-1.4274477327153825,0.0232522672846176,1.6028308599022243
484,mu2_a,-1.285,-1.2556956517206994,0.029304348279300507,2.2804940295157743
485,mu2_a,-1.213,-1.1870781974376614,0.02592180256233867,2.136999386835721
555,mu2_a,0.213,0.26932999704768235,0.05632999704768235,26.446008003482575
638,mu2_a,-1.2811,-1.3235416399206656,0.04244163992066574,3.312906090128219
639,mu2_a,-1.0468,-1.077160530812694,0.030360530812693964,2.900318189975636
640,mu2_a,-1.082,-1.1105119670928545,0.028511967092854418,2.6351171065460317
641,mu2_a,-1.1611,-1.197715292738735,0.03661529273873487,3.153500365059283
642,mu2_a,-1.138,-1.1726845667746282,0.03468456677462828,3.0478529678908437
643,mu2_a,-1.5062,-1.5227629415674468,0.016562941567446865,1.0996508808548577
644,mu2_a,-1.297,-1.3020262754239345,0.005026275423934523,0.38753087308640305
645,mu2_a,-1.1637,-1.1573490012215144,0.00635099877848555,0.5457591113242324
646,mu2_a,-1.042,-1.0681868280998164,0.026186828099816317,2.5131312955653726
647,mu2_a,-0.9907,-1.0379493376768685,0.04724933767686845,4.769288147453393
648,mu2_a,-1.125,-1.1797826834643663,0.05478268346436632,4.8695718634949
649,mu2_a,-0.9319,-0.966619873597544,0.034719873597544026,3.7257080799985807
650,mu2_a,-0.9531,-0.9940045349782899,0.04090453497828994,4.2917359121023
651,mu2_a,-0.9471,-1.0608839150307805,0.11378391503078045,12.013928310702177
652,mu2_a,-1.15,-1.1629340458887636,0.012934045888763679,1.1246996425002114
653,mu2_a,-1.045,-1.1482435081450824,0.10324350814508243,9.87976154497451
654,mu2_a,-1.2429,-1.323832543683303,0.08093254368330305,6.5115893220080405
655,mu2_a,-1.2202,-1.2857696676253407,0.06556966762534078,5.373681988631949
656,mu2_a,-1.073,-1.1682807845473415,0.09528078454734157,8.879849445223929
657,mu2_a,-1.1649,-1.191129202798596,0.026229202798595974,2.251626989318693
658,mu2_a,-1.5961,-1.636263816959124,0.040163816959123855,2.5163722172231493
659,mu2_a,-1.348,-1.358718905512,0.010718905511999832,0.7951710320468753
660,mu2_a,-1.1239,-1.1653740957989929,0.04147409579899297,3.690194483402088
661,mu2_a,-1.2618,-1.2970071248085415,0.03520712480854149,2.7902302114846713
662,mu2_a,-1.1993,-1.1851859400615006,0.014114059938499457,1.1768581621352194
663,mu2_a,-1.33,-1.4122137928479257,0.08221379284792563,6.181488184049909
664,mu2_a,-1.0858,-1.1858969905725547,0.10009699057255461,9.218731863369165
665,mu2_a,-1.2381,-1.291142883488389,0.053042883488388926,4.2842164193801855
666,mu2_a,-1.4281,-1.4517556858620988,0.023655685862098874,1.6564446370759967
667,mu2_a,-1.437,-1.4231344212080415,0.0138655787919586,0.9648976194814857
668,mu2_a,-1.3357,-1.3938360532762875,0.05813605327628735,4.352478346652977
669,mu2_a,-1.2204,-1.2747889860125934,0.054388986012593454,4.456652410074475
670,mu2_a,-1.3677,-1.3870242027465711,0.019324202746571206,1.4128977660712931
671,mu2_a,-1.4828,-1.4894578516688022,0.006657851668802284,0.44900537286200387
672,mu2_a,-1.3963,-1.450731140325225,0.05443114032522489,3.89824108896268
673,mu2_a,-1.3106,-1.3445358530706641,0.03393585307066416,2.5893371792032855
674,mu2_a,-1.513,-1.530560821283244,0.0175608212832441,1.160662345223562
675,mu2_a,-1.5581,-1.537256901659831,0.020843098340169064,1.337725328294441
676,mu2_a,-1.5178,-1.534473344177186,0.016673344177186022,1.0985205018563076
677,mu2_a,-1.319,-1.3820639285710743,0.06306392857107435,4.781192461791246
678,mu2_a,-1.1691,-1.2097105258870318,0.040610525887031734,3.4736571625179193
679,mu2_a,-1.331,-1.3822130125971552,0.05121301259715527,3.8477094362972797
680,mu2_a,-1.3167,-1.3388113993086124,0.02211139930861239,1.679304268899187
681,mu2_a,-1.5042,-1.5117939988797275,0.007593998879727559,0.5048530035715005
682,mu2_a,-1.5051,-1.5880480705936546,0.0829480705936545,5.511133518942222
683,mu2_a,-1.09,-1.1244486814633308,0.03444868146333069,3.160429492045787
2,mu2_b,11500.0,11053.210244549531,446.7897554504689,3.885128308264946
3,mu2_b,597.0,650.1538735617193,53.15387356171925,8.903496408998183
5,mu2_b,-15500.0,-15853.35942421282,353.35942421282016,2.2797382207278716
23,mu2_b,398.0,361.2761474174192,36.723852582580776,9.227098638839367
30,mu2_b,-35400.0,-35430.063375440215,30.063375440215168,0.08492478937913889
67,mu2_b,1729.0,1679.61399469381,49.3860053061901,2.856333447437251
68,mu2_b,1947.0,1927.7873788859456,19.2126211140544,0.9867807454573391
71,mu2_b,1871.0,1854.5490179993383,16.450982000661725,0.8792614644928763
73,mu2_b,1781.0,1761.599321351402,19.400678648597932,1.0893137927343022
76,mu2_b,1657.0,1624.7073625544149,32.292637445585115,1.9488616442718827
79,mu2_b,1638.0,1606.182992227209,31.81700777279093,1.9424302669591522
83,mu2_b,1346.0,1322.5964700795314,23.4035299204686,1.7387466508520493
85,mu2_b,1057.0,1049.1263208274386,7.873679172561424,0.7449081525602097
87,mu2_b,789.0,822.4128733780583,33.41287337805829,4.234838197472529
246,mu2_b,1876.0,1855.284729303849,20.715270696151038,1.1042255168524002
247,mu2_b,2015.0,1993.9380948032099,21.06190519679012,1.0452558410317674
248,mu2_b,1944.0,1926.6438307740104,17.35616922598956,0.8928070589500798
249,mu2_b,1873.0,1855.3831163776867,17.616883622313253,0.9405704016184327
250,mu2_b,1821.0,1798.5437292290012,22.4562707709988,1.2331834580449637
251,mu2_b,1704.0,1648.6698317640114,55.330168235988594,3.247075600703554
253,mu2_b,1557.0,1524.9435038224938,32.05649617750623,2.0588629529547986
255,mu2_b,1348.0,1327.9696217253377,20.030378274662326,1.485933106428955
257,mu2_b,1275.0,1258.4977571885681,16.50224281143187,1.2942935538377929
262,mu2_b,1611.0,1612.2404286351345,1.240428635134549,0.07699743234851324
263,mu2_b,1253.0,1236.7841496701772,16.215850329822842,1.2941620374958365
264,mu2_b,1254.0,1226.6433708956627,27.356629104337344,2.1815493703618283
265,mu2_b,1292.0,1252.2330953722592,39.766904627740814,3.0779337947167793
267,mu2_b,1110.0,1096.7443412503592,13.255658749640816,1.194203490958631
269,mu2_b,883.0,875.2558781449601,7.744121855039907,0.87702399264325
270,mu2_b,1032.0,1022.4330577882602,9.566942211739843,0.9270292840833173
273,mu2_b,1453.0,1437.2500250996454,15.749974900354573,1.083962484539199
275,mu2_b,1579.0,1530.374880377201,48.62511962279905,3.079488259835277
278,mu2_b,1954.0,1911.2689210062174,42.7310789937826,2.1868515349939908
281,mu2_b,1849.0,1807.6417411707075,41.35825882929248,2.236790634358705
282,mu2_b,1520.0,1482.863970364503,37.136029635496925,2.4431598444405855
284,mu2_b,1385.0,1347.0150399139754,37.98496008602456,2.7425963961028543
286,mu2_b,1361.0,1321.730358209473,39.269641790526975,2.8853520786573807
288,mu2_b,1413.0,1373.3162857342152,39.68371426578483,2.8084723471892996
289,mu2_b,1451.0,1415.9397281048475,35.06027189515248,2.4162833835391084
290,mu2_b,1613.0,1593.1501543826266,19.849845617373376,1.2306165912816718
291,mu2_b,1356.0,1336.2813076717869,19.718692328213137,1.4541808501632099
293,mu2_b,1270.0,1239.8261678688614,30.173832131138624,2.375892293790441
295,mu2_b,1162.0,1139.877174467979,22.122825532020897,1.9038576189346712
298,mu2_b,1144.0,1107.2389298151672,36.76107018483276,3.213380260911952
300,mu2_b,978.0,934.9247472960786,43.075252703921365,4.40442256686312
302,mu2_b,1275.0,1252.144053942462,22.85594605753795,1.7926232201990535
304,mu2_b,1514.0,1484.9408950171312,29.059104982868803,1.91935964219741
307,mu2_b,1736.0,1696.9136877941603,39.086312205839704,2.2515156800598897
309,mu2_b,1917.0,1874.968600432128,42.031399567872086,2.1925612711461695
311,mu2_b,1990.0,1948.8615453639618,41.138454636038205,2.0672590269365925
313,mu2_b,1350.0,1333.861586097758,16.138413902242064,1.1954380668327447
314,mu2_b,1580.0,1579.497864893581,0.5021351064190185,0.03178070293791255
315,mu2_b,1691.0,1663.7464331891595,27.25356681084054,1.6116834305641943
316,mu2_b,1701.0,1669.2503708659908,31.749629134009183,1.8665272859499804
317,mu2_b,1526.0,1488.776402558896,37.22359744110395,2.4392920996791565
319,mu2_b,1449.0,1392.0995476654211,56.90045233457886,3.926877317776316
322,mu2_b,1529.0,1484.2970533058792,44.70294669412078,2.9236721186475316
324,mu2_b,1789.0,1703.801478810546,85.19852118945391,4.7623544544132965
325,mu2_b,2130.0,2025.1847852138408,104.81521478615923,4.920902102636582
326,mu2_b,2717.0,2613.3734652663197,103.62653473368027,3.8140056950195156
327,mu2_b,2709.0,2656.223554016414,52.7764459835862,1.948189220508903
328,mu2_b,2710.0,2616.2062884182105,93.79371158178947,3.461022567593706
329,mu2_b,2670.0,2570.8779862367473,99.12201376325265,3.712434972406465
330,mu2_b,2670.0,2625.4657483702376,44.534251629762366,1.6679494992420356
332,mu2_b,2667.0,2638.4412131629997,28.558786837000298,1.0708206538057852
333,mu2_b,2623.0,2508.981858774908,114.01814122509222,4.346860130579191
335,mu2_b,2510.0,2396.4860824495695,113.5139175504305,4.522466834678505
336,mu2_b,2676.0,2651.5100924721814,24.48990752781856,0.9151684427435931
337,mu2_b,2330.0,2243.113361058572,86.88663894142792,3.72904029791536
338,mu2_b,2323.0,2301.0087738138886,21.991226186111362,0.9466735336251121
339,mu2_b,2290.0,2226.569059294817,63.43094070518282,2.769910074462131
340,mu2_b,1793.0,1727.2560719126534,65.7439280873466,3.666699837554187
466,mu2_b,1011.0,983.6614777522409,27.3385222477591,2.70410704725609
467,mu2_b,1014.0,994.1572601464711,19.842739853528883,1.9568776975866728
468,mu2_b,985.0,962.4600327959904,22.5399672040096,2.2883215435542716
469,mu2_b,1141.0,1123.1541374372823,17.845862562717684,1.5640545629025127
470,mu2_b,1429.0,1411.1739611253893,17.82603887461073,1.2474484866767475
471,mu2_b,1314.0,1287.369131873447,26.63086812655297,2.0267022927361453
472,mu2_b,1291.0,1259.8536529896362,31.146347010363797,2.412575291275273
473,mu2_b,1186.0,1160.771565508466,25.228434491534017,2.1271867193536256
474,mu2_b,1178.0,1160.517105340742,17.48289465925791,1.4841166943342865
475,mu2_b,1326.0,1308.9691579313064,17.030842068693573,1.2843772299165581
476,mu2_b,1517.0,1482.28990997556,34.71009002443998,2.288074490734341
477,mu2_b,1411.0,1368.3476442235587,42.652355776441254,3.0228459090319793
478,mu2_b,1349.0,1321.0788898587566,27.92111014124339,2.0697635390098865
479,mu2_b,1174.0,1157.7025102445295,16.29748975547045,1.388201853106511
480,mu2_b,1232.0,1215.4134824968362,16.586517503163805,1.3463082388931649
481,mu2_b,1705.0,1685.8058243990813,19.194175600918697,1.125758099760627
482,mu2_b,1616.0,1586.5016685626197,29.49833143738033,1.8253917968675937
483,mu2_b,1500.0,1451.617388002208,48.38261199779208,3.22550746651947
484,mu2_b,1365.0,1339.6755331045001,25.32446689549988,1.85527230003662
485,mu2_b,1357.0,1339.1117021292807,17.88829787071927,1.3182238666705424
555,mu2_b,-1200.0,-1367.689287077257,167.68928707725695,13.974107256438069
638,mu2_b,1907.0,1797.3259702913194,109.67402970868056,5.751128983150526
639,mu2_b,1537.0,1490.696344827336,46.303655172664094,3.0125995558011756
640,mu2_b,1539.0,1505.5690384812356,33.430961518764434,2.1722522104460307
641,mu2_b,1535.0,1504.6710388004917,30.328961199508285,1.975828091173177
642,mu2_b,1452.0,1436.7900385731136,15.209961426886366,1.0475180046064985
643,mu2_b,2057.0,1974.019381584451,82.98061841554909,4.034060204936755
644,mu2_b,1730.0,1670.048950143367,59.95104985663306,3.465378604429655
645,mu2_b,1528.0,1493.2470787629688,34.75292123703116,2.274405840119839
646,mu2_b,1406.0,1380.5594657226634,25.44053427733661,1.8094263355146938
647,mu2_b,1292.0,1284.050429308483,7.94957069151701,0.6152918491886227
648,mu2_b,1589.0,1511.063092348591,77.936907651409,4.9047770705732505
649,mu2_b,1276.0,1217.6054715567232,58.39452844327684,4.57637370245116
650,mu2_b,1347.0,1318.9450261815045,28.054973818495455,2.0827745967702627
651,mu2_b,1407.0,1380.6398620624448,26.360137937555237,1.8734994980494115
652,mu2_b,1418.0,1438.5126104009175,20.512610400917538,1.446587475382054
653,mu2_b,1799.0,1784.5339934493725,14.466006550627526,0.8041137604573384
654,mu2_b,1924.0,1908.0934941281985,15.906505871801528,0.8267414694283535
655,mu2_b,1729.0,1707.9769435734718,21.02305642652823,1.2159084110195615
656,mu2_b,1496.0,1462.5730202443597,33.42697975564033,2.23442378045724
657,mu2_b,1497.0,1480.5348673796052,16.465132620394797,1.099875258543406
658,mu2_b,2326.0,2304.4939220192655,21.506077980734517,0.9245949260848886
659,mu2_b,1740.0,1720.4573930110162,19.542606988983835,1.1231383327002198
660,mu2_b,1458.0,1435.2760645973942,22.723935402605775,1.5585689576547161
661,mu2_b,1512.0,1473.6520035675876,38.3479964324124,2.536243150291824
662,mu2_b,1363.0,1345.2572583317399,17.742741668260123,1.3017418685443956
663,mu2_b,2089.0,2072.2340001094944,16.765999890505555,0.8025849636431569
664,mu2_b,1790.0,1776.279405789306,13.72059421069389,0.7665136430555242
665,mu2_b,1747.0,1729.1381695852042,17.861830414795804,1.0224287587175613
666,mu2_b,1838.0,1812.2071221150877,25.792877884912286,1.4033121808983826
667,mu2_b,1716.0,1695.5160718345412,20.483928165458792,1.193702107544218
668,mu2_b,1967.0,1949.6758764086494,17.3241235913506,0.8807383625495979
669,mu2_b,1783.0,1767.09914808021,15.900851919790057,0.8918032484458804
670,mu2_b,1818.0,1799.3784316391134,18.621568360886613,1.024288688717635
671,mu2_b,1870.0,1846.0717918557473,23.92820814425272,1.2795833232220701
672,mu2_b,1789.0,1746.8539160785112,42.14608392148875,2.3558459430681236
673,mu2_b,1691.0,1668.915095698914,22.084904301086,1.3060262744580713
674,mu2_b,2005.0,1981.967035337144,23.032964662856102,1.1487762924117753
675,mu2_b,1947.0,1925.8039641142482,21.196035885751826,1.0886510470339916
676,mu2_b,1978.0,1955.0357760582776,22.964223941722366,1.1609819990759533
677,mu2_b,1781.0,1752.1865172522087,28.81348274779134,1.6178260947664977
678,mu2_b,1564.0,1547.6811372959005,16.3188627040995,1.0434055437403766
679,mu2_b,1788.0,1756.0557994804049,31.944200519595142,1.7865883959505104
680,mu2_b,1728.0,1707.9846988706827,20.015301129317322,1.158292889428085
681,mu2_b,1960.0,1939.1748384457487,20.82516155425128,1.0625082425638404
682,mu2_b,2059.0,2012.1778455649555,46.82215443504447,2.2740240133581566
683,mu2_b,1443.0,1427.1693903839714,15.830609616028596,1.0970623434531244
2,mu2_c,639000.0,582480.7221610529,56519.277838947135,8.844957408285937
3,mu2_c,546000.0,441878.47054903983,104121.52945096017,19.06987718882054
5,mu2_c,9800000.0,9982350.921997404,182350.92199740373,1.8607236938510585
23,mu2_c,879000.0,656235.8077004645,222764.1922995355,25.34291152440677
30,mu2_c,27700000.0,27427304.612400763,272695.38759923726,0.9844598830297374
67,mu2_c,4.0987,-62762.912578024785,62767.01127802479,1531388.276234159
68,mu2_c,0.0,-41482.81459856214,41482.81459856214,4.148281459856214e+18
71,mu2_c,0.0,-22757.917183954152,22757.917183954152,2.2757917183954153e+18
73,mu2_c,0.0,-679.6002298243693,679.6002298243693,6.7960022982436936e+16
76,mu2_c,0.0,31115.34270119632,31115.34270119632,3.1115342701196324e+18
79,mu2_c,0.0,8639.944893433538,8639.944893433538,8.639944893433539e+17
83,mu2_c,0.0,14729.405333636387,14729.405333636387,1.4729405333636388e+18
85,mu2_c,0.0,17989.808411360194,17989.808411360194,1.7989808411360195e+18
87,mu2_c,0.0,-3151.124272162735,3151.124272162735,3.1511242721627354e+17
246,mu2_c,0.0,-49663.648673749645,49663.648673749645,4.966364867374964e+18
247,mu2_c,0.0,-43900.31555005052,43900.31555005052,4.3900315550050524e+18
248,mu2_c,0.0,-30948.46723258577,30948.46723258577,3.094846723258577e+18
249,mu2_c,0.0,-13297.117551771225,13297.117551771225,1.3297117551771226e+18
250,mu2_c,0.0,5943.762271702115,5943.762271702115,5.943762271702115e+17
251,mu2_c,0.0,24956.81391271646,24956.81391271646,2.495681391271646e+18
253,mu2_c,0.0,29656.53797692666,29656.53797692666,2.965653797692666e+18
255,mu2_c,0.0,-631.6832862402662,631.6832862402662,6.3168328624026616e+16
257,mu2_c,0.0,-30475.973644920858,30475.973644920858,3.047597364492086e+18
262,mu2_c,0.0,32984.745704775036,32984.745704775036,3.2984745704775035e+18
263,mu2_c,0.0,26947.46977857931,26947.46977857931,2.6947469778579313e+18
264,mu2_c,0.0,24613.015540128166,24613.015540128166,2.4613015540128164e+18
265,mu2_c,0.0,16255.65217189549,16255.65217189549,1.625565217189549e+18
267,mu2_c,0.0,-3517.4102549597737,3517.4102549597737,3.517410254959774e+17
269,mu2_c,0.0,-25464.867134357046,25464.867134357046,2.546486713435705e+18
270,mu2_c,0.0,-38748.95927394548,38748.95927394548,3.8748959273945487e+18
273,mu2_c,0.0,-47249.51413093129,47249.51413093129,4.724951413093129e+18
275,mu2_c,0.0,-64362.54398632998,64362.54398632998,6.436254398632999e+18
278,mu2_c,0.0,33781.56946478272,33781.56946478272,3.378156946478272e+18
281,mu2_c,0.0,35585.49840874574,35585.49840874574,3.5585498408745743e+18
282,mu2_c,0.0,37426.46820658428,37426.46820658428,3.742646820658428e+18
284,mu2_c,0.0,44656.76830088359,44656.76830088359,4.4656768300883584e+18
286,mu2_c,0.0,53895.1674371633,53895.1674371633,5.389516743716329e+18
288,mu2_c,0.0,52939.21094870294,52939.21094870294,5.293921094870294e+18
289,mu2_c,0.0,46600.677697575535,46600.677697575535,4.660067769757554e+18
290,mu2_c,0.0,-22799.37062270008,22799.37062270008,2.279937062270008e+18
291,mu2_c,0.0,1749.610644896573,1749.610644896573,1.7496106448965728e+17
293,mu2_c,0.0,25725.608435760776,25725.608435760776,2.5725608435760773e+18
295,mu2_c,0.0,30086.164234086813,30086.164234086813,3.0086164234086815e+18
298,mu2_c,0.0,22603.01059290889,22603.01059290889,2.2603010592908887e+18
300,mu2_c,0.0,19715.999209846894,19715.999209846894,1.9715999209846894e+18
302,mu2_c,0.0,20327.194014858454,20327.194014858454,2.0327194014858455e+18
304,mu2_c,0.0,26702.03268905566,26702.03268905566,2.670203268905566e+18
307,mu2_c,0.0,35806.29338657326,35806.29338657326,3.580629338657326e+18
309,mu2_c,0.0,35346.255511227646,35346.255511227646,3.534625551122765e+18
311,mu2_c,0.0,32458.374040996598,32458.374040996598,3.2458374040996603e+18
313,mu2_c,0.0,-18338.6408597143,18338.6408597143,1.8338640859714301e+18
314,mu2_c,0.0,12602.591183669632,12602.591183669632,1.2602591183669632e+18
315,mu2_c,0.0,37628.10055020003,37628.10055020003,3.762810055020004e+18
316,mu2_c,0.0,30377.778092773864,30377.778092773864,3.037777809277386e+18
317,mu2_c,0.0,35411.77100347582,35411.77100347582,3.5411771003475825e+18
319,mu2_c,0.0,52608.77462914644,52608.77462914644,5.260877462914644e+18
322,mu2_c,0.0,50271.76192013349,50271.76192013349,5.02717619201335e+18
324,mu2_c,0.0,27388.800779977115,27388.800779977115,2.7388800779977114e+18
325,mu2_c,0.0,5971.905448673875,5971.905448673875,5.971905448673875e+17
326,mu2_c,0.0,-9470.44309820584,9470.44309820584,9.470443098205841e+17
327,mu2_c,0.0,38566.292758981814,38566.292758981814,3.8566292758981816e+18
328,mu2_c,0.0,-7169.23861957941,7169.23861957941,7.16923861957941e+17
329,mu2_c,0.0,-23332.37152310752,23332.37152310752,2.3332371523107517e+18
330,mu2_c,0.0,30873.06485679868,30873.06485679868,3.087306485679868e+18
332,mu2_c,0.0,852.1260859655449,852.1260859655449,8.52126085965545e+16
333,mu2_c,0.0,-41046.89056758466,41046.89056758466,4.104689056758466e+18
335,mu2_c,0.0,-46695.74507922307,46695.74507922307,4.669574507922307e+18
336,mu2_c,0.0,-26656.404903542483,26656.404903542483,2.665640490354248e+18
337,mu2_c,0.0,-47236.276376142225,47236.276376142225,4.723627637614222e+18
338,mu2_c,0.0,-40005.26674648101,40005.26674648101,4.0005266746481004e+18
339,mu2_c,0.0,-49090.250869761396,49090.250869761396,4.90902508697614e+18
340,mu2_c,0.0,-48702.34218498593,48702.34218498593,4.870234218498594e+18
466,mu2_c,0.0,25115.408016105648,25115.408016105648,2.5115408016105646e+18
467,mu2_c,0.0,16606.121212744154,16606.121212744154,1.6606121212744154e+18
468,mu2_c,0.0,15645.503543137922,15645.503543137922,1.5645503543137923e+18
469,mu2_c,0.0,-7632.705052763282,7632.705052763282,7.632705052763282e+17
470,mu2_c,0.0,-27972.416928958846,27972.416928958846,2.797241692895885e+18
471,mu2_c,0.0,21441.42350302305,21441.42350302305,2.144142350302305e+18
472,mu2_c,0.0,31313.846874443814,31313.846874443814,3.1313846874443817e+18
473,mu2_c,0.0,17401.059783703473,17401.059783703473,1.7401059783703473e+18
474,mu2_c,0.0,-7929.44621086854,7929.44621086854,7.92944621086854e+17
475,mu2_c,0.0,-29870.154735641554,29870.154735641554,2.9870154735641554e+18
476,mu2_c,0.0,38099.36669337208,38099.36669337208,3.8099366693372083e+18
477,mu2_c,0.0,49960.436443681014,49960.436443681014,4.996043644368101e+18
478,mu2_c,0.0,18772.89722361398,18772.89722361398,1.8772897223613983e+18
479,mu2_c,0.0,-15644.519515881198,15644.519515881198,1.5644519515881198e+18
480,mu2_c,0.0,-30228.57368014817,30228.57368014817,3.0228573680148173e+18
481,mu2_c,0.0,-11022.253926270467,11022.253926270467,1.1022253926270467e+18
482,mu2_c,0.0,19061.52792629035,19061.52792629035,1.906152792629035e+18
483,mu2_c,0.0,55133.02181093814,55133.02181093814,5.513302181093814e+18
484,mu2_c,0.0,10651.980044154043,10651.980044154043,1.0651980044154043e+18
485,mu2_c,0.0,-26842.499976244,26842.499976244,2.6842499976244e+18
555,mu2_c,1350000.0,1292974.9218449157,57025.07815508428,4.224079863339576
638,mu2_c,0.0,-24859.01197140076,24859.01197140076,2.485901197140076e+18
639,mu2_c,0.0,-25275.177772807714,25275.177772807714,2.527517777280771e+18
640,mu2_c,0.0,-25407.674440099858,25407.674440099858,2.540767444009986e+18
641,mu2_c,0.0,10165.207704521425,10165.207704521425,1.0165207704521425e+18
642,mu2_c,0.0,5142.121958050295,5142.121958050295,5.142121958050295e+17
643,mu2_c,0.0,-12038.03926590411,12038.03926590411,1.203803926590411e+18
644,mu2_c,0.0,-15840.019816687622,15840.019816687622,1.584001981668762e+18
645,mu2_c,0.0,-30659.971186138573,30659.971186138573,3.0659971186138573e+18
646,mu2_c,0.0,-15546.70721641928,15546.70721641928,1.554670721641928e+18
647,mu2_c,0.0,1909.2716408175766,1909.2716408175766,1.9092716408175766e+17
648,mu2_c,0.0,18817.841369281756,18817.841369281756,1.8817841369281756e+18
649,mu2_c,0.0,-2686.6634536237107,2686.6634536237107,2.6866634536237107e+17
650,mu2_c,0.0,-18075.201252223167,18075.201252223167,1.8075201252223168e+18
651,mu2_c,0.0,38343.716173917346,38343.716173917346,3.8343716173917343e+18
652,mu2_c,0.0,-20211.09952659119,20211.09952659119,2.021109952659119e+18
653,mu2_c,0.0,-38318.628660611226,38318.628660611226,3.8318628660611226e+18
654,mu2_c,0.0,-19098.009438416513,19098.009438416513,1.9098009438416515e+18
655,mu2_c,0.0,4619.520671706996,4619.520671706996,4.619520671706996e+17
656,mu2_c,0.0,37403.83558178623,37403.83558178623,3.7403835581786235e+18
657,mu2_c,0.0,-20764.081356643466,20764.081356643466,2.0764081356643466e+18
658,mu2_c,0.0,-30819.90667397488,30819.90667397488,3.081990667397488e+18
659,mu2_c,0.0,-7854.339043293905,7854.339043293905,7.854339043293905e+17
660,mu2_c,0.0,11279.913668982044,11279.913668982044,1.1279913668982044e+18
661,mu2_c,0.0,40861.54128376022,40861.54128376022,4.086154128376022e+18
662,mu2_c,0.0,-16558.794685556146,16558.794685556146,1.6558794685556147e+18
663,mu2_c,0.0,-25557.05494185182,25557.05494185182,2.555705494185182e+18
664,mu2_c,0.0,-24352.92162511137,24352.92162511137,2.435292162511137e+18
665,mu2_c,0.0,-8048.316691631218,8048.316691631218,8.048316691631219e+17
666,mu2_c,0.0,10021.705470331712,10021.705470331712,1.0021705470331712e+18
667,mu2_c,0.0,-14749.365547697817,14749.365547697817,1.4749365547697818e+18
668,mu2_c,0.0,-17321.85077657079,17321.85077657079,1.732185077657079e+18
669,mu2_c,0.0,-21560.58401277673,21560.58401277673,2.156058401277673e+18
670,mu2_c,0.0,-15080.993058087537,15080.993058087537,1.5080993058087537e+18
671,mu2_c,0.0,2417.4439814768266,2417.4439814768266,2.4174439814768266e+17
672,mu2_c,0.0,44012.71734683466,44012.71734683466,4.401271734683466e+18
673,mu2_c,0.0,2672.7006261997158,2672.7006261997158,2.672700626199716e+17
674,mu2_c,0.0,-332.9015665789484,332.9015665789484,3.329015665789484e+16
675,mu2_c,0.0,-16668.871070904424,16668.871070904424,1.6668871070904425e+18
676,mu2_c,0.0,-1893.247535449802,1893.247535449802,1.893247535449802e+17
677,mu2_c,0.0,20360.70272906113,20360.70272906113,2.036070272906113e+18
678,mu2_c,0.0,-19878.612287288008,19878.612287288008,1.9878612287288008e+18
679,mu2_c,0.0,27233.842397916887,27233.842397916887,2.7233842397916887e+18
680,mu2_c,0.0,-3638.787415297702,3638.787415297702,3.638787415297702e+17
681,mu2_c,0.0,-11527.31881284574,11527.31881284574,1.1527318812845741e+18
682,mu2_c,0.0,49048.00502999779,49048.00502999779,4.904800502999779e+18
683,mu2_c,0.0,-30690.848922643752,30690.848922643752,3.0690848922643753e+18
2,k_a,0.801,0.8184414832678353,0.017441483267835234,2.1774635790029286
3,k_a,0.568,0.5615852937169381,0.006414706283061844,1.1293496977201676
4,k_a,0.667,0.6632416692510829,0.0037583307489171824,0.5634678783975334
7,k_a,0.566,0.5508075494100854,0.015192450589914586,2.684178549450132
8,k_a,0.855,0.8417311210777019,0.01326887892229811,1.5519156634248645
11,k_a,0.882,0.8672078946672158,0.014792105332784189,1.6771094481595712
12,k_a,1.88,1.8819983686450716,0.0019983686450717464,0.10629620452503635
13,k_a,0.224,0.2185002565932317,0.005499743406768315,2.4552425922963224
14,k_a,0.867,0.8617534730349918,0.005246526965008158,0.6051357514419962
15,k_a,0.712,0.6997374136342615,0.012262586365738515,1.7222733659720917
16,k_a,1.26,1.2531545461962306,0.006845453803769441,0.5432899844257149
23,k_a,0.516,0.5060422306465155,0.009957769353484469,1.929800262299452
24,k_a,0.517,0.5083912235530552,0.0086087764469448,1.665140511978365
61,k_a,0.505,0.5105890807727747,0.005589080772774646,1.106748667873976
139,k_a,1.1,1.0930557006341712,0.006944299365828854,0.6312999423475036
555,k_a,1.24,1.2751731155703665,0.03517311557036651,2.836541578253076
790,k_a,1.16,1.1666993112377486,0.006699311237748695,0.5775268308399069
793,k_a,1.24,1.2482253771198581,0.008225377119858157,0.6633368645041551
2,k_b,-2.12e-06,-0.00011569261865086411,0.00011357261865086411,5357.196465985823
3,k_b,-0.000115,-0.00011774498488589149,2.744984885891483e-06,2.386943358280043
4,k_b,-6.04e-05,-2.6504528395176655e-05,3.389547160482334e-05,56.118329542450404
7,k_b,-0.00017,-0.00014327304543112864,2.6726954568871377e-05,15.721737889208233
8,k_b,-0.000254,-0.00020093463076096982,5.3065369239030174e-05,20.891877570909998
11,k_b,-0.00029,-0.00020840549870895612,8.159450129104388e-05,28.136034830925354
12,k_b,-0.000399,-0.0004291101629959991,3.0110162995999098e-05,7.546406747001262
13,k_b,-2e-05,-4.087231420035024e-05,2.0872314200350236e-05,104.36156578367287
14,k_b,-0.000141,-0.00012908047410750172,1.1919525892498296e-05,8.45356440281039
15,k_b,-0.00018,-0.00017250743664643856,7.492563353561448e-06,4.162535173297831
16,k_b,-0.00028,-0.000271811683098626,8.188316901373968e-06,2.924398882903564
23,k_b,-0.000118,-0.00012065367434582209,2.653674345822092e-06,2.2488765451977346
24,k_b,-7.25e-05,-1.946098832310114e-05,5.303901167689886e-05,73.15725647631214
61,k_b,-0.0001,-0.00011155577605879887,1.1555776058798869e-05,11.555775943241109
555,k_b,-0.000538,-0.00023481694498119914,0.0003031830550188008,56.35372759391516
0,cp_a,125.52,130.80100101991272,5.281001019912722,4.207298454360006
2,cp_a,51.1,47.474698606967166,3.625301393032835,7.094523274036719
3,cp_a,102.533,102.92911753433255,0.3961175343325465,0.38633175107774337
4,cp_a,99.914,98.70732979578061,1.2066702042193924,1.2077088338164625
7,cp_a,73.59656,75.92044587334235,2.3238858733423484,3.1576012157936693
8,cp_a,71.965,74.38460237039342,2.41960237039342,3.3621932472637903
10,cp_a,135.0,132.73823796020798,2.2617620397920177,1.6753792887348156
11,cp_a,73.3832,74.33911131567879,0.9559113156787902,1.302629642314286
12,cp_a,64.183,66.45817246247785,2.2751724624778404,3.5448210000744824
13,cp_a,92.048,93.57094513700643,1.522945137006431,1.6545119253068123
15,cp_a,77.7638,80.04245072630616,2.2786507263061537,2.930220393430008
16,cp_a,72.989,75.69309530902981,2.7040953090298103,3.7047984066500064
18,cp_a,184.0,184.73308459971219,0.7330845997121855,0.3984155433218378
21,cp_a,144.0,144.73027602522023,0.7302760252202347,0.5071361286251594
22,cp_a,130.0,131.2920939315347,1.2920939315347084,0.993918408872845
27,cp_a,150.0,148.2012942219135,1.798705778086486,1.1991371853909827
29,cp_a,130.0,130.9054739670773,0.9054739670773131,0.6965184362133124
30,cp_a,174.74,169.5782189487836,5.161781051216423,2.953977939347827
61,cp_a,76.7,75.23833035448376,1.4616696455162383,1.9056970606469614
108,cp_a,70.9,68.63666619096901,2.2633338090309962,3.192290280720683
139,cp_a,79.9,80.66788703808224,0.767887038082236,0.9610601227562283
141,cp_a,117.0,119.52022330904194,2.5202233090419384,2.1540370162751428
345,cp_a,125.0,128.10368740278847,3.1036874027884664,2.4829499222307536
555,cp_a,40.3,36.170317514521656,4.129682485478341,10.247351080591162
767,cp_a,116.0,118.40418389100671,2.40418389100671,2.0725723198333528
784,cp_a,147.0,149.44962386238143,2.4496238623814293,1.666410790735655
785,cp_a,108.0,110.44083424050258,2.440834240502582,2.2600317041690365
786,cp_a,133.0,135.24398240705537,2.2439824070553698,1.687204817334852
788,cp_a,170.0,172.9990233718632,2.9990233718631885,1.76413139521363
796,cp_a,82.0,84.99114929483108,2.991149294831075,3.647743042476877
798,cp_a,127.0,129.79750496697628,2.797504966976277,2.2027598165167364
2,cp_b,0.0346,0.03808786233940073,0.003487862339400731,10.080526992196319
11,cp_b,-0.0094726,-0.007810968934304878,0.0016616310656951214,17.54144654603495
15,cp_b,-0.0075312,-0.00753948846979972,8.288469799720352e-06,0.11005510142633047
18,cp_b,-0.00444,-0.006555197968673494,0.002115197968673494,47.63959387831301
61,cp_b,0.00849,0.011888609069818045,0.003398609069818046,40.03073108854816
141,cp_b,-0.0479,-0.04872874605797402,0.0008287460579740197,1.730158784878326
345,cp_b,-0.0666,-0.06710751961708117,0.0005075196170811619,0.7620414670773895
555,cp_b,0.0439,0.04746985940680089,0.0035698594068008863,8.131798192983071
784,cp_b,-0.0396,-0.04018584945251956,0.000585849452519556,1.4794178093554589
786,cp_b,-0.0283,-0.028671538838770536,0.0003715388387705368,1.312858087482008
788,cp_b,-0.0646,-0.06516925228944073,0.0005692522894407276,0.8811954944766495
798,cp_b,-0.0437,-0.044605000506758516,0.0009050005067585132,2.07093937468605
