index,target,actual,predicted,abs_error,percent_error
0,Melt(K),465.0,465.74889153246824,0.7488915324682353,0.1610519424662868
1,Melt(K),688.0,687.823108732534,0.17689126746597594,0.025710940038659254
2,Melt(K),821.2,839.2149989623225,18.014998962322466,2.1937407406627427
3,Melt(K),1045.0,1045.2497122006748,0.24971220067482136,0.02389590437079628
4,Melt(K),1692.0,1691.5144924996603,0.485507500339736,0.02869429671038627
5,Melt(K),875.0,875.7189397310614,0.7189397310613685,0.08216454069272774
6,Melt(K),1505.0,1739.375224318264,234.37522431826392,15.573104605864703
7,Melt(K),1042.7,1044.3762604834417,1.676260483441638,0.1607615309716732
8,Melt(K),1131.2,1130.5828182636592,0.6171817363408536,0.054559913042861834
9,Melt(K),1132.0,1130.843968262795,1.1560317372050122,0.10212294498277484
10,Melt(K),1766.0,1558.7872996687606,207.21270033123938,11.733448489877649
11,Melt(K),883.0,883.3922617679865,0.39226176798649703,0.04442375628386145
12,Melt(K),1121.2,1121.086131916695,0.11386808330507847,0.010155911818148268
13,Melt(K),987.0,986.4538608280155,0.5461391719844642,0.055333249441181724
14,Melt(K),1534.2,1535.0253913343604,0.8253913343603472,0.05379946124106027
15,Melt(K),1073.8,1072.7101890907907,1.089810909209291,0.10149105133258428
16,Melt(K),1268.0,1267.6878891739566,0.31211082604340845,0.024614418457682037
17,Melt(K),1031.0,1031.9292191021123,0.9292191021122562,0.09012794394881236
18,Melt(K),1650.0,1658.9307423132982,8.930742313298197,0.5412571098968602
19,Melt(K),1075.0,1075.664520079947,0.6645200799468967,0.06181582139040894
20,Melt(K),1735.0,1733.615709248526,1.3842907514740546,0.07978621045959965
21,Melt(K),1040.0,1039.1069531456592,0.8930468543408097,0.0858698898404624
22,Melt(K),1699.0,1700.4185483798185,1.4185483798185032,0.08349313595164817
23,Melt(K),1146.0,1147.0368424978033,1.0368424978032635,0.09047491254827772
24,Melt(K),1746.0,1526.9142863650154,219.0857136349846,12.547864469357643
25,Melt(K),1043.0,1043.3755623102352,0.37556231023518194,0.036007891681225465
26,Melt(K),1384.0,1382.7265716089557,1.2734283910442628,0.0920107218962617
27,Melt(K),1114.0,1113.3430838372597,0.6569161627403446,0.05896913489590162
28,Melt(K),861.0,861.7393495401078,0.7393495401078098,0.08587102672564564
29,Melt(K),1768.2,1767.8486679729203,0.3513320270797067,0.019869473310694857
30,Melt(K),1309.0,1226.2447184312757,82.75528156872429,6.322023038099635
31,Melt(K),710.0,732.1783969188427,22.178396918842736,3.123717875893339
32,Melt(K),1191.0,1191.8646818331804,0.8646818331803843,0.07260132940221525
33,Melt(K),452.0,450.81603412010116,1.1839658798988353,0.26193935395991874
34,Melt(K),414.0,416.4800915877537,2.480091587753691,0.5990559390709383
35,Melt(K),531.0,528.0242675373938,2.9757324626061745,0.5604015937111428
36,Melt(K),905.0,903.77069043029,1.2293095697100398,0.13583531157016998
37,Melt(K),942.0,942.6122999213625,0.612299921362478,0.06499999165206766
38,Melt(K),972.0,969.3410536965789,2.6589463034210894,0.27355414644249865
39,Melt(K),1000.0,999.2230462668886,0.7769537331114407,0.07769537331114398
40,Melt(K),1024.0,1024.1549886601626,0.154988660162644,0.01513561134400819
41,Melt(K),1030.0,1028.7614022050361,1.23859779496388,0.12025221310328922
42,Melt(K),992.0,991.7726154855491,0.22738451445093233,0.02292182605352138
43,Melt(K),966.0,965.6130250145956,0.38697498540443576,0.040059522298595794
44,Melt(K),937.0,938.5826797886448,1.582679788644782,0.16890926239538745
45,Melt(K),945.0,946.0908172362344,1.090817236234443,0.115430395368724
46,Melt(K),994.0,993.3493773354276,0.6506226645724382,0.0654549964358589
47,Melt(K),959.0,959.2107855681362,0.21078556813620253,0.02197972556164779
48,Melt(K),897.0,897.9252368167132,0.925236816713209,0.10314791713636655
49,Melt(K),824.0,830.8360121232636,6.836012123263572,0.8296131217552868
50,Melt(K),815.0,814.9559427354135,0.044057264586513156,0.005405799335768478
51,Melt(K),778.0,774.9925990887655,3.0074009112345266,0.38655538704813913
52,Melt(K),755.0,755.7578489490838,0.7578489490838365,0.10037734424951462
53,Melt(K),756.0,759.0058483430307,3.0058483430307206,0.3975989871733752
54,Melt(K),761.0,761.8359101524621,0.8359101524621337,0.10984364684127892
55,Melt(K),761.0,760.2294338369258,0.7705661630742497,0.10125705165233229
56,Melt(K),752.0,752.5495572411397,0.5495572411397234,0.07307942036432481
57,Melt(K),746.0,744.209566480719,1.7904335192810095,0.24000449320120737
58,Melt(K),709.0,708.9769064659238,0.023093534076224387,0.003257198036138837
59,Melt(K),704.0,705.0961602117754,1.096160211775441,0.155704575536284
60,Melt(K),703.0,706.3184967290779,3.3184967290778786,0.4720478988730973
61,Melt(K),697.6,696.5203670992951,1.0796329007049508,0.15476389058270487
62,Melt(K),842.0,841.9365227438257,0.06347725617433753,0.0075388665290186995
63,Melt(K),960.0,964.757077434205,4.75707743420503,0.49552889939635675
64,Melt(K),992.0,993.6533876672371,1.653387667237098,0.16667214387470727
65,Melt(K),1012.0,1011.5468010108935,0.45319898910645406,0.044782508804985535
66,Melt(K),1040.0,1038.6637539563114,1.3362460436885613,0.1284851965085154
67,Melt(K),1088.0,1086.9412588464997,1.0587411535002502,0.09731076778494939
68,Melt(K),1051.0,1052.1939726495743,1.1939726495743344,0.11360348711458929
69,Melt(K),1039.0,1040.7081934992632,1.7081934992631886,0.16440745902436835
70,Melt(K),1029.0,1032.3650344365105,3.365034436510541,0.32701986749373546
71,Melt(K),999.0,999.2812125190183,0.28121251901825417,0.028149401303128516
72,Melt(K),960.0,964.9963348790261,4.996334879026108,0.5204515498985524
73,Melt(K),930.0,931.5959620419393,1.5959620419392877,0.1716088217139017
74,Melt(K),874.0,874.2528680123195,0.25286801231948175,0.02893226685577591
75,Melt(K),864.0,862.858194619377,1.1418053806230546,0.1321534005350756
76,Melt(K),815.0,815.7235850356826,0.7235850356826177,0.08878343996105727
77,Melt(K),837.0,838.8996153537295,1.899615353729473,0.226955239394202
78,Melt(K),858.0,855.888997095401,2.1110029045989904,0.2460376345686466
79,Melt(K),869.0,869.8632199688697,0.8632199688696574,0.09933486408166356
80,Melt(K),879.0,878.067187742998,0.9328122570019559,0.10612198600704834
81,Melt(K),883.0,880.8770604463222,2.1229395536778384,0.2404235055127787
82,Melt(K),883.0,880.8957606589692,2.1042393410308478,0.23830570113599608
83,Melt(K),879.0,879.7664351074138,0.7664351074138267,0.08719398264093581
84,Melt(K),880.0,878.445250499234,1.554749500765979,0.17667607963249743
85,Melt(K),874.0,874.7492153351095,0.7492153351095112,0.08572257838781583
86,Melt(K),957.0,957.2219673764121,0.2219673764120671,0.02319408321965171
87,Melt(K),993.0,993.0486344882781,0.04863448827813954,0.004897732958523615
96,Melt(K),1049.0,1048.9490430488886,0.050956951111402304,0.004857669314718995
97,Melt(K),1013.0,1013.9084401783432,0.9084401783431986,0.08967820121847953
98,Melt(K),939.0,937.0149826172366,1.9850173827634308,0.21139695237097217
99,Melt(K),852.0,852.1639338298346,0.1639338298346047,0.019241059839742312
100,Melt(K),779.0,778.1151899400219,0.8848100599781219,0.11358280615893719
101,Melt(K),890.0,887.9918466311,2.0081533689000253,0.22563520998876663
102,Melt(K),935.0,936.652745515505,1.6527455155049893,0.1767642262572179
103,Melt(K),1034.0,1034.859795659412,0.8597956594119296,0.08315238485608596
104,Melt(K),961.0,961.757429512639,0.7574295126389643,0.07881680672621888
105,Melt(K),904.0,903.0741728801071,0.9258271198929151,0.10241450441293297
106,Melt(K),831.0,832.0648589963948,1.0648589963948325,0.12814187682248268
107,Melt(K),738.0,738.6979512791436,0.6979512791435809,0.09457334405739566
108,Melt(K),644.0,644.9362342208452,0.9362342208452219,0.1453779846032951
109,Melt(K),645.0,665.1612627989434,20.161262798943426,3.125777178130759
110,Melt(K),717.0,716.5647183870033,0.4352816129967323,0.06070873263552743
111,Melt(K),787.0,786.3758796554264,0.6241203445736119,0.07930372866246646
112,Melt(K),798.0,798.8588132379292,0.8588132379292119,0.10762070650741991
113,Melt(K),830.0,830.3856362342204,0.385636234220442,0.046462196894029105
114,Melt(K),828.0,827.8633210263716,0.13667897362836356,0.016507122418884468
115,Melt(K),909.0,907.4568336801067,1.5431663198933165,0.16976527171543618
116,Melt(K),983.0,987.2105795417967,4.210579541796733,0.42833972958257666
117,Melt(K),1019.0,1020.9053276358088,1.905327635808817,0.18698014090371098
118,Melt(K),1045.0,1047.3588258644213,2.3588258644213056,0.22572496310251708
119,Melt(K),814.0,812.8572531444909,1.142746855509131,0.14038659158588815
120,Melt(K),804.0,803.2930972865868,0.7069027134132284,0.0879232230613467
121,Melt(K),796.0,796.4864752028653,0.48647520286533563,0.06111497523433857
122,Melt(K),788.0,789.5530733288888,1.553073328888786,0.19709052397065785
123,Melt(K),782.0,781.947816557242,0.052183442757950615,0.006673074521477052
124,Melt(K),774.0,775.1953320636525,1.1953320636524722,0.1544356671385621
125,Melt(K),769.0,769.7351266443779,0.7351266443779423,0.09559514231182592
126,Melt(K),768.0,767.2664052547265,0.7335947452735354,0.09552014912415813
127,Melt(K),768.0,767.4600640770147,0.5399359229852507,0.07030415663870443
128,Melt(K),772.0,770.8701424477106,1.1298575522894225,0.14635460521883692
129,Melt(K),778.0,777.4589328537827,0.5410671462173013,0.06954590568345767
130,Melt(K),778.0,777.6734088304776,0.3265911695224304,0.04197829942447686
131,Melt(K),771.0,770.9144978317893,0.08550216821072354,0.011089775384010821
132,Melt(K),750.0,747.6317740188852,2.368225981114847,0.3157634641486458
133,Melt(K),714.0,713.7799475203296,0.22005247967035757,0.030819675023859558
134,Melt(K),661.0,660.5606816494194,0.4393183505806064,0.06646268541310223
135,Melt(K),654.0,655.6264927948883,1.6264927948883496,0.24869920411136806
136,Melt(K),686.0,684.2744258172987,1.7255741827012798,0.2515414260497489
137,Melt(K),715.0,715.2737664131482,0.27376641314822336,0.0382890088319193
138,Melt(K),730.0,729.8797771061968,0.12022289380320217,0.016468889562082464
139,Melt(K),733.0,731.8605858645813,1.1394141354187468,0.1554453117897333
140,Melt(K),783.0,779.8960604221038,3.103939577896199,0.3964162934733327
141,Melt(K),748.0,765.331357806459,17.331357806458982,2.3170264447137643
142,Melt(K),919.0,918.7755777249581,0.2244222750418885,0.024420269319030276
143,Melt(K),894.0,895.344236776589,1.344236776589014,0.1503620555468694
144,Melt(K),1043.0,1044.7456159455298,1.7456159455298348,0.1673649036941355
145,Melt(K),1201.0,1200.933509557416,0.06649044258392678,0.005536256668103807
146,Melt(K),1304.0,1304.3481516202598,0.34815162025984137,0.026698743884957143
147,Melt(K),1073.0,1074.0844013503677,1.0844013503676706,0.10106256760183314
148,Melt(K),999.0,999.1911533063615,0.191153306361457,0.019134465101246927
149,Melt(K),971.0,971.5026218107862,0.5026218107861951,0.05176331727973167
150,Melt(K),884.0,882.8208465355509,1.1791534644490866,0.1333884009557789
151,Melt(K),858.0,859.1492675285659,1.1492675285659288,0.13394726440162324
152,Melt(K),771.0,772.7654298412627,1.765429841262744,0.22897922714173044
153,Melt(K),908.0,897.1550076062402,10.844992393759753,1.1943824222202357
154,Melt(K),996.0,994.1703248992854,1.829675100714553,0.18370231934885053
155,Melt(K),996.0,997.1433340605976,1.1433340605975673,0.11479257636521747
156,Melt(K),911.0,909.6002753557278,1.399724644272169,0.15364705206061113
157,Melt(K),787.0,787.3390616087918,0.3390616087917806,0.04308279654279291
158,Melt(K),848.0,846.3450816048456,1.6549183951543682,0.19515547112669412
159,Melt(K),846.0,845.4947517859456,0.5052482140544043,0.059722011117541815
160,Melt(K),930.0,931.4800757543553,1.4800757543553118,0.1591479305758398
161,Melt(K),910.0,907.0615824699831,2.9384175300168636,0.32290302527657805
162,Melt(K),891.0,890.4004383446204,0.5995616553796026,0.06729087041297441
163,Melt(K),909.0,902.6970663047539,6.302933695246111,0.6933920456816396
164,Melt(K),957.0,957.6389453379904,0.6389453379904353,0.06676544806587613
165,Melt(K),971.0,971.3345300914467,0.33453009144670887,0.034452120643327346
166,Melt(K),991.0,987.2970022054226,3.7029977945774135,0.3736627441551372
167,Melt(K),1016.0,1016.2790457001903,0.27904570019029507,0.027465127971485707
168,Melt(K),1031.0,1031.7028146327748,0.7028146327747891,0.06816824760182236
169,Melt(K),1037.0,1036.3129563765945,0.6870436234055433,0.06625300129272349
170,Melt(K),1057.0,1057.6808223489618,0.6808223489617831,0.06441081825560856
171,Melt(K),1069.0,1067.5987723521132,1.4012276478867989,0.13107835808108492
172,Melt(K),1079.0,1080.6200913486039,1.6200913486038644,0.1501474836518872
173,Melt(K),1089.0,1085.7394094936133,3.260590506386734,0.29941143309336377
174,Melt(K),1102.0,1100.8788880531372,1.1211119468628112,0.10173429644853088
175,Melt(K),1091.0,1090.8799316152838,0.1200683847162054,0.011005351486361623
176,Melt(K),1047.0,1045.5704521475316,1.4295478524684313,0.13653752172573352
177,Melt(K),999.0,1000.4066616358041,1.4066616358040847,0.14080697055095928
178,Melt(K),1048.0,1048.9825496170151,0.9825496170151382,0.09375473444800929
179,Melt(K),1095.0,1096.0914845203197,1.091484520319682,0.09967895162736813
180,Melt(K),1163.0,1162.4983659885972,0.5016340114027571,0.04313276108364202
181,Melt(K),1184.0,1181.7700706962933,2.22992930370674,0.18833862362387993
202,Melt(K),449.0,426.732583660979,22.267416339020997,4.959335487532504
203,Melt(K),415.0,413.2646332925874,1.7353667074125951,0.4181606523885761
204,Melt(K),413.0,410.2313328260498,2.7686671739501776,0.670379461004884
205,Melt(K),388.0,389.12003644565584,1.1200364456558418,0.28866918702470074
206,Melt(K),384.0,385.47499445002404,1.4749944500240417,0.3841131380270932
207,Melt(K),393.0,392.41187567996695,0.5881243200330459,0.1496499542068815
208,Melt(K),407.0,406.3109997075717,0.6890002924283181,0.16928754113717845
209,Melt(K),424.0,430.78654663974254,6.786546639742539,1.6006006225807836
210,Melt(K),424.0,426.76913946530453,2.7691394653045336,0.6530989304963507
211,Melt(K),428.0,427.52116610529805,0.4788338947019497,0.11187707820138985
212,Melt(K),430.0,431.44786916141413,1.4478691614141326,0.3367137584684021
213,Melt(K),966.0,965.0186169592694,0.9813830407306341,0.10159244728060383
214,Melt(K),942.0,941.0545192004073,0.9454807995927013,0.10036951163404462
215,Melt(K),934.0,936.0807111134674,2.0807111134673733,0.2227742091506821
216,Melt(K),913.0,914.3062656672762,1.3062656672761932,0.1430740051781152
217,Melt(K),892.0,890.2651377127014,1.734862287298597,0.19449128781374384
218,Melt(K),850.0,851.2510453667387,1.2510453667387083,0.14718180785161256
219,Melt(K),834.0,832.7383047335104,1.2616952664895962,0.15128240605390822
220,Melt(K),770.0,765.3592794282418,4.640720571758152,0.6026909833452138
221,Melt(K),755.0,754.5647648896104,0.4352351103896126,0.05764703448869033
222,Melt(K),736.0,734.6757215719437,1.3242784280563455,0.17992913424678583
223,Melt(K),741.0,741.2325535788821,0.23255357888206163,0.03138374883698533
224,Melt(K),797.0,796.0642240046881,0.9357759953119285,0.11741229552219916
225,Melt(K),849.0,851.5799232566699,2.579923256669872,0.30387788653355347
226,Melt(K),865.0,862.5624429473056,2.4375570526943875,0.28179850320166294
227,Melt(K),928.0,936.2024606167269,8.202460616726853,0.883885842319703
228,Melt(K),962.0,964.4595850299122,2.459585029912205,0.25567411953349295
229,Melt(K),1026.0,1027.1190230361133,1.1190230361132762,0.10906657272059213
230,Melt(K),1055.0,1056.704613404806,1.7046134048059685,0.1615747303133618
231,Melt(K),723.0,723.9825194944736,0.9825194944736495,0.13589481251364427
232,Melt(K),872.0,869.9864396150882,2.0135603849117842,0.23091288817795663
233,Melt(K),935.0,935.7905130862066,0.7905130862066017,0.0845468541397434
234,Melt(K),812.0,810.7723415703405,1.2276584296595274,0.15118946178072978
235,Melt(K),730.0,730.1155433578048,0.11554335780476777,0.015827857233529807
236,Melt(K),678.0,672.607462528848,5.392537471151968,0.7953595090194631
237,Melt(K),695.0,692.2309971436034,2.7690028563965825,0.3984176771793638
238,Melt(K),701.0,701.7758334436346,0.7758334436346104,0.11067524160265467
239,Melt(K),701.0,702.2119351938031,1.2119351938031286,0.1728866182315445
240,Melt(K),688.0,686.6292967906663,1.3707032093336693,0.19923011763570744
241,Melt(K),660.0,662.8422153415269,2.8422153415268667,0.4306386881101307
242,Melt(K),722.0,722.9364919659682,0.93649196596823,0.1297080285274555
243,Melt(K),855.0,851.9193742929767,3.080625707023273,0.3603071002366397
244,Melt(K),922.0,922.5250314324529,0.5250314324529199,0.056944840830034635
245,Melt(K),992.0,992.1491593268731,0.14915932687313216,0.015036222467049597
246,Melt(K),1090.0,1072.1934393379545,17.806560662045513,1.6336294185362843
247,Melt(K),1062.0,1061.1939181739388,0.806081826061245,0.07590224350859175
248,Melt(K),1025.0,1023.3778242108702,1.6221757891297557,0.1582610525980248
249,Melt(K),975.0,973.4093470166354,1.5906529833646346,0.16314389572970595
250,Melt(K),914.0,914.3895324742149,0.3895324742148887,0.04261843262744948
251,Melt(K),807.0,806.807971678677,0.19202832132305048,0.023795331018965332
252,Melt(K),829.0,830.5491446574429,1.5491446574428664,0.1868690780992599
253,Melt(K),827.0,827.5844866453868,0.5844866453868462,0.07067553148571289
254,Melt(K),846.0,847.0785638161733,1.0785638161733004,0.12748981278644198
255,Melt(K),944.0,943.297373824256,0.7026261757439443,0.07443073895592622
256,Melt(K),1004.0,1004.0675547668006,0.06755476680064021,0.006728562430342643
257,Melt(K),1034.0,1033.3420188248872,0.6579811751128091,0.06363454304766039
258,Melt(K),1063.0,1062.5411412769427,0.45885872305734665,0.04316638975139664
259,Melt(K),1070.0,1068.9523005230446,1.0476994769553585,0.09791583896779042
260,Melt(K),1071.0,1071.587310997723,0.5873109977230797,0.054837628172089564
261,Melt(K),1072.0,1071.7136625755475,0.2863374244525403,0.026710580639229483
262,Melt(K),846.0,845.2519704698383,0.7480295301617161,0.0884195662129687
263,Melt(K),813.0,810.9097166685806,2.090283331419414,0.257107420838796
264,Melt(K),766.0,768.7543130678711,2.754313067871067,0.3595708965889116
265,Melt(K),822.0,821.134794945815,0.8652050541850258,0.10525608931691298
266,Melt(K),897.0,898.1595774703584,1.1595774703583857,0.12927285065310862
267,Melt(K),925.0,922.8673266729146,2.1326733270853993,0.2305592786038267
268,Melt(K),957.0,958.6269485587782,1.6269485587781674,0.17000507406250423
269,Melt(K),983.0,983.714404769537,0.7144047695370546,0.07267596841679083
270,Melt(K),1028.0,1027.516620022361,0.4833799776390606,0.047021398603021416
271,Melt(K),1034.0,1033.5449823889683,0.4550176110317352,0.04400557166651207
272,Melt(K),1055.0,1054.651135650961,0.3488643490391041,0.033067710809393726
273,Melt(K),1063.0,1061.116054341327,1.8839456586729284,0.1772291306371521
274,Melt(K),1078.0,1079.8342266984632,1.834226698463226,0.1701508996719132
275,Melt(K),1089.0,1080.8727462979464,8.127253702053622,0.7463042885265028
276,Melt(K),859.0,856.2793806397733,2.720619360226692,0.31671936673186135
277,Melt(K),854.0,852.4963917400687,1.5036082599312977,0.17606654097556157
278,Melt(K),850.0,850.2632970630539,0.26329706305386935,0.030976125065161064
279,Melt(K),846.0,845.8397229763423,0.1602770236577271,0.018945274664033916
280,Melt(K),831.0,831.7821082771259,0.7821082771258716,0.09411651950973172
281,Melt(K),830.0,831.9177464197545,1.9177464197545078,0.231053785512591
282,Melt(K),800.0,800.5951243338237,0.5951243338237191,0.07439054172796479
283,Melt(K),760.0,760.2647575219032,0.26475752190322055,0.034836516039897396
284,Melt(K),751.0,748.2560974347919,2.7439025652081455,0.3653665200010841
285,Melt(K),684.0,683.8556574872124,0.14434251278760257,0.021102706547895082
286,Melt(K),666.0,666.4587274517268,0.4587274517267588,0.06887799575476848
287,Melt(K),667.0,668.7137016478314,1.7137016478313853,0.256926783782816
288,Melt(K),679.0,678.4036019606349,0.5963980393651127,0.08783476279309452
289,Melt(K),711.0,712.2203260209976,1.2203260209976179,0.17163516469727372
290,Melt(K),1021.0,1019.1188315561471,1.8811684438528573,0.18424764386413864
291,Melt(K),928.0,930.0087817477956,2.008781747795638,0.21646355040901247
292,Melt(K),867.0,867.5979730928238,0.5979730928238496,0.0689703682611129
293,Melt(K),850.0,850.8758045314726,0.8758045314725678,0.10303582723206667
294,Melt(K),843.0,841.5244690688598,1.475530931140156,0.1750333251649056
295,Melt(K),846.0,845.702830142457,0.2971698575430537,0.03512646070248857
296,Melt(K),849.0,849.2521000588589,0.2521000588589004,0.029693764294334523
297,Melt(K),850.0,849.9797290882004,0.020270911799570968,0.002384813152890699
298,Melt(K),853.0,851.9064415044755,1.0935584955244622,0.128201464891496
299,Melt(K),853.0,851.3486094867453,1.6513905132546824,0.19359794997124039
300,Melt(K),850.0,851.0017505894109,1.0017505894109036,0.11785301051892969
301,Melt(K),844.0,841.9027721244183,2.097227875581666,0.24848671511631085
302,Melt(K),841.0,841.2407603347709,0.2407603347709255,0.0286278638253181
303,Melt(K),837.0,836.4675574732737,0.5324425267262995,0.0636132051046952
304,Melt(K),830.0,831.2650547658009,1.265054765800869,0.15241623684347802
305,Melt(K),824.0,826.2253777641813,2.225377764181303,0.2700701170122937
306,Melt(K),819.0,817.8525239665728,1.1474760334272105,0.14010696378842602
307,Melt(K),822.0,819.7692032263619,2.230796773638076,0.2713864688124177
308,Melt(K),829.0,829.5071452534032,0.5071452534032233,0.061175543233199355
309,Melt(K),836.0,835.9172451926505,0.08275480734948815,0.009898900400656465
310,Melt(K),839.0,836.5333245590491,2.466675440950894,0.29400184039939103
311,Melt(K),850.0,850.2215120896182,0.22151208961815883,0.02606024583743042
312,Melt(K),1024.0,1024.02520510991,0.025205109910075407,0.0024614365146557993
313,Melt(K),996.0,994.5952284090837,1.4047715909163117,0.14104132438918776
314,Melt(K),950.0,949.6470884245747,0.3529115754253098,0.037148586886874675
315,Melt(K),841.0,840.0919490795827,0.9080509204172813,0.10797276104842808
316,Melt(K),846.0,846.7413273629114,0.7413273629114201,0.08762734786186988
317,Melt(K),810.0,809.3926557432932,0.6073442567068241,0.07498077243294116
318,Melt(K),614.0,667.7598615397607,53.759861539760664,8.755677775205305
319,Melt(K),622.0,694.9072719452129,72.90727194521287,11.721426357751247
320,Melt(K),662.0,671.1744961416532,9.174496141653208,1.3858755500986697
321,Melt(K),699.0,700.3655129074831,1.3655129074830938,0.19535234727941228
322,Melt(K),737.0,737.5763880044589,0.5763880044588632,0.07820732760635853
323,Melt(K),783.0,781.9231457824769,1.0768542175230778,0.13752927426859213
324,Melt(K),807.0,814.5431241972176,7.543124197217594,0.9347117964334057
325,Melt(K),845.0,844.683752457187,0.3162475428130165,0.03742574471159954
326,Melt(K),856.0,855.7066445766067,0.2933554233933364,0.03427049338707197
327,Melt(K),851.0,852.803793217713,1.8037932177129505,0.21196160020128654
328,Melt(K),845.0,845.7531540604806,0.7531540604805969,0.08913065804504094
329,Melt(K),837.0,837.9077695354611,0.9077695354610569,0.10845514163214526
330,Melt(K),866.0,865.2255798208074,0.7744201791925889,0.0894249629552642
331,Melt(K),931.0,931.3818625043879,0.3818625043878683,0.041016380707612016
332,Melt(K),953.0,952.2640894765959,0.7359105234040726,0.07722041168982915
333,Melt(K),982.0,982.5641285643292,0.5641285643291667,0.057446900644517934
334,Melt(K),1001.0,1000.1627868494579,0.8372131505420839,0.08363767737683148
335,Melt(K),1018.0,1018.5320015290097,0.5320015290096762,0.05225948222098976
336,Melt(K),1025.0,1024.3002855021005,0.6997144978995493,0.0682648290633706
337,Melt(K),1047.0,1045.2249078076932,1.775092192306829,0.16954080155748114
338,Melt(K),1059.0,1050.4932306971477,8.506769302852263,0.8032832202882205
339,Melt(K),1071.0,1063.2220228004298,7.777977199570159,0.7262350326396034
340,Melt(K),1082.0,1082.5286210817058,0.5286210817057508,0.04885592252363682
341,Melt(K),1086.0,1087.2548458799147,1.2548458799146829,0.11554750275457476
342,Melt(K),1080.0,1079.938125922833,0.06187407716697635,0.005729081219164472
343,Melt(K),1034.0,1033.299670139856,0.7003298601439383,0.06773016055550654
344,Melt(K),982.0,982.3783138378684,0.37831383786840433,0.038524830740163336
345,Melt(K),930.0,928.7006633170447,1.2993366829552997,0.13971362182315036
346,Melt(K),1007.0,1008.3449547911729,1.3449547911728814,0.13356055523067328
347,Melt(K),1074.0,1073.8105803792027,0.18941962079725272,0.017636836200861504
348,Melt(K),1132.0,1132.9581407451724,0.9581407451723862,0.084641408584133
349,Melt(K),1184.0,1165.5441576585301,18.45584234146986,1.5587704680295478
350,Melt(K),1229.0,1227.179367026008,1.8206329739919056,0.14813937949486608
351,Melt(K),1341.0,1341.7697591515935,0.7697591515934619,0.05740187558489645
352,Melt(K),1300.0,1298.382361737609,1.617638262390983,0.124433712491614
353,Melt(K),1234.0,1234.6089217017498,0.6089217017497504,0.049345356705814414
354,Melt(K),1132.0,1133.09938700188,1.0993870018799043,0.0971189930989314
355,Melt(K),1042.0,1033.890247954833,8.109752045166942,0.7782871444498018
356,Melt(K),978.0,979.1766394519624,1.1766394519623873,0.12031078240924192
357,Melt(K),975.0,973.3759877100649,1.6240122899350808,0.16656536307026454
358,Melt(K),975.0,973.8146143829549,1.1853856170450854,0.12157801200462401
359,Melt(K),1191.0,1190.3240867072882,0.6759132927118117,0.0567517458196315
360,Melt(K),1048.0,1046.7905604687012,1.2094395312988127,0.11540453542927592
361,Melt(K),976.0,975.5398365769591,0.46016342304085356,0.04714789170500544
362,Melt(K),962.0,962.881566657784,0.881566657783992,0.09163894571559159
363,Melt(K),978.0,977.2216082336038,0.7783917663962256,0.07959016016321317
364,Melt(K),951.0,949.8129603418514,1.187039658148592,0.12482015332792752
365,Melt(K),933.0,932.8881443973563,0.11185560264368632,0.011988810572742358
366,Melt(K),900.0,900.6341672827496,0.6341672827495586,0.07046303141661754
367,Melt(K),993.0,992.3802458434716,0.6197541565284155,0.06241230176519787
368,Melt(K),887.0,886.5672539611734,0.43274603882662177,0.04878760302442179
369,Melt(K),783.2,783.0547889428022,0.14521105719779825,0.01854073764016829
370,Melt(K),794.0,795.5538336704218,1.5538336704217954,0.19569693582138456
371,Melt(K),783.0,785.2810904400737,2.28109044007374,0.2913270038408349
372,Melt(K),1033.0,1032.5140761744642,0.4859238255357923,0.047040060555255746
373,Melt(K),1025.0,1026.3422303680425,1.3422303680424648,0.13094930419926473
374,Melt(K),1201.0,1202.313000363363,1.3130003633630167,0.10932559228667908
375,Melt(K),673.0,672.033330799065,0.96666920093503,0.14363583966345148
376,Melt(K),621.0,621.0989314279939,0.09893142799387533,0.01593098679450486
377,Melt(K),631.0,632.5361600622816,1.536160062281624,0.24344850432355333
378,Melt(K),642.0,632.7580851918368,9.241914808163187,1.4395505931718338
379,Melt(K),646.0,643.8919572246484,2.108042775351578,0.3263224110451354
380,Melt(K),647.0,647.3539838257619,0.35398382576192944,0.05471156503275562
381,Melt(K),645.0,635.6325001816351,9.367499818364877,1.4523255532348622
382,Melt(K),643.0,635.1983113275612,7.801688672438786,1.213326387626559
383,Melt(K),626.0,627.8099689484694,1.8099689484694181,0.28913241988329313
384,Melt(K),610.0,611.4400964510282,1.4400964510282392,0.23608138541446505
385,Melt(K),612.0,609.7128862716422,2.287113728357781,0.3737113935225126
386,Melt(K),728.0,725.8909450383858,2.10905496161422,0.2897053518700847
387,Melt(K),845.0,844.1774987443683,0.8225012556316642,0.09733742670197197
388,Melt(K),860.0,859.0094392976207,0.9905607023792982,0.11518147702084848
389,Melt(K),846.0,847.2086119534563,1.208611953456284,0.1428619330326575
390,Melt(K),851.0,853.9957165133125,2.995716513312459,0.352023092046117
391,Melt(K),957.0,955.8913874572456,1.108612542754372,0.11584248095656957
408,Melt(K),976.0,975.5556686531015,0.44433134689847975,0.04552575275599173
409,Melt(K),752.0,751.8586844323581,0.14131556764186826,0.018791963782163305
410,Melt(K),823.0,820.8450326985517,2.1549673014483233,0.2618429284870377
411,Melt(K),925.0,925.0036198368036,0.0036198368036366446,0.0003913337085012584
412,Melt(K),772.0,772.370050590587,0.37005059058697043,0.04793401432473704
413,Melt(K),720.0,720.3563223942849,0.3563223942849163,0.049489221428460524
414,Melt(K),769.0,768.2446464538125,0.7553535461875072,0.09822542863296568
415,Melt(K),752.0,752.6557521283362,0.6557521283361893,0.08720108089576974
416,Melt(K),911.0,911.1975668320069,0.1975668320069417,0.021686809221398626
417,Melt(K),1003.0,1002.5796335702155,0.420366429784508,0.041910910247707635
418,Melt(K),875.0,873.1378451693927,1.8621548306073237,0.21281769492655103
419,Melt(K),699.0,699.390256466496,0.3902564664959982,0.05583068190214559
420,Melt(K),808.0,807.9110323043496,0.08896769565035356,0.011010853422073447
421,Melt(K),815.0,816.3012464513912,1.3012464513911937,0.1596621412749929
422,Melt(K),893.0,893.9617016623158,0.9617016623158179,0.10769335524253268
423,Melt(K),1001.0,1000.0627075767003,0.9372924232997093,0.09363560672324758
424,Melt(K),1013.0,1014.9166603034946,1.9166603034946093,0.18920634782770063
425,Melt(K),920.0,917.4666177593805,2.533382240619517,0.2753676348499472
426,Melt(K),809.0,807.3548526441367,1.645147355863287,0.2033556682154864
427,Melt(K),868.0,868.8745800718181,0.874580071818059,0.10075807279009884
428,Melt(K),846.0,848.2929968123902,2.2929968123902427,0.2710398123392719
429,Melt(K),998.0,997.4733029151618,0.5266970848382471,0.052775259001828306
430,Melt(K),818.0,819.0565735835658,1.0565735835657506,0.12916547476353904
431,Melt(K),808.0,805.9516299693398,2.0483700306601804,0.25351114240843786
432,Melt(K),792.0,795.1768136322058,3.1768136322058353,0.4011128323492211
433,Melt(K),893.0,893.3577668589231,0.357766858923128,0.04006347804290342
434,Melt(K),956.0,957.9673867632798,1.9673867632798192,0.20579359448533652
435,Melt(K),1004.0,1003.3112101913609,0.6887898086390578,0.06860456261345191
436,Melt(K),827.0,827.4741787601533,0.47417876015333604,0.057337214045143345
437,Melt(K),788.0,788.4358454218537,0.43584542185374175,0.05531033272255599
438,Melt(K),759.0,760.1278764536945,1.1278764536945118,0.14860032327990913
439,Melt(K),822.0,821.8830615615713,0.11693843842874685,0.014226087400090839
440,Melt(K),959.0,958.3975906361328,0.6024093638671957,0.06281640916237696
441,Melt(K),1038.0,1036.1960727077742,1.8039272922258078,0.1737887564764746
442,Melt(K),795.0,794.9598253936032,0.04017460639681758,0.005053409609662583
443,Melt(K),767.0,766.9130514411861,0.0869485588139014,0.011336187589817638
444,Melt(K),728.0,727.0874654798479,0.9125345201521213,0.12534814837254396
445,Melt(K),707.0,707.4309625726833,0.43096257268325644,0.060956516645439295
446,Melt(K),918.0,917.3039141888089,0.6960858111910966,0.07582634108835466
447,Melt(K),1034.0,1032.6360450812513,1.3639549187487319,0.1319105337281171
448,Melt(K),987.0,986.8456012459873,0.15439875401273184,0.015643237488625297
449,Melt(K),886.0,880.8516290272339,5.148370972766088,0.5810802452331921
450,Melt(K),816.0,816.5054420418269,0.5054420418268819,0.061941426694470746
451,Melt(K),867.0,866.3225252033329,0.6774747966670702,0.07814011495583269
452,Melt(K),858.0,858.3998547921195,0.3998547921195268,0.046603122624653416
453,Melt(K),1003.0,1002.2591161143439,0.7408838856561033,0.07386678820100723
454,Melt(K),795.0,795.1412451260388,0.14124512603882522,0.017766682520606925
455,Melt(K),735.0,734.3933731882039,0.6066268117961044,0.08253426010831341
456,Melt(K),814.0,815.8453481983273,1.845348198327315,0.22670125286576323
457,Melt(K),811.0,808.2078411166028,2.792158883397178,0.344285928902241
458,Melt(K),928.0,929.2283372926544,1.2283372926543734,0.13236393239810043
459,Melt(K),1009.0,1009.6641298476978,0.6641298476978363,0.06582059937540492
460,Melt(K),946.0,946.7914494338486,0.7914494338485838,0.08366273085080157
461,Melt(K),925.0,922.8114571091388,2.1885428908611857,0.23659923144445225
462,Melt(K),881.0,878.4107958373894,2.5892041626105993,0.29389377555171353
463,Melt(K),894.0,895.2126183979449,1.2126183979448797,0.13563964182828617
464,Melt(K),960.0,960.7904994151733,0.7904994151732581,0.08234368908054762
465,Melt(K),1014.0,1016.0047636549709,2.0047636549709296,0.19770844723579167
466,Melt(K),843.0,843.6739101658577,0.6739101658577056,0.07994189393329831
467,Melt(K),850.0,851.8937623895731,1.8937623895731122,0.2227955752438953
468,Melt(K),878.0,876.6368062069503,1.3631937930497315,0.1552612520557779
469,Melt(K),965.0,966.9488722940864,1.9488722940864136,0.20195567814366958
470,Melt(K),1029.0,1028.9839996795358,0.016000320464172546,0.0015549388206192937
471,Melt(K),858.0,857.2655934494582,0.7344065505418484,0.08559516906082139
472,Melt(K),816.0,815.9749597319956,0.02504026800443171,0.003068660294660745
473,Melt(K),878.0,877.7207742430181,0.279225756981873,0.03180247801615862
474,Melt(K),966.0,965.6018493290217,0.3981506709783389,0.041216425567115786
475,Melt(K),1032.0,1032.8708842162719,0.8708842162718611,0.08438800545269964
476,Melt(K),779.0,779.4055556305703,0.4055556305703476,0.052061056555885374
477,Melt(K),733.0,730.2011093013515,2.7988906986485063,0.3818404773053891
478,Melt(K),882.0,881.383271476843,0.6167285231570077,0.06992386883866292
479,Melt(K),991.0,989.5550256149708,1.4449743850292407,0.14580972603725925
480,Melt(K),1034.0,1033.991890996051,0.008109003948902682,0.0007842363586946494
481,Melt(K),976.0,975.773374682624,0.2266253173760333,0.02321980710820011
482,Melt(K),884.0,882.7691117881367,1.2308882118633164,0.1392407479483388
483,Melt(K),714.0,715.7500192599824,1.7500192599824231,0.24510073669221577
484,Melt(K),914.0,914.0024207945955,0.0024207945955367904,0.000264857176754572
485,Melt(K),1028.0,1027.7658758835444,0.23412411645563225,0.022774719499575102
486,Melt(K),1051.0,1053.4924033399561,2.4924033399561267,0.23714589343064935
487,Melt(K),1042.0,1041.6276360198472,0.37236398015284067,0.03573550673251827
488,Melt(K),969.0,969.7006343408801,0.7006343408801285,0.07230488553974487
489,Melt(K),805.0,806.7524725967149,1.752472596714938,0.21769845921924666
490,Melt(K),866.0,864.1822282319695,1.817771768030525,0.20990436120444836
491,Melt(K),859.0,859.0700604335491,0.07006043354908797,0.008156045814794866
492,Melt(K),944.0,943.2571589457498,0.7428410542502206,0.0786907896451504
493,Melt(K),1042.0,1040.4247041930855,1.5752958069144825,0.15118001985743582
494,Melt(K),1042.0,1041.9425151397807,0.057484860219346956,0.005516781211069761
495,Melt(K),954.0,955.1434575094241,1.1434575094241382,0.11985927771741477
496,Melt(K),832.0,835.3310483621294,3.3310483621294225,0.4003663896790166
497,Melt(K),833.0,835.7242876981256,2.724287698125636,0.32704534191184065
498,Melt(K),947.0,948.0576095226992,1.057609522699181,0.1116799918372946
499,Melt(K),1043.0,1043.7305675124956,0.7305675124955542,0.07004482382507704
500,Melt(K),1067.0,1064.3339810322843,2.6660189677156723,0.24986119659940675
501,Melt(K),999.0,998.32603729957,0.6739627004300246,0.06746373377677917
502,Melt(K),821.0,821.5626333966869,0.5626333966869197,0.06853025538208514
503,Melt(K),839.0,838.8354056381294,0.16459436187062693,0.019617921557881612
504,Melt(K),882.0,880.776338452024,1.2236615479760076,0.13873713695873086
505,Melt(K),1010.0,1013.0312151464284,3.0312151464283943,0.30012031152756347
506,Melt(K),1081.0,1081.3571652469752,0.357165246975228,0.03304026336496094
507,Melt(K),1001.0,1000.7730513168394,0.22694868316057182,0.022672196119937222
508,Melt(K),808.0,806.8348719908913,1.1651280091086846,0.14419901102830238
509,Melt(K),817.0,818.6746648777388,1.6746648777387918,0.20497734121649813
510,Melt(K),961.0,961.6414703405185,0.641470340518481,0.06675029557944644
511,Melt(K),891.0,889.6034126051497,1.3965873948502576,0.15674381535917575
512,Melt(K),1056.0,1055.7265351703993,0.27346482960069807,0.025896290681884263
513,Melt(K),1017.0,1017.9643095874517,0.9643095874516803,0.09481903514765774
514,Melt(K),796.0,798.2384089850613,2.2384089850612554,0.28120715892729303
515,Melt(K),834.0,833.541269286856,0.4587307131439502,0.05500368263116902
516,Melt(K),900.0,901.6571541663209,1.657154166320879,0.1841282407023197
517,Melt(K),996.0,995.6881046937162,0.31189530628375906,0.03131478978752598
518,Melt(K),382.0,383.37560733036105,1.3756073303610492,0.3601066309845669
519,Melt(K),402.0,403.04923738563105,1.049237385631045,0.2610043247838414
520,Melt(K),394.0,394.4608064622204,0.4608064622203756,0.11695595487826761
521,Melt(K),414.0,411.1934065139749,2.806593486025122,0.6779211318901244
522,Melt(K),387.0,386.3571867855055,0.6428132144944811,0.16610160581252698
523,Melt(K),395.0,394.4088076698678,0.5911923301321735,0.14966894433725875
524,Melt(K),380.0,379.36336123781535,0.6366387621846457,0.16753651636438
525,Melt(K),447.0,446.45596766329345,0.5440323367065503,0.12170745787618546
526,Melt(K),443.0,441.6848144138507,1.3151855861493118,0.29688162215560016
527,Melt(K),454.0,454.59072126781655,0.5907212678165479,0.13011481669967986
528,Melt(K),821.0,819.7069434680325,1.2930565319675225,0.15749775054415602
529,Melt(K),812.0,811.5144654441319,0.48553455586807104,0.059794896042865815
530,Melt(K),837.0,836.8032311035753,0.1967688964247145,0.02350882872457757
531,Melt(K),845.0,844.3848550957102,0.6151449042897639,0.07279821352541575
532,Melt(K),839.0,837.7140372531316,1.2859627468684494,0.15327327137883764
533,Melt(K),849.0,850.2149132976554,1.2149132976553574,0.14309932834574274
534,Melt(K),800.0,801.3987840074805,1.398784007480458,0.17484800093505704
535,Melt(K),823.0,824.2609671991065,1.260967199106517,0.15321594156822788
536,Melt(K),836.0,834.2490186979564,1.7509813020435558,0.2094475241678892
537,Melt(K),825.0,827.2322692980323,2.2322692980322927,0.27057809673118666
538,Melt(K),962.0,966.4907968891958,4.490796889195849,0.4668188034507115
539,Melt(K),898.0,898.9456132721509,0.9456132721509221,0.10530214611925623
540,Melt(K),810.0,807.8546470370303,2.145352962969696,0.2648583904900856
541,Melt(K),815.0,816.1694938334674,1.1694938334674134,0.143496175885572
542,Melt(K),812.0,812.5427420466918,0.542742046691842,0.066840153533478
543,Melt(K),1023.0,1022.3672874404248,0.632712559575225,0.06184873505134158
544,Melt(K),970.0,970.2342658478772,0.2342658478771682,0.024151118337852367
545,Melt(K),890.0,887.3240110745598,2.6759889254401514,0.3006729129708032
546,Melt(K),822.0,821.292495133843,0.7075048661570236,0.08607115160061103
547,Melt(K),784.0,785.075529760776,1.0755297607760212,0.13718491846632908
548,Melt(K),824.0,825.654173113968,1.6541731139679996,0.20074916431650455
549,Melt(K),781.0,781.5850578307987,0.5850578307987462,0.07491137398191362
550,Melt(K),821.0,821.3698780719373,0.36987807193725075,0.045052140309043885
551,Melt(K),832.0,832.4449180212656,0.4449180212656074,0.05347572370980852
552,Melt(K),815.0,813.6071197045301,1.3928802954699222,0.17090555772637062
554,Melt(K),588.0,589.8922304370814,1.8922304370813663,0.32180789746281685
555,Melt(K),735.0,734.9017307656194,0.0982692343806093,0.01336996386130737
556,Melt(K),977.0,973.1594199516334,3.8405800483666326,0.39309928847150755
557,Melt(K),902.0,903.1495310387776,1.1495310387775817,0.1274424654964058
558,Melt(K),793.0,793.9596193352528,0.9596193352527962,0.1210112654795454
559,Melt(K),725.0,732.3664314362429,7.3664314362429195,1.0160595084472979
560,Melt(K),708.0,707.948290489675,0.051709510325054,0.007303603153256203
561,Melt(K),681.0,680.1739603273289,0.8260396726710724,0.12129804297666243
562,Melt(K),651.0,651.2630048214404,0.26300482144040416,0.04040012618132162
563,Melt(K),968.0,967.7214062454287,0.27859375457126134,0.028780346546617878
564,Melt(K),890.0,889.1137227697903,0.8862772302096573,0.09958171125951194
565,Melt(K),777.0,774.6133678132836,2.3866321867163833,0.3071598695902677
566,Melt(K),719.0,718.5547033029467,0.44529669705332253,0.06193278123133823
567,Melt(K),703.0,704.8309715199453,1.8309715199452512,0.2604511408172473
568,Melt(K),688.0,687.1139181031338,0.8860818968662443,0.12879097338172135
569,Melt(K),674.0,674.1349015247192,0.13490152471922556,0.020015063014721862
570,Melt(K),698.0,695.7212599361059,2.2787400638941335,0.32646705786448854
571,Melt(K),710.0,714.8587780397733,4.858778039773256,0.6843349351793309
572,Melt(K),738.0,740.2140177299033,2.2140177299032757,0.3000024024259177
573,Melt(K),959.0,954.2212639088774,4.778736091122596,0.4983040762380178
574,Melt(K),761.0,761.3497253779126,0.3497253779125913,0.04595602863503164
575,Melt(K),718.0,723.4378225269388,5.437822526938817,0.7573568979023411
576,Melt(K),737.0,739.0822840967448,2.082284096744843,0.28253515559631476
577,Melt(K),950.0,949.901826851613,0.09817314838699076,0.010334015619683227
578,Melt(K),746.0,746.7890820471791,0.7890820471791358,0.10577507334840948
579,Melt(K),746.0,744.3787714700928,1.621228529907171,0.21732285923688588
580,Melt(K),779.0,778.3689001631174,0.6310998368826404,0.08101409972819507
581,Melt(K),797.0,796.0098706517061,0.9901293482938627,0.12423203868178939
582,Melt(K),812.0,811.2092474410736,0.7907525589264424,0.09738332006483268
583,Melt(K),860.0,859.4276466443113,0.5723533556887332,0.0665527157777596
584,Melt(K),719.0,734.7365597526259,15.736559752625908,2.1886731227574248
585,Melt(K),785.0,787.2028455039973,2.2028455039973096,0.2806172616557079
586,Melt(K),835.0,826.7821813981784,8.217818601821591,0.9841698924337223
587,Melt(K),768.0,777.962475762665,9.962475762665008,1.2971973649303379
588,Melt(K),829.0,830.3550490724182,1.3550490724181827,0.1634558591578023
589,Melt(K),899.0,899.5267710385742,0.5267710385742248,0.058595221198467655
590,Melt(K),927.0,926.1992652492517,0.8007347507483473,0.08637915326303629
591,Melt(K),872.0,872.1646076146172,0.16460761461723905,0.018877020024912712
592,Melt(K),956.0,957.608941431802,1.608941431802009,0.16829931295000075
593,Melt(K),999.0,997.7776967398793,1.222303260120725,0.12235267869076315
594,Melt(K),987.0,985.8883630187252,1.1116369812748417,0.11262786031153399
596,Melt(K),1008.0,1008.3940109605019,0.39401096050187334,0.03908838893867787
597,Melt(K),941.0,937.6919820035346,3.3080179964654235,0.3515428264044017
598,Melt(K),837.0,837.3907253184926,0.3907253184926276,0.04668163900748233
599,Melt(K),778.0,776.8791458210811,1.1208541789188757,0.14406866052941827
600,Melt(K),943.0,941.720840001712,1.279159998288037,0.13564793194995076
601,Melt(K),1041.0,1040.2519244750292,0.7480755249707727,0.07186124159181287
602,Melt(K),899.0,899.5922937990389,0.5922937990388846,0.06588362614448097
603,Melt(K),829.0,831.2007657232756,2.2007657232755946,0.2654723429765491
604,Melt(K),728.0,730.7075405137563,2.707540513756271,0.37191490573575103
605,Melt(K),860.0,860.2010988475289,0.20109884752889684,0.02338358692196472
606,Melt(K),981.0,981.8889142448882,0.8889142448881557,0.09061307287341028
607,Melt(K),1043.0,1043.87911592398,0.8791159239799526,0.08428724103355244
608,Melt(K),747.0,747.5166682728868,0.5166682728868182,0.06916576611603982
609,Melt(K),746.0,744.1823190132798,1.8176809867202337,0.24365696872925352
610,Melt(K),830.0,830.7990675699486,0.7990675699486474,0.0962732011986321
611,Melt(K),921.0,921.6403764172198,0.6403764172198407,0.06953055561561781
612,Melt(K),993.0,992.1346329642007,0.8653670357992951,0.08714673069479296
613,Melt(K),1049.0,1049.9423366424546,0.9423366424546202,0.08983190109195609
614,Melt(K),818.0,817.4926556641736,0.5073443358263603,0.06202253494209776
615,Melt(K),808.0,805.5927307475943,2.40726925240574,0.2979293629215021
616,Melt(K),792.0,794.6872826614683,2.6872826614683163,0.3393033663470092
617,Melt(K),893.0,894.0543373566028,1.0543373566027867,0.11806689323659413
618,Melt(K),981.0,982.8526640291134,1.8526640291133845,0.1888546410920879
619,Melt(K),1037.0,1036.7796391766087,0.2203608233912746,0.021249838321241506
620,Melt(K),827.0,826.9859135057295,0.014086494270486583,0.0017033245792607698
621,Melt(K),788.0,787.6536088742884,0.3463911257116479,0.04395826468421921
622,Melt(K),759.0,759.1855542522455,0.185554252245538,0.024447200559359387
623,Melt(K),822.0,817.6631089912679,4.3368910087320955,0.5276023124978212
624,Melt(K),959.0,960.5566415926963,1.5566415926963373,0.16231924845634366
625,Melt(K),1038.0,1037.9270697780296,0.07293022197040955,0.007026032945126154
626,Melt(K),795.0,795.5803631583149,0.5803631583148672,0.07300165513394546
627,Melt(K),767.0,766.2265803216313,0.7734196783686684,0.10083698544571935
628,Melt(K),728.0,727.474414681862,0.5255853181380417,0.07219578545852211
629,Melt(K),707.0,704.8324648461846,2.167535153815379,0.3065820585311706
630,Melt(K),918.0,917.2532031759188,0.7467968240812297,0.08135041656658266
631,Melt(K),1034.0,1034.338726143662,0.33872614366191556,0.03275881466749664
632,Melt(K),1036.0,1036.3015471009314,0.30154710093142967,0.029106863024269247
633,Melt(K),998.0,998.119276920747,0.1192769207469837,0.011951595265228815
634,Melt(K),946.0,947.453410743091,1.4534107430910126,0.15363749926966289
635,Melt(K),885.0,878.7440854707493,6.255914529250731,0.706882997655449
636,Melt(K),853.0,854.1948098239753,1.1948098239753335,0.1400714916735442
637,Melt(K),1030.0,1030.8867419282017,0.8867419282016726,0.08609144933996814
638,Melt(K),991.0,987.6489680982357,3.3510319017642587,0.3381465087552225
639,Melt(K),992.0,990.7646503160986,1.2353496839014042,0.12453121813522207
640,Melt(K),977.0,977.4280572107989,0.42805721079889736,0.04381342996918085
641,Melt(K),872.0,869.8469461366046,2.153053863395371,0.24690984671965235
642,Melt(K),933.0,932.1730291337129,0.8269708662870698,0.0886356769868241
643,Melt(K),944.0,943.4558579772147,0.5441420227853087,0.05764216343064704
644,Melt(K),978.0,978.2815776746522,0.28157767465222605,0.0287911732773237
645,Melt(K),1005.0,1003.6864303348724,1.313569665127602,0.13070344926642793
646,Melt(K),951.0,952.3482244081539,1.3482244081538965,0.14176912809189224
647,Melt(K),934.0,935.8766337804158,1.876633780415773,0.20092438762481488
648,Melt(K),840.0,838.7636904342858,1.2363095657142367,0.1471797102040756
649,Melt(K),955.0,955.5634352123626,0.5634352123626059,0.05899845155629374
650,Melt(K),974.0,972.4345440163097,1.565455983690299,0.1607244336437677
651,Melt(K),746.0,744.314286843023,1.6857131569770445,0.2259669111229279
652,Melt(K),1027.0,1026.4727174223722,0.5272825776278296,0.051342023138055415
653,Melt(K),1030.0,1031.2337330962598,1.2337330962598116,0.11977991225823403
654,Melt(K),984.0,984.3340163333867,0.33401633338667125,0.033944749327913706
655,Melt(K),914.0,915.2143807520586,1.2143807520585597,0.13286441488605671
656,Melt(K),779.0,777.0854459275301,1.9145540724698549,0.24577074101025062
657,Melt(K),1002.0,1000.9880365066076,1.0119634933923862,0.10099436061800252
658,Melt(K),1031.0,1030.5738652194252,0.4261347805747846,0.04133218046312165
659,Melt(K),963.0,964.4436895155477,1.4436895155477032,0.14991583754389426
660,Melt(K),893.0,893.908840821122,0.9088408211219985,0.10177388814356074
661,Melt(K),781.0,780.3198528586363,0.6801471413637046,0.08708670183914259
662,Melt(K),994.0,995.723420054765,1.723420054765029,0.17338229927213553
663,Melt(K),1004.0,1004.0393584330368,0.03935843303679576,0.003920162653067303
664,Melt(K),992.0,993.2369255022948,1.2369255022947527,0.12469007079584188
665,Melt(K),957.0,956.7865773764594,0.21342262354062314,0.022301214581047325
666,Melt(K),912.0,910.3606224746316,1.6393775253684453,0.17975630760618896
667,Melt(K),997.0,994.6277704201314,2.3722295798686446,0.23793676829173943
668,Melt(K),984.0,984.1647637066667,0.16476370666669027,0.016744279132793707
669,Melt(K),995.0,995.0180540360233,0.0180540360232726,0.0018144759822384506
670,Melt(K),986.0,985.4882457962456,0.5117542037544354,0.05190204906231591
671,Melt(K),939.0,938.6290836917792,0.37091630822078514,0.03950120428336366
672,Melt(K),771.0,770.3397462841472,0.6602537158528321,0.085636020214375
673,Melt(K),933.0,931.5087588709881,1.4912411290118825,0.15983291843642883
674,Melt(K),944.0,944.2615475258991,0.2615475258991182,0.027706305709652324
675,Melt(K),1001.0,999.3032386776287,1.6967613223713442,0.16950662561152272
676,Melt(K),951.0,951.3526241555952,0.3526241555952083,0.03707930132441724
677,Melt(K),867.0,867.1081067451146,0.10810674511458274,0.012469059413446667
678,Melt(K),997.0,996.1330274923674,0.8669725076325676,0.0869581251386727
679,Melt(K),840.0,838.9996191454793,1.0003808545206994,0.11909295887151168
680,Melt(K),949.0,949.3368612918362,0.33686129183615776,0.035496448033314795
681,Melt(K),979.0,980.0271097529377,1.0271097529376902,0.10491417292519807
682,Melt(K),746.0,748.0848733545488,2.0848733545487903,0.2794736400199447
683,Melt(K),1027.0,1027.4333820754457,0.4333820754457065,0.04219883889442124
765,Melt(K),828.0,827.3410196069659,0.658980393034085,0.07958700398962369
766,Melt(K),958.0,959.6516228842511,1.6516228842510827,0.17240322382579132
767,Melt(K),803.0,803.9352811940975,0.9352811940974561,0.1164733741092721
769,Melt(K),698.0,716.0751855044252,18.075185504425235,2.589568123843153
770,Melt(K),751.0,751.5615672588322,0.5615672588321559,0.07477593326659855
771,Melt(K),828.0,830.3698032081965,2.3698032081964584,0.2862081169319391
772,Melt(K),808.0,807.4530513660942,0.5469486339057994,0.0676916626121038
773,Melt(K),870.0,868.0683335368303,1.9316664631696767,0.2220306279505373
784,Melt(K),793.0,796.6326716779768,3.6326716779767594,0.45809226708408
785,Melt(K),813.0,812.8031766616743,0.19682333832565746,0.02420951270918293
786,Melt(K),803.0,801.5306677581391,1.4693322418609114,0.18298035390546818
788,Melt(K),698.0,698.5743189951371,0.574318995137105,0.08228065832909802
789,Melt(K),773.0,772.3870262971664,0.6129737028336422,0.07929802106515411
790,Melt(K),753.0,752.7542024878853,0.24579751211467737,0.03264243188773931
793,Melt(K),710.0,711.3437075160487,1.343707516048653,0.1892545797251621
794,Melt(K),751.0,753.5937940890951,2.5937940890951268,0.3453787069367674
795,Melt(K),778.0,775.8464603945481,2.153539605451897,0.2768045765362332
796,Melt(K),725.0,724.354689900809,0.645310099190965,0.08900828954358125
797,Melt(K),763.0,757.9872295103871,5.012770489612876,0.6569817155455924
798,Melt(K),818.0,819.042330386564,1.0423303865640037,0.12742425263618612
0,Boil(K),453.0,453.0019161354526,0.001916135452574963,0.0004229879586258187
1,Boil(K),760.0,760.0031475614123,0.0031475614123337436,0.00041415281741233415
2,Boil(K),1442.0,1442.0002005782817,0.00020057828169228742,1.3909728272696762e-05
3,Boil(K),2230.0,2229.9998215478595,0.00017845214051703806,8.002338139777489e-06
4,Boil(K),2724.0,2723.9989925894533,0.001007410546662868,3.698276603020806e-05
5,Boil(K),1868.0,1867.9999956709723,4.329027660787688e-06,2.3174666278306667e-07
6,Boil(K),2550.0,2550.0005346041416,0.0005346041416487424,2.0964868299950673e-05
7,Boil(K),1688.0,1688.0091748998868,0.009174899886829735,0.00054353672315342
8,Boil(K),1771.0,1770.9907961926167,0.009203807383300955,0.0005196955044212846
9,Boil(K),1983.0,1982.9996265248592,0.0003734751408046577,1.8833844720355903e-05
10,Boil(K),2600.0,2600.0147343725034,0.01473437250342613,0.0005667066347471586
11,Boil(K),1655.0,1654.999796385599,0.00020361440101623884,1.2302984955663973e-05
12,Boil(K),1943.0,1943.0000321200603,3.212006026842573e-05,1.6531168434598928e-06
13,Boil(K),1640.0,1639.9979499758008,0.002050024199206746,0.00012500147556138687
14,Boil(K),2512.0,2511.9984391898106,0.0015608101894031279,6.213416359088883e-05
15,Boil(K),1715.0,1715.001157359873,0.001157359873104724,6.748454070581478e-05
16,Boil(K),1978.0,1977.999513410243,0.0004865897569743538,2.4600088825801496e-05
17,Boil(K),1897.0,1897.0001055603339,0.00010556033385000774,5.564593244597137e-06
18,Boil(K),2573.0,2572.9963317326597,0.003668267340344755,0.0001425677162978917
19,Boil(K),1800.0,1799.9999240295206,7.59704794290883e-05,4.2205821905049035e-06
20,Boil(K),2500.0,2500.0056989600207,0.00569896002070891,0.0002279584008283563
21,Boil(K),2063.0,2062.9998882884615,0.00011171153846589732,5.415004288216058e-06
22,Boil(K),2493.0,2493.0046870246506,0.00468702465059323,0.00018800740676266458
23,Boil(K),2310.0,2309.9997830676134,0.00021693238659281633,9.391012406615422e-06
24,Boil(K),2762.0,2761.991723002577,0.008276997422854038,0.00029967405586003024
25,Boil(K),1195.0,1194.9989417257696,0.0010582742304450221,8.855851300795158e-05
27,Boil(K),2000.0,1999.999855292346,0.0001447076540443959,7.235382702219792e-06
28,Boil(K),1075.0,1075.0010323366398,0.0010323366398097278,9.603131533113738e-05
29,Boil(K),2550.0,2549.985645656815,0.014354343185004836,0.0005629154190197973
30,Boil(K),1723.0,1723.000065416418,6.541641801049991e-05,3.7966580389146766e-06
31,Boil(K),604.0,604.0006036907266,0.0006036907266206981,9.994879579812866e-05
32,Boil(K),1173.0,1173.0003455005394,0.00034550053942439263,2.9454436438567123e-05
61,Boil(K),1691.0,1691.0053735604122,0.0053735604121811775,0.00031777412254176075
108,Boil(K),1673.0,1672.9930272612103,0.006972738789727373,0.00041678056125088876
139,Boil(K),1673.0,1673.0014794760752,0.0014794760752465663,8.843252093524002e-05
384,Boil(K),1673.0,1673.0003217519677,0.0003217519677036762,1.9232036324188643e-05
555,Boil(K),1843.0,1843.0000076960491,7.696049124206183e-06,4.1758269800359084e-07
0,rho_a,2.56,2.5951235260625793,0.03512352606257929,1.3720127368189676
1,rho_a,2.28,2.288039231019172,0.008039231019172366,0.3525978517179316
2,rho_a,1.97,2.031209042304852,0.061209042304852135,3.1070579850162976
3,rho_a,2.53,2.5382106574795347,0.008210657479534866,0.3245319161870206
4,rho_a,3.18,3.2036395509492137,0.02363955094921355,0.743382105320947
5,rho_a,4.15,4.150264798373467,0.0002647983734664905,0.006380683697986184
7,rho_a,2.14,2.1867405357986627,0.04674053579866255,2.1841371868523694
8,rho_a,2.65,2.6322709820510966,0.01772901794890336,0.6690195452413837
9,rho_a,4.09,4.089980632499893,1.9367500106781677e-05,0.0004735330099456465
10,rho_a,5.79,5.765344844080314,0.024655155919686145,0.42582307287878907
11,rho_a,1.88,1.9214830299849899,0.04148302998498998,2.2065441481365915
12,rho_a,2.37,2.3651625310579427,0.004837468942057388,0.20411261358883317
13,rho_a,1.97,2.014957901388649,0.04495790138864897,2.2821269740419363
14,rho_a,3.24,3.2265655911151025,0.013434408884897664,0.4146422495337505
15,rho_a,2.14,2.209192399383171,0.06919239938317068,3.233289690800857
16,rho_a,2.76,2.762468514323448,0.00246851432344819,0.08943892476258318
17,rho_a,4.26,4.244166378827621,0.015833621172379075,0.37168124817782533
23,rho_a,3.39,3.4141259014159924,0.024125901415992246,0.7116785078461689
24,rho_a,4.78,4.758639365408086,0.021360634591914618,0.4468752006675763
25,rho_a,4.82,4.827564862051764,0.0075648620517636544,0.15694734547224243
26,rho_a,7.11,7.058684034359792,0.05131596564020846,0.7217435392433367
27,rho_a,6.27,6.290793465475054,0.02079346547505434,0.3316342181028872
28,rho_a,5.63,5.592962169414897,0.03703783058510268,0.6578655521331457
30,rho_a,7.78,7.546233034032595,0.23376696596740487,3.0047167862130437
31,rho_a,6.94,6.878374228801892,0.0616257711981083,0.8879794120763606
32,rho_a,5.36,5.350563563808563,0.009436436191437636,0.17605291401932602
33,rho_a,2.03,2.064138738686759,0.03413873868675932,1.6817112653567736
34,rho_a,1.99,2.005063559456625,0.015063559456624853,0.7569627867646875
35,rho_a,1.96,1.9983605761559673,0.03836057615596733,1.9571722528544775
36,rho_a,1.97,2.014540774113721,0.04454077411372093,2.2609530006953458
41,rho_a,2.14,2.1635944849746576,0.023594484974657437,1.102546026852636
42,rho_a,2.14,2.164125610463558,0.024125610463557656,1.1273649749320738
43,rho_a,2.13,2.149120924255692,0.019120924255692007,0.8976959744452127
44,rho_a,2.13,2.1537535922825626,0.023753592282562686,1.1151921259413866
45,rho_a,2.13,2.157461024390151,0.027461024390150968,1.2892499713679848
46,rho_a,2.14,2.1798089534124627,0.0398089534124626,1.8602314678712146
47,rho_a,2.08,2.0982328307786493,0.018232830778649234,0.8765784028192533
48,rho_a,2.22,2.2124857323624054,0.007514267637594774,0.3384805242158283
49,rho_a,2.26,2.256177658428093,0.003822341571906751,0.16913015804889645
50,rho_a,2.16,2.161564532824898,0.0015645328248976575,0.07243207522670986
51,rho_a,2.19,2.1919484737122974,0.0019484737122974494,0.08897140238797076
53,rho_a,2.19,2.196630253507049,0.006630253507049044,0.3027513016915989
54,rho_a,2.1,2.0938597294035572,0.006140270596442843,0.2923938379257104
57,rho_a,2.14,2.1583176366997625,0.018317636699762385,0.8559643317641974
59,rho_a,2.0,2.0337506903336258,0.033750690333625766,1.6875345166804445
61,rho_a,2.06,2.0813593912784003,0.021359391278400253,1.036863654290771
62,rho_a,2.08,2.1059008676432116,0.025900867643211534,1.245234021307648
64,rho_a,2.16,2.176053009372472,0.016053009372472005,0.7431948783548412
66,rho_a,2.14,2.1748839442801784,0.03488394428017827,1.630090854213176
67,rho_a,5.68,5.662268483841136,0.01773151615886359,0.312174580261628
69,rho_a,4.88,4.868191517276432,0.011808482723568048,0.24197710499109892
70,rho_a,4.86,4.868362425415951,0.008362425415950447,0.17206636658330712
72,rho_a,4.53,4.544635757211323,0.014635757211323153,0.32308514815275763
74,rho_a,4.61,4.5856889574842885,0.02431104251571181,0.5273545014253045
75,rho_a,4.43,4.446665293792027,0.01666529379202686,0.376191733454246
77,rho_a,4.12,4.095203887279993,0.024796112720006924,0.6018473961165268
78,rho_a,3.99,3.9799485856753236,0.0100514143246766,0.25191514598180653
79,rho_a,3.8,3.771533955750046,0.028466044249953804,0.7491064276301661
80,rho_a,3.61,3.611960563189523,0.001960563189522979,0.05430922962666028
81,rho_a,3.55,3.541719425892515,0.008280574107484728,0.23325560866147593
82,rho_a,3.49,3.4472830386599633,0.042716961340036885,1.223981700287239
84,rho_a,3.33,3.3200138944941173,0.009986105505882747,0.2998830482246171
85,rho_a,3.12,3.136181731045675,0.016181731045675107,0.5186452258227539
86,rho_a,2.76,2.768789820993812,0.008789820993812203,0.3184717751380079
87,rho_a,2.67,2.662482185697398,0.0075178143026017885,0.2815660787490252
88,rho_a,2.58,2.6023592187436,0.022359218743599918,0.8666363854105136
89,rho_a,2.55,2.5483598603701854,0.0016401396298144633,0.06431920116916942
90,rho_a,2.4679,2.45985676169639,0.008043238303610423,0.32591427138892026
91,rho_a,2.3804,2.3897622715960436,0.009362271596043747,0.3933066541774414
92,rho_a,2.3369,2.348545329296423,0.011645329296423146,0.49832381772511286
93,rho_a,2.3173,2.326273941693518,0.00897394169351795,0.3872585204122935
94,rho_a,2.2469,2.22997147360823,0.016928526391770227,0.7534169919338952
95,rho_a,2.1695,2.182370110100761,0.01287011010076089,0.5932293201546419
97,rho_a,2.42,2.41029379630267,0.009706203697330107,0.4010827974101693
98,rho_a,2.46,2.448797166445951,0.01120283355404883,0.4553997379692795
99,rho_a,2.52,2.5213813017120184,0.0013813017120183346,0.05481356000070581
101,rho_a,2.58,2.6049753261154276,0.02497532611542752,0.9680358959464279
103,rho_a,2.63,2.6031626870012254,0.026837312998774454,1.020430152044268
104,rho_a,2.12,2.137693250058005,0.017693250058004928,0.8345872668866311
106,rho_a,2.08,2.091254821321708,0.011254821321708075,0.5410971789280127
108,rho_a,2.03,2.0548101074426004,0.024810107442600593,1.2221727804230726
110,rho_a,2.0,2.0195949012930887,0.019594901293088718,0.979745064653946
112,rho_a,1.97,1.9894559946734385,0.019455994673438504,0.9876139428136359
113,rho_a,1.9123,1.946370234905285,0.034070234905284824,1.7816365060538097
114,rho_a,1.9421,1.9664019032581759,0.02430190325817594,1.2513209030515124
115,rho_a,1.9625,1.9847331754758046,0.022233175475804723,1.1329006611869246
116,rho_a,1.9989,2.016576519652755,0.017676519652755296,0.8843123544322604
117,rho_a,2.0489,2.0755869594286693,0.026686959428669166,1.302501802364983
118,rho_a,2.0877,2.1085016724448065,0.020801672444806574,0.9963918400534851
127,rho_a,2.08,2.097943047380088,0.017943047380088117,0.8626465086576678
130,rho_a,2.16,2.157871808175159,0.0021281918248412524,0.0985273992981605
135,rho_a,2.35,2.3293904145288216,0.020609585471178526,0.8770036370710534
139,rho_a,2.41,2.412502578547204,0.0025025785472037043,0.10384143349388654
141,rho_a,3.3,3.328384149424923,0.028384149424923066,0.8601257401489232
142,rho_a,4.89,4.874897984683258,0.01510201531674138,0.3088346690539528
143,rho_a,4.79,4.729181171925248,0.06081882807475214,1.2697041351720133
144,rho_a,6.16,6.196579302043556,0.03657930204355608,0.5938198383693205
145,rho_a,6.93,6.882657064447249,0.047342935552750376,0.6831592431853325
146,rho_a,7.35,7.298132652895478,0.05186734710452168,0.7056781918981582
147,rho_a,7.89,7.880545914489979,0.00945408551002025,0.11982364397996263
148,rho_a,6.96,6.900558643331424,0.059441356668576084,0.8540424808702233
150,rho_a,6.39,6.324581374817566,0.06541862518243402,1.0237656523071015
152,rho_a,6.11,6.07164549022935,0.03835450977065058,0.6277333841349313
154,rho_a,4.46,4.430731662361625,0.029268337638375108,0.65624075422351
155,rho_a,4.74,4.731736818184483,0.008263181815516774,0.17432873028512721
156,rho_a,4.49,4.4978620444273245,0.0078620444273243,0.17510121218981176
157,rho_a,4.42,4.4405616341956105,0.020561634195610523,0.465195343791988
158,rho_a,3.88,3.884861517118917,0.004861517118917025,0.1252968329617467
159,rho_a,3.82,3.823213437418345,0.003213437418345233,0.08412139838597885
160,rho_a,3.68,3.702239189671187,0.022239189671186654,0.6043258062820818
161,rho_a,3.21,3.1961337975725477,0.01386620242745229,0.431968922973457
162,rho_a,3.19,3.1950637123498256,0.005063712349825611,0.15873706425780637
163,rho_a,3.25,3.239891599897331,0.010108400102669002,0.31102769546664283
164,rho_a,3.29,3.308857801471509,0.01885780147150884,0.5731854550608847
165,rho_a,3.25,3.239400121786077,0.010599878213922942,0.3261500988898363
166,rho_a,3.23,3.2228808044978288,0.007119195502171216,0.2204085294789168
167,rho_a,3.18,3.187834676140195,0.00783467614019484,0.24637346352806214
168,rho_a,3.0,3.007414409036434,0.007414409036433867,0.2471469678810465
169,rho_a,2.88,2.846158391845149,0.03384160815485071,1.175055838709686
170,rho_a,3.34,3.353632732435336,0.013632732435336248,0.4081656417764122
171,rho_a,3.32,3.340821465950729,0.020821465950729312,0.6271525888772
172,rho_a,3.02,3.054449611437943,0.034449611437942895,1.1407156105275327
173,rho_a,3.3,3.329378545505024,0.029378545505024167,0.8902589546974323
174,rho_a,3.44,3.4560778063732513,0.016077806373251402,0.46737809224554444
175,rho_a,1.87,1.9269268491207323,0.056926849120732204,3.0442165305188102
176,rho_a,2.11,2.1517248652209893,0.04172486522098939,1.9774817640269962
177,rho_a,2.57,2.5848342372801616,0.014834237280161755,0.5772076762706608
179,rho_a,2.53,2.523109476657484,0.006890523342515831,0.2723527012851031
181,rho_a,2.6,2.609695452139806,0.009695452139805827,0.37290200537700374
182,rho_a,2.737,2.742558525988952,0.005558525988951679,0.20308827142673175
183,rho_a,2.8284,2.825215273445374,0.003184726554625872,0.11259816697160041
184,rho_a,3.0937,3.117387605629499,0.023687605629498787,0.7656723544458457
185,rho_a,3.1491,3.1555019087553,0.006401908755300223,0.20329328237585947
186,rho_a,3.3373,3.3347750722381884,0.0025249277618115684,0.0756578000722384
187,rho_a,3.7062,3.723254658340326,0.017054658340326156,0.4601656235584036
188,rho_a,3.8372,3.8531369248347356,0.01593692483473541,0.41532692678857647
189,rho_a,3.9815,3.985209030715048,0.003709030715048023,0.09315661723087006
190,rho_a,3.878,3.8909576570106768,0.012957657010676638,0.33413246546346814
191,rho_a,4.3678,4.388629590341021,0.020829590341021387,0.4768897463486565
192,rho_a,4.6945,4.661698218040676,0.03280178195932404,0.6987279147793599
193,rho_a,2.5583,2.5564819554529787,0.0018180445470212803,0.07106455642499197
194,rho_a,2.5232,2.524206769653036,0.0010067696530358106,0.03990050939423793
195,rho_a,2.4333,2.4292406537721063,0.004059346227893723,0.16682473299190625
196,rho_a,2.3593,2.3555060931576386,0.003793906842361583,0.16080646133853152
197,rho_a,2.3152,2.3202765398055,0.005076539805500158,0.21927003306401024
198,rho_a,2.2777,2.2663509804802615,0.011349019519738324,0.4982666514349274
199,rho_a,2.23,2.2219262408311895,0.00807375916881048,0.3620519806639847
200,rho_a,2.215,2.2011007405571332,0.01389925944286663,0.627506069655095
201,rho_a,2.1577,2.1623722544488997,0.0046722544488995155,0.21653864990023403
202,rho_a,2.01,2.0302641942035438,0.020264194203543973,1.0081688658474572
205,rho_a,2.03,2.046334948579189,0.016334948579189046,0.8046772699103941
209,rho_a,2.07,2.0774224696363826,0.007422469636382711,0.35857341238546503
214,rho_a,2.15,2.1710403618164316,0.021040361816431652,0.9786214798335752
216,rho_a,2.14,2.144968283109943,0.004968283109942906,0.23216276214675624
218,rho_a,2.2,2.1917991699661066,0.008200830033893602,0.3727650015404488
220,rho_a,2.2,2.1910407211771394,0.008959278822860739,0.4072399464934848
222,rho_a,2.13,2.128923710411479,0.0010762895885210177,0.05053002763007101
224,rho_a,2.12,2.119223572351223,0.000776427648776945,0.03662394569700843
226,rho_a,2.04,2.0495334571269646,0.009533457126964517,0.46732632975293353
227,rho_a,2.05,2.07831116120146,0.028311161201460155,1.38103225372909
229,rho_a,2.14,2.164100101635856,0.024100101635855964,1.1261729736376027
230,rho_a,2.14,2.168778705407471,0.028778705407471072,1.3447993181054962
231,rho_a,4.12,4.0967166354659765,0.023283364534023576,0.5651302071363574
232,rho_a,3.63,3.6013385431775315,0.028661456822468345,0.7895718132909215
233,rho_a,4.29,4.309635417822969,0.01963541782296918,0.45770204715535207
234,rho_a,4.13,4.118452686389435,0.011547313610565269,0.27959597120005986
235,rho_a,4.02,4.012051091134853,0.007948908865146542,0.19773405137175537
236,rho_a,3.91,3.8880902649251725,0.02190973507482763,0.5603512806859853
237,rho_a,3.83,3.8209990371689138,0.009000962831086312,0.23501208436250554
238,rho_a,3.77,3.7766627425024777,0.00666274250247767,0.176730570357451
239,rho_a,3.69,3.7079922806112093,0.017992280611209388,0.4875956805204475
240,rho_a,3.64,3.6457928106198816,0.005792810619881461,0.1591431488977986
241,rho_a,3.59,3.602297275152094,0.012297275152094223,0.34254248334514753
242,rho_a,3.47,3.4492003619664966,0.020799638033503598,0.599413199812611
243,rho_a,3.23,3.230684213532972,0.0006842135329718779,0.021183081516150653
244,rho_a,3.16,3.14855576505122,0.011444234948779997,0.36215933382203713
245,rho_a,2.82,2.822367891067734,0.0023678910677342735,0.08396776835934162
251,rho_a,4.54,4.492558640963529,0.04744135903647084,1.044963855428643
252,rho_a,4.22,4.195838117204021,0.024161882795978862,0.572556464359553
254,rho_a,3.85,3.8335094474830638,0.01649055251693632,0.4283260394008321
256,rho_a,3.17,3.1768526696257275,0.006852669625727614,0.21617254339827927
258,rho_a,2.37,2.367118670939069,0.0028813290609313036,0.12157506586202901
259,rho_a,2.34,2.348718607867127,0.008718607867127304,0.3725900797916059
260,rho_a,2.23,2.2368666607894285,0.006866660789428547,0.3079220084944156
261,rho_a,2.18,2.1941799722430773,0.0141799722430771,0.6504574423426878
262,rho_a,2.6228,2.695293679193924,0.07249367919392435,2.7639804481430805
263,rho_a,3.1962,3.199218104521824,0.00301810452182405,0.09442789943755414
264,rho_a,3.5606,3.543021337477709,0.017578662522291122,0.49369944734837345
265,rho_a,4.0976,4.074240163373638,0.023359836626362096,0.5700858216115872
266,rho_a,4.4433,4.447035993532016,0.0037359935320164794,0.08408150545800731
268,rho_a,4.6328,4.627437544786114,0.005362455213886008,0.11574976717934836
271,rho_a,5.189,5.21668363504092,0.027683635040919974,0.5335061676799892
272,rho_a,5.3611,5.30846117730615,0.052638822693850784,0.9818660852034277
274,rho_a,5.53,5.497431746150079,0.032568253849921014,0.5889376826386098
275,rho_a,5.63,5.581017397291625,0.04898260270837529,0.870028467288927
276,rho_a,4.93,4.962074664102573,0.032074664102573536,0.6506017059344226
277,rho_a,4.86,4.911203002560974,0.051203002560973765,1.0535597234766096
279,rho_a,4.72,4.726796928644916,0.0067969286449161,0.14400272552785298
280,rho_a,4.69,4.684131177285318,0.005868822714682587,0.12513481267977258
283,rho_a,4.45,4.472666836918611,0.022666836918610933,0.5093671217664233
285,rho_a,4.13,4.1196230572891075,0.0103769427108924,0.2512576927576244
287,rho_a,3.86,3.8862067717565445,0.026206771756544622,0.6789319107911356
289,rho_a,3.41,3.437025621278267,0.027025621278266687,0.7925402134386733
292,rho_a,2.3445,2.3331098548207434,0.011390145179256628,0.48582406394761224
294,rho_a,2.9844,2.982530571949869,0.0018694280501310168,0.06263999631853606
295,rho_a,3.3512,3.3584325769203653,0.007232576920365386,0.21582050967901728
296,rho_a,3.4894,3.4627010746884843,0.02669892531151552,0.7651437299108118
297,rho_a,3.5102,3.5041962058901435,0.0060037941098567416,0.17103851945345083
298,rho_a,3.814,3.8256999498174706,0.011699949817470578,0.3067632359063322
299,rho_a,4.0148,4.010927009228245,0.0038729907717547363,0.09646783829216328
300,rho_a,4.0705,4.077238625512529,0.006738625512529239,0.1655478568364472
301,rho_a,4.2327,4.217931079690893,0.014768920309107259,0.34892433456431515
303,rho_a,4.3478,4.36070948540249,0.012909485402489373,0.2969199457768619
305,rho_a,4.4816,4.515125886355394,0.03352588635539355,0.7480785066803389
306,rho_a,4.6067,4.618498152371065,0.011798152371064852,0.25610854561969065
308,rho_a,4.7798,4.765844156275677,0.01395584372432257,0.29197547437800014
310,rho_a,5.0017,5.04826716171401,0.04656716171401065,0.9310266852070564
312,rho_a,2.4133,2.4179294591427123,0.004629459142712289,0.19183106711599762
314,rho_a,2.9156,2.9528684555523657,0.03726845555236569,1.2782430906966973
315,rho_a,3.1907,3.2257608298396905,0.03506082983969039,1.0988444491703826
316,rho_a,3.3889,3.4303187631365626,0.041418763136562564,1.222189003409671
317,rho_a,3.5373,3.5524320427051395,0.015132042705139348,0.4277851102574017
318,rho_a,3.79,3.8057676875729416,0.015767687572941558,0.41603397290072286
319,rho_a,3.85,3.8402667470696654,0.009733252930334668,0.25281176442421144
320,rho_a,4.11,4.105625942590374,0.004374057409626708,0.10642475449210811
321,rho_a,4.17,4.163931113543391,0.006068886456608524,0.1455368454821839
323,rho_a,4.51,4.546903402217304,0.03690340221730448,0.8182572553724236
324,rho_a,4.71,4.6953055220185185,0.01469447798148149,0.3119846705197106
325,rho_a,5.25,5.255116173968726,0.005116173968725768,0.09745093273761511
326,rho_a,5.54,5.471779373298452,0.06822062670154772,1.2314192545403502
328,rho_a,5.46,5.453935510499831,0.0060644895001686905,0.11107123626680548
329,rho_a,5.83,5.794306271472326,0.03569372852767394,0.612242341812484
331,rho_a,5.7,5.762893586700365,0.0628935867003646,1.1033962579009398
333,rho_a,6.16,6.141548639812758,0.01845136018724247,0.29953506797466684
334,rho_a,6.36,6.372725940598719,0.012725940598718566,0.20009340564019754
335,rho_a,6.31,6.240876023889113,0.06912397611088661,1.0954671332943844
337,rho_a,6.2096,6.186094078171543,0.023505921828457232,0.37854164243193517
339,rho_a,6.26,6.214159757567896,0.04584024243210383,0.7322722433242254
340,rho_a,6.2957,6.326672558475391,0.0309725584753906,0.491963697053317
341,rho_a,6.42,6.57463852815661,0.15463852815661028,2.4086998155231494
342,rho_a,2.4,2.4022993837836717,0.0022993837836717823,0.095807657652951
343,rho_a,2.43,2.420379108599028,0.00962089140097211,0.395921456829965
344,rho_a,2.47,2.4570337972889122,0.012966202711087949,0.5249474781814857
345,rho_a,2.53,2.5753111041547356,0.045311104154735826,1.79095273338806
346,rho_a,2.56,2.5664902860730106,0.006490286073010498,0.25352679972687353
347,rho_a,2.58,2.607224561646611,0.027224561646610912,1.0552155676976882
348,rho_a,2.58,2.600336564179858,0.020336564179857852,0.7882389216996112
349,rho_a,2.68,2.661116699009423,0.018883300990577112,0.7046007832302262
350,rho_a,2.92,2.884108476845392,0.035891523154607974,1.229161751869715
352,rho_a,7.13,7.054634941064496,0.07536505893550416,1.0570134493056604
353,rho_a,6.96,7.023748977676076,0.06374897767607646,0.9159335872998174
354,rho_a,6.54,6.669846009878972,0.129846009878972,1.9854129950910113
355,rho_a,6.04,6.079105948798006,0.03910594879800566,0.6474494834105826
356,rho_a,5.55,5.536476686612845,0.013523313387154623,0.24366330427301236
357,rho_a,5.0,5.055431646212076,0.0554316462120763,1.1086329242413042
358,rho_a,4.43,4.438051528118259,0.008051528118259377,0.18175007038956117
359,rho_a,3.75,3.746329300863131,0.0036706991368689046,0.09788531031647801
360,rho_a,6.58,6.632905118966919,0.05290511896691896,0.8040291636308651
362,rho_a,6.82,6.763863656906869,0.0561363430931312,0.8231135350897796
363,rho_a,6.08,6.090743115057306,0.01074311505730563,0.17669597133723458
365,rho_a,5.51,5.493704276238718,0.016295723761281522,0.29574816263663456
366,rho_a,4.78,4.72092725470789,0.05907274529211026,1.2358314914664832
367,rho_a,4.79,4.764998223888966,0.025001776111033713,0.5219577476206366
368,rho_a,4.34,4.359827375855388,0.019827375855387963,0.4568519782346404
369,rho_a,4.06,4.080249362184876,0.020249362184876496,0.4987527631741751
371,rho_a,3.86,3.87878883765861,0.01878883765861028,0.486757452295477
372,rho_a,3.66,3.6893355595262953,0.029335559526295185,0.8015180198439117
373,rho_a,3.41,3.4188793302932496,0.008879330293249499,0.26039091769052475
374,rho_a,3.02,3.043329271475768,0.02332927147576802,0.7724924329721952
376,rho_a,2.54,2.5432842522672017,0.003284252267201637,0.12930127036221828
378,rho_a,2.54,2.5433037817517317,0.003303781751731627,0.13007014770591835
380,rho_a,2.51,2.510069501732219,6.950173221920153e-05,0.002768993315504934
381,rho_a,2.56,2.5634375482820686,0.0034375482820685477,0.13427922976825019
382,rho_a,2.38,2.3861827498971397,0.00618274989713985,0.2597794074427417
385,rho_a,2.53,2.5293809371146962,0.0006190628853035562,0.024468888747166465
386,rho_a,2.58,2.6097477178156714,0.029747717815671315,1.1530123184364256
387,rho_a,2.55,2.5548077846364006,0.004807784636400747,0.18854057397642596
388,rho_a,2.45,2.4407953595700014,0.0092046404299988,0.37569960938755276
390,rho_a,2.55,2.554783745880226,0.004783745880226231,0.18759787765585706
392,rho_a,2.35,2.343736545704515,0.006263454295484916,0.26652997002052126
393,rho_a,2.69,2.6967465608921,0.0067465608921000175,0.25080152015232376
394,rho_a,3.02,3.0477875493483424,0.027787549348342377,0.9201175280905025
395,rho_a,3.27,3.29912525131729,0.029125251317290157,0.8906804684183869
396,rho_a,3.61,3.6371279357912996,0.027127935791299684,0.7514663654097554
397,rho_a,3.91,3.900082172886143,0.009917827113857136,0.2536528673620102
398,rho_a,4.26,4.247923899698877,0.012076100301122494,0.28347653289013286
399,rho_a,4.63,4.624594964289335,0.005405035710665196,0.11673943219576735
400,rho_a,2.52,2.527416658291509,0.0074166582915089485,0.294311836964524
401,rho_a,2.6122,2.604231576498754,0.007968423501246047,0.3050464551429062
402,rho_a,2.84,2.840548702091444,0.0005487020914443086,0.019320496177609697
403,rho_a,2.97,2.9553965305585703,0.014603469441429873,0.491699307792086
404,rho_a,3.14,3.1651191049012546,0.025119104901254463,0.7999714936702694
405,rho_a,3.41,3.432839839053837,0.022839839053836908,0.6697900015785985
406,rho_a,3.61,3.6316385111459057,0.02163851114590587,0.599404740883653
407,rho_a,4.17,4.187278984134207,0.017278984134207143,0.41436412791853716
408,rho_a,2.07,2.106985235177405,0.03698523517740515,1.7867263370718496
409,rho_a,2.04,2.0340018109424918,0.005998189057508263,0.29402887536790795
410,rho_a,2.03,2.058229923050548,0.028229923050548056,1.3906366034745887
411,rho_a,1.91,1.9865046154595174,0.07650461545951748,4.005477249187299
412,rho_a,3.0445,3.049301899743691,0.0048018997436907185,0.1577237557460713
413,rho_a,3.01,3.037610640800131,0.027610640800131314,0.9172970365489084
414,rho_a,2.74,2.736118802008319,0.0038811979916810735,0.14164956174013346
415,rho_a,2.57,2.5882670975439863,0.018267097543986477,0.7107820056023101
416,rho_a,2.31,2.3192740379931616,0.00927403799316151,0.40147350619729416
417,rho_a,2.19,2.205109753433173,0.015109753433173001,0.6899430791400046
418,rho_a,4.19,4.176466941192704,0.013533058807296605,0.3229846970714409
419,rho_a,3.54,3.5195845224631235,0.02041547753687656,0.57670840499635
420,rho_a,3.0,3.011521395073328,0.011521395073327945,0.3840465024441368
421,rho_a,2.81,2.8143390416764302,0.004339041676430178,0.1544142945348268
422,rho_a,2.6,2.623896894415843,0.023896894415842862,0.9191113236859103
423,rho_a,2.15,2.19131020859939,0.04131020859938994,1.9214050511335221
424,rho_a,4.4034,4.431537714204782,0.028137714204781616,0.6389997321336972
425,rho_a,3.88,3.8857456813960307,0.005745681396030822,0.14808457206261189
426,rho_a,3.74,3.7729160752156736,0.03291607521567341,0.8801089629856848
427,rho_a,3.26,3.2884131597203394,0.028413159720339642,0.8715693165745684
428,rho_a,2.62,2.6138601369282117,0.006139863071788376,0.23434591877045924
429,rho_a,2.5,2.517308527957989,0.017308527957989206,0.6923411183192912
430,rho_a,3.1,3.1338867477056853,0.03388674770568523,1.0931208937314287
431,rho_a,2.84,2.8426227051254633,0.002622705125463476,0.0923487720233293
432,rho_a,2.78,2.799481494110972,0.019481494110971997,0.7007731694591723
433,rho_a,2.66,2.647692409852446,0.012307590147554226,0.462691358930436
434,rho_a,2.43,2.4312185288843184,0.0012185288843182818,0.05014522157686338
435,rho_a,2.24,2.2353510801228036,0.004648919877196622,0.2075410659461851
436,rho_a,3.37,3.397883119556496,0.027883119556495917,0.8273922717058647
437,rho_a,3.46,3.445632272498626,0.014367727501373828,0.4152522399239791
438,rho_a,3.19,3.1851721877777153,0.0048278122222846775,0.15134207593364152
439,rho_a,2.97,2.9523850205118602,0.017614979488139948,0.5930969524624248
440,rho_a,2.82,2.820436984165262,0.00043698416526227746,0.01549589238518165
441,rho_a,2.43,2.431780996944547,0.0017809969445470308,0.07329205533112336
442,rho_a,4.15,4.182957954308855,0.03295795430885473,0.7941675737071515
443,rho_a,3.7551,3.7760225985462568,0.020922598546256665,0.5571781988828818
444,rho_a,3.59,3.6103395046849247,0.020339504684924847,0.5665600190785287
445,rho_a,3.31,3.335033257224576,0.025033257224575944,0.7562917590504042
446,rho_a,3.1,3.131011733110818,0.03101173311081773,1.0003784874454105
447,rho_a,2.69,2.6918920609548778,0.0018920609548778167,0.07033683847126815
448,rho_a,4.1,4.090920119645564,0.00907988035443541,0.22146049644959015
449,rho_a,4.02,4.005942501875973,0.01405749812402668,0.3496890080602782
450,rho_a,3.63,3.617503933711835,0.012496066288164798,0.3442442503625718
451,rho_a,2.96,2.9342137489856777,0.025786251014322303,0.8711571288619456
452,rho_a,2.58,2.6046975308626314,0.02469753086263138,0.9572686380861164
453,rho_a,2.37,2.369361486427177,0.000638513572823296,0.0269415009629969
454,rho_a,3.6,3.6010691353093645,0.0010691353093643663,0.02969820303789081
455,rho_a,3.2,3.1996629915729713,0.00033700842702888423,0.01053151334464934
456,rho_a,3.2,3.19592452358181,0.0040754764181900605,0.1273586380683996
457,rho_a,2.69,2.6941293018756767,0.0041293018756767275,0.15350564593588076
458,rho_a,2.74,2.7438704482926193,0.0038704482926190664,0.14125723695684866
459,rho_a,2.41,2.420297987715717,0.010297987715716772,0.42730239484284227
460,rho_a,2.91,2.8744058826596053,0.03559411734039486,1.2231655443430456
461,rho_a,2.85,2.842535337550476,0.007464662449524262,0.2619179806849699
462,rho_a,2.62,2.616049755417949,0.003950244582051177,0.1507726939713614
463,rho_a,2.54,2.5496159729693724,0.009615972969372333,0.3785816129672656
464,rho_a,2.17,2.2161176816590364,0.046117681659036514,2.1252387861297355
465,rho_a,2.16,2.1754098300212648,0.015409830021264614,0.713418056539698
486,rho_a,5.67,5.679698233110525,0.009698233110524868,0.17104467567060241
487,rho_a,5.16,5.1801808650368235,0.02018086503682337,0.3911020355972763
488,rho_a,4.55,4.56081370224695,0.010813702246950108,0.2376637856472029
489,rho_a,3.95,3.9561758682901704,0.00617586829017025,0.1563510959536376
490,rho_a,3.38,3.3799048591217034,9.514087829654017e-05,0.00281481888451219
491,rho_a,3.1,3.1172516023974177,0.01725160239741763,0.5565033031423247
492,rho_a,2.79,2.801221105769814,0.011221105769814166,0.40219017096093707
493,rho_a,5.65,5.651754296693392,0.001754296693391666,0.031049498998077085
494,rho_a,4.89,4.875054383463446,0.014945616536553352,0.3056363299908036
495,rho_a,4.09,4.064059825216054,0.025940174783945835,0.6342341022968091
496,rho_a,3.46,3.4418708658591566,0.018129134140843384,0.5239634144750909
497,rho_a,3.1,3.120718267592814,0.0207182675928137,0.668331212671194
498,rho_a,2.77,2.769084348645738,0.0009156513542620814,0.03305600556901628
499,rho_a,5.64,5.662991769344486,0.0229917693444861,0.4076554848312416
500,rho_a,4.71,4.709531647344109,0.00046835265589084685,0.00994379311869952
501,rho_a,4.2,4.19993940823966,6.059176033978986e-05,0.0014426609604708436
502,rho_a,3.68,3.691852749655525,0.011852749655524963,0.3220855884652647
503,rho_a,3.1889,3.1812816947136713,0.007618305286328564,0.23890072709480306
504,rho_a,2.95,2.926509091513545,0.023490908486455186,0.7963019825914313
505,rho_a,5.11,5.085519227206473,0.02448077279352745,0.4790757885229483
506,rho_a,4.55,4.576202582020573,0.026202582020573573,0.5758809235289629
507,rho_a,4.04,4.0448367130885705,0.004836713088570477,0.11972062100419008
508,rho_a,3.68,3.6942513321353307,0.014251332135330586,0.38726446019909544
509,rho_a,3.21,3.182070405983362,0.02792959401663797,0.8700808104868931
510,rho_a,2.79,2.801332965358223,0.011332965358223035,0.4061994752049811
511,rho_a,4.91,4.958410389233995,0.04841038923399488,0.9859549742155808
512,rho_a,4.1,4.105290990748429,0.005290990748429536,0.1290485548397133
513,rho_a,4.06,4.080089706173394,0.020089706173394006,0.4948203490982527
514,rho_a,3.59,3.6104835850980637,0.020483585098063806,0.5705734010601142
515,rho_a,3.4068,3.4319208885728485,0.025120888572848443,0.7373749140789324
516,rho_a,3.06,3.06426783309868,0.004267833098679841,0.1394716698914525
517,rho_a,2.6,2.6078019466760676,0.007801946676067484,0.3000748721563263
518,rho_a,2.01,2.0157778652293388,0.005777865229338985,0.28745598155901053
519,rho_a,1.98,1.9765383260684255,0.0034616739315744827,0.1748320167460977
520,rho_a,2.03,2.0366112997340355,0.006611299734035736,0.32567978985381674
521,rho_a,2.04,2.0469079244146204,0.006907924414620403,0.3386237458145596
522,rho_a,2.02,2.0368552237849213,0.016855223784921325,0.834417019055098
523,rho_a,2.0,2.0244070070211215,0.02440700702112153,1.2203503510554663
524,rho_a,2.03,2.0412441943956123,0.011244194395612528,0.5539012017540389
525,rho_a,2.05,2.0603817175347023,0.010381717534702517,0.5064252455949977
526,rho_a,2.07,2.0783274027664147,0.00832740276641486,0.40228998871549937
527,rho_a,2.11,2.111359656516248,0.0013596565162479202,0.06443869745247753
528,rho_a,5.5,5.479846882029758,0.020153117970242107,0.36642032673160807
529,rho_a,5.14,5.11105552289498,0.028944477105019573,0.5631221226656409
530,rho_a,4.33,4.336252113259813,0.006252113259813008,0.14439060646216084
531,rho_a,4.06,4.071298283763445,0.01129828376344566,0.2782828513163271
532,rho_a,3.17,3.1920693577191033,0.022069357719103344,0.696194249813766
533,rho_a,4.64,4.641449256417072,0.0014492564170724975,0.031233974505866062
534,rho_a,4.68,4.655755997962553,0.024244002037447032,0.5180342315692703
535,rho_a,4.2,4.187623443057032,0.012376556942967909,0.2946799272134515
536,rho_a,3.58,3.5479233389297073,0.03207666107029272,0.8959961192816693
537,rho_a,2.84,2.8403545771138035,0.00035457711380360024,0.012485109640967443
538,rho_a,5.56,5.580635866978215,0.020635866978214956,0.37114868665847567
539,rho_a,5.24,5.27069705711608,0.03069705711607984,0.5858217006884348
540,rho_a,4.21,4.174527982968613,0.03547201703138736,0.842565725210901
541,rho_a,4.35,4.349706462553336,0.0002935374466632723,0.0067479872796139045
542,rho_a,3.82,3.818643900428806,0.0013560995711938695,0.035499988774699336
543,rho_a,5.56,5.561309254146197,0.001309254146197425,0.023547736442395495
544,rho_a,5.22,5.2128969917774315,0.007103008222568263,0.13607295445530465
545,rho_a,4.44,4.43641047726403,0.003589522735970796,0.08084510666599071
546,rho_a,4.39,4.380744166681637,0.009255833318362328,0.21083902775308017
547,rho_a,4.05,4.058895906834598,0.0088959068345984,0.21965202060731365
548,rho_a,3.27,3.312700411373055,0.042700411373055136,1.3058229777688708
549,rho_a,3.3,3.303282364379248,0.003282364379248115,0.09946558724991274
550,rho_a,4.04,4.024837051309092,0.015162948690908173,0.3753205121510995
551,rho_a,4.44,4.422400988796681,0.017599011203319748,0.3963741262008059
553,rho_a,2.7,2.704965342567547,0.00496534256754666,0.18390157657573408
554,rho_a,2.38,2.383831327288436,0.0038313272884362704,0.16098013816952356
555,rho_a,2.68,2.683415909542746,0.003415909542745954,0.12745931129644325
556,rho_a,2.5,2.49605314485174,0.003946855148260209,0.1578742059303452
557,rho_a,2.52,2.510922868495064,0.009077131504935831,0.36020363114810433
558,rho_a,2.51,2.503690229616648,0.006309770383351676,0.25138527423701845
559,rho_a,2.49,2.477103815731029,0.012896184268971211,0.517919046946427
560,rho_a,2.47,2.4537340294757524,0.01626597052424783,0.6585413167709006
561,rho_a,2.53,2.5059995679345617,0.024000432065438115,0.9486336784754399
562,rho_a,2.42,2.3963198557912344,0.02368014420876552,0.978518355733708
564,rho_a,2.75,2.7582185236218812,0.008218523621881246,0.29885540443193664
565,rho_a,2.76,2.7639973597027376,0.003997359702737846,0.14483187328755065
566,rho_a,2.71,2.7011979998836817,0.008802000116318265,0.32479705226254674
567,rho_a,2.66,2.631291290244974,0.028708709755026263,1.0792748028201304
568,rho_a,2.72,2.732055512841093,0.012055512841092852,0.4432173838635448
569,rho_a,2.66,2.6324531796710393,0.02754682032896083,1.0355947492086643
570,rho_a,2.65,2.624033915512198,0.02596608448780202,0.979852244822348
571,rho_a,2.58,2.5902061709319137,0.010206170931913672,0.39558802061665566
572,rho_a,2.54,2.522242871880266,0.017757128119733956,0.6990995322727152
573,rho_a,2.97,2.9569624408403463,0.013037559159653878,0.4389750558804541
574,rho_a,3.0,3.020355179490947,0.020355179490946895,0.678505983031337
576,rho_a,3.0,3.0191315857447796,0.019131585744779578,0.6377195248257733
577,rho_a,3.3,3.3139226809299904,0.013922680929990605,0.4218994221207996
578,rho_a,3.26,3.2741757314865394,0.014175731486539611,0.43483838915752343
579,rho_a,3.14,3.1603581668911582,0.020358166891158103,0.6483492640494146
580,rho_a,3.15,3.1703465089710026,0.020346508971002653,0.6459209197141649
581,rho_a,3.04,3.0520340535645243,0.01203405356452425,0.39585702514869375
582,rho_a,2.99,2.9513158110645326,0.038684188935467656,1.2937855831255758
583,rho_a,3.71,3.7355754763997555,0.025575476399755548,0.6893659406940338
584,rho_a,3.53,3.522648237708039,0.007351762291960995,0.20826522073537995
585,rho_a,3.64,3.6435086275972495,0.0035086275972493475,0.09639086805627427
586,rho_a,3.5,3.4989187494316165,0.001081250568383485,0.030892873382376458
587,rho_a,4.21,4.178252050729959,0.03174794927004054,0.7541080586706176
588,rho_a,4.08,4.073150045052403,0.006849954947597325,0.16789105263714818
589,rho_a,4.04,4.050259882503102,0.010259882503102169,0.2539574877004859
590,rho_a,3.86,3.869533374362272,0.009533374362272085,0.2469786104214926
591,rho_a,5.37,5.312953413483804,0.05704658651619621,1.0623200468563423
592,rho_a,5.0,5.010199662464222,0.010199662464222214,0.2039932492844035
593,rho_a,5.09,5.035526185613759,0.05447381438624088,1.0702124633836971
595,rho_a,5.1651,5.215103241912891,0.05000324191289085,0.9680982345526935
596,rho_a,4.5132,4.550024307627457,0.03682430762745703,0.8159245685422509
597,rho_a,4.1485,4.130711034144385,0.017788965855615402,0.42880476932894085
598,rho_a,3.7207,3.739041180850317,0.018341180850316885,0.49294973661708696
599,rho_a,3.4612,3.454707561334398,0.006492438665601785,0.1875776801571683
600,rho_a,3.0048,3.0468034913426716,0.04200349134267167,1.3978797704558603
601,rho_a,2.5705,2.5828613301197576,0.012361330119757596,0.4808920490080835
602,rho_a,4.1172,4.105153552416546,0.012046447583454523,0.29258835090477986
603,rho_a,3.5206,3.5005060768112606,0.02009392318873937,0.5707528031793917
604,rho_a,3.2354,3.2309730099607643,0.004426990039235523,0.1368297595114717
605,rho_a,2.9017,2.8554308002827367,0.04626919971726329,1.5945549063392956
606,rho_a,2.5322,2.5455051924812966,0.01330519248129658,0.5254400316440773
607,rho_a,2.1709,2.1960212515235047,0.02512125152350464,1.1571814235336988
608,rho_a,3.0159,3.0332091091172915,0.017309109117291666,0.5739284829498964
609,rho_a,2.8949,2.8455037350809245,0.04939626491907534,1.7063202500624643
610,rho_a,2.7987,2.814366477095406,0.015666477095405806,0.5597769355558012
611,rho_a,2.4786,2.4615631297470744,0.017036870252925773,0.6873585997304485
612,rho_a,2.3136,2.337422014871813,0.02382201487181268,1.0296514035184294
613,rho_a,2.0934,2.1029795525982116,0.009579552598211638,0.4576073659218048
614,rho_a,3.2385,3.2381608893430767,0.0003391106569234914,0.01047122608996099
615,rho_a,2.975,2.968773212840463,0.006226787159536951,0.20930377006839856
616,rho_a,2.8503,2.8444453038284787,0.005854696171521123,0.20540631412549798
617,rho_a,2.6562,2.6315785174363446,0.024621482563655483,0.9269438507509303
618,rho_a,2.3359,2.3486478083227365,0.012747808322736365,0.545734334634655
619,rho_a,2.2985,2.274445302856323,0.02405469714367703,1.046538922935243
620,rho_a,3.8061,3.8110324952604007,0.004932495260400849,0.12959447361865303
621,rho_a,3.4705,3.461172066687018,0.009327933312981873,0.26877779319922734
622,rho_a,3.1172,3.1447058574843645,0.027505857484364515,0.8823898846514722
623,rho_a,3.1849,3.19320475324275,0.008304753242750262,0.2607539716395383
624,rho_a,2.9366,2.9172024564930674,0.019397543506932458,0.6605442861447202
625,rho_a,2.5383,2.5354821737643243,0.0028178262356757244,0.1110123403724782
626,rho_a,3.8859,3.902477880999736,0.016577880999736117,0.426616253628036
627,rho_a,3.6231,3.628415290188156,0.00531529018815613,0.14670558880943563
628,rho_a,3.5502,3.557182967678171,0.0069829676781711925,0.19669223362540775
629,rho_a,3.213,3.19540132655583,0.01759867344417021,0.5477333782808818
630,rho_a,3.0177,3.047998728744895,0.03029872874489481,1.0040338252604555
631,rho_a,2.5956,2.601956505912943,0.0063565059129429,0.244895435080153
632,rho_a,6.3104,6.313053968638089,0.00265396863808931,0.042057058793244326
633,rho_a,5.3876,5.323407617384444,0.06419238261555638,1.1914838261107814
634,rho_a,4.6172,4.601397827328919,0.01580217267108175,0.3422457911954935
635,rho_a,4.0392,4.036849462807721,0.0023505371922789564,0.05819313706373476
636,rho_a,3.3352,3.3284523325477595,0.0067476674522404245,0.20231672620047977
637,rho_a,2.677,2.655668532856781,0.021331467143219207,0.7968422541356458
638,rho_a,5.8288,5.740890273148982,0.08790972685101828,1.5081959726016194
639,rho_a,4.8451,4.8868361538009415,0.04173615380094109,0.8614095436819151
640,rho_a,4.2536,4.2271906445676315,0.02640935543236811,0.6208706844170092
641,rho_a,3.7195,3.732171403444016,0.012671403444016072,0.3406749144780929
642,rho_a,3.3402,3.3552489865376436,0.01504898653764375,0.45054148067897865
643,rho_a,5.3995,5.336486625724893,0.06301337427510667,1.1670223960569497
644,rho_a,4.936,4.952650696329843,0.01665069632984295,0.3373317732949671
645,rho_a,4.2368,4.201652197965441,0.03514780203455903,0.8295836960571831
646,rho_a,3.8237,3.824255260164115,0.0005552601641150012,0.014521541023481339
647,rho_a,3.2382,3.2407549534186666,0.002554953418666628,0.07890042056283858
648,rho_a,4.9478,4.97062031638831,0.022820316388309614,0.46122148001748253
649,rho_a,4.5514,4.597782511670587,0.046382511670587157,1.0190822971080757
650,rho_a,3.9243,3.9544152711966083,0.030115271196608173,0.7674049179879341
651,rho_a,3.3817,3.379342029998703,0.002357970001297005,0.06972735610185136
652,rho_a,2.6198,2.6918996435161375,0.0720996435161374,2.7521048750328223
684,rho_a,2.64,2.634072792951399,0.0059272070486011685,0.22451541850753495
685,rho_a,2.9,2.850361895308696,0.04963810469130392,1.7116587824581657
686,rho_a,3.21,3.20291524247237,0.007084757527629826,0.22070895724696632
687,rho_a,3.37,3.36221152788108,0.007788472118920087,0.23111193231210014
688,rho_a,3.7,3.6988965026091667,0.0011034973908334855,0.029824253806302357
689,rho_a,3.96,3.9446515226856294,0.015348477314370612,0.38758781096885697
690,rho_a,4.07,4.056620209180422,0.013379790819578297,0.32874178917874713
691,rho_a,4.1,4.07459968736487,0.02540031263512965,0.6195198203688649
692,rho_a,3.81,3.7963811892281423,0.013618810771857781,0.35744910162347
693,rho_a,3.68,3.683897548028874,0.003897548028873654,0.10591163121936399
694,rho_a,3.44,3.436824556802003,0.0031754431979971187,0.09230939529058708
695,rho_a,3.19,3.192757995093463,0.0027579950934630837,0.08645752644082191
696,rho_a,3.03,3.0408850410180333,0.010885041018033448,0.3592422778227675
697,rho_a,2.7,2.7063649426736163,0.006364942673616092,0.2357386175412494
698,rho_a,3.78,3.7980413413290885,0.018041341329088745,0.4772841621450786
699,rho_a,3.68,3.682127045745384,0.0021270457453836933,0.057800156124541174
700,rho_a,3.46,3.439769089920457,0.02023091007954303,0.5847083838016527
701,rho_a,2.96,2.936133317290559,0.023866682709440923,0.8063068482916507
702,rho_a,2.7,2.6990340020490713,0.0009659979509288874,0.03577770188624183
703,rho_a,3.73,3.7537129722722122,0.02371297227221225,0.6357365220430534
704,rho_a,3.66,3.6764476169243956,0.016447616924395447,0.44938844055712984
705,rho_a,3.41,3.421777668013576,0.011777668013575937,0.34538615875579126
706,rho_a,3.14,3.152039569491212,0.012039569491211655,0.38342577997477134
707,rho_a,3.0,3.0077085154719425,0.007708515471942512,0.25695051573133143
708,rho_a,2.73,2.7361343191931766,0.0061343191931766405,0.2247003367463148
709,rho_a,5.72,5.784403191600417,0.06440319160041685,1.1259299230840139
710,rho_a,3.69,3.699392001266092,0.009392001266092187,0.254525779568825
711,rho_a,3.61,3.616587857255283,0.006587857255283325,0.1824891206449169
712,rho_a,3.34,3.340078944424585,7.89444245850035e-05,0.0023636055264964033
713,rho_a,3.13,3.149175026684238,0.019175026684238095,0.6126206608380821
714,rho_a,3.01,3.046663913751371,0.036663913751371346,1.2180702242976467
715,rho_a,2.93,2.905243686719279,0.024756313280721365,0.8449253679424202
716,rho_a,2.7,2.705927132065348,0.005927132065347784,0.2195234098276144
717,rho_a,2.54,2.540735620978386,0.0007356209783857537,0.028961455841947405
718,rho_a,4.78,4.7613218373557,0.018678162644300222,0.3907565406756551
719,rho_a,3.5,3.4927720898318477,0.007227910168152274,0.20651171909000596
720,rho_a,3.33,3.33037220305682,0.000372203056819842,0.011177268973565472
721,rho_a,3.13,3.149710306462924,0.019710306462924265,0.6297222512114367
722,rho_a,2.91,2.8817749843298404,0.02822501567015978,0.9699318099707931
723,rho_a,2.79,2.810156280252541,0.020156280252540792,0.7224473208793393
724,rho_a,2.68,2.659808481242283,0.020191518757717297,0.7534148790190209
725,rho_a,2.6,2.6078515075132507,0.007851507513250588,0.3019810582018295
726,rho_a,6.46,6.437521852280812,0.022478147719187547,0.34795894302142516
727,rho_a,5.57,5.584395908881598,0.014395908881597919,0.2584543784846559
728,rho_a,4.05,4.07027013199664,0.020270131996640295,0.5004970863366738
729,rho_a,3.49,3.4551101841857745,0.03488981581422568,0.9997081895190738
730,rho_a,3.17,3.197846272756441,0.027846272756441248,0.8784313172376171
731,rho_a,2.84,2.8485019345822282,0.008501934582228365,0.29936389374033
732,rho_a,2.73,2.741132749303162,0.011132749303162104,0.40779301476769325
733,rho_a,2.61,2.6066232778374236,0.003376722162576229,0.12937632806800517
734,rho_a,2.53,2.5201489210407444,0.00985107895925541,0.38937070985183864
735,rho_a,3.86,3.8454722074546126,0.014527792545387275,0.3763676825228889
736,rho_a,4.32,4.296588985555324,0.02341101444467597,0.5419216306636702
737,rho_a,4.4,4.401636101737792,0.0016361017377919396,0.03718413040435381
738,rho_a,5.43,5.372212718286679,0.05778728171332048,1.0642224993243066
739,rho_a,5.65,5.675692852660781,0.025692852660780474,0.45474075505798095
740,rho_a,6.01,5.8924125733622335,0.11758742663776633,1.9565295613601792
741,rho_a,6.44,6.478810711082714,0.03881071108271339,0.6026507932097416
743,rho_a,3.79,3.7908965612729273,0.0008965612729272543,0.02365597026192659
744,rho_a,4.39,4.3847771260307935,0.0052228739692061765,0.11897207219145757
745,rho_a,2.71,2.7080940353406815,0.001905964659318471,0.070330799236818
746,rho_a,3.01,3.037544164849308,0.027544164849308217,0.9150885331993046
747,rho_a,3.38,3.3750844860081064,0.004915513991893494,0.1454294080441432
748,rho_a,3.62,3.6179454127414643,0.0020545872585358005,0.05675655410318323
749,rho_a,3.01,3.049419233674244,0.03941923367424405,1.3096090921671413
750,rho_a,3.14,3.1552169226985707,0.015216922698570556,0.4846153725657869
751,rho_a,3.49,3.4546074433373763,0.035392556662623864,1.0141133714215966
752,rho_a,3.53,3.5306963704768903,0.0006963704768905288,0.019727208977063215
753,rho_a,3.68,3.6847719221873625,0.004771922187362332,0.12967179856959335
755,rho_a,6.34,6.340888902666595,0.0008889026665954702,0.014020546791724448
756,rho_a,6.33,6.33482856978921,0.004828569789210313,0.07628072336823934
757,rho_a,5.65,5.647968908680497,0.0020310913195036306,0.03594851892926143
758,rho_a,5.21,5.239054263526408,0.029054263526408164,0.5576634074165564
759,rho_a,4.0,4.006674374565996,0.006674374565996288,0.1668593641498655
760,rho_a,3.84,3.821037727645413,0.01896227235458703,0.49380917590057527
761,rho_a,3.73,3.7537129722722122,0.02371297227221225,0.6357365220430534
762,rho_a,3.02,3.041322308386622,0.02132230838662208,0.7060367015435437
763,rho_a,3.02,3.0405577026123316,0.020557702612331585,0.6807186295471781
764,rho_a,2.6,2.6120561103442386,0.01205611034423848,0.46369655170130164
765,rho_a,2.3,2.3011571822950296,0.0011571822950298127,0.05031227369692651
766,rho_a,2.73,2.7260749236477984,0.0039250763522016285,0.14377569055678355
767,rho_a,4.7,4.712315602097552,0.012315602097551448,0.2620340871818899
768,rho_a,5.311,5.299960542466083,0.011039457533916774,0.2078602435306853
769,rho_a,3.38,3.372206188888074,0.007793811111926008,0.23058612757170716
770,rho_a,2.22,2.228772529140854,0.008772529140853802,0.3951589703085518
771,rho_a,2.39,2.4092505958681705,0.01925059586817035,0.8054642622662048
772,rho_a,2.34,2.345318084488259,0.0053180844882589895,0.22726856787421867
773,rho_a,2.37,2.3620921317963326,0.007907868203667512,0.3336653250491213
774,rho_a,2.93,2.903742829583889,0.026257170416111197,0.8961491609591206
775,rho_a,2.91,2.8658275793989656,0.044172420601034545,1.517952597973174
776,rho_a,3.18,3.188240934064264,0.00824093406426396,0.25914886994532604
777,rho_a,3.08,3.125533262652998,0.04553326265299784,1.4783526835384109
778,rho_a,3.44,3.4420312151315886,0.0020312151315886595,0.059046951499653166
779,rho_a,3.5,3.4928494304787607,0.0071505695212392695,0.2043019863210636
780,rho_a,4.02,4.029103970154431,0.009103970154431096,0.2264669192643988
781,rho_a,4.29,4.286317959862805,0.003682040137195308,0.08582844142644405
782,rho_a,4.41,4.405170525805178,0.004829474194822048,0.10951188650387647
783,rho_a,3.97,4.00379956546088,0.03379956546087959,0.8513744448582135
784,rho_a,3.93,3.9235141179840314,0.00648588201596878,0.1650351658006903
785,rho_a,4.04,4.046423726602882,0.0064237266028817075,0.15900313373465635
786,rho_a,3.9,3.9076283666017932,0.007628366601793335,0.19559914363567638
787,rho_a,4.55,4.551748551134361,0.0017485511343613425,0.0384296952606804
788,rho_a,4.0,3.9866130086562315,0.013386991343768528,0.33467478359412955
789,rho_a,4.0,4.0141967844624915,0.014196784462491507,0.3549196115621989
791,rho_a,3.82,3.805103603657855,0.01489639634214468,0.38995801942776914
792,rho_a,2.71,2.7059687103362946,0.004031289663705362,0.14875607615143446
794,rho_a,3.719,3.722027543834958,0.0030275438349582906,0.08140747068990258
795,rho_a,2.72,2.7330738167572983,0.013073816757298129,0.4806550278416662
796,rho_a,2.65,2.6598507100975404,0.00985071009754046,0.37172490934100916
797,rho_a,2.67,2.6532588818934784,0.01674111810652157,0.6270081687833445
798,rho_a,3.49,3.467953612232543,0.022046387767457265,0.6317016552278208
799,rho_a,7.5329,7.592161608105693,0.05926160810569314,0.7867037675488229
800,rho_a,5.843,5.82913947079388,0.01386052920612002,0.2372159713523472
801,rho_a,2.3824,2.390748465842968,0.008348465842968,0.35042250851932905
802,rho_a,4.4768,4.510268338809149,0.03346833880914879,0.7475951306545147
803,rho_a,5.8436,5.82913947079388,0.014460529206120398,0.2474592580963434
804,rho_a,8.4199,8.483516921185451,0.06361692118545115,0.7555543555795626
805,rho_a,8.4178,8.36079702887717,0.05700297112282904,0.6771718397066011
806,rho_a,6.307,6.335709011395966,0.028709011395966044,0.45519282378248754
807,rho_a,8.4178,8.36079702887717,0.05700297112282904,0.6771718397066011
808,rho_a,7.9529,8.085356833398727,0.13245683339872727,1.6655161437803898
809,rho_a,7.7926,7.742389194205406,0.05021080579459447,0.6443395759385574
810,rho_a,7.3999,7.486851052728231,0.08695105272823156,1.1750301048422251
811,rho_a,6.9582,6.983537263010259,0.025337263010259292,0.3641353081293388
812,rho_a,6.2609,6.296026595616308,0.03512659561630738,0.5610470637815931
813,rho_a,6.3212,6.360935742380727,0.03973574238072697,0.6286107444902974
814,rho_a,5.519,5.519927603235386,0.0009276032353859875,0.016807451266276852
815,rho_a,5.818,5.823404753545254,0.0054047535452541595,0.09289710459355845
818,rho_a,5.984,5.89954506778431,0.08445493221568956,1.4113457923742554
820,rho_a,6.124,6.143955945790097,0.019955945790097296,0.32586456221577464
822,rho_a,6.31,6.330328567175789,0.020328567175789125,0.32216429755603654
823,rho_a,4.993,5.047328733809388,0.05432873380938741,1.0880980134062992
824,rho_a,4.7056,4.705437079820382,0.00016292017961738736,0.0034622615525618998
825,rho_a,6.321,6.333435468582486,0.012435468582486564,0.19673261481545004
831,rho_a,3.954,3.946995129309511,0.007004870690489273,0.17715909687626458
834,rho_a,4.657,4.640995887582586,0.01600411241741373,0.3436571272795854
836,rho_a,5.462,5.473916914148809,0.011916914148809354,0.218178581999399
838,rho_a,6.316,6.3362315347415645,0.020231534741564694,0.3203219560095233
839,rho_a,3.9663,3.957053355639539,0.009246644360461076,0.23313023120940787
840,rho_a,4.743,4.706607483959887,0.036392516040113065,0.7672889740692682
841,rho_a,4.3431,4.3461768045605425,0.003076804560542712,0.07084351178978157
842,rho_a,6.321,6.333435468582486,0.012435468582486564,0.19673261481545004
843,rho_a,4.626,4.5894467366773455,0.03655326332265485,0.7901699810343049
844,rho_a,4.2101,4.178527954971021,0.03157204502897848,0.7499119980278611
845,rho_a,4.727,4.688926116178915,0.03807388382108545,0.805455549419873
846,rho_a,4.4345,4.422193853826256,0.012306146173743926,0.2775092157794825
847,rho_a,6.321,6.333435468582486,0.012435468582486564,0.19673261481545004
848,rho_a,5.505,5.510535976718116,0.005535976718116231,0.10056270150981336
849,rho_a,7.5329,7.592161608105693,0.05926160810569314,0.7867037675488229
850,rho_a,9.4488,9.298516319089728,0.1502836809102721,1.590505470644486
851,rho_a,6.9369,6.957338051583319,0.02043805158331935,0.29462802668795
852,rho_a,6.8323,6.842404965784613,0.010104965784613285,0.14789991342025094
853,rho_a,6.5069,6.434580883100712,0.07231911689928783,1.1114219812702932
854,rho_a,6.5301,6.486708644517606,0.04339135548239437,0.6644822511506366
855,rho_a,6.2184,6.300853606527828,0.08245360652782807,1.3259617671396953
856,rho_a,6.1122,6.125563331647015,0.013363331647015642,0.21863374312053688
857,rho_a,6.0549,6.0846772528197075,0.029777252819707556,0.4917876896348848
858,rho_a,6.0687,6.120080121552196,0.051380121552195845,0.8466413161333957
859,rho_a,5.6412,5.687696667385161,0.046496667385160784,0.8242336273337683
860,rho_a,5.5045,5.508684005064779,0.004184005064779228,0.07601062884509888
861,rho_a,8.4199,8.483516921185451,0.06361692118545115,0.7555543555795626
862,rho_a,7.1012,7.093918711873017,0.007281288126983476,0.10253602386895806
863,rho_a,7.0975,7.085219189105594,0.012280810894406358,0.17303009361612717
864,rho_a,6.8537,6.947326592701241,0.0936265927012414,1.3660736930596282
865,rho_a,6.6984,6.7372215989909225,0.03882159899092219,0.5795652542534993
866,rho_a,6.4121,6.4695024158982655,0.05740241589826578,0.8952202226767647
867,rho_a,6.0941,6.131626224838435,0.03752622483843471,0.6157796038533754
868,rho_a,5.4719,5.476655183691364,0.004755183691364628,0.08690187487643707
869,rho_a,8.4178,8.36079702887717,0.05700297112282904,0.6771718397066011
870,rho_a,8.0119,8.07013004337086,0.05823004337085891,0.7267944354129686
871,rho_a,7.9781,8.061663646108723,0.0835636461087228,1.0474128690880324
872,rho_a,7.6632,7.701819010358983,0.03861901035898363,0.5039540969696549
873,rho_a,7.4291,7.438310201108461,0.009210201108460936,0.12397465518649226
874,rho_a,6.9222,6.955825327988297,0.03362532798829676,0.4857607117432594
875,rho_a,6.6613,6.708585703748538,0.04728570374853813,0.7098569911058057
876,rho_a,6.4556,6.454174497282363,0.0014255027176366397,0.022081645666342693
877,rho_a,6.2636,6.260888797235751,0.0027112027642495207,0.04328505594624637
878,rho_a,5.8137,5.805144104099681,0.008555895900318689,0.14716782600266984
879,rho_a,5.835,5.832299909473858,0.0027000905261420627,0.04627404500671122
880,rho_a,5.4719,5.476655183691364,0.004755183691364628,0.08690187487643707
881,rho_a,5.5677,5.602187680145457,0.03448768014545678,0.6194241813576626
882,rho_a,4.5218,4.523503199188147,0.0017031991881468755,0.03766639807480426
883,rho_a,4.5514,4.574265141631449,0.02286514163144915,0.5023760080732109
884,rho_a,4.6599,4.670322622100775,0.010422622100774603,0.22366621817576268
885,rho_a,4.7017,4.707161409655454,0.0054614096554539415,0.11615819077041879
886,rho_a,4.7896,4.7547290371442195,0.03487096285578062,0.7280558471641335
887,rho_a,4.8674,4.897442534345399,0.03004253434539894,0.6172193439083036
890,rho_a,3.526,3.4907335115857463,0.035266488414253505,1.0001840162859756
892,rho_a,4.263,4.245395284037719,0.01760471596228097,0.4129654225258466
893,rho_a,4.723,4.7088003016763045,0.014199698323695387,0.30064997509405844
894,rho_a,5.519,5.519927603235386,0.0009276032353859875,0.016807451266276852
895,rho_a,6.112,6.101421836511865,0.010578163488134784,0.17307204659903555
897,rho_a,6.056,6.090087113268609,0.03408711326860914,0.5628651464432548
898,rho_a,6.022,5.914874921276747,0.10712507872325361,1.7788953623918269
900,rho_a,5.948,5.893774451533755,0.0542255484662455,0.9116601961371281
901,rho_a,5.893,5.821605766883662,0.07139423311633752,1.2115091314496083
902,rho_a,5.864,5.77910121223657,0.08489878776342952,1.4477965171114433
904,rho_a,5.682,5.727696697052943,0.04569669705294288,0.8042361325754107
906,rho_a,5.519,5.519927603235386,0.0009276032353859875,0.016807451266276852
907,rho_a,8.9502,8.968842769277728,0.018642769277727567,0.2082944434507104
908,rho_a,3.4849,3.4583648012347936,0.02653519876520649,0.7614335781571602
909,rho_a,6.415,6.428206557247346,0.013206557247346318,0.20586994929609134
910,rho_a,7.5329,7.592161608105693,0.05926160810569314,0.7867037675488229
911,rho_a,7.4651,7.605485976348344,0.1403859763483446,1.8805639086994923
912,rho_a,7.5082,7.626079807613679,0.11787980761367844,1.5700142193023991
913,rho_a,6.7416,6.732764410212094,0.008835589787905995,0.13106072427768906
914,rho_a,6.7956,6.81831265825261,0.02271265825261004,0.33422594403153066
915,rho_a,6.7032,6.744240755434957,0.041040755434957,0.6122561677251295
916,rho_a,6.4086,6.295524033790367,0.11307596620963256,1.7644410044255363
917,rho_a,6.4109,6.333163135848579,0.07773686415142045,1.2125733383987947
918,rho_a,8.4178,8.36079702887717,0.05700297112282904,0.6771718397066011
919,rho_a,7.8607,7.689189445838796,0.17151055416120364,2.1818738046380326
920,rho_a,7.4642,7.445330284310825,0.01886971568917506,0.2528029218023704
921,rho_a,7.4962,7.697776294795415,0.20157629479541495,2.6890463807714315
922,rho_a,7.0626,7.103164049314069,0.040564049314069095,0.5743500879854919
923,rho_a,6.6858,6.693803758453048,0.00800375845304746,0.11971280105666132
924,rho_a,6.6967,6.696870813028165,0.00017081302816546184,0.0025507044987148346
925,rho_a,6.4109,6.333163135848579,0.07773686415142045,1.2125733383987947
926,rho_a,3.954,3.9630496454031117,0.009049645403111484,0.22887317660873024
927,rho_a,5.2239,5.240070273120442,0.016170273120441614,0.30954407857038835
928,rho_a,5.1927,5.237309801788592,0.04460980178859142,0.8590868293678207
929,rho_a,5.5315,5.515244072723865,0.016255927276135118,0.2938791878537861
931,rho_a,5.6361,5.686759264850171,0.05065926485017069,0.8988354509352514
933,rho_a,5.688,5.682716699067532,0.0052833009324677604,0.09288503749062643
934,rho_a,5.8212,5.810971260191186,0.010228739808813891,0.17571531314526445
935,rho_a,5.9339,5.909641315499957,0.024258684500042982,0.4088151889994589
937,rho_a,6.0287,5.911941105772832,0.11675889422716779,1.9367176045772458
940,rho_a,6.0884,6.093541131933284,0.005141131933283916,0.08444142850803284
941,rho_a,6.2888,6.322685353738597,0.033885353738597246,0.5388206611530317
947,rho_a,4.503,4.52355388123457,0.020553881234570248,0.45644861724551816
948,rho_a,4.48596,4.501739495587152,0.01577949558715197,0.35175292662325236
949,rho_a,4.49724,4.501216361357114,0.003976361357114655,0.08841781530702766
950,rho_a,4.51914,4.523503199188147,0.004363199188146538,0.09654932549435451
951,rho_a,4.17118,4.171862228148809,0.0006822281488094717,0.016355759013260234
952,rho_a,4.19018,4.19251658879904,0.0023365887990403067,0.05576344689344489
953,rho_a,4.22265,4.210020208662784,0.012629791337215757,0.2990963337528037
954,rho_a,4.25588,4.251369996581058,0.004510003418942254,0.10597111335237822
955,rho_a,4.28659,4.257238505336571,0.029351494663429456,0.6847282959980452
956,rho_a,4.32044,4.317181488465462,0.0032585115345380444,0.07542082599312316
957,rho_a,4.3522,4.358653262551449,0.006453262551449512,0.14827587315491084
958,rho_a,4.38472,4.395671607673973,0.010951607673972852,0.24976754898762873
959,rho_a,4.41756,4.411852976189284,0.005707023810716194,0.12918950304500454
960,rho_a,4.44985,4.454391466446681,0.004541466446680964,0.10205886595458147
961,rho_a,4.48142,4.4923561519168,0.010936151916800085,0.24403318405321628
962,rho_a,4.51403,4.523672185578687,0.009642185578687013,0.21360481828177652
963,rho_a,4.04352,4.045269940950652,0.0017499409506518404,0.04327766279507478
964,rho_a,4.11302,4.113800551590014,0.0007805515900143334,0.018977578276160673
965,rho_a,4.18407,4.192172686866316,0.008102686866315878,0.19365562398128952
966,rho_a,4.19126,4.192172686866316,0.0009126868663162924,0.021775954398345
967,rho_a,4.25666,4.251378692606588,0.005281307393412149,0.12407162877492936
968,rho_a,4.33081,4.339286431089243,0.008476431089243341,0.19572391975730602
969,rho_a,4.4065,4.412458608260511,0.005958608260510978,0.13522315353476966
970,rho_a,4.48374,4.501478139020843,0.017738139020843313,0.3956103391552444
971,rho_a,3.6294,3.6126613464764303,0.016738653523569624,0.4611961625493198
972,rho_a,3.6936,3.715835705838488,0.022235705838487885,0.6020063309097321
973,rho_a,3.7596,3.771899861325996,0.012299861325996364,0.3271587755610462
975,rho_a,3.8291,3.819320250214928,0.00977974978507179,0.2554059644582078
976,rho_a,3.9039,3.8874532449236687,0.01644675507633142,0.421290378245529
977,rho_a,3.9856,3.975876485699549,0.00972351430045082,0.24396613559936722
978,rho_a,4.0761,4.071623200877941,0.00447679912205956,0.10983045367038252
979,rho_a,4.1507,4.171451491970313,0.02075149197031312,0.49995162190252534
980,rho_a,4.1771,4.192105852620544,0.015005852620543436,0.3592409236202112
982,rho_a,4.2903,4.291097851543611,0.0007978515436111167,0.01859663761533997
983,rho_a,4.4175,4.41244162538362,0.00505837461638059,0.1145076313838018
984,rho_a,4.5605,4.575420233505651,0.014920233505650415,0.3271622301424656
989,rho_a,6.2743,6.258977735777782,0.015322264222218607,0.24420675170483025
991,rho_a,6.1625,6.23347398429218,0.0709739842921806,1.1517076558566992
992,rho_a,6.1413,6.23278175441397,0.09148175441396944,1.4896154627514457
993,rho_a,6.1357,6.136309396786711,0.0006093967867109029,0.00993198472400547
994,rho_a,6.1269,6.142367173868992,0.015467173868992212,0.25244697757413515
995,rho_a,6.0709,6.096183604631147,0.025283604631146872,0.41647209855445994
996,rho_a,6.0299,5.907687849731719,0.1222121502682807,2.0267691050972725
997,rho_a,5.9756,5.9074059604305855,0.0681940395694145,1.1412082396646879
998,rho_a,5.9126,5.8244839803382735,0.08811601966172677,1.4903091645251136
999,rho_a,5.867,5.783007196063705,0.08399280393629471,1.4316141799263746
1000,rho_a,5.751,5.749593436974436,0.0014065630255641892,0.024457712146825676
1001,rho_a,5.696,5.777020881257849,0.08102088125784945,1.422417156914242
1003,rho_a,5.633,5.699338365576738,0.06633836557673778,1.177673807504456
1004,rho_a,5.5599,5.521061559674756,0.03883844032524397,0.6985456631456859
1005,rho_a,5.4362,5.361210417546692,0.07498958245330822,1.379448556956963
1006,rho_a,5.2677,5.306852172696817,0.03915217269681737,0.7432498566131317
1007,rho_a,4.6292,4.639895831584282,0.010695831584282445,0.23105140379072267
1008,rho_a,2.305,2.3052837682959426,0.0002837682959424548,0.012310988977975343
1009,rho_a,2.534,2.5361447866202074,0.0021447866202075616,0.08464035596711583
1010,rho_a,2.743,2.745281201911431,0.0022812019114311077,0.08316448820380154
1012,rho_a,2.973,2.953172659460591,0.019827340539408933,0.6669135734746809
1013,rho_a,3.185,3.184088979935466,0.0009110200645339184,0.028603455715341675
1014,rho_a,3.386,3.3631300529952886,0.022869947004711566,0.6754266687745071
1015,rho_a,3.602,3.5994665016828242,0.002533498317175642,0.07033587776721095
1016,rho_a,3.667,3.6826540995833184,0.015654099583318537,0.42689118034672124
1017,rho_a,3.817,3.8128578299467915,0.004142170053208716,0.10851899536829003
1019,rho_a,4.039,4.040192548700661,0.0011925487006614333,0.029525840570961578
1020,rho_a,4.308,4.3166178506921105,0.008617850692110629,0.20004295942684838
1021,rho_a,4.487,4.501351578472887,0.014351578472886928,0.3198479713145471
1022,rho_a,2.1057,2.0902885787678875,0.015411421232112588,0.7318906412169477
1023,rho_a,2.3492,2.3434944088136938,0.005705591186306425,0.2428737947515748
1024,rho_a,2.6359,2.6293701814607022,0.006529818539297683,0.24772633784647388
1026,rho_a,2.8897,2.8408452326679807,0.04885476733201921,1.6906518784649722
1027,rho_a,3.1637,3.155288768401086,0.008411231598913993,0.26586691528625767
1028,rho_a,3.395,3.3913625802417666,0.0036374197582333956,0.10714049361509055
1029,rho_a,3.6925,3.7158070940048886,0.02330709400488873,0.631200920917601
1030,rho_a,3.8696,3.877668308769101,0.008068308769100696,0.20850498162855619
1032,rho_a,4.0901,4.072718613810292,0.017381386189707193,0.4249623771962286
1033,rho_a,4.3095,4.317043240724171,0.007543240724171341,0.17503749214919573
1034,rho_a,4.503,4.524341954650427,0.021341954650426764,0.47394969243664276
1035,rho_a,4.1905,4.192172686866316,0.0016726868663159422,0.0399161643315963
1036,rho_a,4.2251,4.20967630673006,0.015423693269940308,0.3650491886567574
1037,rho_a,4.2558,4.251378692606588,0.004421307393411844,0.10388898428992917
1038,rho_a,4.2894,4.291114834420502,0.0017148344205022426,0.039978421702378954
1039,rho_a,4.3205,4.317043240724171,0.00345675927582878,0.08000831560763755
1040,rho_a,4.3539,4.357909382738932,0.0040093827389320325,0.09208715723675581
1041,rho_a,4.3849,4.395065975602746,0.010165975602745903,0.2318405346243605
1042,rho_a,4.418,4.453367361162932,0.03536736116293149,0.8005287723613282
1043,rho_a,4.4501,4.45458216399515,0.0044821639951502235,0.10072052302530766
1044,rho_a,4.4844,4.501216361357114,0.016816361357114396,0.3749969083291108
1045,rho_a,4.5147,4.523672185578687,0.00897218557868662,0.19873270823497977
1046,rho_a,2.3569,2.3640941795085153,0.007194179508515308,0.3052390643859415
1047,rho_a,2.8,2.8188663013602997,0.018866301360299875,0.6737964771533264
1049,rho_a,3.2373,3.231925669270694,0.005374330729305932,0.16601274918309306
1051,rho_a,3.6923,3.713464770922426,0.02116477092242608,0.5732137400108428
1053,rho_a,4.1045,4.1128460344555835,0.008346034455583684,0.20333863943431968
1054,rho_a,4.503,4.524341954650427,0.021341954650426764,0.47394969243664276
1055,rho_a,3.109,3.104965075164753,0.0040349248352469225,0.12978207897219765
1056,rho_a,3.228,3.199234925812843,0.028765074187157236,0.8911113440876184
1057,rho_a,3.384,3.3867703085019105,0.0027703085019106233,0.0818649084488713
1059,rho_a,3.519,3.493355849887249,0.02564415011275134,0.7287340185491348
1060,rho_a,3.655,3.6792332071974303,0.024233207197430495,0.6630152447995585
1061,rho_a,3.789,3.781615158279239,0.007384841720761148,0.1949021303974452
1062,rho_a,3.922,3.928005177163742,0.006005177163741937,0.15311517500612967
1063,rho_a,4.061,4.06766628162323,0.006666281623229686,0.1641536967059356
1065,rho_a,4.194,4.188085747139034,0.005914252860965696,0.14101699716176172
1066,rho_a,4.329,4.339286431089243,0.010286431089243209,0.23761679577825903
1067,rho_a,4.463,4.492321443645229,0.029321443645228484,0.6569895506435562
1068,rho_a,5.807,5.795175451185332,0.011824548814668212,0.20362577604040252
1069,rho_a,5.695,5.69359690558019,0.0014030944198104578,0.024637303245131015
1071,rho_a,5.582,5.593531196243093,0.011531196243093511,0.20657822004821652
1072,rho_a,5.467,5.484797833723935,0.017797833723935064,0.3255502784695776
1074,rho_a,5.351,5.33252468421684,0.018475315783160084,0.3452684691301931
1076,rho_a,5.23,5.272853364116804,0.042853364116803405,0.8193759869368108
1080,rho_a,5.103,5.099146390511605,0.0038536094883951932,0.07551654886134505
1084,rho_a,4.97,4.971616492405336,0.001616492405336345,0.03252499809529215
1087,rho_a,4.828,4.80609728474103,0.02190271525897014,0.45366021663143336
1089,rho_a,4.684,4.662142334920029,0.021857665079971333,0.4666452835176487
1091,rho_a,4.521,4.525882840647867,0.004882840647867148,0.10800355337018509
1096,rho_a,2.93,2.904429950243202,0.02557004975679833,0.8726979439177338
1097,rho_a,2.52,2.527788323487277,0.0077883234872770934,0.30906045584420644
1098,rho_a,4.415,4.402104762500547,0.012895237499453316,0.29207785955720034
1099,rho_a,4.564,4.579054216231561,0.01505421623156078,0.3298469814101113
1101,rho_a,4.571,4.577745425314862,0.006745425314861997,0.14757001345133497
1108,rho_a,3.0422,3.052862102733182,0.010662102733182355,0.350473431502822
1109,rho_a,3.0466,3.0526132185448995,0.006013218544899335,0.19737473068001576
1110,rho_a,2.973,2.96602319885861,0.006976801141389988,0.23467208682770405
1111,rho_a,2.115,2.1378288169137525,0.02282881691375227,1.0793766862289114
1112,rho_a,3.2522,3.2438203637508933,0.00837963624910687,0.2576605451418822
1113,rho_a,3.212,3.201105071193278,0.01089492880672216,0.3391945456637225
1115,rho_a,3.235935,3.227117425615535,0.008817574384464955,0.2724892306076058
1116,rho_a,3.1458,3.144200017746064,0.0015999822539360942,0.050860901962476494
1118,rho_a,3.0736,3.1112272134682177,0.037627213468217846,1.224206580823972
1119,rho_a,3.132648,3.1381312133512655,0.005483213351265448,0.17503445491685302
1121,rho_a,3.006758,3.0330700602693943,0.026312060269394255,0.8750973729640198
1122,rho_a,2.9672,2.9332569291235506,0.03394307087644943,1.1439428038702477
1123,rho_a,2.97381,2.9522912943887327,0.02151870561126712,0.7236072785840347
1125,rho_a,3.5491,3.5604243355338085,0.011324335533808405,0.31907625972233
1126,rho_a,4.4973,4.489311464309655,0.007988535690344634,0.17762959309681048
1127,rho_a,4.4393,4.44208285659042,0.002782856590419769,0.06268683329396846
1128,rho_a,4.1321,4.117141513208845,0.014958486791154968,0.36200689216503346
1129,rho_a,4.2456,4.214768142898611,0.030831857101389026,0.7262072993541965
1130,rho_a,4.2233,4.207260808934304,0.016039191065695846,0.37977863437814147
1131,rho_a,4.1432,4.123909967867157,0.01929003213284286,0.46558293427394776
1132,rho_a,3.9315,3.9461520573930438,0.014652057393043538,0.3726836421986471
1133,rho_a,3.7383,3.773452819162841,0.03515281916284074,0.9403423792320396
1134,rho_a,3.4969,3.5054362437173157,0.00853624371731554,0.24410888836721376
1135,rho_a,3.3615,3.3502729572856147,0.011227042714385238,0.33398907375820014
1136,rho_a,3.3951,3.410969054116584,0.015869054116584014,0.46741050680626023
1137,rho_a,3.3838,3.3973846665435303,0.01358466654353041,0.40146186368953235
1140,rho_a,3.4219,3.4439214414227273,0.022021441422727328,0.6435442713907739
1141,rho_a,3.4186,3.443024790182854,0.02442479018285404,0.7144676236718801
1142,rho_a,3.2364,3.2472734528018714,0.010873452801871242,0.3359736992296342
1143,rho_a,3.5104,3.5056346023216647,0.004765397678335503,0.13575084544023888
1144,rho_a,3.2035,3.1913300587571953,0.012169941242804683,0.37989515351337233
1145,rho_a,3.2491,3.23561539049764,0.013484609502359746,0.4150259918856174
1146,rho_a,3.2763,3.3232960157187597,0.046996015718759665,1.4344234569100913
1147,rho_a,3.2968,3.3248748192460775,0.028074819246077354,0.8515778708465432
1148,rho_a,3.3275,3.3373032166877605,0.009803216687760408,0.29461207175830084
1149,rho_a,3.4969,3.5054362437173157,0.00853624371731554,0.24410888836721376
1150,rho_a,3.026,3.0449904167866495,0.0189904167866497,0.6275749103319043
1151,rho_a,3.267,3.305121576029479,0.038121576029479076,1.1668679531517419
1153,rho_a,3.321,3.3500778065341614,0.029077806534161255,0.8755738191554501
1157,rho_a,3.421,3.4558614484724757,0.03486144847247585,1.0190426329279645
1158,rho_a,4.6695,4.684620562964687,0.01512056296468689,0.323815461284584
1159,rho_a,4.7948,4.762000686326107,0.03279931367389377,0.684060099980957
1161,rho_a,4.5433,4.565777004971056,0.02247700497105587,0.4947286107246037
1163,rho_a,4.4314,4.4768776680973605,0.045477668097360535,1.0262596041284981
1164,rho_a,4.9025,4.929139996427405,0.02663999642740489,0.5433961535420593
1166,rho_a,4.305,4.337145860262206,0.03214586026220623,0.7467098783321431
1167,rho_a,4.268,4.251962528971224,0.01603747102877584,0.375760801986225
1169,rho_a,4.253,4.228701258201863,0.024298741798137513,0.5713318080915072
1171,rho_a,4.2046,4.205610943769598,0.0010109437695975387,0.024043756114667227
1172,rho_a,4.1157,4.127724674146831,0.01202467414683106,0.29216595346667973
1173,rho_a,4.0644,4.088126960067472,0.02372696006747166,0.5837752206344312
1175,rho_a,4.0764,4.087437847276666,0.011037847276666568,0.2707743910475876
1176,rho_a,3.9943,4.005406946550665,0.011106946550665242,0.27806991339314674
1178,rho_a,3.9073,3.900156890672398,0.007143109327602204,0.18281445826018927
1179,rho_a,3.8138,3.832677327068356,0.018877327068355765,0.49497422697443005
1180,rho_a,3.813,3.832617756117896,0.019617756117895624,0.5144966199289399
1182,rho_a,3.7832,3.8147563440393983,0.03155634403939844,0.8341177849278416
1183,rho_a,3.7046,3.7371659475761714,0.03256594757617126,0.8790678501366536
1184,rho_a,3.7167,3.7580103054847718,0.04131030548477188,1.1114780715355226
1186,rho_a,3.6406,3.6671210517236754,0.02652105172367536,0.7284802429178727
1187,rho_a,3.4797,3.4657574567496394,0.013942543250360373,0.40068233613117127
1189,rho_a,3.7214,3.758851043009005,0.03745104300900515,1.0063697266887484
1190,rho_a,3.7597,3.792287821884691,0.03258782188469089,0.8667665474554412
1191,rho_a,3.679,3.712370955465096,0.03337095546509605,0.9070659272923888
1192,rho_a,3.6714,3.7119452287538284,0.040545228753828155,1.104353346238958
1193,rho_a,3.6617,3.7086846011549364,0.04698460115493619,1.283136279731364
1194,rho_a,3.6119,3.6458771615814727,0.03397716158147279,0.9407005061453358
1195,rho_a,3.5915,3.623826795181029,0.03232679518102888,0.9000917494367222
1196,rho_a,3.4797,3.4657574567496394,0.013942543250360373,0.40068233613117127
1197,rho_a,2.5574,2.582809834892073,0.025409834892073047,0.9935807809518695
1198,rho_a,5.05,5.068247045601694,0.018247045601694545,0.3613276356770482
1199,rho_a,4.356,4.376561213257381,0.02056121325738136,0.4720205063676915
1200,rho_a,3.894,3.8753075863064836,0.018692413693516485,0.4800311682976806
1201,rho_a,3.142,3.155605324450806,0.013605324450806311,0.4330147820115207
1202,rho_a,2.371,2.381565280819674,0.010565280819673895,0.4456044209055014
1208,rho_a,1.9734,2.0013651347853187,0.0279651347853187,1.4171042254638964
1209,rho_a,1.9556,1.9885792243117697,0.032979224311769695,1.6863992795946425
1210,rho_a,1.9889,1.9992070749739048,0.010307074973904928,0.5182299247775024
1211,rho_a,2.0252,2.053234976653326,0.028034976653326105,1.3843065698850614
1212,rho_a,1.95522,1.9724715211961916,0.017251521196191666,0.882331461225992
1213,rho_a,1.95742,1.972214745646615,0.014794745646615093,0.7558288791678605
1214,rho_a,1.9228,1.964440936914339,0.0416409369143389,2.1656405717868337
1215,rho_a,1.97188,1.9765296002096893,0.004649600209689186,0.23579529229399498
1216,rho_a,1.9885,1.98180322445187,0.006696775548129974,0.33677523500762413
1217,rho_a,1.99139,1.9871468617027677,0.0042431382972323295,0.213074199289451
1218,rho_a,2.0242,2.043380135000052,0.019180135000052,0.9475414978778048
1219,rho_a,2.0142,2.023677473607188,0.009477473607187648,0.4705328967919244
1220,rho_a,2.005635,2.0284254278393763,0.02279042783937646,1.136319810901041
1221,rho_a,1.9195,1.891034502141534,0.02846549785846597,1.4829642020552822
1222,rho_a,2.4087,2.420844811522432,0.012144811522432075,0.5042060664436017
1223,rho_a,2.3536,2.3487742510948273,0.004825748905172844,0.20503691813268157
1224,rho_a,2.316,2.3279686097354073,0.011968609735407476,0.516779349542414
1225,rho_a,2.2786,2.264729133449548,0.01387086655045211,0.6087451308016335
1226,rho_a,2.2567,2.2530969558461837,0.0036030441538161817,0.15965986412968428
1227,rho_a,2.25,2.22544264609816,0.024557353901839996,1.0914379511924035
1231,rho_a,2.068,2.0751554496583884,0.007155449658388324,0.34600820398379417
1235,rho_a,2.034,2.0441199474110894,0.01011994741108957,0.4975392040847883
1238,rho_a,2.011,2.0279494102653275,0.01694941026532737,0.8428349211993506
1239,rho_a,2.371,2.381565280819674,0.010565280819673895,0.4456044209055014
1240,rho_a,2.2536,2.266745504594164,0.01314550459416397,0.5833113504685009
1241,rho_a,2.2482,2.2301402621462256,0.01805973785377457,0.803297653846034
1242,rho_a,4.7793,4.748353406823165,0.030946593176834902,0.6475130913905472
1243,rho_a,2.77,2.778976164188416,0.008976164188415847,0.32404924867915547
1244,rho_a,2.3289,2.3201622648287055,0.008737735171294503,0.37518722020227363
1245,rho_a,2.4298,2.409882839573166,0.019917160426834002,0.8197036968814636
1246,rho_a,2.666,2.6335969475587335,0.0324030524412664,1.215418321127316
1247,rho_a,2.7935,2.806007510736202,0.012507510736202043,0.4477361996133011
1248,rho_a,2.8751,2.856352935298108,0.018747064701892135,0.6520491357478214
1250,rho_a,3.0422,3.055399480688441,0.013199480688441234,0.4338794519899052
1251,rho_a,3.1456,3.1680902942208005,0.02249029422080051,0.71497629135279
1252,rho_a,3.205,3.2091303549052537,0.004130354905253597,0.12887222793298933
1253,rho_a,3.1147,3.156803734143078,0.04210373414307789,1.3517749427894938
1254,rho_a,2.9235,2.9276388342220265,0.004138834222026322,0.14157120649991126
1255,rho_a,3.307,3.3083946069742622,0.0013946069742623024,0.04217136299552104
1256,rho_a,3.2349,3.220223128413854,0.014676871586146056,0.45370402751681715
1257,rho_a,3.2549,3.236572488814182,0.018327511185818324,0.5630744780427261
1258,rho_a,3.2415,3.223319628865796,0.0181803711342039,0.5608629071170227
1259,rho_a,3.2294,3.2206175158947197,0.008782484105280375,0.2719540504514044
1260,rho_a,2.755,2.7756634578499795,0.020663457849979583,0.7500347676940865
1262,rho_a,2.868,2.8534983379206933,0.014501662079306588,0.5056367531137215
1263,rho_a,3.0535,3.069864104605913,0.016364104605913088,0.5359130376914272
1265,rho_a,3.2415,3.23622598310183,0.005274016898169975,0.1627029738753154
1267,rho_a,3.2612,3.2801273814831533,0.018927381483153205,0.5803808868866491
1268,rho_a,3.2733,3.294048084433657,0.020748084433657166,0.6338583213775342
1270,rho_a,3.2258,3.208761641464173,0.017038358535827136,0.5281901709908194
1271,rho_a,3.1679,3.1923534526591837,0.02445345265918375,0.7719136544454064
1273,rho_a,2.9921,2.9806033245566184,0.011496675443381843,0.3842343318531466
1274,rho_a,2.7198,2.742126009092561,0.022326009092560994,0.8208695158670778
1275,rho_a,2.495,2.4897641064954654,0.005235893504534683,0.2098554510834703
1276,rho_a,4.1844,4.191138403051445,0.006738403051445019,0.16103630273022196
1277,rho_a,4.383,4.356050095195106,0.02694990480489423,0.6148734840266503
1279,rho_a,1.71795,1.7276105795051262,0.00966057950512611,0.5623318201996849
1312,rho_a,2.053,2.030825846722557,0.022174153277442876,1.080085400751684
1314,rho_a,1.933,1.9223798444435252,0.010620155556474886,0.5494131172513912
1317,rho_a,1.799,1.7789152642823778,0.02008473571762215,1.1164388948088373
1318,rho_a,1.548,1.625622578537068,0.07762257853706789,5.014378458463678
1326,rho_a,3.639,3.6450226887044797,0.006022688704479862,0.16550394901011836
1327,rho_a,3.6297,3.6133080118704166,0.016391988129583535,0.4516072438377557
1328,rho_a,3.6412,3.64050924697099,0.000690753029009894,0.018970477562608598
1329,rho_a,3.6392,3.640879114277576,0.0016791142775756107,0.04613965370342793
1330,rho_a,2.022,2.021158039648112,0.0008419603518876606,0.04163997783814264
1331,rho_a,2.555,2.544594153781313,0.01040584621868712,0.4072738246059901
1333,rho_a,2.635,2.630011891264662,0.004988108735337615,0.18930203929167827
1334,rho_a,2.6639,2.6326933686066623,0.03120663139333768,1.1714640712236182
1336,rho_a,2.833,2.8348167733146914,0.0018167733146912113,0.06412895568974832
1338,rho_a,2.8823,2.841690840614027,0.04060915938597276,1.4089150812184252
1339,rho_a,2.977,2.9593656815681677,0.017634318431832163,0.5923519795709183
1341,rho_a,2.9956,2.9971750848115524,0.0015750848115523297,0.05257994430337174
1342,rho_a,3.1823,3.189006550358203,0.00670655035820289,0.2107453840995752
1344,rho_a,3.066,3.1024310321395077,0.036431032139507824,1.188226749494323
1345,rho_a,3.225,3.186662536579081,0.03833746342091926,1.1887585556870501
1346,rho_a,3.374,3.3636440085025914,0.010355991497408734,0.30693513625980035
1348,rho_a,3.376,3.375375525755205,0.000624474244794726,0.018497459857658206
1350,rho_a,3.421,3.4244191651094114,0.003419165109411537,0.09994636391144512
1353,rho_a,3.533,3.5194428373300966,0.013557162669903366,0.3837294840050815
1354,rho_a,3.6392,3.6450226887044797,0.0058226887044794395,0.15999914004390633
1365,rho_a,2.3351,2.3543489224951895,0.01924892249518928,0.8243296858884431
1367,rho_a,2.5229,2.522952512035559,5.2512035559004744e-05,0.002081415654959924
1370,rho_a,2.6841,2.6531484263046567,0.030951573695343182,1.1531453260061715
1372,rho_a,2.843,2.8332811008983096,0.009718899101690326,0.3418536440973235
1373,rho_a,2.9965,2.979678410309098,0.016821589690902083,0.5613745933888359
1374,rho_a,3.0901,3.103414372574229,0.013314372574229072,0.4308718997516185
1375,rho_a,2.3442,2.359996015416331,0.015796015416331244,0.6738339483117697
1376,rho_a,2.4388,2.4430230792285506,0.004223079228550475,0.17316217929099323
1377,rho_a,2.4821,2.4775453774067087,0.004554622593291313,0.18349875481606212
1378,rho_a,2.5572,2.5619706294132825,0.0047706294132825455,0.1865567579102409
1379,rho_a,2.6668,2.646249916028236,0.020550083971763833,0.7705896194598818
1380,rho_a,2.7783,2.796026073573802,0.017726073573801848,0.6380187011408223
1381,rho_a,3.1366,3.153742452027235,0.017142452027234967,0.5465297464525123
1382,rho_a,3.1748,3.181107294762481,0.006307294762481153,0.19866746763510035
1383,rho_a,3.2156,3.199234925812843,0.016365074187156825,0.5089275465590165
1384,rho_a,3.2565,3.2862388678842898,0.02973886788428981,0.9132156574322333
1385,rho_a,3.7366,3.737928803433163,0.001328803433162662,0.03556183249912504
1386,rho_a,5.035,5.024993042907848,0.010006957092151936,0.19874790649751634
1387,rho_a,2.942,2.907102176048146,0.03489782395185426,1.18619388007622
1388,rho_a,3.574,3.555852354132964,0.018147645867035767,0.5077684909633656
1389,rho_a,3.556,3.540142449362952,0.015857550637047968,0.44593786943316954
1390,rho_a,3.803,3.795539397792142,0.007460602207857825,0.19617676065884468
1391,rho_a,3.974,3.971840206265558,0.0021597937344424167,0.05434810605037426
1392,rho_a,4.18,4.186583648712376,0.006583648712376267,0.1575035577123132
1393,rho_a,4.356,4.351810710360835,0.0041892896391644285,0.09617285673010714
1394,rho_a,4.704,4.69283978405631,0.011160215943689877,0.23724948859879902
1395,rho_a,4.551,4.5631802326836794,0.012180232683679293,0.26763859994894784
1396,rho_a,5.035,5.024993042907848,0.010006957092151936,0.19874790649751634
1397,rho_a,4.0152,3.9879003786897433,0.02729962131025676,0.6799068865872175
1398,rho_a,4.099,4.072193892728683,0.026806107271316826,0.6539669985681943
1399,rho_a,4.25,4.217098138649318,0.03290186135068218,0.7741614435452809
1400,rho_a,4.292,4.293941778531997,0.0019417785319975067,0.04524181109033212
1401,rho_a,4.331,4.341068003675437,0.010068003675436366,0.2324637191280083
1402,rho_a,3.7808,3.7978612409202226,0.01706124092022243,0.4512600751221413
1403,rho_a,3.8593,3.876618839184524,0.017318839184524037,0.44875597088900965
1404,rho_a,3.8851,3.878570807875585,0.006529192124415051,0.16805724754609586
1405,rho_a,3.8866,3.8773950496281335,0.009204950371866527,0.23683811999856322
1406,rho_a,3.9558,3.965105355833735,0.009305355833734819,0.23523322295698634
1407,rho_a,3.9816,3.983309612337062,0.0017096123370623495,0.042937822409632315
1408,rho_a,4.1136,4.100312010220086,0.013287989779914078,0.32302581145251963
1409,rho_a,4.1154,4.111479193549165,0.003920806450834924,0.09527157629474585
1410,rho_a,4.0725,4.057641159585516,0.014858840414484042,0.3648579598399115
1411,rho_a,4.1382,4.1143824030378555,0.023817596962144805,0.5755545155415168
1413,rho_a,4.3316,4.317229153741436,0.014370846258564107,0.3317676207073781
1414,rho_a,2.1559,2.16667765593772,0.010777655937720176,0.49991446438680726
1415,rho_a,2.485,2.4727395720767165,0.012260427923283412,0.4933773812184499
1416,rho_a,2.2758,2.249249398136964,0.026550601863035705,1.1666491722921188
1417,rho_a,2.7114,2.7023313094132386,0.009068690586761186,0.33446524255948373
1418,rho_a,2.858,2.845329012537613,0.012670987462386929,0.4433515557166723
1419,rho_a,3.3797,3.380300287458208,0.0006002874582078377,0.01776156044050241
1420,rho_a,2.9626,2.9229274723035052,0.039672527696494875,1.3391118509579922
1421,rho_a,3.2396,3.216871553159527,0.022728446840472927,0.7015818879017752
1422,rho_a,3.1602,3.1532299035519253,0.006970096448074781,0.22055871299514507
1423,rho_a,3.4446,3.436983986218247,0.007616013781752695,0.22110009236922964
1424,rho_a,3.7621,3.766323352872528,0.00422335287252773,0.11226051600240843
1425,rho_a,3.9881,3.976346156793543,0.011753843206457226,0.29472288073153324
1426,rho_a,3.734,3.7629154186265366,0.02891541862653657,0.7743818593071459
1427,rho_a,3.732,3.7595236243539714,0.027523624353971154,0.7375033320997797
1428,rho_a,3.706,3.7146089505917814,0.008608950591781461,0.2322976414403437
1429,rho_a,3.744,3.7621978342008537,0.018197834200853524,0.4860532639115562
1430,rho_a,3.785,3.791243796755776,0.006243796755776021,0.1649616051723744
1431,rho_a,3.942,3.9387566180990974,0.0032433819009027864,0.08227757232120658
1432,rho_a,4.158,4.157202099908004,0.0007979000919959844,0.01918951640201521
1433,rho_a,4.3316,4.34208735442246,0.010487354422459738,0.24211271637402615
1434,rho_a,1.8965,1.8980001274258134,0.0015001274258132913,0.07909978517334565
1435,rho_a,2.689,2.64030722500634,0.04869277499365987,1.810813499205718
1436,rho_a,3.069,3.1088718190616564,0.03987181906165649,1.2991795067332517
1437,rho_a,3.43,3.4163008035901385,0.013699196409861614,0.3993934813369568
1438,rho_a,3.735,3.751856233103089,0.016856233103089036,0.4513047684895454
1439,rho_a,3.868,3.8767279055973263,0.00872790559732639,0.2256438882451948
1441,rho_a,3.977,3.9769305838855438,6.941611445610008e-05,0.001745439136436576
1442,rho_a,4.3316,4.317229153741436,0.014370846258564107,0.3317676207073781
1443,rho_a,1.988,1.981803724226529,0.006196275773471038,0.31168389202554936
1444,rho_a,2.171,2.152219197706848,0.018780802293151933,0.8650761074685989
1446,rho_a,2.461,2.4406799611211953,0.020320038878804514,0.8256821974317862
1449,rho_a,3.01,3.037429956132275,0.02742995613227528,0.9112942236633278
1452,rho_a,3.569,3.544738753665252,0.0242612463347478,0.6797771458319137
1454,rho_a,3.836,3.8075766227455987,0.02842337725440114,0.7409639534513486
1456,rho_a,3.3688,3.3704404080177586,0.0016404080177587765,0.04869413493701881
1457,rho_a,3.5384,3.52663893454461,0.011761065455390352,0.33238371736906586
1459,rho_a,3.7392,3.759658632847582,0.02045863284758198,0.5471393037969755
1460,rho_a,2.2259,2.2100859463493268,0.015814053650673454,0.7104566085927646
1461,rho_a,2.1654,2.1614568008822834,0.003943199117716567,0.1821002640488938
1462,rho_a,2.2436,2.229049272598603,0.014550727401396735,0.6485437422620008
1463,rho_a,2.6378,2.634109963485846,0.003690036514154116,0.13989068595620277
1464,rho_a,2.6709,2.6475900177108915,0.023309982289108522,0.8727388628963942
1465,rho_a,2.5799,2.595146393150633,0.015246393150633253,0.5909683767055833
1466,rho_a,3.0067,3.044548942711222,0.037848942711221856,1.2588200589087462
1467,rho_a,2.9889,2.961913711574739,0.026986288425260962,0.902883616890894
1468,rho_a,3.1909,3.1833001487331543,0.007599851266845814,0.23817265557815764
1469,rho_a,3.3008,3.3206524807649545,0.019852480764954272,0.6014445214780737
1470,rho_a,3.2735,3.2913483453186916,0.017848345318691727,0.5452373703585237
1471,rho_a,3.4208,3.4257448580835765,0.0049448580835766975,0.14455268017935138
1472,rho_a,3.2956,3.3114724579980668,0.015872457998066913,0.4816257433566603
1473,rho_a,3.7799,3.7916761474205836,0.011776147420583527,0.3115465335215326
1474,rho_a,3.6532,3.644855737096747,0.008344262903253075,0.22840969296098737
1475,rho_a,3.6349,3.6365880790959038,0.0016880790959037384,0.046440867586543616
1476,rho_a,6.112,6.119921033934817,0.007921033934817245,0.12959806830523476
1477,rho_a,5.799,5.810399493203646,0.01139949320364586,0.1965768788350387
1478,rho_a,5.728,5.773444029133676,0.04544402913367662,0.7933664304062271
1479,rho_a,5.503,5.486955796520058,0.016044203479942176,0.29155376122004834
1480,rho_a,3.6008,3.5856471972302466,0.015152802769753393,0.4208176730101418
1481,rho_a,5.775,5.768799236491914,0.006200763508086737,0.10737252827853962
1482,rho_a,3.063,3.064783235120005,0.001783235120004889,0.058218580476797475
1483,rho_a,3.825,3.7954854558424858,0.029514544157514422,0.7716220694772994
1484,rho_a,4.21,4.17338812638381,0.03661187361618978,0.8696407034722348
1485,rho_a,4.264,4.240234198083547,0.023765801916453277,0.5573593319992426
1486,rho_a,4.117,4.087017305190901,0.029982694809098653,0.7282656013867226
1487,rho_a,4.08,4.062659709045175,0.017340290954825477,0.4250071312456183
1488,rho_a,4.579,4.559450601563559,0.019549398436440768,0.4269359780833479
1489,rho_a,3.3191,3.3242357757557572,0.005135775755757077,0.15473398679628603
1490,rho_a,3.6575,3.6637401027002956,0.006240102700295402,0.1706111469663348
1491,rho_a,4.2048,4.186051139364704,0.018748860635295905,0.4458918530082631
1492,rho_a,3.9704,3.9678503424650087,0.0025496575349914785,0.06421664152203396
1493,rho_a,2.7571,2.7738542868359524,0.01675428683595248,0.6076778802345364
1494,rho_a,3.3934,3.386797977952768,0.006602022047232037,0.19455478420551928
1495,rho_a,3.9022,3.8647379442742475,0.03746205572575256,0.9600239794409041
1496,rho_a,4.3643,4.36202084284887,0.002279157151130029,0.05222274250462862
1497,rho_a,5.222,5.2102135378783,0.011786462121700758,0.2257078154289257
1498,rho_a,2.66,2.651478050699812,0.008521949300188236,0.32037403384154256
1499,rho_a,2.276,2.2746075437290334,0.0013924562709664023,0.061179976755966196
1500,rho_a,2.122,2.1461853214348583,0.02418532143485841,1.1397418206808205
1501,rho_a,2.068,2.1101898645999477,0.04218986459994767,2.0401288491260767
1502,rho_a,2.176,2.1917398594887594,0.015739859488759222,0.7233391309169112
1503,rho_a,2.209,2.2169444553680053,0.007944455368005254,0.3596403516524064
1504,rho_a,2.199,2.2197361438872685,0.020736143887268632,0.9429806224310688
1505,rho_a,2.139,2.163572443143676,0.024572443143676015,1.1487818206481781
1506,rho_a,2.228,2.2360269063717224,0.008026906371722209,0.3602740741345873
1507,rho_a,2.175,2.194450156737043,0.01945015673704331,0.8942600798636492
1508,rho_a,2.158,2.1678504834398495,0.009850483439849622,0.45646355142933537
1509,rho_a,2.145,2.1692240582784863,0.024224058278486282,1.1293267262692301
1510,rho_a,1.972,1.9882365911451618,0.01623659114516185,0.8233565489428811
1513,rho_a,2.413,2.4177655990550395,0.004765599055039704,0.19749685267458472
1517,rho_a,2.349,2.3392480382683223,0.009751961731677916,0.41515375613766553
1522,rho_a,2.158,2.1555046704263594,0.0024953295736405146,0.1156315835792103
1526,rho_a,2.075,2.0946985175202606,0.019698517520260417,0.9493261455542612
1536,rho_a,2.024,2.0463021065368614,0.022302106536861377,1.1018827340341086
1537,rho_a,2.018,2.035342539653651,0.01734253965365129,0.8593924506264964
1538,rho_a,2.554,2.549413080971074,0.004586919028925607,0.17959745610508265
1540,rho_a,2.447,2.4316133803729882,0.015386619627011822,0.6287952442585015
1542,rho_a,2.545,2.541446963178003,0.0035530368219971464,0.13960851952832024
1543,rho_a,2.576,2.598847118328046,0.02284711832804609,0.8869222953430598
1544,rho_a,2.531,2.5371568006115535,0.006156800611553326,0.24325565434811902
1547,rho_a,2.383,2.3877699227502456,0.00476992275024557,0.20016461394223953
1548,rho_a,2.561,2.5632216010122497,0.0022216010122497742,0.08674740383634935
1549,rho_a,2.511,2.5225898063152297,0.011589806315229545,0.46156138252588325
1551,rho_a,2.538,2.538524395832427,0.0005243958324272491,0.020661774327306637
1553,rho_a,2.54,2.5431408850804846,0.003140885080484601,0.12365689293241593
1555,rho_a,1.971,1.9879953630810492,0.016995363081049097,0.8622710847813533
1557,rho_a,2.89,2.883759584651455,0.006240415348544914,0.21593132693919567
1558,rho_a,4.502,4.532665700350073,0.03066570035007299,0.6811572712142643
1559,rho_a,6.2457,6.262492559748118,0.016792559748117775,0.2688659357336261
1560,rho_a,6.1477,6.217199244798573,0.06949924479857295,1.1304918066685368
1561,rho_a,6.0788,6.081528737508101,0.002728737508101098,0.04488941087222229
1562,rho_a,5.517,5.484857878760479,0.03214212123952098,0.5826014362790494
1563,rho_a,6.5207,6.460880670440954,0.0598193295590459,0.9173758884634583
1564,rho_a,6.4205,6.461623607451143,0.04112360745114341,0.6405047496478
1565,rho_a,6.1798,6.243943380365787,0.06414338036578648,1.0379523668367276
1566,rho_a,6.2892,6.313025640717702,0.023825640717701546,0.37883420335969215
1567,rho_a,6.2457,6.262492559748118,0.016792559748117775,0.2688659357336261
1568,rho_a,8.4886,8.620023478591111,0.13142347859111148,1.5482350280505148
1569,rho_a,7.8451,7.742977262492892,0.10212273750710832,1.3017391429949305
1570,rho_a,8.1537,8.109771019392372,0.043928980607628176,0.538761306003689
1571,rho_a,8.4896,8.622229657741201,0.1326296577412016,1.5622603861334574
1572,rho_a,8.558,8.646969395052027,0.08896939505202717,1.0396049900913387
1573,rho_a,8.7006,8.653346065795244,0.047253934204755765,0.5431112130743895
1574,rho_a,8.8526,8.691022373653931,0.16157762634606954,1.8251996740624368
1575,rho_a,8.4886,8.620023478591111,0.13142347859111148,1.5482350280505148
1576,rho_a,7.237,7.265164651184664,0.028164651184663825,0.38917577980737783
1577,rho_a,6.0594,6.107167158431175,0.04776715843117518,0.788314988797031
1578,rho_a,5.073,5.084045933721803,0.011045933721802292,0.21773967517839768
1579,rho_a,6.186,6.241235516902282,0.055235516902282455,0.8929116861020615
1580,rho_a,3.8531,3.848707191712386,0.004392808287613903,0.11400711862170104
1581,rho_a,3.6916,3.7188731717359627,0.027273171735962443,0.7387900025992808
1582,rho_a,3.5736,3.55655735852262,0.017042641477380105,0.47690400373224023
1583,rho_a,3.4679,3.464467871780728,0.0034321282192721903,0.09896848868973154
1584,rho_a,3.375,3.3900945778737985,0.015094577873798531,0.4472467518161203
1585,rho_a,3.3102,3.3330399230726835,0.022839923072683455,0.689986196383196
1586,rho_a,3.2916,3.3279686454277004,0.036368645427700574,1.1048926184132193
1587,rho_a,3.2706,3.3106814033086467,0.040081403308646735,1.2255061245225487
1588,rho_a,3.1976,3.195653055326255,0.0019469446737447882,0.06088768681962032
1589,rho_a,3.0787,3.1217424614261553,0.04304246142615531,1.3980726094176545
1590,rho_a,2.952,2.9237384614792,0.028261538520800045,0.957369191083688
1591,rho_a,2.3313,2.345340263110569,0.01404026311056894,0.6022503800696142
1592,rho_a,2.37,2.380427919065738,0.0104279190657377,0.439996585052038
1594,rho_a,2.3875,2.4038067239223944,0.016306723922394184,0.6830041433460671
1596,rho_a,2.4078,2.42592967031708,0.018129670317080127,0.7529558234518064
1612,rho_a,2.3384,2.3508732536464674,0.012473253646467342,0.5334097522435001
1613,rho_a,2.3475,2.359996015416331,0.012496015416330941,0.5323116258285673
1615,rho_a,2.3573,2.37171997398476,0.014419973984760137,0.6117156910344046
1616,rho_a,2.392,2.403887057958929,0.01188705795892897,0.4969505835670569
1618,rho_a,2.4226,2.4271890424836853,0.004589042483685191,0.18942633879647058
1620,rho_a,2.398,2.3997066504376794,0.001706650437679258,0.07116974302245814
1622,rho_a,2.3956,2.398443152132401,0.002843152132400828,0.11868225631990487
1624,rho_a,2.4017,2.421977491258234,0.020277491258234193,0.8442974250833055
1627,rho_a,2.4269,2.4375266406875156,0.010626640687515732,0.43786891456225446
1631,rho_a,3.618,3.6218760433454724,0.003876043345472535,0.10713220965924444
1633,rho_a,2.5261,2.5164743591045493,0.009625640895450704,0.3810474999187243
1634,rho_a,2.6143,2.599313535004423,0.014986464995577098,0.5732496268818179
1635,rho_a,2.5615,2.5556802474889246,0.005819752511075471,0.2272009569031114
1636,rho_a,2.5025,2.504004132501933,0.001504132501933153,0.06010519488241966
1637,rho_a,4.375,4.413760769268209,0.03876076926820904,0.8859604404160041
1638,rho_a,3.8243,3.8263808933497727,0.0020808933497726834,0.05441239834145175
1639,rho_a,1.635,1.6933991425623485,0.05839914256234846,3.571813000753073
1640,rho_a,2.2372,2.220782930561274,0.016417069438726006,0.7338221633612849
1641,rho_a,3.8335,3.825609393156488,0.00789060684351206,0.20583296839728712
1642,rho_a,3.2884,3.3276681308179232,0.03926813081792302,1.1941409444687712
1643,rho_a,2.3585,2.3569572601619155,0.0015427398380842838,0.06541190748711595
1644,rho_a,2.8162,2.8216979015748382,0.005497901574838426,0.19522411671175607
1645,rho_a,3.2133,3.211818627120794,0.0014813728792058,0.04610129397209532
1646,rho_a,4.256,4.239851326960726,0.016148673039274364,0.37943310712571826
1647,rho_a,4.017,4.003078017864262,0.01392198213573792,0.3465766028313282
1648,rho_a,4.011,3.9936675653896616,0.01733243461033851,0.4321225283055145
1649,rho_a,3.643,3.636455880199913,0.006544119800086623,0.17963545978821924
1650,rho_a,3.32,3.316134998397667,0.0038650016023327183,0.11641571091360103
1651,rho_a,2.956,2.915755861073256,0.04024413892674383,1.3614390705930386
1652,rho_a,2.781,2.794789392527073,0.013789392527072675,0.4958429531487852
1653,rho_a,2.589,2.5985226742303396,0.00952267423033959,0.3678128323806841
1654,rho_a,2.1866,2.1959231603494187,0.009323160349418824,0.42637703966955826
1655,rho_a,2.2231,2.2194687748208133,0.0036312251791867922,0.16334061352099133
1656,rho_a,2.254,2.2564337102875083,0.002433710287508273,0.10797294975630847
1657,rho_a,2.265,2.2554216898559454,0.009578310144054747,0.4228834500684555
1658,rho_a,2.3934,2.393006953914547,0.00039304608545309705,0.016422080949817532
1659,rho_a,2.4067,2.4152215461432185,0.00852154614321865,0.35407596057735113
1660,rho_a,2.3534,2.336092957658482,0.01730704234151803,0.7354058953646075
1661,rho_a,2.4968,2.4804851589119865,0.0163148410880134,0.6534300339637482
1662,rho_a,4.0742,4.076887539791182,0.0026875397911814147,0.0659648468700789
1663,rho_a,4.113,4.102219818869574,0.01078018113042667,0.2621001976762472
1664,rho_a,3.9523,3.9604609764214618,0.00816097642146163,0.2064867652116379
1665,rho_a,3.7984,3.796237611892838,0.002162388107162183,0.056928920260152005
1666,rho_a,3.4343,3.4194267811268126,0.014873218873187266,0.43307861494869215
1667,rho_a,3.5606,3.543457223813406,0.017142776186593878,0.4814575124020969
1668,rho_a,4.0791,4.078361932715772,0.0007380672842280944,0.018093875713464082
1669,rho_a,2.85,2.835836006304495,0.014163993695504917,0.4969822349298227
1670,rho_a,2.5377,2.525143255594573,0.01255674440542709,0.4948080705135414
1671,rho_a,1.8767,1.897409079914814,0.020709079914813966,1.103483770171201
1672,rho_a,1.9945,1.9786825866802822,0.015817413319717755,0.7930515577693569
1673,rho_a,2.0718,2.059190247620516,0.012609752379483918,0.6086375315898171
1674,rho_a,2.1411,2.1394414506900676,0.0016585493099321447,0.07746248703616693
1675,rho_a,2.2101,2.1834309797680698,0.026669020231930407,1.2066883956345114
1676,rho_a,2.2633,2.233626687781291,0.029673312218708947,1.3110640312241344
1677,rho_a,2.3407,2.3284517170439516,0.012248282956048406,0.523274360492296
1678,rho_a,2.3703,2.352702940825451,0.01759705917454868,0.7423979738658084
1679,rho_a,2.4169,2.412012324663995,0.004887675336004982,0.20222910902407876
1680,rho_a,2.4186,2.4133324788594273,0.005267521140572828,0.2177921582969755
1681,rho_a,2.4852,2.4660900584086054,0.019109941591394453,0.76894984674822
1682,rho_a,1.95,1.941978919435041,0.008021080564958982,0.4113374648694804
1683,rho_a,2.4864,2.4473271843362108,0.039072815663789395,1.571461376438774
1684,rho_a,2.3796,2.3699529394070025,0.00964706059299747,0.4054068159771985
1685,rho_a,2.3656,2.350850464562963,0.014749535437037053,0.6235008216533149
1686,rho_a,2.268,2.235849709817148,0.03215029018285165,1.417561295539571
1687,rho_a,2.2379,2.2034693662917433,0.0344306337082565,1.5385242284392115
1688,rho_a,2.1352,2.1421263809709483,0.0069263809709481095,0.32439026652982694
1689,rho_a,2.4986,2.4804851589119865,0.018114841088013645,0.7249996433205153
1690,rho_a,2.928,2.898043908769731,0.02995609123026899,1.0230905474815148
1691,rho_a,2.962,2.9257744532475125,0.03622554675248768,1.2230096810423852
1692,rho_a,2.916,2.86651000734446,0.04948999265553988,1.6971876768011973
1693,rho_a,2.848,2.829748456157657,0.018251543842342954,0.640854769744963
1694,rho_a,2.916,2.869349091601295,0.04665090839870478,1.5998253909015359
1695,rho_a,2.889,2.8457107598865212,0.043289240113478566,1.4984160648481684
1696,rho_a,2.84,2.8344040850031784,0.005595914996821438,0.19703926045138973
1697,rho_a,2.72,2.726305109326513,0.006305109326512959,0.2318054899452441
1698,rho_a,2.1319,2.1299740924322608,0.001925907567739138,0.09033761282134409
1700,rho_a,2.1305,2.127783973366731,0.0027160266332688643,0.12748306187597228
1703,rho_a,2.1791,2.1767570234511764,0.00234297654882365,0.1075203776248256
1706,rho_a,2.38,2.3908564399549244,0.010856439954924468,0.456152939282349
1708,rho_a,2.4925,2.4820396090797012,0.010460390920298934,0.419674660794172
1709,rho_a,2.4637,2.447316242510678,0.01638375748932175,0.665006189443321
1711,rho_a,2.4651,2.455267580086523,0.009832419913477164,0.3988649512584956
1713,rho_a,2.4986,2.479819826598481,0.01878017340151894,0.7516278476551438
1714,rho_a,4.038,4.027704284242345,0.010295715757655088,0.2549706725520688
1715,rho_a,3.976,3.9712924312584756,0.004707568741524337,0.11839961623549178
1716,rho_a,3.751,3.7579662634400863,0.00696626344008644,0.1857175004021483
1717,rho_a,3.543,3.509137678818619,0.033862321181381105,0.9557527852489852
1718,rho_a,3.224,3.1938480025073286,0.03015199749267161,0.9352356542389038
1719,rho_a,2.805,2.796111660474245,0.008888339525755296,0.3168748494029278
1720,rho_a,2.588,2.5985226742303396,0.01052267423033948,0.40659483115670064
1721,rho_a,4.06,4.0639723573424265,0.003972357342426847,0.0978413138528539
1722,rho_a,3.909,3.8816881157181142,0.02731188428188558,0.698692358195922
1723,rho_a,3.558,3.5432970775648926,0.01470292243510718,0.41323559401638693
1724,rho_a,3.303,3.320932276233573,0.017932276233572964,0.5429087566929317
1725,rho_a,3.008,3.034716056447294,0.026716056447293912,0.888166770188997
1726,rho_a,2.772,2.805567153606165,0.033567153606165245,1.2109362772782517
1727,rho_a,2.588,2.5985226742303396,0.01052267423033948,0.40659483115670064
1728,rho_a,3.084,3.1065993522826334,0.022599352282633323,0.7327935240799609
1729,rho_a,2.9062,2.888977607379089,0.017222392620911187,0.5926086511907391
1730,rho_a,2.8413,2.8586063593015156,0.017306359301515695,0.6091000352482879
1731,rho_a,2.8188,2.838471519464576,0.019671519464576015,0.697868577570918
1732,rho_a,2.8233,2.8492334044895125,0.025933404489512313,0.9185493744732449
1733,rho_a,2.8183,2.8403880859852033,0.02208808598520351,0.7837379265938925
1734,rho_a,2.7579,2.776566361603967,0.018666361603967285,0.6768324306160672
1735,rho_a,2.666,2.6660687970485357,6.879704853579582e-05,0.002580534453704802
1736,rho_a,2.6091,2.615944970848145,0.006844970848144616,0.2623498849466096
1737,rho_a,2.5496,2.5485534027018,0.0010465972981998917,0.041049470434557624
1738,rho_a,2.4852,2.4660900584086054,0.019109941591394453,0.76894984674822
1739,rho_a,3.2429,3.2186348716147912,0.02426512838520889,0.7482539820901479
1740,rho_a,3.0117,3.036963793379871,0.02526379337987139,0.8388549118392603
1741,rho_a,2.4793,2.455510815609659,0.023789184390341056,0.9595121361001678
1742,rho_a,3.179,3.170292076289697,0.008707923710302712,0.273920217373387
1750,rho_a,2.892,2.8541519176230157,0.03784808237698423,1.3087165413890436
1751,rho_a,2.874,2.853410791537847,0.020589208462153064,0.7163955623571989
1752,rho_a,2.969,2.9628843431314156,0.006115656868584285,0.20598372746993013
1753,rho_a,3.0511,3.0456657913444527,0.0054342086555472235,0.17810654044591925
1754,rho_a,2.074,2.0582531400304207,0.01574685996957914,0.7592507217729773
1755,rho_a,2.12,2.098825532619964,0.021174467380036255,0.9987956311333144
1756,rho_a,2.336,2.323211284745213,0.012788715254786975,0.5474621256327697
1757,rho_a,2.453,2.4109852715100875,0.04201472848991239,1.7127895837706997
1758,rho_a,2.809,2.8156829522319793,0.006682952231979122,0.2379121478097808
1759,rho_a,6.034,5.9879050807100445,0.04609491928995535,0.7639197761012216
1761,rho_a,3.2892,3.3003398310929084,0.011139831092908281,0.338679043320713
1763,rho_a,3.256,3.2347235302414385,0.021276469758561234,0.6534542309138421
1764,rho_a,3.265,3.274206110711508,0.009206110711507787,0.2819635746249607
1765,rho_a,3.295,3.31970393362174,0.02470393362174006,0.74974001886897
1766,rho_a,3.289,3.3102662261944986,0.021266226194498472,0.6465863847519612
1767,rho_a,3.402,3.3984102579841324,0.003589742015867703,0.10551857777385795
1768,rho_a,2.7571,2.7738542868359524,0.01675428683595248,0.6076778802345364
1769,rho_a,2.8803,2.851691720963238,0.028608279036761886,0.993239559655312
1770,rho_a,2.9258,2.910220137065879,0.01557986293412128,0.5324992458170741
1771,rho_a,3.0783,3.1175142025964737,0.03921420259647368,1.2738915179307064
1772,rho_a,2.18,2.1700660120243755,0.009933987975624614,0.45568752181743377
1773,rho_a,2.3,2.2833035596165225,0.016696440383477285,0.7259321905856533
1774,rho_a,2.2,2.1995993514362957,0.00040064856370447544,0.018211298350195148
1775,rho_a,2.4,2.425165327107746,0.025165327107746105,1.0485552961556508
1776,rho_a,5.54,5.53062656234843,0.009373437651570171,0.16919562547957542
1777,rho_a,2.54,2.541241969648374,0.001241969648373864,0.048896442849345474
1778,rho_a,5.398,5.342017329078114,0.05598267092188536,1.0371002393826416
1779,rho_a,8.4084,8.375630092844245,0.03276990715575501,0.3897282141162541
1781,rho_a,9.563,9.420378685723458,0.14262131427654268,1.4913867434542272
1782,rho_a,3.42,3.4201368290405143,0.0001368290405143746,0.004000849137846041
1783,rho_a,3.0,3.0123379028473494,0.012337902847349369,0.41126342824484186
1784,rho_a,2.65,2.643315137254502,0.006684862745498066,0.2522589715281337
1785,rho_a,2.7,2.7056281760483882,0.005628176048388056,0.20845096475503597
1786,rho_a,4.233,4.202897914624277,0.030102085375722787,0.7111288772907082
1787,rho_a,2.48,2.4794185788147294,0.000581421185270603,0.023444402631869702
1788,rho_a,2.405,2.455844471141717,0.05084447114171731,2.1141152241869507
1789,rho_a,2.51,2.5352836407872834,0.025283640787283623,1.0073163660268347
1790,rho_a,2.625,2.614150619809499,0.01084938019050119,0.41330972154274503
1791,rho_a,2.695,2.7002734537148916,0.00527345371489174,0.19567546251910145
1792,rho_a,2.763,2.7711273842162534,0.008127384216253475,0.29415071358127154
1793,rho_a,2.808,2.8040612640644755,0.003938735935524296,0.1402683737721828
1794,rho_a,2.816,2.8106700931589743,0.005329906841025522,0.18927225997953231
1795,rho_a,2.823,2.8228774602922346,0.0001225397077653234,0.004340761876205456
1796,rho_a,1.67,1.672156251539523,0.0021562515395230353,0.12911685865399666
1797,rho_a,2.6569,2.646164208245821,0.010735791754178603,0.4040721048656164
1798,rho_a,2.6994,2.705203600770143,0.005803600770143191,0.2149959535504572
1799,rho_a,2.7439,2.7478255003716834,0.003925500371683377,0.1430628073793486
1800,rho_a,2.7909,2.8100663907605825,0.019166390760582352,0.6867458798443328
1801,rho_a,2.8407,2.845657251400052,0.004957251400051987,0.17450809307741902
1802,rho_a,2.8458,2.84918352563663,0.0033835256366296917,0.11889541206790719
1803,rho_a,2.8936,2.858464063905017,0.03513593609498322,1.2142637577747815
1804,rho_a,2.95,2.9331489625390645,0.016851037460935636,0.5712216088450821
1805,rho_a,3.0103,3.0403543599519995,0.030054359951999565,0.9983842126030489
1806,rho_a,3.0748,3.1198780376174975,0.04507803761749729,1.466047795547113
1807,rho_a,3.1437,3.1553762461581,0.011676246158100145,0.3714173158410927
1808,rho_a,3.4974,3.4805995205732234,0.016800479426776427,0.4803705445980335
1813,rho_a,4.9831,5.003276972132402,0.02017697213240144,0.40490803179541623
1814,rho_a,4.1,4.06995366710576,0.030046332894239747,0.7328373876642054
1817,rho_a,4.384,4.401784382277426,0.017784382277425514,0.40566565413826317
1820,rho_a,4.504,4.531807962378382,0.027807962378382456,0.6174059142623509
1823,rho_a,4.644,4.648137846035069,0.004137846035068726,0.0891009051478862
1827,rho_a,4.9831,5.003276972132402,0.02017697213240144,0.40490803179541623
1828,rho_a,3.4395,3.4414300250400105,0.0019300250400107188,0.05611353510714225
1829,rho_a,3.314,3.3262012104057246,0.012201210405724527,0.36817170807848054
1830,rho_a,3.5369,3.5243377613611813,0.01256223863881889,0.3551765285649958
1831,rho_a,3.694,3.704034214037517,0.010034214037517142,0.27163546392838184
1832,rho_a,4.0665,4.064098636361045,0.002401363638954379,0.059052345726147516
1833,rho_a,4.5717,4.5771019325906055,0.005401932590605618,0.11816025965405509
1834,rho_a,4.4627,4.452377480386068,0.010322519613931824,0.23130659945614787
1835,rho_a,2.07,2.089419699606138,0.019419699606137986,0.9381497394265026
1836,rho_a,2.731,2.7235420062614235,0.007457993738576363,0.2730865521264603
1837,rho_a,3.294,3.306788501611191,0.012788501611190828,0.38823623591945794
1838,rho_a,3.404,3.4113229708952595,0.007322970895259573,0.21512840467853764
1840,rho_a,3.991,3.9737254220359777,0.01727457796402243,0.43283833535500127
1841,rho_a,4.559,4.586402162735343,0.027402162735342905,0.6010564320100218
1844,rho_a,4.88,4.8978127196729915,0.017812719672991584,0.3650147473972937
1845,rho_a,4.463,4.4916554007411875,0.028655400741187442,0.6420658915792297
1856,rho_a,4.08,4.075074595469483,0.004925404530516708,0.1207206992773407
1857,rho_a,4.157,4.162655895703359,0.00565589570335856,0.136057149467337
1858,rho_a,4.209,4.187046341291067,0.021953658708932622,0.521588470157458
1859,rho_a,4.287,4.273632489099556,0.013367510900444302,0.31181504316401176
1860,rho_a,4.403,4.380754646651072,0.022245353348927743,0.5052317362916805
1861,rho_a,4.47,4.467074580893908,0.0029254191060914536,0.06544561758592392
1862,rho_a,4.571,4.571918256277431,0.0009182562774316949,0.02008873938813157
1863,rho_a,4.645,4.65088867608956,0.005888676089560008,0.1267745121541171
1864,rho_a,4.747,4.719764676826081,0.027235323173918857,0.5737375852941462
1865,rho_a,4.834,4.81229168381024,0.02170831618975999,0.44907563487289
1866,rho_a,2.822,2.8293912546788897,0.0073912546788896805,0.26191547409238347
1867,rho_a,3.049,3.027768221577726,0.021231778422273972,0.6963521948923257
1868,rho_a,3.29,3.3049025595528247,0.014902559552824712,0.45296533595198124
1869,rho_a,3.514,3.478643597939765,0.035356402060234604,1.0061582828749158
1870,rho_a,3.71,3.725820246556686,0.015820246556685902,0.42642174007228134
1871,rho_a,3.921,3.917396277744686,0.0036037222553138015,0.09190824420588836
1872,rho_a,4.093,4.070192543361128,0.022807456638871848,0.557230799874573
1873,rho_a,4.29,4.285454041979531,0.0045459580204694205,0.1059663874235049
1874,rho_a,4.482,4.490284417020373,0.008284417020372636,0.1848375060323692
1875,rho_a,4.668,4.6647874055717775,0.003212594428222637,0.06882164584879924
1876,rho_a,4.834,4.81229168381024,0.02170831618975999,0.44907563487289
1877,rho_a,4.078,4.058946751711824,0.019053248288176228,0.46722040922441277
1878,rho_a,5.133,5.118023411287857,0.014976588712142913,0.29177067430625353
1881,rho_a,4.928,4.940257854057037,0.012257854057037498,0.24873892161191175
1884,rho_a,4.607,4.5975814559919685,0.00941854400803166,0.2044398525728156
1885,rho_a,4.425,4.457583912879295,0.03258391287929552,0.7363596130912577
1886,rho_a,4.058,4.061284881911963,0.003284881911962856,0.08094829748551124
1887,rho_a,3.718,3.751821635998857,0.033821635998857236,0.9096728348264695
1888,rho_a,3.783,3.807417788129153,0.024417788129153184,0.645460960326374
1889,rho_a,3.707,3.7266035722153306,0.01960357221533071,0.5288257948563643
1890,rho_a,3.824,3.8278378858563182,0.0038378858563183904,0.10036312385767225
1891,rho_a,3.949,3.97601029017957,0.02701029017957035,0.6839779736531657
1892,rho_a,4.083,4.074257850100772,0.008742149899227947,0.21411094536433517
1893,rho_a,4.156,4.172276660290656,0.01627666029065633,0.39164245165188677
1894,rho_a,4.059,4.061284881911963,0.002284881911962522,0.05629174456669029
1895,rho_a,2.908,2.8544359174636464,0.053564082536353474,1.841956070713035
1896,rho_a,3.082,3.107526950932345,0.025526950932345027,0.8282592774930806
1897,rho_a,2.991,2.954984162800979,0.03601583719902113,1.2041403276164857
1898,rho_a,3.175,3.164907957805791,0.010092042194208783,0.3178595966678931
1901,rho_a,3.421,3.4293353389319523,0.008335338931952485,0.24365211727419026
1904,rho_a,3.562,3.5485842696302914,0.013415730369708445,0.3766347661343256
1906,rho_a,3.721,3.7420259841610104,0.021025984161010314,0.565062729400824
1908,rho_a,3.834,3.8169845629813945,0.017015437018605528,0.4438037824361265
1909,rho_a,3.953,3.9677768072914974,0.014776807291497551,0.3738124789145918
1910,rho_a,4.025,4.0133905426058165,0.011609457394183842,0.28843372407902995
1911,rho_a,4.058,4.061284881911963,0.003284881911962856,0.08094829748551124
1913,rho_a,2.692,2.695027505616654,0.0030275056166537695,0.11246306153984564
1916,rho_a,3.015,3.035754852332678,0.02075485233267793,0.688386478695557
1920,rho_a,3.438,3.4349564993356294,0.0030435006643707574,0.0885253247344349
1923,rho_a,3.887,3.880371567270342,0.006628432729657963,0.1705282410511
1924,rho_a,4.099,4.06995366710576,0.0290463328942403,0.7086199779027376
1925,rho_a,1.835,1.8390773532414788,0.004077353241478843,0.22219908672897115
1926,rho_a,2.73,2.723697233464843,0.006302766535156934,0.23087056905328296
1927,rho_a,3.476,3.4479721771084786,0.028027822891521392,0.8063240187431913
1928,rho_a,3.818,3.814847956424166,0.003152043575834096,0.08255745353151572
1929,rho_a,4.078,4.0609353175511345,0.01706468244886583,0.41845714685781377
1934,rho_a,3.123,3.135767829134874,0.012767829134873843,0.40883218491417717
1935,rho_a,3.325,3.330260643521423,0.005260643521422637,0.1582148427495054
1938,rho_a,3.566,3.5575877519560453,0.008412248043954573,0.2359015155342741
1940,rho_a,3.827,3.825485394691045,0.0015146053089547529,0.03957683064944753
1942,rho_a,3.937,3.9465014617699885,0.009501461769988673,0.24133761163287426
1943,rho_a,4.099,4.06995366710576,0.0290463328942403,0.7086199779027376
1951,rho_a,6.112,6.10679070367293,0.005209296327070234,0.08523063362351738
1952,rho_a,5.793,5.830667024204376,0.037667024204376176,0.6502161954836816
1954,rho_a,5.602,5.619623635668884,0.017623635668883253,0.3145954242927545
1957,rho_a,5.048,5.068041630865965,0.020041630865964777,0.3970212136680033
1959,rho_a,4.584,4.618591524031858,0.03459152403185861,0.7546143986005904
1960,rho_a,4.078,4.058946751711824,0.019053248288176228,0.46722040922441277
1961,rho_a,3.092,3.1044944816516367,0.01249448165163658,0.4040906096905737
1962,rho_a,3.177,3.1625460913242542,0.014453908675745808,0.4549546325382832
1963,rho_a,3.243,3.223510468630642,0.019489531369357938,0.6009722901434452
1964,rho_a,3.367,3.36578322906213,0.001216770937869871,0.036138132992857425
1965,rho_a,3.526,3.5015027840751354,0.024497215924864424,0.6947593852767293
1966,rho_a,3.754,3.7636013338605494,0.0096013338605494,0.2557627560081737
1967,rho_a,3.915,3.878511696755138,0.036488303244861964,0.9320128542746524
1968,rho_a,4.059,4.061284881911963,0.002284881911962522,0.05629174456669029
1969,rho_a,6.802,6.782357346145924,0.01964265385407593,0.28877762208281454
1970,rho_a,6.548,6.697631973531064,0.14963197353106406,2.2851553685253694
1971,rho_a,6.259,6.278149764805693,0.01914976480569308,0.30595566073957536
1972,rho_a,5.931,5.842976922332429,0.08802307766757078,1.484118659038205
1973,rho_a,5.593,5.602123979859805,0.00912397985980462,0.16313212694087234
1974,rho_a,5.398,5.335227642209759,0.06277235779024082,1.162881767140222
1975,rho_a,5.18,5.252470835501874,0.07247083550187394,1.3990508784142848
1976,rho_a,4.922,4.950166972295838,0.0281669722958382,0.5722668081233742
1977,rho_a,4.661,4.667006966847499,0.006006966847499129,0.128877211917997
1978,rho_a,4.098,4.072193892728683,0.025806107271316492,0.6297244331700877
1979,rho_a,4.08,4.075074595469483,0.004925404530516708,0.1207206992773407
1980,rho_a,4.067,4.072279308174253,0.005279308174253039,0.1298084134313189
1981,rho_a,4.016,3.993138571983702,0.022861428016298202,0.5692586657443354
1982,rho_a,3.967,3.9681083171249334,0.0011083171249333112,0.027938420089060546
1983,rho_a,3.926,3.9176987335710187,0.008301266428981435,0.21144336293885177
1984,rho_a,3.92,3.917396277744686,0.0026037222553139117,0.06642148610492978
1985,rho_a,3.927,3.9247243410523724,0.0022756589476276012,0.05794904373891066
1986,rho_a,3.942,3.9386911302121304,0.003308869787869817,0.08393885813975083
1987,rho_a,3.969,3.980519521429006,0.01151952142900603,0.29023737538430655
1988,rho_a,4.004,4.005888839628068,0.0018888396280685171,0.047173816884816325
1989,rho_a,4.098,4.072193892728683,0.025806107271316492,0.6297244331700877
1990,rho_a,2.822,2.8293912546788897,0.0073912546788896805,0.26191547409238347
1991,rho_a,2.916,2.878782725796052,0.03721727420394805,1.2763125584339947
1992,rho_a,2.997,2.992263245290009,0.004736754709990798,0.1580498735398471
1993,rho_a,3.135,3.1367496041781804,0.001749604178180597,0.055808745715471744
1994,rho_a,3.263,3.2738013410591704,0.010801341059170522,0.33102485624171657
1995,rho_a,3.388,3.391073914718979,0.0030739147189788874,0.09072947812803955
1996,rho_a,3.516,3.4793176768186775,0.036682323181322474,1.0432970188086472
1997,rho_a,3.643,3.6367443976024005,0.006255602397599258,0.17171568480915567
1998,rho_a,3.785,3.7959633494157643,0.010963349415764156,0.28965256052209404
1999,rho_a,3.92,3.9278825195170564,0.00788251951705643,0.2010846815575107
2000,rho_a,4.098,4.072193892728683,0.025806107271316492,0.6297244331700877
2001,rho_a,5.133,5.118463458020289,0.014536541979711437,0.28319777868125084
2002,rho_a,4.2631,4.269298812791486,0.006198812791486041,0.14540622531689587
2003,rho_a,4.4331,4.466161798143844,0.033061798143844356,0.7457940976706345
2004,rho_a,4.6243,4.607730497957176,0.016569502042823814,0.35831373489652985
2005,rho_a,4.8803,4.88931354281771,0.009013542817710274,0.18469239222401138
2006,rho_a,5.0443,5.050105685270814,0.005805685270813932,0.11509397281709614
2007,rho_a,5.078,5.051368738188612,0.02663126181138864,0.524443911212749
2008,rho_a,3.37,3.37180223790753,0.0018022379075297579,0.05347886965962086
2009,rho_a,3.767,3.758820817113774,0.008179182886225878,0.21712723350739863
2010,rho_a,4.074,4.057518823111864,0.016481176888135884,0.40454533353293665
2011,rho_a,4.454,4.454499900880513,0.0004999008805128824,0.011223638987713745
2012,rho_a,4.784,4.738425737475223,0.045574262524776366,0.9526392668220494
2013,rho_a,4.965,4.969785899535522,0.004785899535522553,0.0963927398896594
2014,rho_a,5.133,5.103228897137254,0.02977110286274609,0.5799942112359301
2015,rho_a,4.4989,4.500389221259615,0.0014892212596153698,0.033101897344129425
2016,rho_a,4.9069,4.945290106004712,0.03839010600471138,0.7823698466384795
2017,rho_a,5.078,5.051368738188612,0.02663126181138864,0.524443911212749
2018,rho_a,4.248,4.216785140950495,0.031214859049505606,0.7348130661369646
2019,rho_a,2.574,2.583327543880963,0.00932754388096324,0.36237544215072326
2020,rho_a,2.868,2.837113351744285,0.030886648255715077,1.0769403157498014
2021,rho_a,3.062,3.0470922298766885,0.014907770123311348,0.4868638185273181
2022,rho_a,3.306,3.306779174557665,0.0007791745576648523,0.02356849841695755
2023,rho_a,3.521,3.4779417987323877,0.04305820126761217,1.2228969402896888
2024,rho_a,3.829,3.8153222628571895,0.01367773714281073,0.35721434167686494
2025,rho_a,4.016,4.012398976989911,0.0036010230100886886,0.08966690762170797
2026,rho_a,4.336,4.343277321605481,0.007277321605481113,0.1678349078754482
2027,rho_a,6.253,6.306503373692422,0.053503373692421974,0.8556432703088664
2028,rho_a,2.555,2.551444845441564,0.0035551545584362465,0.13914499250234266
2029,rho_a,2.975,2.9534141957655935,0.02158580423440659,0.7255732515764483
2030,rho_a,3.333,3.3191832560420216,0.013816743957978606,0.41454377311654544
2031,rho_a,3.68,3.6762288297686294,0.0037711702313707463,0.1024774519393946
2032,rho_a,3.82,3.7911955430511,0.02880445694889966,0.7540433756254481
2033,rho_a,2.074,2.0582531400304207,0.01574685996957914,0.7592507217729773
2034,rho_a,3.286,3.305373599015117,0.019373599015116927,0.5895800065462882
2035,rho_a,3.837,3.803983350557547,0.03301664944245308,0.8604808298786676
2036,rho_a,4.161,4.156945187398666,0.004054812601333779,0.09744803175517436
2037,rho_a,4.061,4.066067957433734,0.005067957433734449,0.12479579989493231
2038,rho_a,2.682,2.663859467152607,0.018140532847393143,0.6763807922217143
2039,rho_a,3.207,3.180735401152807,0.02626459884719301,0.81897720134658
2040,rho_a,3.67,3.6567817060097787,0.01321829399022123,0.36017149837105256
2041,rho_a,3.999,3.9682124920174497,0.030787507982550366,0.7698801696059682
2042,rho_a,4.063,4.053324532271237,0.009675467728762932,0.23813605042482283
2043,rho_a,4.486,4.496936149018143,0.01093614901814366,0.24378397276284489
2044,rho_a,2.9505,2.935608558701297,0.014891441298702901,0.5047090763835911
2045,rho_a,4.3,4.308433899244025,0.008433899244025156,0.19613719172146965
2079,rho_a,2.3284,2.3580010142239987,0.029601014223998856,1.2713027926467164
2080,rho_a,2.3284,2.3580010142239987,0.029601014223998856,1.2713027926467164
2081,rho_a,2.3294,2.3580010142239987,0.028601014223998522,1.2278275188454641
2082,rho_a,2.3311,2.3581094898610377,0.027009489861037572,1.158658567244047
2083,rho_a,3.9,3.895737621818849,0.00426237818115105,0.10929174823461428
2084,rho_a,4.037,4.006896409451072,0.030103590548927528,0.7456921116898705
2085,rho_a,4.3,4.314868669762043,0.01486866976204304,0.34578301772185077
2086,rho_a,4.7792,4.748353406823165,0.030846593176835135,0.6454342395553373
2087,rho_a,3.3613,3.3395194406936506,0.021780559306349367,0.6479802251016835
2088,rho_a,3.209,3.1923824191391317,0.016617580860868397,0.5178429685529204
2089,rho_a,3.7117,3.7368309798638704,0.025130979863870362,0.6770746521503244
2090,rho_a,3.8498,3.8403592894589256,0.009440710541074537,0.2452259998200448
2091,rho_a,4.0966,4.079324850824113,0.01727514917588646,0.4216947999775972
2092,rho_a,4.2196,4.218798490460098,0.000801509539901879,0.018994917525397885
2093,rho_a,4.6503,4.638847532527814,0.011452467472185646,0.24627373442967515
2094,rho_a,4.5833,4.595405362781591,0.012105362781590578,0.26411892700866046
2095,rho_a,4.8453,4.879035660106062,0.033735660106062326,0.6962553424154411
2096,rho_a,4.7792,4.748353406823165,0.030846593176835135,0.6454342395553373
2097,rho_a,3.251,3.252598858645227,0.0015988586452269082,0.04918051815522659
2098,rho_a,3.7773,3.7748283392306203,0.0024716607693795467,0.06543459003465153
2099,rho_a,3.6526,3.648679583126605,0.003920416873395283,0.1073322256308988
2100,rho_a,3.6195,3.626385261981781,0.006885261981781188,0.19022688166264085
2101,rho_a,3.85,3.840973254218864,0.009026745781135936,0.23446092938009327
2102,rho_a,3.9999,3.984378563517393,0.015521436482606621,0.38804561320539865
2103,rho_a,4.0109,4.013459818352761,0.0025598183527604235,0.06382154510857375
2104,rho_a,4.2555,4.249576831054245,0.005923168945754398,0.1391885547116204
2105,rho_a,4.2797,4.255206000740566,0.024493999259433963,0.5723298188991808
2106,rho_a,4.2214,4.22020044067601,0.0011995593239904068,0.028416149239354777
2107,rho_a,4.7792,4.748353406823165,0.030846593176835135,0.6454342395553373
2108,rho_a,3.731,3.7609147633845366,0.02991476338453669,0.8017894233323151
2109,rho_a,3.555,3.551518624834004,0.0034813751659963366,0.09792897794642355
2110,rho_a,4.2059,4.208080811514206,0.002180811514206127,0.05185124501784656
2111,rho_a,4.3246,4.320241234072029,0.004358765927971575,0.10079003671947849
2112,rho_a,4.4236,4.4570643216692005,0.0334643216692001,0.7564952000450432
2113,rho_a,4.4832,4.506485824278819,0.02328582427881898,0.5194018620363531
2114,rho_a,4.5882,4.598818582361031,0.010618582361031415,0.23143242145131207
2115,rho_a,4.9399,4.935690388566351,0.004209611433648952,0.08521653138015142
2116,rho_a,4.7792,4.748353406823165,0.030846593176835135,0.6454342395553373
2117,rho_a,3.477,3.4659727796109783,0.011027220389021597,0.31714755217194207
2118,rho_a,4.2449,4.2226905225986116,0.02220947740138879,0.523203783396159
2119,rho_a,3.7987,3.8090531621443566,0.010353162144356443,0.272544874413713
2120,rho_a,3.9488,3.9502194265396096,0.0014194265396096917,0.03594576933775659
2121,rho_a,4.0482,4.052080250230731,0.0038802502307317965,0.09585124822713399
2122,rho_a,4.1283,4.127405410497954,0.0008945895020460171,0.021669682485425
2123,rho_a,4.2236,4.2291534282239285,0.005553428223928236,0.13148565735218584
2124,rho_a,4.8135,4.754092295406887,0.05940770459311295,1.234189354795899
2125,rho_a,4.8084,4.760914492722484,0.04748550727751599,0.9875531835435096
2126,rho_a,4.6676,4.670239564838399,0.002639564838398556,0.05655079352125268
2127,rho_a,4.5614,4.588259933059462,0.02685993305946166,0.5888528315748623
2128,rho_a,4.4914,4.521527307418934,0.0301273074189341,0.6707776510426013
2129,rho_a,4.4032,4.431662953052859,0.028462953052859064,0.6464151765273574
2130,rho_a,4.3567,4.3789420441546145,0.022242044154614504,0.5105250339617003
2131,rho_a,4.3178,4.337236855612688,0.019436855612688042,0.45015645960173095
2132,rho_a,4.2716,4.277762039392991,0.00616203939299087,0.14425600227056434
2133,rho_a,4.3345,4.357862418840359,0.0233624188403585,0.5389876304153446
2134,rho_a,4.313,4.333548786435238,0.020548786435238497,0.47643835926811345
2135,rho_a,4.2817,4.276882470719689,0.004817529280311206,0.11251440503328305
2136,rho_a,4.2811,4.276044485194655,0.005055514805345496,0.11808915478134858
2137,rho_a,4.2236,4.2291534282239285,0.005553428223928236,0.13148565735218584
2138,rho_a,3.624,3.6270214326753356,0.0030214326753355003,0.08337286631718174
2139,rho_a,3.3597,3.345577613076766,0.014122386923234309,0.42034666557222683
2140,rho_a,2.843,2.8212518816856758,0.021748118314324216,0.7649707461947438
2141,rho_a,1.688,1.6458348520978114,0.042165147902188505,2.4979353022608723
2142,rho_a,1.872,1.7860232169165842,0.08597678308341594,4.592776874111646
2143,rho_a,2.207,2.094769712916049,0.11223028708395066,5.085196514902575
2144,rho_a,2.519,2.4795697266534447,0.03943027334655547,1.5653145433322673
2145,rho_a,2.843,2.8212518816856758,0.021748118314324216,0.7649707461947438
2146,rho_a,3.7692,3.773047233310643,0.003847233310642739,0.10207028840713463
2147,rho_a,4.8135,4.754092295406887,0.05940770459311295,1.234189354795899
2148,rho_a,4.7942,4.75697808296569,0.03722191703431044,0.7763947485357864
2149,rho_a,4.6394,4.650012517467376,0.010612517467375682,0.22874762830049994
2150,rho_a,4.3801,4.409811625517498,0.029711625517498064,0.6783321275197206
2151,rho_a,4.2382,4.227960663162539,0.010239336837461366,0.24159635782782665
2152,rho_a,4.1302,4.124916874339713,0.005283125660286991,0.12791452375879406
2153,rho_a,3.9361,3.948311965540838,0.0122119655408377,0.3102554696484997
2154,rho_a,3.8766,3.8853128591666297,0.008712859166629894,0.22475517635628248
2155,rho_a,3.7693,3.7866840076046446,0.017384007604644758,0.4611998940026038
2156,rho_a,4.3345,4.357862418840359,0.0233624188403585,0.5389876304153446
2157,rho_a,4.2279,4.227353283806069,0.000546716193930763,0.01293115243810482
2158,rho_a,4.1068,4.121258400412174,0.014458400412173944,0.3520600080883029
2159,rho_a,3.9872,3.996959992526997,0.009759992526996886,0.24478311915616066
2160,rho_a,3.7987,3.8090531621443566,0.010353162144356443,0.272544874413713
2161,rho_a,2.1089,2.102121204643375,0.006778795356625178,0.32143749616491835
2162,rho_a,2.6582,2.625778437118013,0.032421562881987054,1.2196810955524362
2163,rho_a,3.0844,3.1111306733614468,0.026730673361446744,0.8666409467461443
2164,rho_a,3.4567,3.440055698587435,0.01664430141256501,0.4815084159041917
2165,rho_a,3.7987,3.796389411073261,0.0023105889267389657,0.060825780575943275
2167,rho_a,3.707,3.7210612075444147,0.014061207544414867,0.37931501333722883
2168,rho_a,3.75,3.768334607927402,0.018334607927402047,0.4889228780639242
2169,rho_a,3.696,3.7050468920528945,0.009046892052894329,0.24477521788127382
2170,rho_a,3.679,3.6869727496046,0.00797274960460026,0.21670969297630044
2171,rho_a,3.707,3.7154232624480232,0.008423262448023383,0.22722585508554385
2172,rho_a,3.708,3.712036148176772,0.004036148176771892,0.10884973508011875
2173,rho_a,3.74,3.764021865804257,0.02402186580425658,0.6422958771189882
2174,rho_a,3.782,3.798026666489546,0.01602666648954587,0.4237616734410797
2175,rho_a,3.7808,3.7978612409202226,0.01706124092022243,0.4512600751221413
2176,rho_a,1.8965,1.8956986942998373,0.000801305700162791,0.04225181651264795
2177,rho_a,1.9574,1.9483686513898044,0.00903134861019561,0.4613951471437109
2178,rho_a,2.4174,2.4028833345524037,0.014516665447596555,0.6005073817982356
2180,rho_a,2.747,2.7233673577397943,0.02363264226020556,0.8603073265452115
2181,rho_a,3.0975,3.130019845995451,0.03251984599545077,1.049873962726078
2183,rho_a,3.2408,3.247837507778201,0.00703750777820078,0.2171534120648793
2184,rho_a,3.3352,3.3438709954338877,0.008670995433887718,0.2599842718243319
2186,rho_a,3.5147,3.4950924019930603,0.019607598006939675,0.5578740150491961
2188,rho_a,3.697,3.7096340048069303,0.012634004806930221,0.34173667316545314
2189,rho_a,3.7808,3.794779149032496,0.013979149032495641,0.3697405055144928
2190,rho_a,1.95,1.9427777074318737,0.007222292568126232,0.3703739778524373
2191,rho_a,2.954,2.9350895497782608,0.018910450221739428,0.640164191663271
2192,rho_a,3.032,3.0500940551166815,0.018094055116681496,0.5967696278586915
2193,rho_a,3.001,3.047106107250521,0.04610610725052089,1.5363581223094145
2194,rho_a,3.829,3.8253511194132996,0.0036488805867005425,0.09529591503524652
2195,rho_a,2.928,2.898043908769731,0.02995609123026899,1.0230905474815148
2196,rho_a,2.969,2.951330985902384,0.017669014097615676,0.5951166755678587
2197,rho_a,3.167,3.175949017615325,0.008949017615325072,0.2825708119773365
2198,rho_a,3.204,3.1922512799959737,0.011748720004026492,0.3666891387023353
2199,rho_a,3.212,3.1978605079272953,0.014139492072704929,0.4402083459744871
2200,rho_a,3.24,3.2384285659596865,0.0015714340403136795,0.04850105062695044
2201,rho_a,3.202,3.201377613086183,0.0006223869138168858,0.01943744265511216
2202,rho_a,3.271,3.306543115509924,0.03554311550992395,1.0866131308441787
2203,rho_a,3.473,3.4670452402027405,0.005954759797259346,0.17145867541772622
2204,rho_a,3.576,3.5596784359126747,0.016321564087325324,0.45641957738592726
2205,rho_a,3.731,3.7750238097696305,0.044023809769630606,1.1799466569182204
2206,rho_a,2.139,2.1567662834036323,0.01776628340363251,0.8305882844144088
2207,rho_a,2.7526,2.774117523255636,0.02151752325563594,0.781716313871544
2208,rho_a,3.2194,3.2123176361068926,0.007082363893107235,0.21999018118609168
2209,rho_a,3.4953,3.5041247837268275,0.0088247837268276,0.25247571672889524
2210,rho_a,3.7987,3.8090531621443566,0.010353162144356443,0.272544874413713
2211,rho_a,6.089,6.119921033934817,0.030921033934816933,0.5078179329087182
2212,rho_a,5.423,5.37935612749679,0.043643872503210446,0.8047920432086003
2213,rho_a,4.921,4.969926709871692,0.0489267098716919,0.9942432406356828
2214,rho_a,4.459,4.478642810809862,0.019642810809862077,0.44052053845834654
2215,rho_a,4.337,4.366911949487271,0.029911949487271272,0.6896921717146501
2216,rho_a,4.217,4.222003691363464,0.0050036913634645686,0.11865523745466877
2217,rho_a,3.718,3.751821635998857,0.033821635998857236,0.9096728348264695
2218,rho_a,3.0863,3.1054811331060312,0.0191811331060312,0.6214928265568799
2219,rho_a,3.2733,3.3076742258084755,0.0343742258084756,1.0501397919061832
2220,rho_a,3.4729,3.451175327613471,0.021724672386528976,0.6255484576729166
2221,rho_a,3.6314,3.6212667870906814,0.01013321290931879,0.27904425040799685
2222,rho_a,3.7987,3.796389411073261,0.0023105889267389657,0.060825780575943275
2223,rho_a,5.2508,5.267109412267928,0.016309412267927925,0.3106081410056528
2224,rho_a,4.5279,4.562935762669164,0.03503576266916397,0.7737750981504944
2225,rho_a,4.4601,4.478283160949866,0.018183160949866384,0.4076850507805275
2226,rho_a,4.5678,4.585673106861073,0.017873106861072685,0.39128479489182477
2227,rho_a,4.5521,4.587289114378784,0.03518911437878369,0.7730303459672669
2228,rho_a,4.6211,4.618649063520579,0.002450936479421628,0.05303794506548436
2229,rho_a,4.6966,4.676781932566506,0.019818067433494235,0.4219662614122986
2230,rho_a,4.4808,4.513468091932794,0.03266809193279396,0.7290682898765102
2231,rho_a,4.6601,4.678395013669578,0.01829501366957853,0.3925884352175834
2232,rho_a,4.4402,4.465308296373089,0.02510829637308909,0.56547669864158
2233,rho_a,4.4225,4.465937999270018,0.04343799927001779,0.9822046188809037
2234,rho_a,4.1955,4.200609589533627,0.005109589533627279,0.12178738013648102
2235,rho_a,4.0492,4.044838077033489,0.004361922966510612,0.10772308027535155
2236,rho_a,3.9243,3.9383440774271694,0.014044077427169288,0.3578747146539691
2237,rho_a,3.4249,3.4403028446073147,0.01540284460731467,0.44973122156297035
2238,rho_a,3.5297,3.5207004732478984,0.008999526752101694,0.25496576910499885
2239,rho_a,3.7666,3.7651375157835525,0.0014624842164474572,0.03882770181190116
2240,rho_a,3.8441,3.8440224631882454,7.753681175470817e-05,0.002017034201885695
2241,rho_a,3.6417,3.6430520593609805,0.0013520593609803733,0.03712714833676585
2242,rho_a,3.8629,3.8815170393578162,0.018617039357816445,0.4819446363564065
2243,rho_a,3.9463,3.9464716295030526,0.00017162950305271707,0.004349124573719017
2244,rho_a,3.9315,3.946332797039489,0.01483279703948881,0.3772808607270771
2245,rho_a,3.9309,3.941283595344295,0.010383595344295227,0.26415312890922144
2246,rho_a,3.852,3.845844840063605,0.006155159936394927,0.15979127560730347
2247,rho_a,3.7852,3.807972948557949,0.02277294855794887,0.6016313155960809
2248,rho_a,3.667,3.693417144492852,0.026417144492852263,0.7204020859788671
2249,rho_a,3.8047,3.8107597862128597,0.006059786212859741,0.15927106507367594
2250,rho_a,2.8375,2.838075560877611,0.0005755608776110144,0.02028408379245151
2251,rho_a,2.8516,2.8463647272026957,0.00523527279730418,0.18359071389052967
2252,rho_a,2.8575,2.846679597009992,0.01082040299000786,0.3786667713037296
2253,rho_a,2.916,2.8820409671332152,0.0339590328667847,1.1645758870635479
2255,rho_a,2.9745,2.9562862072431084,0.0182137927568915,0.6123312407761095
2257,rho_a,3.0642,3.1106153494483797,0.04641534944837966,1.5147623995941686
2260,rho_a,3.2111,3.1898316249050533,0.021268375094946723,0.6623392325041294
2262,rho_a,3.2531,3.258291019298704,0.005191019298703914,0.1595714641020048
2263,rho_a,3.3095,3.3343070816867515,0.02480708168675161,0.7495718896130568
2264,rho_a,3.314,3.343900959737495,0.029900959737494848,0.9022619112095903
2266,rho_a,3.375,3.3961504430432985,0.021150443043298495,0.6266797938753252
2268,rho_a,3.423,3.448809234748909,0.02580923474890895,0.7539945880485366
2269,rho_a,3.463,3.4651094363683934,0.002109436368393336,0.06091355380862624
2271,rho_a,3.471,3.4673462243669864,0.0036537756330137228,0.10526579178947479
2272,rho_a,3.631,3.6337458457797407,0.0027458457797409075,0.07562230183806531
2274,rho_a,3.802,3.7974597248096935,0.004540275190306531,0.1194180744425391
2275,rho_a,2.4547,2.4637181678569333,0.009018167856933434,0.3673837070489168
2276,rho_a,2.6545,2.6368212576049315,0.017678742395068614,0.6659914256945546
2277,rho_a,2.7751,2.8119388525018487,0.036838852501848596,1.327478379223643
2278,rho_a,4.8985,4.904171263757062,0.005671263757061951,0.11577551815986102
2279,rho_a,4.3677,4.4119933697936755,0.044293369793675375,1.014111999305475
2280,rho_a,4.3478,4.377639511762566,0.029839511762565607,0.6863128884161815
2281,rho_a,4.4337,4.476207426326637,0.04250742632663673,0.958734833809846
2282,rho_a,4.4598,4.478305126192053,0.01850512619205258,0.4149317501244098
2283,rho_a,4.4988,4.546131868034808,0.04733186803480827,1.0520998496220713
2284,rho_a,4.5627,4.589874117497796,0.02717411749779597,0.5955709886205538
2285,rho_a,4.6753,4.677181649300839,0.0018816493008388946,0.040246600236102326
2286,rho_a,4.7959,4.76104044036562,0.0348595596343797,0.7268616867401829
2287,rho_a,4.8135,4.754092295406887,0.05940770459311295,1.234189354795899
2288,rho_a,4.255,4.256907983179839,0.001907983179838979,0.04484096779879038
2289,rho_a,5.2097,5.239916148871545,0.030216148871545556,0.5799978668932906
2290,rho_a,5.2965,5.3296485255320185,0.033148525532018525,0.6258571798737329
2291,rho_a,5.2011,5.235876399598432,0.034776399598431595,0.668635473234987
2292,rho_a,5.0549,5.046810536385488,0.008089463614512127,0.16003211961681788
2293,rho_a,4.9487,4.975847996912812,0.02714799691281211,0.5485884558127716
2294,rho_a,4.911,4.941508506897608,0.030508506897608534,0.6212279962859362
2295,rho_a,4.804,4.756706327043811,0.04729367295618925,0.984464466198572
2296,rho_a,4.2743,4.2751673215469985,0.000867321546998312,0.02029154591390658
2297,rho_a,5.4581,5.475940290851124,0.017840290851124152,0.32685899582493694
2298,rho_a,5.2945,5.334939543018928,0.040439543018927715,0.7638028712611215
2299,rho_a,5.0863,5.051032156274192,0.0352678437258076,0.6933889807089765
2300,rho_a,4.9105,4.945127068966097,0.03462706896609724,0.7051638115485224
2301,rho_a,4.7501,4.730037210839729,0.02006278916027071,0.4223656167294686
2302,rho_a,4.6412,4.647906075201112,0.006706075201111439,0.14449011464944397
2303,rho_a,4.5019,4.541720263077838,0.03982026307783837,0.8845212705264338
2304,rho_a,4.2743,4.2751673215469985,0.000867321546998312,0.02029154591390658
2305,rho_a,3.7063,3.7163075486371695,0.01000754863716935,0.27001453301585543
2306,rho_a,3.9283,3.9287643580473137,0.00046435804731359553,0.011820839735088393
2307,rho_a,4.0206,4.013681055228698,0.006918944771301838,0.1720873693304511
2308,rho_a,4.0131,4.014290044907632,0.001190044907632526,0.029654005821739538
2309,rho_a,4.2166,4.207264742070156,0.009335257929843799,0.22139301640756973
2310,rho_a,4.3345,4.357862418840359,0.0233624188403585,0.5389876304153446
2311,rho_a,5.4069,5.3535977808443445,0.053302219155655806,0.9858184755709546
2312,rho_a,5.3599,5.335816354863995,0.02408364513600425,0.4493301206365745
2313,rho_a,5.0529,5.046866528004342,0.0060334719956580685,0.11940612313041767
2314,rho_a,4.8922,4.886293802153451,0.005906197846548444,0.12072682732813943
2315,rho_a,4.7615,4.726465226473238,0.03503477352676221,0.7357927864487
2316,rho_a,4.7125,4.704838757104577,0.00766124289542347,0.16257279353680304
2317,rho_a,4.6451,4.645666311541882,0.0005663115418821363,0.012191589887882163
2318,rho_a,4.2743,4.2751673215469985,0.000867321546998312,0.02029154591390658
2320,rho_a,3.6206,3.61541347207305,0.0051865279269498465,0.1432505089473682
2321,rho_a,2.3363,2.35075241722898,0.014452417228980163,0.6186028005382004
2322,rho_a,2.7095,2.6963204292793934,0.013179570720606382,0.4864207684296556
2323,rho_a,3.0474,3.0231833819832845,0.024216618016715596,0.7946648952125631
2324,rho_a,3.3324,3.3301963899903346,0.00220361000966518,0.0661268157983591
2325,rho_a,3.5845,3.540972078501688,0.04352792149831197,1.2143373273343516
2326,rho_a,2.17212,2.176520599792728,0.004400599792727888,0.20259469056616863
2327,rho_a,2.3369,2.3506340447760987,0.013734044776098742,0.5877035720866475
2328,rho_a,2.5017,2.4992327371525556,0.0024672628474444736,0.09862344995177229
2329,rho_a,2.6666,2.641130705838779,0.0254692941612209,0.9551224091056533
2330,rho_a,2.8314,2.81698790186155,0.014412098138449903,0.509009611444685
2331,rho_a,2.8808,2.84163649416672,0.03916350583327999,1.3594663230098027
2332,rho_a,2.9962,3.0086838762719537,0.012483876271953687,0.41665697456610107
2333,rho_a,3.161,3.1440570546049527,0.01694294539504737,0.535999537963999
2334,rho_a,3.3258,3.337545839582101,0.01174583958210107,0.35317335925484206
2335,rho_a,3.4906,3.446459676278348,0.04414032372165222,1.2645483218254618
2336,rho_a,3.6554,3.6918626143830293,0.03646261438302911,0.9974999831213858
2337,rho_a,3.8202,3.8110475781692625,0.009152421830737278,0.239579651084626
2338,rho_a,2.3336,2.3431602553456576,0.00956025534565752,0.40967840870986555
2339,rho_a,2.748,2.767142840820448,0.019142840820447926,0.6966099279636447
2340,rho_a,3.0033,3.040897855559776,0.03759785555977624,1.251884778735515
2341,rho_a,3.1321,3.138125788222401,0.006025788222401296,0.19238811731424196
2342,rho_a,3.3626,3.368296644127196,0.005696644127195949,0.1694118874440687
2343,rho_a,3.5845,3.540972078501688,0.04352792149831197,1.2143373273343516
2344,rho_a,3.118,3.1199998929057977,0.0019998929057978287,0.06414024713910159
2345,rho_a,3.1576,3.1553906115014034,0.0022093884985965317,0.06997049970217355
2346,rho_a,3.1907,3.191749913514269,0.0010499135142687521,0.03290542872311477
2347,rho_a,3.2029,3.1961760552456178,0.006723944754382316,0.20993302177339962
2349,rho_a,3.2482,3.250566406871953,0.0023664068719528863,0.07285286841795942
2350,rho_a,3.2936,3.3259368362528177,0.03233683625281758,0.9818082418268084
2351,rho_a,3.3389,3.3326433874112205,0.006256612588779742,0.18738544397190296
2352,rho_a,3.3842,3.39201414999576,0.007814149995760022,0.23090095135505329
2353,rho_a,3.4296,3.4420406050208117,0.012440605020811457,0.3627421571264237
2355,rho_a,3.4749,3.4591319097300457,0.015768090269954183,0.45377105153960245
2356,rho_a,3.5202,3.499742828777585,0.02045717122241486,0.5811366178742415
2357,rho_a,3.5845,3.540972078501688,0.04352792149831197,1.2143373273343516
2358,rho_a,3.8253,3.78927278340652,0.03602721659347985,0.9418141477392735
2359,rho_a,3.0462,3.0296866179717843,0.016513382028215506,0.5420977620711078
2360,rho_a,5.4,5.325477533693596,0.07452246630640413,1.3800456723405616
2383,rho_a,4.226,4.211499434521174,0.014500565478826388,0.3431274367918352
2384,rho_a,5.0206,5.044081224842866,0.02348122484286641,0.46769758281603263
2385,rho_a,4.8082,4.767930559262098,0.04026944073790251,0.8375159256664475
2386,rho_a,4.8889,4.897766434241401,0.008866434241401322,0.1813584700321035
2387,rho_a,4.8723,4.898269038800769,0.02596903880076873,0.5329934281707489
2388,rho_a,4.7148,4.706484706255183,0.008315293744817431,0.17636577892626765
2389,rho_a,4.7106,4.708878793723715,0.0017212062762856917,0.036539003020535095
2390,rho_a,4.8453,4.892419785703512,0.047119785703512385,0.9724843808123885
2391,rho_a,4.6461,4.653920576200765,0.00782057620076504,0.1683256107437067
2392,rho_a,4.6601,4.676169354352216,0.016069354352215903,0.34482853055111384
2393,rho_a,4.5956,4.596271781086947,0.0006717810869467655,0.014617919030085719
2394,rho_a,4.5128,4.528534993886337,0.015734993886336923,0.34867474486645617
2395,rho_a,4.4748,4.495516805373867,0.02071680537386733,0.4629660627036449
2396,rho_a,3.83,3.811572696680739,0.018427303319261235,0.4811306349675306
2397,rho_a,4.4484,4.455357386861579,0.0069573868615782075,0.15640200659960082
2398,rho_a,4.2995,4.289689661290543,0.0098103387094568,0.2281739437016983
2399,rho_a,1.079,1.118403720778573,0.039403720778573126,3.6518740295214647
2400,rho_a,1.0965,1.1224483113397197,0.025948311339719643,2.3664670624437734
2401,rho_a,1.1216,1.1167165912661141,0.004883408733885819,0.4353966417512005
2402,rho_a,1.1434,1.1446982445276213,0.001298244527621284,0.1135424634966021
2403,rho_a,1.1711,1.1789846519444533,0.007884651944453314,0.6732688877505405
2404,rho_a,1.2076,1.213413079974162,0.005813079974162028,0.4813746252200409
2405,rho_a,1.2494,1.2287276588720308,0.02067234112796923,1.654581489351103
2406,rho_a,1.2923,1.2358335030140322,0.05646649698596784,4.369457323061529
2407,rho_a,1.2973,1.387469067596426,0.09016906759642618,6.950517813640382
2408,rho_a,4.2668,4.231301436122884,0.03549856387711614,0.8319715917574722
2409,rho_a,2.8754,2.838916527893522,0.036483472106477954,1.2688138035217802
2410,rho_a,2.895,2.8325364034877887,0.06246359651221134,2.1576371852224443
2411,rho_a,2.8908,2.839560630165815,0.05123936983418487,1.772497918713406
2412,rho_a,2.8754,2.838916527893522,0.036483472106477954,1.2688138035217802
2413,rho_a,3.7,3.72742698107034,0.027426981070339806,0.7412697586576322
2425,rho_a,4.0882,4.081738497609344,0.006461502390656015,0.15805250209516256
2426,rho_a,2.7841,2.8266992082867874,0.04259920828678743,1.5300890157240086
2427,rho_a,4.778,4.74196370216203,0.03603629783796958,0.7542130146078283
2428,rho_a,4.805,4.781691667146054,0.0233083328539454,0.4850849709456931
2429,rho_a,4.819,4.834685447708075,0.01568544770807545,0.32549175571845185
2430,rho_a,4.817,4.833118483845958,0.0161184838459576,0.3346166461688655
2431,rho_a,4.841,4.8299636323605455,0.011036367639454703,0.22797702209156007
2432,rho_a,4.886,4.905019480754946,0.019019480754946194,0.38926485376468073
2433,rho_a,4.957,4.995359079633568,0.038359079633567994,0.7738365873221759
2434,rho_a,4.971,4.995359079633568,0.02435907963356776,0.490023730307038
2435,rho_a,4.841,4.8299636323605455,0.011036367639454703,0.22797702209156007
2436,rho_a,4.778,4.74196370216203,0.03603629783796958,0.7542130146078283
2437,rho_a,4.1484,4.100556555607082,0.047843444392917434,1.153298727049125
2438,rho_a,5.2097,5.239916148871545,0.030216148871545556,0.5799978668932906
2439,rho_a,3.3027,3.321494075620419,0.018794075620419015,0.5690518551613324
2440,rho_a,4.0327,4.000505771118388,0.03219422888161194,0.7983293793637999
2441,rho_a,4.5269,4.539745725119082,0.012845725119081663,0.28376427840418
2442,rho_a,5.1258,5.083564762318871,0.0422352376811288,0.8239735783901159
2443,rho_a,5.2097,5.239916148871545,0.030216148871545556,0.5799978668932906
2445,rho_a,9.0928,9.179747663826458,0.08694766382645724,0.9562254072062255
2446,rho_a,6.7715,6.748265858708702,0.023234141291297306,0.34311661066667465
2447,rho_a,5.34,5.271174061279575,0.06882593872042442,1.2888752569365456
2448,rho_a,6.548,6.680377322903918,0.1323773229039178,2.0216451268157845
2449,rho_a,6.3816,6.284244074458936,0.09735592554106365,1.5255723571055597
2466,rho_a,5.9391,5.906098287131961,0.03300171286803888,0.5556685839274187
2467,rho_a,5.8077,5.80201796043515,0.005682039564849362,0.09783631325392812
2468,rho_a,5.807,5.8026556813201315,0.004344318679868842,0.0748117561540915
2469,rho_a,5.807,5.798008906340138,0.00899109365986206,0.1548319900096523
2470,rho_a,5.807,5.824144953219188,0.017144953219187187,0.295246309956677
2471,rho_a,5.807,5.816617925278244,0.009617925278243789,0.1656264039649067
2472,rho_a,5.807,5.827423017255109,0.020423017255108533,0.35169652583270217
2473,rho_a,6.9435,6.9173908202874035,0.026109179712596742,0.3760233270338155
2474,rho_a,4.184,4.196468504041762,0.012468504041762252,0.29800439870361545
2475,rho_a,4.437,4.4715773791571,0.03457737915710002,0.7792963524248867
2476,rho_a,3.863,3.878573818511022,0.015573818511021909,0.4031534690918425
2477,rho_a,3.944,3.938191701706761,0.005808298293239034,0.14726922650196655
2478,rho_a,4.5448,4.571184089353322,0.02638408935332137,0.5805335626059577
2479,rho_a,1.997,1.9564084907839803,0.04059150921601984,2.0326243973960696
2484,rho_a,2.4141,2.422030567649121,0.007930567649121034,0.32851032057983304
2485,rho_a,2.2365,2.19501147162953,0.04148852837046979,1.8550649841471603
2491,rho_a,2.3251,2.3344198856209655,0.009319885620965529,0.40083805517876736
2492,rho_a,2.3526,2.3414399204705223,0.011160079529477507,0.47437216396636755
2493,rho_a,2.3593,2.3567791636374196,0.002520836362580603,0.10684679195437351
2494,rho_a,2.3599,2.3562755389955754,0.003624461004424706,0.15358536397403152
2495,rho_a,2.3711,2.369667625135399,0.001432374864601016,0.06040971973347441
2496,rho_a,2.3795,2.386865376551013,0.007365376551012659,0.3095346312674748
2497,rho_a,2.4184,2.4286327831081413,0.010232783108141241,0.42312202729643605
2498,rho_a,2.3454,2.3644927456393403,0.01909274563934016,0.8140507222363783
2499,rho_a,2.3390500000000003,2.3639690985220545,0.024919098522054206,1.0653512546565294
2500,rho_a,2.4295,2.4313610769143112,0.0018610769143112549,0.07660328933156982
2501,rho_a,2.636,2.6245622787379093,0.01143772126209086,0.4339044484858316
2502,rho_a,2.416,2.391731297000777,0.024268702999223013,1.00449929632504
2503,rho_a,2.405,2.4045872663545698,0.0004127336454300412,0.017161482138456117
2504,rho_a,2.39,2.3862808843798864,0.003719115620113733,0.1556115322222668
2505,rho_a,2.442,2.442469168970295,0.0004691689702949198,0.01921248854605764
2506,rho_a,2.359,2.362134257878256,0.0031342578782558306,0.13286383544953378
2507,rho_a,1.881,1.8980001274258134,0.01700012742581336,0.9037813623500437
2508,rho_a,1.935,1.9493223547764928,0.014322354776492796,0.7401733734617775
2509,rho_a,1.987,1.970430365156138,0.016569634843862202,0.8339021058809191
2510,rho_a,1.988,1.990675295292072,0.0026752952920721107,0.13457219779027993
2511,rho_a,1.945,1.9815586710692936,0.03655867106929356,1.8796231912223527
2512,rho_a,2.033,2.055923092370757,0.022923092370757292,1.127550042830596
2513,rho_a,2.143,2.1580668739571753,0.015066873957175542,0.703073913073659
2514,rho_a,2.149,2.1595702252437694,0.010570225243769382,0.49186715885362786
2515,rho_a,2.315,2.3342914887028163,0.019291488702816384,0.833325645909635
2516,rho_a,2.392,2.4002333657989112,0.008233365798911318,0.34420425580718544
2517,rho_a,2.294,2.2400632174589603,0.05393678254103973,2.3512110959466526
2518,rho_a,2.352,2.332938278852494,0.019061721147505928,0.8104473276997374
2519,rho_a,2.328,2.3359095936993852,0.007909593699385375,0.33975917952671725
2520,rho_a,2.423,2.4241955884635322,0.0011955884635321823,0.04934331256837345
2521,rho_a,2.411,2.42482012994164,0.013820129941640058,0.5732115280644681
2522,rho_a,2.417,2.4248512074291773,0.007851207429177443,0.32483274427696296
2523,rho_a,2.448,2.4383511211204554,0.009648878879544576,0.3941535490008429
2524,rho_a,2.434,2.4365314759077457,0.002531475907745495,0.10400476202729889
2525,rho_a,2.425,2.4372831101149837,0.012283110114983842,0.5065200047413929
2526,rho_a,2.4532,2.453257376772047,5.737677204731284e-05,0.0023388542331358817
2527,rho_a,2.4862,2.4623848686976078,0.023815131302392434,0.9578928204642769
2528,rho_a,2.4723,2.454308241555516,0.017991758444483974,0.727733626359127
2529,rho_a,2.4614,2.4532394145742984,0.008160585425701417,0.33154243218079554
2530,rho_a,2.4509,2.438362701748169,0.012537298251830808,0.5115385471388344
2531,rho_a,2.4506,2.434532989097501,0.016067010902498957,0.655635799497772
2532,rho_a,2.4413,2.437117856370329,0.0041821436296709535,0.17130805839795357
2533,rho_a,2.4359,2.4272274721890383,0.008672527810961839,0.35602971431332475
2534,rho_a,2.4278,2.426877423783677,0.0009225762163227458,0.03800050318487379
2535,rho_a,2.424,2.42491036785471,0.0009103678547099925,0.03755642964973667
2536,rho_a,2.4243,2.4321814792965526,0.007881479296552474,0.32510329977928565
2537,rho_a,2.413,2.417089472244685,0.004089472244685144,0.16947667818829049
2538,rho_a,2.4237,2.420249521110808,0.0034504788891922544,0.14236410814831993
2539,rho_a,2.1786,2.1737081874841113,0.0048918125158885495,0.22453926906666227
2540,rho_a,2.1099,2.107765798244567,0.002134201755433107,0.10115179655112069
2541,rho_a,2.1906,2.202661613169858,0.012061613169858099,0.5506077407948777
2542,rho_a,2.2026,2.2059582151511736,0.003358215151173738,0.15246595619595993
2543,rho_a,2.181,2.186668007479301,0.005668007479300741,0.2598811315588327
2544,rho_a,2.0997,2.0937414302507724,0.0059585697492274825,0.28378195690930347
2545,rho_a,2.2315,2.222532806849772,0.008967193150227981,0.4018459847736483
2546,rho_a,2.3094,2.3115253886195033,0.002125388619503177,0.09203206978012715
2547,rho_a,2.3815,2.3961233330359395,0.014623333035939545,0.6140387585947262
2548,rho_a,2.753,2.758706386814571,0.0057063868145710295,0.20727885269048152
2549,rho_a,2.6328,2.610051121472301,0.022748878527699024,0.8640564618539343
2550,rho_a,3.0944,3.0946837505811065,0.0002837505811066343,0.009169809368748146
2551,rho_a,3.3983,3.389861540738961,0.008438459261038922,0.24831413533344435
2552,rho_a,3.297,3.3047586681787013,0.007758668178701189,0.2353250888292034
2553,rho_a,3.2718,3.289469807806302,0.017669807806302007,0.5400638121613976
2554,rho_a,3.1998,3.1778741428247907,0.02192585717520945,0.68522586334154
2555,rho_a,3.2181,3.188242327113871,0.029857672886129283,0.9278043841434388
2556,rho_a,3.2911,3.304546504797238,0.013446504797237857,0.40857174796371337
2557,rho_a,3.1852,3.177010003057593,0.008189996942407074,0.25712661504472256
2558,rho_a,3.0438,3.0312321841040433,0.012567815895956791,0.41289887298615746
2559,rho_a,2.8854,2.8350174078811112,0.05038259211888896,1.746121581717318
2560,rho_a,4.855,4.909348002106908,0.0543480021069076,1.1194233183706777
2561,rho_a,4.307,4.317016876063606,0.010016876063605906,0.23257200054802832
2562,rho_a,4.2357,4.213136352387898,0.02256364761210161,0.532701740257721
2563,rho_a,4.1833,4.187313224981482,0.004013224981481933,0.095934429313723
2564,rho_a,4.0865,4.065996557018344,0.020503442981656406,0.5017360328313076
2565,rho_a,3.9381,3.943197963184071,0.005097963184070853,0.12945235479214745
2566,rho_a,3.67,3.6906122148078366,0.020612214807836704,0.5616407304586127
2567,rho_a,3.3588,3.3259514501714835,0.03284854982851648,0.9779846918097743
2568,rho_a,2.9583,2.9142516376724763,0.04404836232752363,1.4889755037524504
2569,rho_a,3.1339,3.1314276039184064,0.002472396081593775,0.07889199022282097
2570,rho_a,2.9737,2.9647337846098587,0.008966215390141308,0.30151714665696916
2571,rho_a,3.0305,3.021732176170656,0.008767823829344046,0.2893193806085185
2572,rho_a,3.0019,3.0148358574421508,0.012935857442150756,0.4309223305955044
2573,rho_a,2.4697,2.47516303012474,0.005463030124739809,0.2212021753548041
2574,rho_a,2.131,2.115373033066941,0.01562696693305865,0.7333161395143744
2575,rho_a,2.301,2.271379475894898,0.029620524105101964,1.2872891831850972
2576,rho_a,2.401,2.4063080544627473,0.0053080544627475135,0.22107682060580186
2577,rho_a,2.405,2.4078884601028543,0.0028884601028544843,0.1201022911789307
2578,rho_a,2.414,2.4158134766582147,0.001813476658214519,0.07512330812815939
2579,rho_a,2.614,2.5936826187517514,0.020317381248248445,0.7772525343626884
2580,rho_a,2.455,2.4647336362385466,0.009733636238546506,0.39648212784287334
2581,rho_a,2.467,2.466635781685344,0.0003642183146559397,0.014763612268171545
2582,rho_a,2.5608,2.5590465742964277,0.0017534257035722867,0.06847179411010629
2583,rho_a,2.724,2.7265880374572715,0.0025880374572713194,0.0950087172272529
2584,rho_a,3.4372,3.4221655445839154,0.015034455416084391,0.43740414919353016
2585,rho_a,3.0528,3.04598722123363,0.006812778766370098,0.22316492290251133
2586,rho_a,3.411,3.425667459522871,0.014667459522871074,0.430004676718463
2587,rho_a,3.1214,3.121568934049062,0.00016893404906204168,0.005412124337220079
2588,rho_a,3.2828,3.3064821881320885,0.023682188132088555,0.7214020997953375
2589,rho_a,3.2815,3.3063303377135083,0.0248303377135084,0.7566764502057239
2590,rho_a,3.053,3.040335166570712,0.012664833429287814,0.41483240842724095
2591,rho_a,3.1488,3.136193173265281,0.012606826734719245,0.4003692433535074
2592,rho_a,2.9297,2.903663980769804,0.02603601923019605,0.8886923313031083
2593,rho_a,3.0074,3.025157717904075,0.017757717904074877,0.5904674437743224
2594,rho_a,2.8797,2.851014379163025,0.028685620836975012,0.9961322650611192
2600,rho_a,4.0624,4.0498528611869595,0.012547138813040704,0.30886025041939774
2601,rho_a,5.0527,5.045101157965821,0.007598842034179043,0.15039171203866328
2602,rho_a,5.1048,5.079896110363666,0.02490388963633361,0.4878524062907211
2603,rho_a,4.8683,4.906134425483248,0.03783442548324878,0.777158874416963
2604,rho_a,4.6792,4.671326475527428,0.007873524472572058,0.168266465903795
2605,rho_a,4.4983,4.53082508245183,0.032525082451829945,0.7230527633066428
2606,rho_a,4.5201,4.530936916842993,0.010836916842992927,0.23974949321896705
2607,rho_a,4.2709,4.250405493831849,0.020494506168151183,0.47986387337906256
2608,rho_a,4.3951,4.419408228753828,0.024308228753827876,0.553075669582543
2609,rho_a,4.3225,4.331132740774791,0.008632740774791259,0.19971638576724723
2610,rho_a,4.2567,4.251853220298142,0.004846779701858317,0.11386237465306875
2611,rho_a,4.0666,4.07075373369516,0.004153733695159367,0.10214266697384414
2612,rho_a,6.3152,6.283905156779126,0.0312948432208735,0.49554793547106263
2613,rho_a,5.9017,5.827388035821455,0.0743119641785448,1.2591620071933884
2614,rho_a,5.7594,5.768869051806865,0.009469051806864748,0.16441038661775711
2615,rho_a,5.3195,5.316642296620638,0.0028577033793615314,0.05372127792764347
2616,rho_a,4.8095,4.760199925052999,0.04930007494700117,1.0250561377896024
2617,rho_a,4.4919,4.496631305127819,0.004731305127818608,0.10532970742486597
2618,rho_a,4.308,4.299555278705325,0.008444721294674551,0.19602417118552903
2619,rho_a,4.043,4.041352918164697,0.0016470818353031547,0.04073910055163856
2620,rho_a,3.098,3.109736238966506,0.011736238966506107,0.37883276199168237
2629,rho_a,2.225,2.2213237020907384,0.0036762979092617165,0.16522687232629502
2630,rho_a,2.396,2.3880625623191225,0.007937437680877402,0.3312787012050955
2631,rho_a,2.555,2.5383033786545193,0.01669662134548089,0.6534881152827535
2632,rho_a,2.665,2.6301086884238254,0.034891311576174644,1.3092424606439605
2633,rho_a,2.877,2.8359440208464113,0.041055979153588495,1.4270413331099836
2634,rho_a,2.933,2.891503708318582,0.04149629168141766,1.4148070808524895
2635,rho_a,3.051,3.0310442866589575,0.019955713341042625,0.6540712337278296
2636,rho_a,3.078,3.106760635117666,0.028760635117666133,0.9343936035625988
2637,rho_a,3.071,3.1054810910236808,0.03448109102368058,1.1227968421904704
2638,rho_a,3.123,3.120624020142115,0.002375979857885291,0.07608004668218155
2639,rho_a,3.098,3.109736238966506,0.011736238966506107,0.37883276199168237
2640,rho_a,3.004651,3.0449359609006517,0.0402849609006517,1.3407534153097411
2641,rho_a,3.251,3.252598858645227,0.0015988586452269082,0.04918051815522659
2642,rho_a,3.1278,3.154143126327706,0.026343126327705857,0.8422254085202837
2643,rho_a,3.0528,3.0709895450265967,0.018189545026596754,0.5958315325796251
2644,rho_a,3.1111,3.144730206850092,0.033630206850092215,1.0809747950911706
2645,rho_a,3.0822,3.125773786665823,0.04357378666582301,1.4137235307834948
2646,rho_a,3.1006,3.12569326586096,0.025093265860959946,0.8093035496662534
2647,rho_a,2.8505,2.8494015574441107,0.0010984425558890898,0.03853508352530098
2648,rho_a,2.8953,2.8535422418443623,0.04175775815563787,1.4422601511284994
2649,rho_a,2.6951,2.6999916278226097,0.0048916278226096566,0.1815007911620289
2650,rho_a,3.0049,3.0459689370518825,0.041068937051882415,1.3667322390718075
2651,rho_a,3.2104,3.1986303948151034,0.011769605184896559,0.3666086838055349
2652,rho_a,2.7698,2.778976164188416,0.009176164188415825,0.3312933853856781
2653,rho_a,3.3652,3.3698986422999635,0.004698642299963307,0.13962445916919977
2654,rho_a,4.2618,4.235567277990672,0.026232722009328135,0.615531512725186
2655,rho_a,4.3144,4.311158439145211,0.003241560854789327,0.07513352620963692
2656,rho_a,3.268377,3.279415263002685,0.011038263002685067,0.33772918493434784
2657,rho_a,4.3133,4.311552117777287,0.0017478822227126045,0.04052308493988824
2658,rho_a,2.0283,2.0332323884693366,0.004932388469336413,0.2431784484215343
2659,rho_a,3.198997,3.1992165893977242,0.00021958939772437347,0.006864320214251681
2660,rho_a,4.1221,4.112567902510992,0.009532097489008073,0.23124372259299292
2661,rho_a,3.8968,3.882004133881086,0.014795866118913814,0.37969272528510617
2662,rho_a,3.153422,3.1608204226035377,0.007398422603537735,0.23461568427997867
2663,rho_a,3.8102,3.799039329613786,0.011160670386213933,0.29291560511813036
2664,rho_a,3.536696,3.520040128351115,0.016655871648885157,0.47094439694224344
2665,rho_a,3.004651,3.0449359609006517,0.0402849609006517,1.3407534153097411
2666,rho_a,2.4506,2.4475236648424845,0.0030763351575155973,0.1255339572967576
2667,rho_a,1.969,1.9774813340540367,0.008481334054036616,0.43074322265273274
2668,rho_a,2.08,2.0903336050915002,0.010333605091500164,0.49680793709111515
2670,rho_a,1.69,1.6857813572911564,0.004218642708843534,0.2496238289255052
2672,rho_a,1.725,1.77128943275009,0.04628943275009001,2.683445376815256
2674,rho_a,1.711,1.7553489393906154,0.04434893939061535,2.5919894442191365
2676,rho_a,1.702,1.7436124049675732,0.041612404967573235,2.44491216025551
2677,rho_a,1.537,1.604364051967791,0.06736405196779116,4.38282706361401
2680,rho_a,1.425,1.466460830717652,0.04146083071765205,2.909531980184067
2682,rho_a,1.421,1.4674092965246648,0.046409296524664745,3.265960346561019
2683,rho_a,1.356,1.4701218475087505,0.11412184750875043,8.416065450491612
2684,rho_a,1.288,1.4863671880582459,0.19836718805824582,15.401179197056816
2685,rho_a,2.9583,2.9222554514593146,0.036044548540685284,1.2184210033016631
2686,rho_a,2.1089,2.1021412937599324,0.006758706240067802,0.3204849087232489
2687,rho_a,2.3228,2.334368308562704,0.011568308562703855,0.498032915563065
2688,rho_a,2.503,2.4968530437113303,0.0061469562886697915,0.24558355128515122
2689,rho_a,2.5856,2.590590037918515,0.004990037918515267,0.19299342197220515
2690,rho_a,2.6897,2.6442256002767435,0.04547439972325673,1.6906866833936802
2691,rho_a,2.8374,2.820044023037434,0.01735597696256619,0.6116859435595993
2692,rho_a,2.9552,2.920767745027213,0.034432254972787124,1.1651412754729111
2693,rho_a,2.6806,2.659844184636269,0.020755815363731056,0.7742973723689962
2694,rho_a,2.7232,2.731170929457959,0.007970929457959297,0.29270451887325094
2695,rho_a,2.7657,2.774592235786077,0.00889223578607723,0.32151845052153216
2696,rho_a,2.7956,2.808057993900239,0.01245799390023894,0.4456286271367321
2697,rho_a,2.8378,2.8346058610592073,0.00319413894079279,0.11255687295763141
2698,rho_a,2.8691,2.851429538351383,0.017670461648616964,0.615888663644028
2699,rho_a,2.8841,2.854537527808283,0.02956247219171715,1.02501550541614
2700,rho_a,2.9464,2.9308417428110998,0.01555825718890036,0.5280429401607072
2701,rho_a,2.974,2.9590390915539952,0.01496090844600495,0.5030567735709455
2702,rho_a,3.3336,3.337770671625493,0.004170671625492783,0.12511013995354966
2703,rho_a,3.2709,3.298146282460566,0.02724628246056593,0.8329903837034943
2704,rho_a,3.2085,3.200151047801437,0.008348952198562909,0.2602135639258316
2705,rho_a,3.1426,3.161922674337622,0.019322674337622026,0.614862672233688
2706,rho_a,3.0501,3.058816160096099,0.008716160096098768,0.28576637146637524
2707,rho_a,2.9552,2.9349038077836784,0.020296192216321618,0.6867958925390751
2708,rho_a,2.3151,2.3426809691629344,0.027580969162934288,1.1913510933835416
2709,rho_a,2.3811,2.4052090615796313,0.02410906157963133,1.0125178102398558
2710,rho_a,2.4836,2.483156910054783,0.00044308994521724543,0.017840632356944233
2711,rho_a,2.6277,2.613022252211177,0.014677747788823137,0.5585777595927066
2712,rho_a,2.6755,2.652680211178504,0.022819788821495823,0.852916793925894
2713,rho_a,2.8536,2.8424399080244975,0.011160091975502606,0.3910881684713588
2714,rho_a,2.94,2.907102176048146,0.03289782395185403,1.1189736038041784
2715,rho_a,3.081,3.1194815261892357,0.038481526189235726,1.2489946831945224
2716,rho_a,3.0049,3.042664469369972,0.03776446936997191,1.2567629328749488
2717,rho_a,2.9552,2.9349038077836784,0.020296192216321618,0.6867958925390751
2718,rho_a,3.1799,3.18466006807518,0.004760068075180257,0.14969238262771659
2719,rho_a,3.0466,3.04158584434479,0.0050141556552101285,0.16458201454764268
2720,rho_a,2.9552,2.9349038077836784,0.020296192216321618,0.6867958925390751
2721,rho_a,2.645,2.641721889659496,0.003278110340504181,0.12393611873357058
2722,rho_a,2.9407,2.907102176048146,0.03359782395185418,1.1425111011610416
2723,rho_a,6.9123,6.910156509978432,0.0021434900215684394,0.03100979444711788
2724,rho_a,6.508,6.411297640771808,0.0967023592281917,1.485899803751949
2725,rho_a,6.1948,6.197237838584233,0.0024378385842327432,0.03935298289262526
2726,rho_a,6.0369,6.049962338224253,0.013062338224252734,0.2163749312436941
2727,rho_a,5.7481,5.779144971951942,0.03104497195194167,0.5400910205448107
2728,rho_a,5.7411,5.778930595445761,0.03783059544576073,0.6589433287306289
2729,rho_a,5.6355,5.7013320239890195,0.0658320239890191,1.1681665156420444
2730,rho_a,5.2089,5.225705055255108,0.01680505525510778,0.32262195962879986
2731,rho_a,4.8449,4.854831451255791,0.009931451255790869,0.20498774496457756
2732,rho_a,4.2468,4.172023790457557,0.0747762095424438,1.7607659777344395
2733,rho_a,3.7868,3.7694598227855494,0.01734017721445058,0.4579110915402451
2734,rho_a,2.9705,2.9452030818513064,0.025296918148693504,0.8516047180166635
2740,rho_a,3.7373,3.7480397937052925,0.010739793705292655,0.28736771747758494
2741,rho_a,3.3628,3.3735352613379708,0.010735261337970758,0.31923579570499483
2742,rho_a,2.9552,2.9349038077836784,0.020296192216321618,0.6867958925390751
2743,rho_a,7.4335,7.450192715163116,0.016692715163115324,0.22456063984816138
2744,rho_a,7.0219,7.055907667809759,0.03400766780975939,0.4843086317058709
2745,rho_a,7.3789,7.4065301707702895,0.02763017077028973,0.37444836995061576
2746,rho_a,7.8431,7.664672621106758,0.17842737889324134,2.274959886948
2747,rho_a,7.5097,7.632094074951896,0.12239407495189614,1.6298131077390554
2748,rho_a,7.4277,7.281004046856017,0.14669595314398265,1.9749848963200305
2749,rho_a,6.5754,6.62518794855833,0.04978794855832991,0.7571850922882614
2750,rho_a,6.6265,6.6250611653977876,0.001438834602212502,0.021713341918241678
2751,rho_a,6.9179,6.848608685819558,0.06929131418044232,1.0016235299792178
2752,rho_a,7.1725,7.14702389624142,0.02547610375858067,0.3551914082757353
2753,rho_a,4.496,4.478806540671646,0.0171934593283547,0.3824168000078041
2754,rho_a,2.9258,2.9073179454798064,0.018482054520193802,0.6316923412464107
2755,rho_a,4.1545,4.161972254908273,0.007472254908273079,0.1798593069748774
2756,rho_a,4.3189,4.294395571617677,0.024504428382322807,0.5673766093754691
2757,rho_a,4.0334,4.013924204663935,0.01947579533606536,0.48286297753906204
2758,rho_a,4.0469,4.040867521747893,0.006032478252106621,0.14906417880612644
2759,rho_a,3.8976,3.8807872016153877,0.01681279838461247,0.43136284853777085
2760,rho_a,3.789,3.8004771865978033,0.011477186597803168,0.3029080653945669
2761,rho_a,3.5238,3.4978484428208616,0.02595155717913844,0.7364650995837185
2762,rho_a,3.3719,3.3811487618946874,0.009248761894687263,0.27428932930052846
2763,rho_a,3.1981,3.1914493942281035,0.006650605771896689,0.2079549035957165
2764,rho_a,3.0584,3.060967106937575,0.0025671069375752253,0.08393627182756952
2765,rho_a,2.9134,2.874983853851923,0.038416146148077424,1.3186018448570136
2766,rho_a,3.2322,3.207679261534823,0.024520738465177327,0.7586392693883343
2767,rho_a,3.1447,3.138611681342599,0.006088318657401004,0.1936057066619731
2768,rho_a,3.1641,3.137150460941958,0.02694953905804187,0.8517284238182533
2769,rho_a,3.2914,3.308615475474775,0.01721547547477531,0.5230441597730473
2770,rho_a,3.081,3.0993674337641717,0.018367433764171714,0.5961516963377395
2771,rho_a,3.1198,3.1149876262784324,0.004812373721567731,0.15425263547554932
2772,rho_a,3.1834,3.1763168765474967,0.0070831234525030595,0.22250183616576097
2773,rho_a,2.1359,2.154039632868048,0.018139632868047872,0.8492735084994325
2774,rho_a,2.1593,2.1581535325747376,0.0011464674252623652,0.05309440213318364
2775,rho_a,2.3815,2.3946316414573428,0.013131641457342802,0.5514021187208603
2776,rho_a,2.3173,2.3231409844506627,0.005840984450662834,0.2520599167419114
2777,rho_a,2.3094,2.3089200665213867,0.0004799334786134146,0.020781738919771663
2778,rho_a,2.3085,2.308911891649844,0.0004118916498438985,0.017842393322231753
2779,rho_a,2.2292,2.2196823831324286,0.009517616867571466,0.4269521293543511
2780,rho_a,2.2794,2.270714723743589,0.008685276256410912,0.3810334410988463
2781,rho_a,2.0997,2.096747130382849,0.0029528696171507995,0.14063292933035162
2782,rho_a,2.1813,2.180461148553554,0.0008388514464456875,0.03845649137877885
2783,rho_a,2.2178,2.216488548700659,0.001311451299340849,0.05913298310669391
2784,rho_a,2.2026,2.1949134471886684,0.00768655281133146,0.3489763375705062
2785,rho_a,2.1911,2.1935094392688095,0.0024094392688094324,0.10996482446297899
2786,rho_a,2.2319,2.2193699437047196,0.012530056295280367,0.5614076031755344
2787,rho_a,2.0633,2.0652706234131823,0.0019706234131824374,0.09550833195276898
2788,rho_a,2.1099,2.097656373428066,0.012243626571934119,0.5802941642697907
2789,rho_a,2.1786,2.176100856624837,0.00249914337516266,0.1147132734398932
2790,rho_a,2.16,2.160988162258125,0.000988162258124703,0.04574825269093728
2791,rho_a,2.1319,2.1390082102291252,0.0071082102291253335,0.33342137197438904
2792,rho_a,2.4697,2.47516303012474,0.005463030124739809,0.2212021753548041
2793,rho_a,2.4495,2.447948987550536,0.0015510124494642064,0.06331955294809444
2794,rho_a,2.4145,2.428450626304088,0.013950626304088054,0.5777853097569797
2795,rho_a,2.4994,2.488770748181351,0.010629251818649266,0.42527213805893466
2796,rho_a,2.4194,2.419018948079274,0.00038105192072590555,0.01574985205942581
2797,rho_a,2.4453,2.435803525109004,0.00949647489099581,0.388356229951005
2798,rho_a,2.4057,2.418423943130465,0.012723943130465099,0.5289081402693523
2799,rho_a,2.342,2.348958858023935,0.006958858023935033,0.29713313509530576
2800,rho_a,2.2536,2.2494312552710407,0.004168744728959339,0.18498157299243384
2801,rho_a,2.0865,2.0959714095966664,0.00947140959666637,0.45393767537320057
2802,rho_a,3.098,3.109736238966506,0.011736238966506107,0.37883276199168237
2803,rho_a,3.046,3.028362154148368,0.017637845851631972,0.579049437019901
2804,rho_a,3.05,3.03328701367828,0.016712986321719914,0.547966764646375
2805,rho_a,3.013,3.0326438710206127,0.019643871020612824,0.6519704952076437
2806,rho_a,2.918,2.8614752941639985,0.056524705836001665,1.9371043809452464
2807,rho_a,2.889,2.8425350045893176,0.046464995410682164,1.608341827991211
2808,rho_a,2.738,2.7297159392915256,0.008284060708474428,0.30255882792079625
2809,rho_a,2.602,2.5949111455986444,0.007088854401355427,0.27243867799203314
2810,rho_a,2.521,2.5112472625903433,0.009752737409656653,0.38685987344913864
2811,rho_a,2.34,2.3694606132440996,0.029460613244099765,1.2590005659866315
2812,rho_a,2.142,2.1633390655291596,0.02133906552915965,0.9962215466456438
2813,rho_a,2.6806,2.659844184636269,0.020755815363731056,0.7742973723689962
2814,rho_a,2.58,2.600744829526257,0.020744829526257114,0.8040631599321345
2815,rho_a,2.4136,2.41742912998053,0.0038291299805299772,0.15864807675374504
2816,rho_a,2.3296,2.3419419164000472,0.012341916400047115,0.5297869333809159
2817,rho_a,2.2722,2.2575071575637113,0.014692842436288878,0.6466350865365025
2818,rho_a,2.2187,2.218550923376921,0.00014907662307894753,0.006719097808576208
2819,rho_a,2.183,2.18664948216414,0.003649482164139961,0.16717737810986208
2820,rho_a,2.13,2.1442825511081534,0.014282551108153463,0.6705423055467962
2821,rho_a,3.3594,3.3407090513092594,0.018690948690740505,0.5563775879840133
2822,rho_a,3.2676,3.277298511739763,0.009698511739763216,0.2968084141192388
2823,rho_a,3.2007,3.194625033471659,0.0060749665283408305,0.18980118500137258
2824,rho_a,3.1155,3.140895599246281,0.025395599246281098,0.815137192947294
2825,rho_a,2.9088,2.871931803302595,0.03686819669740471,1.2674710085737086
2826,rho_a,2.7042,2.6985948975176166,0.0056051024823835505,0.20727396207312615
2827,rho_a,2.4625,2.4652047962705983,0.0027047962705983863,0.10983944246080357
2828,rho_a,2.1359,2.156885392713436,0.020985392713436024,0.9825082032598061
2829,rho_a,2.31,2.3229607399611245,0.012960739961124457,0.5610709939878288
2830,rho_a,2.2998,2.304503437086159,0.004703437086158946,0.20451504853278116
2831,rho_a,2.2844,2.2791386643859477,0.005261335614052509,0.2303158647369202
2832,rho_a,2.2547,2.26808182177432,0.013381821774320013,0.593507862434651
2837,rho_a,4.0108,4.012486753276598,0.0016867532765987292,0.042055282651797865
2838,rho_a,4.0475,4.039495789522921,0.008004210477078999,0.19775689875421917
2839,rho_a,3.8542,3.8411321304942123,0.013067869505787755,0.3390553034555644
2840,rho_a,3.5996,3.5852282097401926,0.014371790259807504,0.3992607584121433
2841,rho_a,3.2647,3.270344119864967,0.005644119864967045,0.172883262320131
2842,rho_a,2.9406,2.8964653750117595,0.04413462498824039,1.500871420398061
2843,rho_a,2.5731,2.5861887153745924,0.013088715374592219,0.5086749591771456
2844,rho_a,2.1717,2.18127837519339,0.009578375193389999,0.4410542521243997
2845,rho_a,2.127,2.101454861338987,0.0255451386610126,1.2009938251528252
2846,rho_a,2.146,2.1366440295545233,0.009355970445476647,0.43597252774800965
2847,rho_a,1.993,1.9794492332016922,0.013550766798307912,0.6799180531009087
2848,rho_a,2.104,2.0858888389892196,0.018111161010780474,0.8607966259872559
2849,rho_a,2.05,2.0620245426159345,0.012024542615934664,0.5865630544355511
2850,rho_a,2.109,2.0975508340504794,0.011449165949520612,0.5428717851832708
2851,rho_a,2.09,2.0931032742249402,0.003103274224940389,0.14848202033200497
2852,rho_a,2.089,2.0930893612234667,0.004089361223466703,0.1957568800126733
2853,rho_a,2.1,2.0958174398476928,0.004182560152307335,0.1991695310621592
2854,rho_a,1.8842,1.8912917491398629,0.0070917491398627686,0.3763798503268763
2855,rho_a,1.9689,1.970770466720104,0.001870466720103936,0.09500059526146508
2857,rho_a,1.9945,1.9868091182925731,0.007690881707426822,0.3856044977399331
2859,rho_a,2.0286,2.0408632188787683,0.012263218878768356,0.6045163599902549
2861,rho_a,2.0768,2.0866284646510245,0.009828464651024493,0.47325041655526584
2865,rho_a,2.1172,2.1135688256861727,0.0036311743138273123,0.17150832768872082
2866,rho_a,2.1359,2.1550853751104007,0.01918537511040075,0.8982337707941274
2867,rho_a,1.95,1.9518991967831512,0.0018991967831512024,0.09739470682821684
2868,rho_a,2.0844,2.0712694215159617,0.013130578484038313,0.6299452352730768
2869,rho_a,2.2238,2.2058663775549245,0.01793362244507568,0.8064404373175472
2870,rho_a,2.2582,2.2482851757077973,0.009914824292202695,0.4390587322734171
2871,rho_a,2.1587,2.152868015620091,0.005831984379909283,0.27016187427185717
2872,rho_a,2.1923,2.1838534163536387,0.008446583646361194,0.3852841146903864
2874,rho_a,2.19,2.19452379916866,0.00452379916865997,0.2065661720848358
2875,rho_a,2.0998,2.0908019316135302,0.008998068386469882,0.4285202584277358
2878,rho_a,2.1387,2.1500043033315093,0.011304303331509225,0.5285595610185598
2880,rho_a,2.0007,2.0308384747403023,0.03013847474030218,1.5063964982399716
2883,rho_a,2.0796,2.088534857229391,0.008934857229391024,0.429643067387321
2885,rho_a,2.1561,2.1640048512744317,0.007904851274431746,0.36662730274236255
2887,rho_a,2.138,2.157977001111875,0.019977001111874948,0.9343779752977364
2888,rho_a,2.1866,2.1937987017916796,0.007198701791679696,0.3292189605632673
2889,rho_a,2.7574,2.75488805074908,0.0025119492509202423,0.09109847141942885
2890,rho_a,2.8831,2.8413736871592232,0.04172631284077699,1.4472724789553784
2891,rho_a,2.6045,2.5939163574098467,0.010583642590153097,0.4063598613994638
2892,rho_a,2.618,2.597742556658917,0.020257443341082926,0.7737755286888919
2893,rho_a,2.5466,2.5277966176442943,0.01880338235570589,0.7383720394132767
2894,rho_a,2.4889,2.4641809697764785,0.02471903022352162,0.9931708876817745
2895,rho_a,2.4457,2.429872725853397,0.01582727414660301,0.6471469986750843
2896,rho_a,2.4305,2.430883428543712,0.0003834285437123164,0.015775706386017635
2897,rho_a,2.3727,2.393291888388888,0.020591888388887813,0.8678673405352186
2898,rho_a,2.3542,2.3509478326099904,0.0032521673900096637,0.13814320745936123
2899,rho_a,2.3414,2.3481713685551453,0.006771368555145152,0.2892016979218527
2900,rho_a,2.1988,2.1987171429765766,8.285702342325507e-05,0.003768283764927114
2901,rho_a,1.7796,1.7788432835521966,0.0007567164478035071,0.04252171543060698
2903,rho_a,1.8124,1.7755200857863964,0.03687991421360359,2.034866156123551
2905,rho_a,1.7908,1.775657617657215,0.015142382342784977,0.8455652413880121
2906,rho_a,1.786,1.809782869486127,0.023782869486127067,1.3316276308014416
2907,rho_a,2.4029,2.410790623608336,0.007890623608336256,0.32837919215668454
2908,rho_a,2.3318,2.333437427873754,0.0016374278737543158,0.07022162594363211
2909,rho_a,2.2639,2.2641583409612873,0.00025834096128729556,0.01141132387858039
2910,rho_a,2.2206,2.225735720129748,0.005135720129747945,0.23127623749192253
2911,rho_a,2.2066,2.2081785944415286,0.0015785944415287467,0.07153967377540249
2912,rho_a,2.1828,2.184832989428414,0.0020329894284141226,0.09313677058883962
2913,rho_a,2.1473,2.1634760932073145,0.0161760932073145,0.7533224611049675
2914,rho_a,2.1619,2.1664457632868674,0.004545763286867288,0.21026704689695105
2915,rho_a,2.1573,2.1600237076734246,0.002723707673424336,0.1262553967191894
2916,rho_a,2.648,2.6422070897703103,0.005792910229689863,0.21876549205769164
2917,rho_a,2.146,2.166723722774198,0.020723722774198094,0.9656907164113904
2918,rho_a,2.1365,2.146586576938865,0.010086576938864944,0.4721075094247706
2919,rho_a,2.14,2.152665012717172,0.012665012717171908,0.591823024166635
2920,rho_a,2.1374,2.155174813911666,0.017774813911666243,0.8316091471721684
2922,rho_a,2.1338,2.1395055707228137,0.0057055707228137464,0.2673901360395104
2923,rho_a,2.1314,2.141464744929786,0.010064744929785707,0.4722128614892082
2924,rho_a,2.1342,2.1587722369531477,0.024572236953147808,1.1513558688565408
2925,rho_a,2.1377,2.1611779946735705,0.023477994673570368,1.0982829524048923
2926,rho_a,2.1359,2.153299181415928,0.017399181415928222,0.8146065553593369
2927,rho_a,3.685,3.7019518568629888,0.016951856862988723,0.46002325272684186
2928,rho_a,3.574,3.536549843967687,0.03745015603231305,1.0478499169642579
2929,rho_a,3.343,3.328587410298352,0.014412589701648049,0.43112742152688416
2930,rho_a,3.217,3.1983277806010513,0.01867221939894881,0.580423357132204
2931,rho_a,2.947,2.9287463929836157,0.018253607016384343,0.6193962340135103
2932,rho_a,2.681,2.6648090113152008,0.01619098868479929,0.6039160270344368
2933,rho_a,2.366,2.38408414135624,0.018084141356240035,0.7643339541940993
2934,rho_a,2.228,2.233297818059959,0.005297818059958992,0.2377835754020024
2935,rho_a,2.146,2.166723722774198,0.020723722774198094,0.9656907164113904
2936,rho_a,4.089,4.065946984357593,0.02305301564240736,0.5637812580680294
2937,rho_a,3.879,3.8735941329885324,0.005405867011467613,0.1393623875087966
2938,rho_a,3.659,3.670539229007818,0.011539229007818008,0.3153656465650411
2939,rho_a,3.249,3.232183406168365,0.01681659383163492,0.5175929157165202
2940,rho_a,2.837,2.8176008660551104,0.01939913394488979,0.6837904104646793
2941,rho_a,2.545,2.530938980887531,0.01406101911246882,0.5524958393895204
2942,rho_a,2.177,2.18127837519339,0.004278375193389916,0.1965261917036266
2949,rho_a,6.112,6.10679070367293,0.005209296327070234,0.08523063362351738
2951,rho_a,5.533,5.529912507348789,0.003087492651211221,0.05580142149305373
2954,rho_a,4.863,4.911551030360381,0.048551030360380665,0.9983761126952637
2959,rho_a,4.269,4.234187717783623,0.034812282216377,0.8154669059819359
2963,rho_a,3.959,3.9646824428120246,0.0056824428120245685,0.14353227613092026
2964,rho_a,3.777,3.7819585756766574,0.004958575676657251,0.1312834439146396
2965,rho_a,3.357,3.33010809648987,0.026891903510130266,0.8010695117700999
2966,rho_a,2.97,2.943642185007619,0.0263578149923811,0.887468518261691
2967,rho_a,2.572,2.5869245880343708,0.01492458803437069,0.5802716965149645
2968,rho_a,2.278,2.2633444721810636,0.01465552781893642,0.6433506505237044
2969,rho_a,2.177,2.18127837519339,0.004278375193389916,0.1965261917036266
2970,rho_a,3.0863,3.1054811331060312,0.0191811331060312,0.6214928265568799
2971,rho_a,2.9062,2.8739632687573518,0.032236731242648364,1.109239943659668
2972,rho_a,2.6333,2.6437451119603,0.010445111960299958,0.3966548422244328
2973,rho_a,2.4094,2.43897647945371,0.02957647945370967,1.22754542432545
2974,rho_a,2.1089,2.102121204643375,0.006778795356625178,0.32143749616491835
2975,rho_a,3.311,3.310924060421343,7.593957865692502e-05,0.0022935541726639107
2976,rho_a,3.1221,3.1210295011444016,0.0010704988555985118,0.03428778244124688
2977,rho_a,3.023,3.024923237117219,0.0019232371172188678,0.0636201494283239
2978,rho_a,2.6376,2.6254740564959835,0.012125943504016412,0.4597339818020858
2979,rho_a,2.4294,2.4273552499836546,0.002044750016345187,0.08416687315157428
2980,rho_a,2.0627,2.071423253390048,0.00872325339004787,0.42290460997933
2981,rho_a,4.822,4.820977836867294,0.0010221631327063108,0.021197908185526727
2982,rho_a,4.344,4.363555058658825,0.019555058658824898,0.4501624921459575
2983,rho_a,4.204,4.192243077637753,0.011756922362247124,0.2796603796918251
2984,rho_a,4.281,4.25497774813827,0.026022251861729906,0.6078545167419722
2985,rho_a,4.103,4.1039810895128,0.0009810895128001818,0.023911516275894287
2986,rho_a,4.159,4.163975305274878,0.004975305274878217,0.11962744108865161
2987,rho_a,4.016,4.004057971911971,0.011942028088029133,0.2973612571719661
2988,rho_a,3.897,3.869298312224903,0.02770168777509685,0.7108464915342505
2989,rho_a,3.599,3.5930077818501562,0.005992218149843964,0.16649675326041397
2990,rho_a,3.472,3.44191899132922,0.03008100867078012,0.8663884985821271
2991,rho_a,3.292,3.3140005409350413,0.022000540935041446,0.6683031875769977
2992,rho_a,3.036,3.0443597620645564,0.008359762064556353,0.275354481704664
2993,rho_a,2.684,2.672551902252901,0.011448097747098984,0.42653121263393134
2994,rho_a,2.146,2.166723722774198,0.020723722774198094,0.9656907164113904
2995,rho_a,13.652,13.45057763901404,0.20142236098595845,1.4754055155723975
2996,rho_a,8.7,10.712320715557922,2.012320715557923,23.13012316732979
2997,rho_a,8.405,8.946302645206181,0.5413026452061818,6.440245630054936
2998,rho_a,4.099,4.057545147662319,0.0414548523376812,1.0113406279012218
2999,rho_a,3.981,3.957695140334503,0.023304859665497002,0.5854021518586071
3000,rho_a,2.852,2.8390639069354364,0.012936093064563448,0.45357970072085946
3001,rho_a,2.255,2.251122946572295,0.0038770534277050572,0.17193141586267574
3002,rho_a,2.0343,2.0577707545724886,0.023470754572488595,1.1537509006772382
3003,rho_a,5.2508,5.267109412267928,0.016309412267927925,0.3106081410056528
3004,rho_a,5.1147,5.099687075056109,0.015012924943890837,0.2935250345843921
3005,rho_a,4.6922,4.670827704266434,0.021372295733566027,0.45548560874560917
3006,rho_a,4.5715,4.5829508899690685,0.011450889969068179,0.2504843042560576
3007,rho_a,4.5627,4.5872993516527725,0.02459935165277205,0.5391402382967685
3008,rho_a,4.2492,4.227003231008413,0.022196768991586957,0.5223752469072233
3009,rho_a,3.8979,3.877920434364,0.019979565636000007,0.5125725553758403
3010,rho_a,3.6615,3.6855101620031667,0.024010162003166524,0.6557466066683044
3011,rho_a,3.063,3.0524025261337657,0.010597473866234441,0.3459834758808678
3012,rho_a,2.969,2.9462443348393355,0.022755665160664407,0.7664420734475158
3013,rho_a,2.635,2.6279285899495726,0.007071410050427218,0.2683647077959975
3014,rho_a,2.51,2.501952084270714,0.008047915729285648,0.3206340928000973
3015,rho_a,2.36,2.3601931647661,0.00019316476610020672,0.008184947716106986
3016,rho_a,2.8375,2.838075560877611,0.0005755608776110144,0.02028408379245151
3017,rho_a,2.844,2.8455490299422452,0.0015490299422453724,0.05446659431240604
3018,rho_a,2.8401,2.8447348014985705,0.004634801498570429,0.16319148968588418
3020,rho_a,2.8164,2.824906159749979,0.008506159749979147,0.3020224311168913
3021,rho_a,2.8079,2.8185541926065985,0.01065419260659839,0.3794363263148472
3023,rho_a,2.8246,2.8321800665646473,0.007580066564647048,0.2683589380671374
3027,rho_a,2.7976,2.8240524454354934,0.0264524454354933,0.9455406575451759
3029,rho_a,2.761,2.7887123067571746,0.02771230675717451,1.0037054240189958
3030,rho_a,2.7097,2.7374327268498453,0.02773272684984507,1.0234611525200144
3032,rho_a,2.6727,2.6852368026730646,0.012536802673064784,0.4690688320073369
3034,rho_a,2.6084,2.6395164267768325,0.031116426776832462,1.192931558688105
3036,rho_a,2.5092,2.543735102294429,0.03453510229442891,1.3763391636543578
3038,rho_a,2.436,2.462346049542018,0.026346049542018246,1.0815291273402066
3040,rho_a,2.356,2.374586050687186,0.018586050687185995,0.7888816081145207
3041,rho_a,2.3,2.2971825205551926,0.002817479444807258,0.1224991062959145
3043,rho_a,2.164,2.176927173896843,0.012927173896843058,0.5973740248076286
3044,rho_a,3.2021,3.1786378072982036,0.023462192701796614,0.732712679235167
3045,rho_a,2.976,2.9592490681047385,0.016750931895261445,0.5628673351900476
3046,rho_a,3.0969,3.102736689695969,0.005836689695968733,0.1884687815546788
3047,rho_a,3.0614,3.0470326575459397,0.014367342454060239,0.469306279939098
3048,rho_a,2.9978,2.9920667868983895,0.005733213101610346,0.1912473514446739
3049,rho_a,3.1085,3.107508561210407,0.0009914387895926247,0.03189444393090898
3050,rho_a,2.9054,2.8598610013432584,0.045538998656741825,1.5673917070532852
3051,rho_a,2.8491,2.853468772477082,0.004368772477082228,0.15333868509637058
3052,rho_a,2.7707,2.8123870111573495,0.041687011157349296,1.5045660359235662
3053,rho_a,2.6747,2.6597693156902875,0.01493068430971256,0.5582190267957894
3054,rho_a,2.7105,2.719020723257865,0.008520723257865015,0.31435983242434495
3055,rho_a,2.6616,2.655065568180729,0.006534431819270825,0.2455076577723313
3056,rho_a,2.6606,2.657217727550031,0.003382272449969026,0.1271244249405305
3057,rho_a,2.313,2.326707127244375,0.013707127244374728,0.5926125051607782
3058,rho_a,2.273,2.2656174924501244,0.007382507549875683,0.32479135723151936
3059,rho_a,2.34,2.352103688049045,0.012103688049045047,0.5172516260273451
3060,rho_a,2.334,2.3516163549258877,0.017616354925887645,0.7547709908260538
3061,rho_a,2.3801,2.3900004506204606,0.009900450620460521,0.4159678425467989
3062,rho_a,2.3743,2.3905924512264836,0.016292451226483706,0.6862001948564564
3063,rho_a,2.4236,2.422992100757959,0.0006078992420408547,0.025082490594182365
3064,rho_a,2.451,2.43584908370231,0.015150916297689943,0.6181524397259796
3065,rho_a,2.4913,2.4918850292505192,0.0005850292505193977,0.023482890479635646
3066,rho_a,1.9892,1.9787660703672674,0.010433929632732708,0.5245289379010387
3067,rho_a,2.1467,2.1576480141291645,0.010948014129164463,0.5099927390487429
3068,rho_a,2.1287,2.12185947308751,0.006840526912489597,0.32134762589779603
3069,rho_a,2.2076,2.192787105808966,0.01481289419103371,0.670995388250906
3070,rho_a,2.3113,2.30675809631101,0.00454190368898999,0.19650861804992967
3072,rho_a,2.3206,2.344596944301622,0.023996944301621692,1.0340836120663341
3073,rho_a,2.3093,2.3153402297373766,0.006040229737376723,0.26156106774235083
3074,rho_a,2.3322,2.340319137126189,0.00811913712618928,0.34813211243400216
3075,rho_a,2.3974,2.3920238317605818,0.005376168239418444,0.224249947418712
3077,rho_a,2.6464,2.625700869836659,0.020699130163341017,0.7821618108877417
3078,rho_a,3.098,3.1175321702530256,0.019532170253025782,0.6304767673666714
3079,rho_a,3.182,3.1839306882939016,0.001930688293901639,0.06067530779073011
3080,rho_a,3.041,3.0403123912750134,0.0006876087249865215,0.022611270140950192
3081,rho_a,3.16,3.1523032235973902,0.007696776402609906,0.2435688735002364
3082,rho_a,3.064,3.118182898523678,0.05418289852367808,1.7683713617382635
3083,rho_a,3.489,3.4532699705433156,0.03573002945668424,1.0240765106527372
3084,rho_a,3.29,3.3193699411677575,0.029369941167757485,0.8927033789589227
3085,rho_a,3.201,3.2000875139124965,0.0009124860875036056,0.028506282021347095
3086,rho_a,3.158,3.1609881799155577,0.002988179915557776,0.09462254324119157
3087,rho_a,3.064,3.120437377664751,0.056437377664750876,1.8419509681701192
3088,rho_a,2.849,2.8407573738728766,0.008242626127123565,0.2893164663784019
3089,rho_a,3.3927,3.396084548715633,0.0033845487156329845,0.09975974049081814
3090,rho_a,3.3108,3.3216600194499506,0.01086001944995063,0.3280179850775447
3091,rho_a,3.2247,3.2048115435585998,0.019888456441400137,0.6167536962010101
3092,rho_a,3.1716,3.1846918354843394,0.013091835484339231,0.41278331076854274
3093,rho_a,3.0887,3.1179913753668416,0.029291375366841788,0.9483399283463044
3094,rho_a,3.0044,3.0400849982253937,0.03568499822539373,1.187757895932028
3095,rho_a,2.9281,2.9105408464110774,0.017559153588922793,0.5996773876888356
3096,rho_a,2.8122,2.820556949935205,0.008356949935205193,0.29716769558360795
3097,rho_a,2.6806,2.659844184636269,0.020755815363731056,0.7742973723689962
3099,rho_a,4.09,4.055660159398775,0.03433984060122519,0.8396049046752273
3100,rho_a,3.738,3.7440770624077615,0.006077062407761513,0.16257523830283271
3101,rho_a,3.454,3.426735559449928,0.027264440550072155,0.7893584409399033
3102,rho_a,3.386,3.3641341543047063,0.021865845695293817,0.645772170563714
3103,rho_a,2.983,2.9536856846479598,0.02931431535204032,0.9827125495149344
3104,rho_a,2.555,2.551444845441564,0.0035551545584362465,0.13914499250234266
3105,rho_a,2.164,2.152372404360847,0.011627595639152943,0.5373195766704052
3106,rho_a,2.221,2.1950711774341434,0.025928822565856713,1.1674391069718613
3107,rho_a,2.266,2.235223195129091,0.030776804870908947,1.3581996853881448
3108,rho_a,2.387,2.382925368002808,0.004074631997192046,0.17070096343486968
3109,rho_a,2.432,2.426189151124036,0.005810848875964059,0.23893293075500285
3110,rho_a,2.524,2.514928078937352,0.00907192106264798,0.35942634955009456
3111,rho_a,2.664,2.64574464946597,0.018255350534030157,0.6852609059318057
3112,rho_a,2.074,2.0582531400304207,0.01574685996957914,0.7592507217729773
3113,rho_a,2.278,2.2432788253576,0.03472117464239988,1.5241955505875606
3114,rho_a,2.273,2.2455952989795547,0.027404701020445454,1.2056621654392168
3115,rho_a,2.407,2.423591085480794,0.01659108548079402,0.689284814324351
3116,rho_a,2.484,2.474317710031496,0.009682289968504065,0.38978623061594875
3117,rho_a,2.483,2.4693659169776354,0.013634083022364685,0.5490971817301327
3118,rho_a,2.555,2.551444845441564,0.0035551545584362465,0.13914499250234266
3119,rho_a,2.115,2.1378288169137525,0.02282881691375227,1.0793766862289114
3120,rho_a,3.370551,3.369803781318214,0.000747218681786066,0.022169036510227683
3121,rho_a,3.34193,3.337373258235244,0.004556741764756289,0.13635060473304125
3122,rho_a,3.330499,3.324302900604828,0.006196099395172183,0.18604117266422607
3123,rho_a,3.321357,3.3242976604211045,0.002940660421104635,0.08853792052777673
3124,rho_a,3.279155,3.3132942615222687,0.03413926152226887,1.04109935401829
3125,rho_a,3.258434,3.279013502212052,0.02057950221205207,0.6315764631735906
3126,rho_a,3.224554,3.2028578389374793,0.02169616106252059,0.6728422306624068
3127,rho_a,2.682,2.663859467152607,0.018140532847393143,0.6763807922217143
3128,rho_a,2.601,2.6093404563113025,0.008340456311302535,0.32066344910800954
3129,rho_a,2.53,2.5243695988361154,0.005630401163884358,0.2225455005487009
3130,rho_a,2.568,2.586223273872189,0.018223273872188805,0.7096290448668889
3131,rho_a,2.114,2.116037180405428,0.0020371804054279963,0.09636614973637808
3132,rho_a,1.867,1.8905820287093507,0.023582028709350666,1.2630974134621336
3133,rho_a,2.555,2.551444845441564,0.0035551545584362465,0.13914499250234266
3134,rho_a,4.636,4.640919953805099,0.00491995380509902,0.10612497422558151
3135,rho_a,4.414,4.394844897038839,0.019155102961160964,0.43396245947341694
3136,rho_a,4.024,3.9987221630164735,0.02527783698352648,0.6281768634075596
3137,rho_a,3.515,3.476687331779086,0.03831266822091406,1.0899763362988095
3138,rho_a,3.038,3.0321724268512984,0.005827573148701415,0.19182268428898935
3139,rho_a,2.555,2.551444845441564,0.0035551545584362465,0.13914499250234266
3140,rho_a,4.231,4.186767770990554,0.04423222900944612,1.0454320257488932
3141,rho_a,3.963,3.947030501563612,0.015969498436388285,0.40296488610608766
3142,rho_a,3.625,3.6040845896109115,0.020915410389088507,0.5769768383195237
3143,rho_a,3.385,3.3749909456242344,0.01000905437576538,0.295688460140692
3144,rho_a,2.555,2.551444845441564,0.0035551545584362465,0.13914499250234266
3145,rho_a,6.174,6.263066172562564,0.08906617256256322,1.442600786565416
3146,rho_a,5.974,5.915914833840249,0.05808516615975101,0.9722994000626262
3147,rho_a,5.218,5.219029142116236,0.0010291421162360592,0.019722922886850555
3148,rho_a,4.618,4.572776186473243,0.045223813526757084,0.9792943596090794
3149,rho_a,3.681,3.6695686408760704,0.011431359123929674,0.3105503701148212
3150,rho_a,3.387,3.377007275083226,0.009992724916774165,0.2950317365447657
3151,rho_a,2.555,2.551444845441564,0.0035551545584362465,0.13914499250234266
3152,rho_a,3.775,3.7607757282677263,0.014224271732273586,0.376801900192578
3153,rho_a,3.517,3.476055317850121,0.0409446821498789,1.1641934077300897
3154,rho_a,3.551,3.5334495586893655,0.017550441310634657,0.49423940610052697
3155,rho_a,3.177,3.1694556800283014,0.0075443199716986875,0.2374667916807149
3156,rho_a,2.825,2.8198368813259678,0.0051631186740324075,0.18276526279754263
3157,rho_a,2.717,2.70158482418626,0.015415175813739967,0.5673601698098746
3158,rho_a,2.555,2.551444845441564,0.0035551545584362465,0.13914499250234266
3159,rho_a,2.579,2.617096279351366,0.03809627935136595,1.4771725223478547
3160,rho_a,3.3594,3.3257829127610314,0.0336170872389685,1.0006872429290496
3161,rho_a,5.4581,5.475940290851124,0.017840290851124152,0.32685899582493694
3162,rho_a,4.8287,4.809530889124977,0.0191691108750236,0.39698284993931343
3163,rho_a,4.4004,4.406668639240488,0.006268639240487595,0.14245612309076833
3164,rho_a,3.8346,3.8085693899711806,0.026030610028819456,0.678835081333455
3165,rho_a,3.3027,3.321494075620419,0.018794075620419015,0.5690518551613324
3166,rho_a,3.7063,3.7163075486371695,0.01000754863716935,0.27001453301585543
3167,rho_a,3.5211,3.4909077425147026,0.030192257485297525,0.857466629328589
3168,rho_a,3.3676,3.3627920700009386,0.004807929999061322,0.14277022208872475
3169,rho_a,3.3159,3.3197262860140175,0.003826286014017466,0.11539208100414101
3170,rho_a,3.327,3.3227937601979107,0.004206239802089229,0.1264274061342941
3171,rho_a,3.3336,3.337770671625493,0.004170671625492783,0.12511013995354966
3172,rho_a,2.165,2.1733662136041216,0.008366213604121597,0.38643018956663894
3173,rho_a,2.426,2.4392661602559373,0.013266160255937187,0.5468326568809446
3174,rho_a,2.677,2.6654352701793513,0.011564729820648711,0.4320033552724838
3175,rho_a,2.951,2.928403368952184,0.022596631047816285,0.7657279243581371
3176,rho_a,3.127,3.1427757939017287,0.015775793901728896,0.5045025232402894
3177,rho_a,3.298,3.320654815995665,0.02265481599566499,0.6869258943498521
3178,rho_a,3.37,3.37180223790753,0.0018022379075297579,0.05347886965962086
3179,rho_a,3.6144,3.612911816703254,0.0014881832967459374,0.04117372998963938
3180,rho_a,3.5477,3.5299849392213565,0.017715060778643377,0.4993393121920789
3181,rho_a,3.4977,3.482456968122315,0.015243031877684832,0.4358015804008484
3182,rho_a,3.4395,3.4337688120676932,0.005731187932306536,0.16662851961927228
3183,rho_a,3.4045,3.427527506546997,0.0230275065469967,0.6763843896898204
3184,rho_a,3.3583,3.3407090513092594,0.017590948690740404,0.5238051600731074
3185,rho_a,5.4069,5.3535977808443445,0.053302219155655806,0.9858184755709546
3186,rho_a,5.1447,5.092364893974566,0.05233510602543401,1.0172625425277242
3187,rho_a,4.8583,4.880735386251271,0.022435386251270728,0.4617949951889778
3188,rho_a,4.7014,4.694447748545469,0.006952251454530156,0.1478761954849338
3189,rho_a,4.4489,4.448328381082995,0.0005716189170046349,0.012848544966272704
3190,rho_a,4.2473,4.203359052683405,0.043940947316595036,1.0345618938286603
3191,rho_a,3.9602,3.9483243339290595,0.011875666070940483,0.2998754121240716
3192,rho_a,3.3027,3.321494075620419,0.018794075620419015,0.5690518551613324
3193,rho_a,6.7797,6.767646731811128,0.012053268188871868,0.17778468352390356
3194,rho_a,6.5041,6.464008695030534,0.040091304969466,0.6164005007527534
3195,rho_a,6.2308,6.254301092841727,0.023501092841726745,0.3771761706638469
3196,rho_a,5.9766,5.9089496798129595,0.06765032018704087,1.1319198237631687
3197,rho_a,5.8488,5.844467167181099,0.004332832818900734,0.07408071431575695
3198,rho_a,5.6518,5.708904442771299,0.057104442771299446,1.0103762123799382
3199,rho_a,5.283,5.3220499796218474,0.039049979621847086,0.7391629684239956
3200,rho_a,5.0218,5.011909991873216,0.009890008126784089,0.19694149760607987
3201,rho_a,4.0632,4.047575795066001,0.015624204933999408,0.3845295563594104
3202,rho_a,3.7256,3.7322239756346125,0.006623975634612478,0.17779621093543857
3203,rho_a,3.3583,3.3407090513092594,0.017590948690740404,0.5238051600731074
3204,rho_a,3.9667,3.9636825079958924,0.0030174920041075026,0.07607058774565109
3205,rho_a,3.6862,3.70266076170259,0.016460761702590254,0.44655096583434944
3206,rho_a,3.3336,3.337770671625493,0.004170671625492783,0.12511013995354966
3207,rho_a,6.232,6.155596823246286,0.07640317675371389,1.2259816552262777
3208,rho_a,6.322,6.287081898381004,0.03491810161899611,0.552326820926773
3209,rho_a,6.0,5.8784738554626195,0.12152614453738053,2.025435742289338
3210,rho_a,5.501,5.469807171856239,0.031192828143761453,0.5670392318443153
3211,rho_a,4.985,4.928860260596832,0.056139739403167965,1.1261733079870953
3212,rho_a,4.549,4.507010631158206,0.041989368841794494,0.9230461385312213
3213,rho_a,4.226,4.1948432414033086,0.031156758596691425,0.7372635730403231
3214,rho_a,4.005,3.9856704410341157,0.019329558965884175,0.48263567954754927
3215,rho_a,3.8,3.7822228476611013,0.01777715233889854,0.4678197983919437
3216,rho_a,3.466,3.439451299309528,0.026548700690472327,0.7659752074571455
3217,rho_a,2.8,2.809858525111154,0.009858525111154037,0.35209018254108987
3218,rho_a,2.167,2.204057143938491,0.037057143938491244,1.7100666330629508
3219,rho_a,2.5949,2.6037178262468,0.008817826246799942,0.3398137210218715
3220,rho_a,2.5531,2.5574874187958256,0.004387418795825493,0.17184672734416098
3221,rho_a,2.4371,2.448596153968003,0.011496153968002965,0.4717144954248183
3222,rho_a,2.3083,2.3403157451258867,0.032015745125886674,1.386983716409167
3223,rho_a,2.2564,2.2636430561323535,0.0072430561323533205,0.32100053768614206
3224,rho_a,2.1966,2.2012461217873147,0.0046461217873146055,0.21151423961178595
3225,rho_a,2.1357,2.157464319187776,0.021764319187775882,1.0190719290052765
3226,rho_a,2.0239,2.0437624632242564,0.019862463224256555,0.9813954851646198
3227,rho_a,2.8301,2.8312438425002036,0.0011438425002037178,0.04041703474093897
3228,rho_a,2.6902,2.6999690912903533,0.009769091290353416,0.3631362460170167
3229,rho_a,2.6331,2.618556907951642,0.01454309204835802,0.5523182578843376
3230,rho_a,2.5639,2.5733140852280245,0.009414085228024671,0.36717833098096647
3231,rho_a,2.4647,2.4629438293206722,0.001756170679327873,0.07125291838062078
3232,rho_a,2.3195,2.3369207794213276,0.01742077942132747,0.7510575305591705
3233,rho_a,2.2565,2.2580274896578656,0.0015274896578656438,0.0676928720525135
3234,rho_a,2.1814,2.1858083373454025,0.004408337345402469,0.20208752844047162
3235,rho_a,2.0239,2.0437624632242564,0.019862463224256555,0.9813954851646198
3236,rho_a,2.29629,2.2816735588269212,0.014616441173078698,0.6365241834904273
3237,rho_a,2.2872,2.2799157706210322,0.007284229378967666,0.3184780246136972
3238,rho_a,2.2781,2.27980195014381,0.001701950143810027,0.07470919379348054
3239,rho_a,2.2758,2.2683050937458633,0.007494906254136513,0.3293306201833738
3240,rho_a,2.2689,2.268349514378839,0.000550485621161112,0.024262224917839893
3241,rho_a,2.2598,2.262314836023622,0.0025148360236220135,0.11128577854769894
3242,rho_a,2.2507,2.2385102788829183,0.012189721117081831,0.5415968861721426
3243,rho_a,2.2416,2.2385520846108684,0.003047915389131628,0.1359705294936772
3244,rho_a,2.2325,2.235419972359211,0.0029199723592112647,0.13079383467905742
3245,rho_a,2.2234,2.2302699826957824,0.006869982695782539,0.30898545901679636
3246,rho_a,2.2143,2.2127682668260746,0.0015317331739255202,0.06917460027660337
3247,rho_a,2.167,2.1879010230463347,0.0209010230463349,0.9645142153357293
3248,rho_a,2.1619,2.1577024587308533,0.004197541269146843,0.19415982557680284
3249,rho_a,2.1253,2.117327787196586,0.007972212803414092,0.3751099987488985
3250,rho_a,2.1201,2.1220278392172913,0.0019278392172914494,0.09093152291356729
3251,rho_a,2.1209,2.122100707275946,0.0012007072759461224,0.05661310179384017
3252,rho_a,2.1212,2.1242028906359027,0.003002890635902755,0.14156565321051007
3253,rho_a,2.124,2.1242895163252973,0.00028951632529716775,0.013630712113796207
3254,rho_a,2.1203,2.125891137187395,0.005591137187395123,0.2636955707867984
3255,rho_a,2.123,2.129314184005263,0.006314184005262735,0.29741799365330945
3256,rho_a,2.1247,2.129380628960763,0.004680628960763045,0.22029599288185825
3257,rho_a,2.122,2.1360630800184905,0.014063080018490659,0.6627276163281824
3259,rho_a,2.167,2.2031105115533967,0.03611051155339684,1.6663826282132062
3260,rho_a,2.30556,2.2982034368747057,0.007356563125294091,0.31907923130566546
3261,rho_a,2.2921,2.2717589913698415,0.02034100863015853,0.8874398425090377
3262,rho_a,2.2787,2.270948250430444,0.0077517495695560434,0.3401829801883811
3263,rho_a,2.2653,2.259840769705179,0.0054592302948206495,0.24099370038486026
3264,rho_a,2.2518,2.2598016419820635,0.008001641982063656,0.3553442571303004
3265,rho_a,2.2411,2.2349531417974866,0.006146858202513261,0.2742786222172379
3266,rho_a,2.2384,2.2307616622608046,0.007638337739195311,0.341240964045385
3267,rho_a,2.225,2.2253193401803646,0.0003193401803645024,0.014352367656825116
3268,rho_a,2.2115,2.2111542198482055,0.00034578015179453914,0.015635548351543422
3269,rho_a,2.1981,2.2077565257677003,0.009656525767700153,0.43931239560055313
3270,rho_a,2.1847,2.1925236999319053,0.007823699931905459,0.35811323897568903
3271,rho_a,2.167,2.1879010230463347,0.0209010230463349,0.9645142153357293
3272,rho_a,2.3063,2.3240992016444153,0.017799201644415508,0.7717643690936908
3273,rho_a,2.5919,2.6113920255656944,0.019492025565694515,0.7520361729112618
3274,rho_a,2.4936,2.5042860456569453,0.010686045656945531,0.42853888582536276
3275,rho_a,2.48,2.4862997794316404,0.0062997794316403954,0.2540233641789458
3276,rho_a,2.4348,2.4434006231727037,0.008600623172703603,0.3532373571833444
3277,rho_a,2.3437,2.3598014325370653,0.016101432537065197,0.6870091111088589
3278,rho_a,2.3064,2.322373342034851,0.0159733420348509,0.6925659917986462
3279,rho_a,2.2516,2.269879592210381,0.018279592210381335,0.8118490056125962
3280,rho_a,2.7554,2.77975938204797,0.02435938204797017,0.8840597389838618
3281,rho_a,2.6807,2.6567387922767662,0.023961207723233624,0.8938414489955865
3282,rho_a,2.6258,2.61202877455852,0.013771225441479906,0.5244582771526644
3283,rho_a,2.5652,2.583834904354407,0.018634904354406956,0.7264503490721851
3284,rho_a,2.5255,2.523805251096835,0.0016947489031649,0.06710548022824109
3285,rho_a,2.4629,2.465707754195628,0.002807754195627954,0.11400195686494839
3286,rho_a,2.4126,2.423466157767445,0.010866157767444928,0.45039201556165237
3287,rho_a,2.3646,2.375230964187065,0.010630964187065217,0.4495882680817357
3288,rho_a,2.3157,2.3348239100677795,0.01912391006777936,0.8258371148150062
3289,rho_a,2.2957,2.275896938440388,0.01980306155961209,0.8626153922378125
3290,rho_a,2.2516,2.269879592210381,0.018279592210381335,0.8118490056125962
3291,rho_a,2.009,1.9862633877704068,0.02273661222959311,1.13173779141771
3292,rho_a,2.088,2.069950588011466,0.018049411988533937,0.8644354400634717
3293,rho_a,2.053,2.0668033836296127,0.013803383629612753,0.6723518572628363
3294,rho_a,2.031,2.049708917558286,0.018708917558285965,0.9211677773646849
3295,rho_a,2.075,2.090694283198776,0.01569428319877586,0.7563509975310021
3296,rho_a,1.838,1.8805775316549471,0.04257753165494704,2.3165142358500477
3297,rho_a,2.047,2.0568327859433415,0.00983278594334136,0.4803510475494165
3298,rho_a,2.067,2.092975556474983,0.02597555647498284,1.2566790747445704
3299,rho_a,1.999,1.9868066576578212,0.012193342342178948,0.6099721031602224
3300,rho_a,2.228,2.2346173987456224,0.006617398745622172,0.29701071569206466
3301,rho_a,2.134,2.1573783934122663,0.02337839341226644,1.0955198412490856
3302,rho_a,2.3185,2.3150484354431122,0.003451564556887554,0.14887058688316004
3303,rho_a,2.3581,2.34879960902488,0.009300390975119921,0.39440189029795075
3304,rho_a,2.3283,2.3273648614484292,0.0009351385515707911,0.04016400599451915
3305,rho_a,2.4075,2.411274268392046,0.0037742683920458653,0.15677127277442562
3306,rho_a,2.3339,2.34273742105157,0.00883742105157026,0.3786546575074542
3307,rho_a,2.3199,2.32655025532381,0.006650255323810139,0.2866612924611954
3308,rho_a,2.3089,2.3184551538521907,0.009555153852190745,0.4138400906139983
3309,rho_a,2.1721,2.176520599792728,0.004420599792728019,0.20351732391353916
3310,rho_a,2.2193,2.215490699418352,0.0038093005816479675,0.17164423834750825
3311,rho_a,2.2516,2.2537565607494843,0.0021565607494844485,0.09577903488556985
3312,rho_a,2.2569,2.2537337478469386,0.003166252153061322,0.14029208884132743
3313,rho_a,2.244,2.222853139120317,0.021146860879683427,0.9423734794863636
3314,rho_a,2.2216,2.224323818468549,0.0027238184685489664,0.12260616080967501
3315,rho_a,2.2027,2.208848236985479,0.006148236985478839,0.27912275777346196
3316,rho_a,2.1984,2.2109682010677423,0.012568201067742368,0.571697646822082
3317,rho_a,2.1831,2.1942623785904005,0.011162378590400479,0.51130862490932
3318,rho_a,2.1845,2.198751396074023,0.014251396074023148,0.6523870942557393
3319,rho_a,2.2113,2.218763011756132,0.007463011756132065,0.3374943135770221
3320,rho_a,2.2722,2.270402649999344,0.0017973500006562837,0.07910175163522104
3321,rho_a,3.1403,3.144904130110558,0.004604130110557936,0.14661433973048657
3322,rho_a,2.9356,2.920927347254467,0.014672652745533199,0.4998178479877436
3323,rho_a,2.7417,2.759354223144122,0.017654223144122128,0.6439152038558446
3324,rho_a,2.6148,2.6126022420682204,0.0021977579317793428,0.08405070872642276
3325,rho_a,2.5389,2.5445983352207646,0.005698335220764683,0.22444110523307095
3326,rho_a,2.3339,2.3579762672403333,0.024076267240333404,1.0315894957077463
3327,rho_a,2.5045,2.50301131250549,0.0014886874945103656,0.05944050686802839
3328,rho_a,2.4589,2.459183920682207,0.00028392068220695066,0.011546654284714108
3329,rho_a,2.406,2.413513025510718,0.007513025510717863,0.31226207442704657
3330,rho_a,2.3448,2.3492880365252153,0.004488036525215122,0.19140380950243976
3331,rho_a,2.3089,2.3184551538521907,0.009555153852190745,0.4138400906139983
3332,rho_a,2.1619,2.1651461301570025,0.0032461301570023693,0.15015172565802615
3333,rho_a,2.1749,2.1759075763688465,0.0010075763688464079,0.046327480290861395
3334,rho_a,2.1879,2.191692388345164,0.003792388345164266,0.17333462887529286
3335,rho_a,2.2009,2.19438111924294,0.006518880757059975,0.2961915923966111
3336,rho_a,2.214,2.2083705849504525,0.005629415049547504,0.25426445571567124
3337,rho_a,2.2237,2.224822373339907,0.0011223733399070568,0.05047323559412475
3338,rho_a,2.227,2.2303065011482968,0.003306501148296892,0.1484733340051822
3339,rho_a,2.24,2.23381825888148,0.006181741118520101,0.27597058564809557
3340,rho_a,2.253,2.263912322259291,0.010912322259291063,0.4843463053389356
3341,rho_a,2.266,2.2654600693352633,0.0005399306647366764,0.02382747858501492
3342,rho_a,2.279,2.2806711797848243,0.0016711797848243393,0.07332952105412927
3343,rho_a,2.2921,2.283137617833355,0.008962382166644911,0.3910118304891148
3344,rho_a,2.2775,2.258324594943238,0.019175405056762074,0.8419497280682176
3345,rho_a,2.281,2.266141783664758,0.01485821633524198,0.6513904574851146
3346,rho_a,2.285,2.2702986892581345,0.014701310741865647,0.6433834022695498
3348,rho_a,2.2863,2.2711200520068626,0.015179947993137599,0.6639525868490993
3349,rho_a,2.2905,2.27327342484483,0.01722657515517012,0.7520879788326827
3350,rho_a,2.2906,2.2755200580139485,0.015079941986051448,0.6583402595846007
3351,rho_a,2.2911,2.2767377563494877,0.014362243650512418,0.6268710946927741
3352,rho_a,2.294,2.2750604227499753,0.01893957725002471,0.8256136551881627
3353,rho_a,2.2978,2.274751342206105,0.02304865779389509,1.0030750193178282
3355,rho_a,2.2992,2.3032307955984317,0.00403079559843178,0.17531296096164
3356,rho_a,2.3022,2.3049653660798453,0.002765366079845233,0.12011841194700858
3357,rho_a,2.3043,2.308006444417606,0.0037064444176060363,0.1608490395176161
3358,rho_a,3.3165,3.3234155638006495,0.006915563800649505,0.20851993971498325
3359,rho_a,3.172,3.1728769283810343,0.0008769283810341477,0.027645913651761386
3360,rho_a,3.1114,3.1303018338380535,0.018901833838053328,0.6075025338448047
3361,rho_a,3.0175,3.047895594997802,0.03039559499780209,1.0073105218820884
3362,rho_a,2.8531,2.8544855529268593,0.0013855529268593791,0.04856306918295515
3363,rho_a,2.6787,2.6748589228255693,0.003841077174430829,0.1433933316321124
3364,rho_a,2.4943,2.492230637931188,0.0020693620688119196,0.08296363985130457
3365,rho_a,2.3,2.307378529424926,0.007378529424926228,0.3208056271705661
3366,rho_a,3.118,3.1199998929057977,0.0019998929057978287,0.06414024713910159
3367,rho_a,2.988,2.986672491497647,0.0013275085023529698,0.04442799539332415
3368,rho_a,2.922,2.910214253762268,0.011785746237732209,0.40334518267379105
3370,rho_a,2.855,2.8557248520839185,0.0007248520839184813,0.025388864585577143
3371,rho_a,2.781,2.817321304754546,0.03632130475454565,1.306051950900129
3372,rho_a,2.706,2.715011370342022,0.00901137034202204,0.3330144250561238
3373,rho_a,2.634,2.6438050981587082,0.009805098158708336,0.3722512588726125
3374,rho_a,2.559,2.5678213541469166,0.008821354146916427,0.34471880214587647
3376,rho_a,2.504,2.5273247978114006,0.02332479781140062,0.9315015100395889
3377,rho_a,2.434,2.4400767585121432,0.006076758512143066,0.24966140148482205
3378,rho_a,2.346,2.35075241722898,0.004752417228980121,0.20257532945345674
3380,rho_a,2.43399,2.432083518907614,0.0019064810923858921,0.0783274003749033
3382,rho_a,2.43399,2.4342631014062066,0.0002731014062065107,0.011220317511838523
3383,rho_a,2.43399,2.434071994347687,8.199434768707548e-05,0.0033687216334924047
3386,rho_a,2.43399,2.438672269435899,0.004682269435898778,0.1923701180324017
3387,rho_a,2.43399,2.432551404474985,0.0014385955250149074,0.05910441394641376
3388,rho_a,2.3339,2.35054267681657,0.016642676816569946,0.7130844002126404
3389,rho_a,5.0955,5.052550603816904,0.04294939618309623,0.8428887485641802
3390,rho_a,4.8721,4.892406696004286,0.020306696004285918,0.4167955502613196
3391,rho_a,4.5371,4.57578551648974,0.038685516489739946,0.8526485307736532
3392,rho_a,3.6994,3.719288831193656,0.01988883119365603,0.5376231603408839
3393,rho_a,3.4202,3.437394183538724,0.01719418353872415,0.5027245055470184
3394,rho_a,2.013,1.9838433086907874,0.0291566913092125,1.4484198365225045
3395,rho_a,2.1268,2.113857496272777,0.012942503727222832,0.6085435267639998
3397,rho_a,2.1043,2.0781362411393514,0.02616375886064848,1.2433473773053294
3398,rho_a,2.0552,2.0391219753762098,0.016078024623790377,0.7823094892848653
3399,rho_a,2.0696,2.0615237822631043,0.008076217736895597,0.3902308531547978
3400,rho_a,2.0541,2.041548857817733,0.01255114218226705,0.6110287805978745
3401,rho_a,2.0382,2.0149153924769045,0.023284607523095247,1.142410338685302
3403,rho_a,2.0414,2.016970440295564,0.02442955970443572,1.1967061675528439
3404,rho_a,2.013,1.9838433086907874,0.0291566913092125,1.4484198365225045
3405,rho_a,2.568,2.584644312279556,0.016644312279555873,0.6481430015400853
3406,rho_a,2.6212,2.610323365712905,0.010876634287094955,0.4149486604261714
3407,rho_a,2.5938,2.601829518231189,0.008029518231189137,0.3095658196925762
3408,rho_a,2.4993,2.4940733291432498,0.005226670856750104,0.20912538937894662
3409,rho_a,2.5534,2.5522467809805978,0.0011532190194021297,0.04516405652861589
3410,rho_a,2.4708,2.4709856943807607,0.00018569438076054823,0.007515556935424683
3411,rho_a,2.5305,2.5383187301016332,0.007818730101633253,0.30897965230706037
3412,rho_a,2.5576,2.565072702382053,0.007472702382053331,0.29217635212896503
3413,rho_a,2.5816,2.606855007892544,0.02525500789254398,0.9782695960851486
3414,rho_a,2.5731,2.5960017598249316,0.022901759824931478,0.8900454636400674
3415,rho_a,2.6003,2.614762176890772,0.014462176890772227,0.5561733988680793
3416,rho_a,2.4645,2.4664338743495717,0.001933874349571596,0.07846923715036766
3417,rho_a,2.5136,2.5292922696120947,0.01569226961209491,0.6242946217412743
3418,rho_a,2.5189,2.5291812455214355,0.010281245521435611,0.4081641002593009
3419,rho_a,2.4847,2.481564937179707,0.0031350628202932995,0.12617470198784714
3420,rho_a,2.4435,2.4432374428115793,0.000262557188420498,0.01074512741642687
3421,rho_a,2.4514,2.4410539806217635,0.010346019378236537,0.4220453364702748
3422,rho_a,2.6003,2.614762176890772,0.014462176890772227,0.5561733988680793
3428,rho_a,4.6981,4.712586592106214,0.014486592106213614,0.30835001609609264
3429,rho_a,4.8299,4.813321732136752,0.01657826786324801,0.3432424659567398
3430,rho_a,4.4975,4.509945791831916,0.012445791831916075,0.2767268889808407
3431,rho_a,4.2282,4.216397317596514,0.011802682403486031,0.27914200850203963
3432,rho_a,3.773,3.782307226735643,0.009307226735642882,0.24667974385476846
3433,rho_a,3.5101,3.4780554301356945,0.03204456986430548,0.9129246991338239
3434,rho_a,3.4029,3.404240622992952,0.001340622992952234,0.0393964851436081
3435,rho_a,3.1401,3.1402184548108933,0.00011845481089345355,0.0037723260690237835
3436,rho_a,2.9043,2.859081725169048,0.04521827483095198,1.556942286641752
3437,rho_a,2.8752,2.853239473348487,0.021960526651513046,0.7637912719638775
3438,rho_a,2.5597,2.565924867472287,0.006224867472287343,0.24318738415771032
3439,rho_a,2.8817,2.877490464216149,0.004209535783850971,0.1460782102179099
3440,rho_a,2.9028,2.8791885686014935,0.02361143139850652,0.8134019360100037
3441,rho_a,2.903,2.8798155172665334,0.023184482733466627,0.7986387438325401
3442,rho_a,2.852,2.8544869021390387,0.0024869021390387935,0.08719853222433105
3443,rho_a,2.7106,2.7040693539891816,0.0065306460108183195,0.2409299052171442
3444,rho_a,2.6382,2.6413442205737714,0.0031442205737715057,0.11918052360587954
3445,rho_a,2.5292,2.5260359418081277,0.0031640581918721544,0.12510114628621316
3446,rho_a,2.894,2.8476909061341713,0.04630909386582882,1.6001760147136426
3447,rho_a,2.8343,2.8306673633016555,0.003632636698344349,0.12816697944265137
3448,rho_a,2.6613,2.644925818508752,0.01637418149124814,0.615270036870777
3449,rho_a,1.8765,1.8691249763085531,0.007375023691446936,0.3930201807323744
3450,rho_a,1.7103,1.7540215299639006,0.04372152996390066,2.5563661324840727
3451,rho_a,1.8902,1.8424206393886928,0.047779360611307276,2.527741012130039
3452,rho_a,1.9635,1.9290169431882982,0.03448305681170183,1.7562035554715694
3453,rho_a,1.9082,1.9068695860046976,0.0013304139953023153,0.06972088854950309
3454,rho_a,1.9228,1.9073996331311933,0.015400366868806747,0.8009344117328239
3455,rho_a,1.8902,1.872911940106343,0.017288059893657115,0.9146153789888883
3456,rho_a,1.8765,1.8589036519379012,0.017596348062098865,0.9377217192693571
3457,rho_a,2.515,2.5201456774931956,0.0051456774931955,0.20459950271146932
3458,rho_a,2.69,2.6888463072321906,0.0011536927678093,0.04288820698174242
3461,rho_a,2.689,2.6562059926121577,0.03279400738784233,1.2195614499007115
3462,rho_a,2.676,2.64566852057366,0.03033147942634029,1.1334633567387502
3464,rho_a,2.682,2.6545367745437205,0.02746322545627944,1.0239830520607456
3465,rho_a,2.691,2.692755395468619,0.0017553954686193585,0.06523208727680067
3466,rho_a,2.694,2.689150902958075,0.004849097041924821,0.179996178245101
3467,rho_a,2.658,2.6330113044875243,0.024988695512475623,0.9401315091221302
3468,rho_a,2.515,2.5201456774931956,0.0051456774931955,0.20459950271146932
3469,rho_a,5.0351,5.014916538683,0.020183461316999995,0.4008552226767291
3471,rho_a,4.761,4.6948460647185755,0.06615393528142466,1.3894966452722277
3472,rho_a,4.0895,4.072966313781801,0.016533686218199506,0.4042960317446011
3473,rho_a,1.8965,1.8980001274258134,0.0015001274258132913,0.07909978517334565
3474,rho_a,2.381,2.363070615367206,0.0179293846327937,0.7530190941951352
3475,rho_a,2.699,2.661570825036681,0.03742917496331888,1.3867793613673587
3476,rho_a,2.976,2.946828901585556,0.029171098414443986,0.9802116402699658
3477,rho_a,3.174,3.16161748730206,0.012382512697939774,0.3901232734069273
3478,rho_a,3.372,3.3616277507478602,0.010372249252139643,0.3075993253895779
3479,rho_a,3.54,3.5191861344057265,0.020813865594273562,0.5879623049228159
3480,rho_a,3.71,3.736399398851704,0.02639939885170417,0.7115740930376564
3482,rho_a,2.0876,2.089752461621385,0.002152461621384827,0.10310699470127398
3483,rho_a,2.2525,2.2545066588814375,0.002006658881437584,0.08908585489175108
3484,rho_a,2.7711,2.802992768958636,0.03189276895863591,1.150906461644271
3485,rho_a,2.7178,2.7256616011270327,0.007861601127032714,0.28926341625689234
3486,rho_a,3.1195,3.126536906589535,0.007036906589535263,0.22557802819467887
3487,rho_a,3.2572,3.275801009187591,0.018601009187591,0.5710735965732926
3488,rho_a,3.2767,3.310213167519092,0.03351316751909206,1.0227719205017802
3489,rho_a,3.6053,3.612729030475823,0.007429030475822884,0.20605859362108073
3490,rho_a,3.8004,3.794621776443434,0.005778223556565987,0.1520425101716784
3491,rho_a,5.793,5.804972351656266,0.011972351656265978,0.20666928458939945
3492,rho_a,2.074,2.0582531400304207,0.01574685996957914,0.7592507217729773
3493,rho_a,2.491,2.4608958657466555,0.030104134253344572,1.2085160278335
3494,rho_a,2.799,2.7877235800109488,0.011276419989051156,0.40287316859761085
3495,rho_a,3.5,3.481747345457808,0.018252654542191937,0.5215044154910492
3496,rho_a,3.737,3.746350756158656,0.009350756158656104,0.25022093012185176
3497,rho_a,3.799,3.7846805415641573,0.014319458435842591,0.3769270449023117
3498,rho_a,2.682,2.663859467152607,0.018140532847393143,0.6763807922217143
3499,rho_a,3.16,3.145752760774376,0.01424723922562432,0.4508620008107535
3500,rho_a,3.802,3.7797950911271507,0.022204908872849316,0.5840323217475927
3501,rho_a,4.067,4.061151860499257,0.0058481395007428105,0.14379492256556115
3502,rho_a,4.143,4.105433933474725,0.037566066525275055,0.9067358562699973
3503,rho_a,4.4,4.400140863307943,0.0001408633079424959,0.003201438816874179
3504,rho_a,5.4581,5.475940290851124,0.017840290851124152,0.32685899582493694
3505,rho_a,2.2026,2.1862123159017925,0.016387684098207345,0.7440154407609146
3506,rho_a,2.4532,2.453257376772047,5.737677204731284e-05,0.0023388542331358817
3507,rho_a,2.4443,2.429193430163613,0.015106569836387251,0.618032558866795
3508,rho_a,2.4461,2.433099284247923,0.013000715752077063,0.5314875005957135
3509,rho_a,2.389,2.386538644745525,0.002461355254474995,0.10302868373687589
3510,rho_a,2.3653,2.362185548646782,0.003114451353217973,0.13167257232556784
3511,rho_a,2.3532,2.337066941864828,0.016133058135172185,0.6855795569932571
3512,rho_a,2.3581,2.345331334855311,0.012768665144688995,0.5414810714000077
3513,rho_a,2.3557,2.33750767658156,0.018192323418440015,0.7722682607476458
3514,rho_a,2.3474,2.3369165610168054,0.010483438983194482,0.44659789482789536
3515,rho_a,2.2885,2.252278675271031,0.036221324728968884,1.582753975484075
3516,rho_a,2.2435,2.198253590132191,0.045246409867809145,2.0167777966476033
3517,rho_a,2.2365,2.19501147162953,0.04148852837046979,1.8550649841471603
3518,rho_a,2.693,2.6764327042107077,0.01656729578929239,0.6151985068431578
3519,rho_a,3.3902,3.377404777325705,0.012795222674295115,0.3774179303371878
3520,rho_a,4.855,4.909348002106908,0.0543480021069076,1.1194233183706777
3521,rho_a,4.2526,4.218185030920162,0.03441496907983854,0.8092688962006878
3522,rho_a,4.1258,4.100945429271213,0.024854570728787273,0.6024182153468721
3523,rho_a,3.9469,3.93929223371828,0.0076077662817199965,0.19275295248721958
3524,rho_a,3.6009,3.5914802596546305,0.009419740345369743,0.2615940555240947
3525,rho_a,3.6775,3.6815566642557997,0.004056664255799536,0.11031038085107905
3526,rho_a,3.6172,3.610244112926968,0.006955887073031963,0.19230031717986398
3527,rho_a,3.4971,3.4831984565421186,0.013901543457881527,0.39751632660997827
3528,rho_a,3.3983,3.389861540738961,0.008438459261038922,0.24831413533344435
3529,rho_a,3.3016,3.3019243107901293,0.00032431079012917863,0.009822837113189981
3530,rho_a,3.3849,3.365603485538295,0.019296514461704994,0.570076352675095
3531,rho_a,3.345,3.338206986681769,0.0067930133182310115,0.20307962087381107
3532,rho_a,3.3638,3.369435579745315,0.005635579745315145,0.16753611229304563
3533,rho_a,3.3339,3.333198685831629,0.0007013141683707147,0.021035848956792474
3534,rho_a,3.3665,3.3695952252480894,0.0030952252480895837,0.09194193518754387
3535,rho_a,3.3983,3.389861540738961,0.008438459261038922,0.24831413533344435
3536,rho_a,1.94,1.946249122649816,0.00624912264981603,0.32211972421715507
3537,rho_a,2.1309,2.135094711393066,0.00419471139306582,0.1968516304408396
3538,rho_a,2.464,2.4584869949756256,0.005513005024374351,0.22374208702808904
3539,rho_a,2.5562,2.538532200607383,0.017667799392616867,0.6911743757378122
3540,rho_a,2.6903,2.7059278430247065,0.015627843024706323,0.5808959233059701
3541,rho_a,2.647,2.6436499095064923,0.0033500904935075404,0.12656178668327445
3542,rho_a,2.606,2.598669934083763,0.007330065916236972,0.28127651251857866
3543,rho_a,2.547,2.529769985833165,0.01723001416683534,0.6764826920623703
3544,rho_a,6.7958,6.809669181391698,0.013869181391697794,0.2040846021321368
3545,rho_a,5.1437,5.093395290023393,0.050304709976606965,0.9779868572544508
3546,rho_a,3.591,3.5956961797378053,0.004696179737805117,0.13077637810648313
3547,rho_a,2.9984,2.9984152627101883,1.52627101881464e-05,0.0005090284881317139
3548,rho_a,5.0527,5.016185754976814,0.03651424502318612,0.7226679799548538
3549,rho_a,4.7595,4.716742966875415,0.04275703312458479,0.8983513630544343
3550,rho_a,4.9476,4.978545915456414,0.030945915456413786,0.6254732689871357
3551,rho_a,4.8062,4.769635883527952,0.03656411647204738,0.7607697655536552
3552,rho_a,4.9025,4.916719982680168,0.014219982680168108,0.2900557405439104
3553,rho_a,4.9295,4.968641913307896,0.03914191330789585,0.7940341476394748
3554,rho_a,4.9982,5.048489720276797,0.05028972027679757,1.0061566219196412
3555,rho_a,4.9755,4.981340092333682,0.005840092333682101,0.11737699394394385
3556,rho_a,5.0527,5.045101157965821,0.007598842034179043,0.15039171203866328
3557,rho_a,6.2894,6.277466119457922,0.011933880542077446,0.18974593032841844
3558,rho_a,6.4441,6.4073388947498575,0.0367611052501422,0.5704614337166788
3559,rho_a,6.095,6.099192838400429,0.004192838400428833,0.06879144217273414
3560,rho_a,5.8312,5.81095332877561,0.020246671224390056,0.347212773089357
3561,rho_a,5.553,5.464988943612866,0.08801105638713391,1.5849280818857925
3562,rho_a,5.2485,5.217317258578836,0.03118274142116384,0.5941267299448966
3563,rho_a,5.1265,5.07158520707755,0.054914792922450495,1.0711946342034484
3564,rho_a,3.0422,3.055399480688441,0.013199480688441234,0.4338794519899052
3565,rho_a,3.2732,3.2935678750544493,0.020367875054449147,0.6222618555066273
3566,rho_a,3.2303,3.2271504294676614,0.0031495705323387746,0.09750086779363525
3567,rho_a,3.2392,3.233542026639591,0.005657973360408963,0.17467193629313463
3569,rho_a,3.24,3.2333822897140454,0.006617710285954814,0.20425031746767813
3570,rho_a,3.1858,3.202511289047543,0.016711289047543154,0.5245554977568557
3572,rho_a,3.187,3.2033917532127,0.016391753212700255,0.5143317606744623
3573,rho_a,3.1775,3.1939394006112902,0.01643940061129001,0.5173690200246998
3574,rho_a,3.1782,3.1946495901125767,0.01644959011257674,0.5175756753058827
3575,rho_a,3.1565,3.173968116252465,0.017468116252465027,0.5534014336277362
3577,rho_a,3.1211,3.1533095665878204,0.03220956658782015,1.0319940593960406
3578,rho_a,3.0422,3.052862102733182,0.010662102733182355,0.350473431502822
3579,rho_a,3.7691,3.772190866665916,0.003090866665916181,0.08200543010043143
3580,rho_a,3.8019,3.798619698142303,0.003280301857696788,0.08628059280086076
3581,rho_a,3.7174,3.736079053787867,0.01867905378786716,0.5024762949336131
3582,rho_a,3.7503,3.764604229868267,0.014304229868266738,0.3814156165710189
3583,rho_a,3.7402,3.7615367097153376,0.02133670971533741,0.5704697533643042
3584,rho_a,3.6499,3.645002607396538,0.004897392603462336,0.13417881595279307
3585,rho_a,3.5479,3.5523039120391533,0.004403912039153468,0.12412728766741528
3586,rho_a,3.4793,3.461990291012241,0.017309708987758743,0.49750550362871176
3587,rho_a,3.251,3.252598858645227,0.0015988586452269082,0.04918051815522659
3588,rho_a,1.95522,1.972214745646615,0.016994745646615073,0.8691986398771688
3589,rho_a,2.1331,2.126706624254022,0.006393375745978425,0.299722270215903
3590,rho_a,3.0658,3.1126118041277255,0.046811804127725676,1.5269033899050952
3591,rho_a,1.896,1.8980001274258134,0.0020001274258134583,0.10549195283820692
3592,rho_a,2.06,2.0342938765837264,0.025706123416273652,1.2478700687505424
3593,rho_a,2.192,2.1617261895847792,0.030273810415220925,1.38110448974485
3594,rho_a,2.354,2.3244497153833086,0.029550284616691513,1.2553222012183074
3595,rho_a,2.487,2.4563177342806326,0.030682265719367496,1.2337058994513532
3596,rho_a,2.636,2.6226246697782982,0.013375330221701898,0.5074100994573908
3597,rho_a,2.785,2.7994121415509743,0.014412141550974145,0.5174916176290474
3598,rho_a,2.942,2.9002074458343845,0.04179255416561567,1.4205490878858416
3599,rho_a,3.034,3.045286214632096,0.011286214632096225,0.3719912535297464
3600,rho_a,2.266,2.2273660110817985,0.03863398891820147,1.7049421411378824
3601,rho_a,2.439,2.4056593874222925,0.033340612577707596,1.3669787854733055
3602,rho_a,2.586,2.5859011108445316,9.88891554682958e-05,0.003824019933033935
3603,rho_a,2.66,2.629264755972362,0.030735244027638053,1.1554603017904699
3604,rho_a,2.763,2.7643263480188267,0.0013263480188268062,0.04800390947616092
3605,rho_a,2.821,2.8174019828466115,0.0035980171533886995,0.12754403237814335
3606,rho_a,2.893,2.8501671546997764,0.042832845300223354,1.480568451441706
3607,rho_a,2.983,2.9648709740878822,0.018129025912117847,0.6077447506574511
3608,rho_a,3.034,3.045286214632096,0.011286214632096225,0.3719912535297464
3609,rho_a,3.807,3.7991834411196144,0.007816558880385571,0.20532069557088306
3610,rho_a,3.625,3.613060380196337,0.011939619803662982,0.3293688221699224
3611,rho_a,3.446,3.433988857291344,0.01201114270865622,0.34855318365213966
3612,rho_a,3.315,3.325165750840208,0.010165750840207988,0.3066591505340851
3613,rho_a,3.034,3.045286214632096,0.011286214632096225,0.3719912535297464
3614,rho_a,3.1799,3.18466006807518,0.004760068075180257,0.14969238262771659
3615,rho_a,3.1597,3.168274722534316,0.008574722534316237,0.2713777426437169
3616,rho_a,3.7373,3.7480397937052925,0.010739793705292655,0.28736771747758494
3617,rho_a,3.5069,3.494953335918793,0.011946664081206926,0.3406616693148798
3618,rho_a,1.8842,1.9029661376955131,0.018766137695513052,0.9959737658158948
3619,rho_a,2.1244,2.1033724321030576,0.02102756789694249,0.9898120832673973
3621,rho_a,2.053,2.0253459345917038,0.02765406540829618,1.3470075698140629
3622,rho_a,2.002,2.00376570172033,0.0017657017203300818,0.08819688912733266
3623,rho_a,1.9523,1.9372157272208168,0.015084272779183117,0.7726411299070527
3624,rho_a,1.942,1.935576613097114,0.006423386902886019,0.33076142651301293
3625,rho_a,1.9157,1.92613529175978,0.010435291759780085,0.5447247355940198
3627,rho_a,1.9199,1.9249766515641182,0.005076651564118295,0.2644227076470468
3628,rho_a,2.266,2.2273660110817985,0.03863398891820147,1.7049421411378824
3629,rho_a,2.16,2.1287377051885104,0.03126229481148979,1.4473284634942274
3630,rho_a,2.116,2.0698622749562703,0.046137725043729816,2.1804217884550097
3631,rho_a,2.05,2.031011855628554,0.018988144371445692,0.9262509449481185
3632,rho_a,2.0,1.9997191792915237,0.0002808207084763481,0.014041035423810385
3633,rho_a,1.962,1.9469829856521927,0.015017014347807223,0.765393187961242
3634,rho_a,1.928,1.9312400327889028,0.0032400327889028357,0.16805149320026738
3635,rho_a,1.905,1.9308116177626462,0.025811617762646177,1.3549405649675919
3636,rho_a,1.896,1.8980001274258134,0.0020001274258134583,0.10549195283820692
3637,rho_a,3.807,3.7991834411196144,0.007816558880385571,0.20532069557088306
3638,rho_a,3.461,3.4407144024857064,0.020285597514293485,0.5861195467866982
3639,rho_a,3.047,3.0456628756669017,0.001337124333098405,0.04388330597630345
3640,rho_a,2.541,2.5293089771493347,0.011691022850665256,0.4600953502818046
3641,rho_a,1.896,1.8980001274258134,0.0020001274258134583,0.10549195283820692
3642,rho_a,2.074,2.070268738382299,0.003731261617700987,0.1799065389440303
3643,rho_a,2.058,2.051132845552223,0.006867154447776969,0.33368097413866044
3644,rho_a,2.05,2.0477717225118477,0.0022282774881521306,0.10869646283663628
3645,rho_a,2.032,2.0390825704407654,0.007082570440765323,0.34855169491938176
3646,rho_a,1.95,1.947728588131081,0.0022714118689188822,0.11648265994449833
3647,rho_a,2.1334,2.1185625267923838,0.014837473207616192,0.6954848227059734
3649,rho_a,2.1623,2.1406977083558143,0.02160229164418581,0.9990422995965323
3651,rho_a,2.0892,2.066650787702066,0.02254921229793405,1.079322817246949
3653,rho_a,2.1408,2.1524120885338887,0.01161208853388862,0.5424181863734676
3656,rho_a,2.0351,2.0238692500469115,0.01123074995308837,0.5518524865157904
3660,rho_a,2.4116,2.4241566326102655,0.012556632610265517,0.5206764227177106
3662,rho_a,1.8561,1.8796490897024192,0.02354908970241909,1.2687403535588815
3663,rho_a,2.928,2.898043908769731,0.02995609123026899,1.0230905474815148
3664,rho_a,2.843,2.8340603192442857,0.008939680755714274,0.31444533083753534
3665,rho_a,2.713,2.696919255892416,0.01608074410758409,0.5927292336003745
3666,rho_a,2.651,2.627462279395516,0.02353772060448378,0.8878808224999963
3667,rho_a,2.574,2.5820043765342846,0.008004376534284763,0.31097033932718154
3668,rho_a,2.404,2.393827341930373,0.010172658069627083,0.42315549374471095
3669,rho_a,2.177,2.139786579174955,0.037213420825044974,1.709390024117036
3670,rho_a,1.884,1.897741326605019,0.013741326605019033,0.7293697773360795
3671,rho_a,2.139,2.1567662834036323,0.01776628340363251,0.8305882844144088
3672,rho_a,2.0121,2.0347660555043308,0.02266605550433054,1.126487525685566
3673,rho_a,1.8721,1.8854030866047575,0.01330308660475743,0.7105970089605429
3674,rho_a,6.018,5.8882913342193,0.12970866578069984,2.155345061161155
3675,rho_a,5.942,5.907138387871582,0.03486161212841843,0.5866982855673605
3676,rho_a,5.697,5.798752118983863,0.10175211898386305,1.7860649286263857
3677,rho_a,5.356,5.346138346539414,0.009861653460585984,0.18412347760612663
3678,rho_a,5.062,5.044590616971731,0.017409383028269332,0.34392301517712154
3679,rho_a,4.815,4.800749121103307,0.014250878896693742,0.29596840906938277
3680,rho_a,4.395,4.397714454806871,0.0027144548068713803,0.06176233917794682
3681,rho_a,2.937,2.9435484386311583,0.006548438631158504,0.22296352166007063
3682,rho_a,3.0863,3.1054811331060312,0.0191811331060312,0.6214928265568799
3684,rho_a,2.6833,2.6884781913189886,0.0051781913189885564,0.19297847124759163
3686,rho_a,1.8721,1.8817855221190716,0.009685522119071477,0.5173613652618078
3687,rho_a,3.395,3.3966146075301267,0.001614607530126655,0.04755839558545447
3688,rho_a,3.433,3.4412969752095663,0.008296975209566515,0.2416829364859918
3689,rho_a,2.571,2.560713652801115,0.010286347198884993,0.40009129517234504
3690,rho_a,1.928,1.9306449575321598,0.002644957532159875,0.1371865939916236
3691,rho_a,5.2508,5.267109412267928,0.016309412267927925,0.3106081410056528
3692,rho_a,4.9573,4.976965349567664,0.019665349567663526,0.3966947646432445
3693,rho_a,4.6934,4.677408868991173,0.015991131008826542,0.34071528122093014
3694,rho_a,4.7589,4.724681881288856,0.03421811871114411,0.7190342035162941
3695,rho_a,4.34,4.3617702378487815,0.021770237848781626,0.5016183836123643
3696,rho_a,4.0213,4.011789982993264,0.009510017006736149,0.23649111000755435
3697,rho_a,4.1104,4.108737143808708,0.0016628561912925832,0.04045485089753256
3698,rho_a,3.8728,3.8791269706027345,0.006326970602734683,0.16336941238207625
3699,rho_a,3.9311,3.9318664429010575,0.0007664429010576512,0.01949690674512112
3700,rho_a,3.9101,3.8830871771085564,0.027012822891443466,0.6908473668560026
3701,rho_a,3.6801,3.694089750692767,0.013989750692767089,0.3801459387724053
3702,rho_a,3.5531,3.553521420078817,0.0004214200788168476,0.011860630964980693
3703,rho_a,3.3023,3.320080792942059,0.017780792942059254,0.5384366333178049
3704,rho_a,3.1352,3.1587172368004217,0.023517236800421504,0.7501032406358127
3705,rho_a,2.9249,2.915341621186734,0.009558378813266266,0.3267933540723785
3706,rho_a,2.7263,2.7320822370333415,0.005782237033341353,0.21209100368041783
3707,rho_a,2.5977,2.600566436868167,0.0028664368681670105,0.11034518490071628
3708,rho_a,2.2016,2.1629540933197795,0.0386459066802205,1.7553554996458458
3709,rho_a,1.8102,1.8390773532414788,0.028877353241478776,1.5952576091847763
3710,rho_a,2.8369,2.840952978434024,0.00405297843402419,0.14286645401751072
3711,rho_a,2.7824,2.806933214134829,0.024533214134828896,0.8817285126085422
3712,rho_a,2.7038,2.715791207705372,0.011991207705371654,0.4434946262803172
3714,rho_a,2.7361,2.749002993929216,0.012902993929216233,0.4715834190713613
3715,rho_a,2.7748,2.809970365056673,0.03517036505667326,1.2674918933494517
3717,rho_a,2.7263,2.740946321407743,0.014646321407743024,0.5372233946277978
3718,rho_a,2.7168,2.726048535534193,0.009248535534192914,0.3404201830900143
3720,rho_a,2.7188,2.7411168896305913,0.02231688963059142,0.820836017014242
3723,rho_a,2.6138,2.622644384262846,0.008844384262846283,0.33837264759518326
3725,rho_a,2.5682,2.6076077193759315,0.03940771937593146,1.5344490061489025
3727,rho_a,2.4288,2.4470381990794703,0.01823819907947044,0.750913993719653
3728,rho_a,2.5643,2.583382283075053,0.01908228307505322,0.7441517402427866
3730,rho_a,2.021,2.011179673936902,0.009820326063097795,0.4859142040125154
3731,rho_a,1.8514,1.8917567170624354,0.04035671706243549,2.1797945912506043
3732,rho_a,2.399,2.4169198208696794,0.01791982086967936,0.7469704405865731
3733,rho_a,2.3553,2.351439955046441,0.003860044953559072,0.16388761319396394
3735,rho_a,2.3745,2.392379525427855,0.017879525427855203,0.7529806455189587
3737,rho_a,2.399,2.418436892151459,0.019436892151459162,0.810208093015884
3739,rho_a,2.3922,2.3959951995699287,0.0037951995699287977,0.15864892441799228
3742,rho_a,2.399,2.4169198208696794,0.01791982086967936,0.7469704405865731
3743,rho_a,2.3681,2.3736101575770787,0.005510157577078623,0.2326826391231914
3744,rho_a,2.399,2.4185013474321764,0.019501347432176352,0.8128948491941735
3745,rho_a,2.337,2.3410321299144004,0.004032129914400162,0.17253444220789202
3746,rho_a,2.0739,2.0645955825672946,0.009304417432705492,0.44864349451280217
3748,rho_a,2.1807,2.179082651434981,0.00161734856501905,0.07416648622086065
3750,rho_a,2.2598,2.2489173424676183,0.01088265753238149,0.48157613648892267
3753,rho_a,2.3058,2.2862072097398913,0.01959279026010874,0.8497176797684205
3755,rho_a,2.3371,2.3410321299144004,0.003932129914400395,0.16824825272340563
3756,rho_a,2.4364,2.438330064157996,0.0019300641579960143,0.07921786890474561
3757,rho_a,2.3894,2.396851006486788,0.007451006486787648,0.3118358787471553
3758,rho_a,2.4289,2.4324628450412926,0.0035628450412925616,0.14668553836267836
3759,rho_a,2.4863,2.476429665439432,0.009870334560567962,0.3969888814931421
3760,rho_a,2.3801,2.3900004506204606,0.009900450620460521,0.4159678425467989
3761,rho_a,2.3206,2.344596944301622,0.023996944301621692,1.0340836120663341
3762,rho_a,2.3028,2.2965374786752912,0.006262521324708725,0.2719524632927743
3763,rho_a,2.2753,2.2624184268015526,0.012881573198447516,0.566148340809645
3764,rho_a,2.3276,2.3366440995702136,0.009044099570213682,0.388559012296348
3765,rho_a,2.3439,2.3403160556206526,0.0035839443793475034,0.15290517425427597
3766,rho_a,2.3192,2.3156989886224655,0.0035010113775344465,0.15095771720994036
3767,rho_a,2.3185,2.3150484354431122,0.003451564556887554,0.14887058688316004
3768,rho_a,2.3581,2.344645251277014,0.013454748722985688,0.5705758332123312
3769,rho_a,3.807,3.7991834411196144,0.007816558880385571,0.20532069557088306
3770,rho_a,3.529,3.5219930374337913,0.0070069625662085855,0.19855377064909607
3771,rho_a,3.275,3.2898240332040856,0.014824033204085652,0.45264223523911834
3772,rho_a,2.933,2.9086291150082264,0.024370884991773423,0.8309200474519303
3773,rho_a,2.266,2.2273660110817985,0.03863398891820147,1.7049421411378824
3775,rho_a,3.2732,3.2971500216627008,0.02395002166270066,0.7317005273950061
3776,rho_a,3.1758,3.172423923585406,0.0033760764145940314,0.10630632957342931
3777,rho_a,3.0951,3.121536505162502,0.026436505162501955,0.854140582291151
3779,rho_a,2.9929,3.01552892356767,0.02262892356766999,0.756086857818919
3780,rho_a,2.9439,2.9103106362489295,0.03358936375107069,1.1409818183722027
3782,rho_a,2.8927,2.851270043315076,0.04142995668492411,1.4322244506830912
3784,rho_a,2.602,2.59624135860317,0.005758641396830022,0.22131596452066907
3786,rho_a,2.3289,2.3189859059227684,0.009914094077231539,0.42569857345645074
3787,rho_a,2.759,2.772727037615438,0.013727037615438142,0.49753670226289115
3788,rho_a,2.9187,2.8810948904985616,0.03760510950143825,1.288419827369218
3789,rho_a,2.6766,2.650731630496643,0.025868369503357247,0.9664637787995061
3790,rho_a,2.5784,2.586546709926896,0.008146709926896367,0.3159598947755666
3791,rho_a,2.5791,2.6051627344316937,0.026062734431693713,1.0105360176683187
3792,rho_a,2.5565,2.5514597057168995,0.00504029428310071,0.1971560447134261
3793,rho_a,2.5325,2.5214839945732335,0.011016005426766728,0.4349854067823249
3794,rho_a,2.4709,2.454627684587856,0.0162723154121438,0.6585582343331262
3795,rho_a,2.4254,2.4189497522202688,0.006450247779731022,0.26594573182684766
3796,rho_a,2.3981,2.378120323951669,0.01997967604833084,0.8331460759902636
3797,rho_a,2.3289,2.319237165954859,0.009662834045141011,0.41490978767387443
3798,rho_a,3.56,3.540064489076117,0.019935510923883015,0.559986261906669
3799,rho_a,5.512,5.484820794705066,0.02717920529493334,0.493091532926858
3800,rho_a,4.987,5.032676107962288,0.04567610796228827,0.9159035083673372
3801,rho_a,4.803,4.751916738210344,0.05108326178965594,1.0635698894367127
3802,rho_a,3.946,3.930814411053809,0.015185588946191153,0.3848349961020604
3803,rho_a,3.087,3.1047797845220066,0.01777978452200646,0.5759567386459572
3804,rho_a,2.074,2.0582531400304207,0.01574685996957914,0.7592507217729773
3805,rho_a,7.34,7.414345624634139,0.07434562463413918,1.0128831694023033
3806,rho_a,7.354,7.402510859107304,0.048510859107303794,0.6596526938713244
3807,rho_a,6.927,6.918837391056254,0.008162608943745653,0.11783757678279883
3808,rho_a,6.159,6.21796979302065,0.05896979302065031,0.9574572661250322
3809,rho_a,4.787,4.722387157730066,0.06461284226993413,1.3497564710658165
3810,rho_a,4.889,4.878961552146185,0.010038447853815136,0.20532722139114506
3811,rho_a,2.371,2.353016020883711,0.017983979116289017,0.7584976430316926
3812,rho_a,7.891,8.070634070640285,0.1796340706402848,2.276442410851122
3813,rho_a,6.959,6.941345484831052,0.017654515168947782,0.2536932773235414
3815,rho_a,6.393,6.321985842512023,0.07101415748797724,1.1108111604562199
3817,rho_a,6.105,6.08266852464528,0.022331475354720354,0.36578993210019156
3819,rho_a,4.461,4.446247435051811,0.014752564948189217,0.3307008506654541
3821,rho_a,2.074,2.0582531400304207,0.01574685996957914,0.7592507217729773
3822,rho_a,4.174,4.191904891993958,0.017904891993957506,0.428962433971088
3823,rho_a,4.287,4.289562352970641,0.002562352970641335,0.05977030489015016
3824,rho_a,3.902,3.878924418678584,0.023075581321416294,0.5913783014200508
3825,rho_a,3.695,3.7050026086157732,0.0100026086157734,0.2707065931196399
3826,rho_a,3.254,3.2305929772217272,0.02340702277827278,0.7193307553246953
3827,rho_a,2.074,2.0582531400304207,0.01574685996957914,0.7592507217729773
3828,rho_a,3.7902,3.7826694001568115,0.00753059984318849,0.1986860810296687
3829,rho_a,3.6144,3.612911816703254,0.0014881832967459374,0.04117372998963938
3830,rho_a,3.5489,3.5377941821902907,0.011105817809709428,0.31293690466641205
3831,rho_a,3.5936,3.589658450108347,0.003941549891652851,0.10968248808024696
3832,rho_a,3.5593,3.5519133515165295,0.0073866484834703705,0.2075309325841681
3833,rho_a,3.4719,3.451303240823085,0.02059675917691539,0.5932417171263417
3834,rho_a,3.7063,3.7163075486371695,0.01000754863716935,0.27001453301585543
3835,rho_a,3.9667,3.9636825079958924,0.0030174920041075026,0.07607058774565109
3836,rho_a,3.789,3.794542396165763,0.005542396165763019,0.14627596109162197
3837,rho_a,3.6212,3.6140329162992093,0.007167083700790666,0.19792012870840292
3838,rho_a,3.7499,3.7601407199845083,0.010240719984508484,0.2730931487374531
3839,rho_a,3.7703,3.770483772580924,0.00018377258092394655,0.004874216399859369
3840,rho_a,3.7063,3.7163075486371695,0.01000754863716935,0.27001453301585543
3842,rho_a,2.068,2.0698946798200732,0.0018946798200731862,0.09161894681200532
3843,rho_a,1.718,1.7559475675651117,0.03794756756511175,2.208822326256674
3844,rho_a,1.524,1.5305724252251296,0.0065724252251295745,0.4312614977116313
3845,rho_a,1.691,1.6653289817272732,0.025671018272726887,1.5180968818871499
3846,rho_a,1.662,1.6854220701340905,0.02342207013409059,1.4092701645052044
3847,rho_a,1.878,1.8933228859669087,0.015322885966908784,0.8159151207082335
3848,rho_a,1.919,1.9494742457051077,0.030474245705107705,1.588027394741627
3849,rho_a,1.929,1.9412945261213366,0.012294526121336524,0.6373523131845593
3850,rho_a,1.943,1.9716707409851149,0.028670740985114795,1.4755914042768934
3851,rho_a,1.87,1.8756922165506709,0.005692216550670759,0.3043966069875783
3852,rho_a,1.993,2.0001493039378215,0.007149303937821427,0.35872071940882283
3853,rho_a,2.026,2.0360488593510118,0.010048859351011963,0.495995032132626
3854,rho_a,2.3681,2.373375857615262,0.005275857615262058,0.22278863288120562
3855,rho_a,2.028,2.0388276185594583,0.01082761855945824,0.5339062406041865
3856,rho_a,2.4197,2.4132362691233173,0.006463730876682838,0.26712943243708587
3858,rho_a,2.2906,2.269768733425617,0.020831266574382834,0.9094240187886903
3859,rho_a,2.2107,2.2011347197815656,0.009565280218434502,0.43268106113132376
3860,rho_a,2.1599,2.161883224379724,0.001983224379724202,0.0918201944406354
3861,rho_a,2.147,2.1577490879919914,0.01074908799199159,0.5006561710287184
3862,rho_a,1.9892,1.978760837119932,0.010439162880068187,0.5247920209160938
3863,rho_a,2.3335,2.3450289186358253,0.011528918635825391,0.4940612228763853
3864,rho_a,2.2682,2.2633641974135146,0.004835802586485638,0.21320000822165178
3865,rho_a,2.222,2.2206526354851865,0.0013473645148134317,0.06063746691326846
3866,rho_a,2.1781,2.177610131057085,0.0004898689429153613,0.022490654373772387
3867,rho_a,2.1404,2.161799512733086,0.021399512733085935,0.9997903538159192
3868,rho_a,2.1721,2.176520599792728,0.004420599792728019,0.20351732391353916
3869,rho_a,3.118,3.1199998929057977,0.0019998929057978287,0.06414024713910159
3870,rho_a,2.9565,2.955426459527125,0.001073540472875223,0.03631119475308168
3871,rho_a,2.9282,2.9059454874350394,0.02225451256496047,0.7600065762226922
3873,rho_a,2.8809,2.866814593292868,0.014085406707132098,0.4889238330774136
3874,rho_a,2.8692,2.8669517821917525,0.002248217808247688,0.07835695693039538
3876,rho_a,2.8148,2.8315979420462947,0.0167979420462947,0.5967721346557031
3878,rho_a,2.7297,2.7445054117350747,0.01480541173507488,0.5423823766373396
3880,rho_a,2.6258,2.625307809579354,0.0004921904206458549,0.018744398684045527
3882,rho_a,2.5024,2.5198483440417254,0.01744834404172524,0.6972643878563884
3883,rho_a,2.3612,2.364245779217307,0.0030457792173068654,0.12899285182557915
3885,rho_a,5.807,5.793973910049277,0.013026089950723296,0.2243170303206656
3886,rho_a,5.2396,5.273746667107863,0.03414666710786296,0.6517037008141163
3887,rho_a,4.6152,4.6261141202816445,0.010914120281644735,0.23648206538486674
3888,rho_a,3.8816,3.8834145081710787,0.0018145081710785327,0.04674639764731207
3889,rho_a,3.0642,3.1216989409489915,0.05749894094899144,1.8764748041568002
3890,rho_a,2.1057,2.0907239153018287,0.014976084698171466,0.7112164457503135
3891,rho_a,1.718,1.7559475675651117,0.03794756756511175,2.208822326256674
3892,rho_a,2.5755,2.599540190441732,0.024040190441732,0.9334183825168965
3893,rho_a,2.145,2.1486940197539193,0.003694019753919253,0.17221537314300844
3894,rho_a,2.435,2.427130133616168,0.007869866383832136,0.3231977981038564
3895,rho_a,2.44,2.4371098336741954,0.002890166325804522,0.118449439582104
3896,rho_a,2.499,2.4810336846228522,0.01796631537714788,0.7189401911620924
3897,rho_a,2.3941,2.396159782416764,0.0020597824167642997,0.08603577197123927
3898,rho_a,2.4579,2.4580772125371206,0.00017721253712066343,0.007209916478318537
3899,rho_a,2.4537,2.4635241979631877,0.009824197963187675,0.4003830119078808
3900,rho_a,2.2432,2.229156679034827,0.01404332096517269,0.6260396293315991
3901,rho_a,1.6777,1.669131627171225,0.008568372828774873,0.510721394097262
3902,rho_a,3.087,3.1235350065832224,0.036535006583222174,1.1835117130939532
3903,rho_a,1.95,1.947338193685778,0.0026618063142218595,0.1365028879087433
3904,rho_a,2.1321,2.165129790532731,0.03302979053273125,1.5491670434180274
3905,rho_a,2.1429,2.1613315248169096,0.018431524816909572,0.8601206223762644
3907,rho_a,2.1392,2.1528877547962715,0.013687754796271268,0.6398539078283876
3909,rho_a,2.0488,2.057774148829761,0.00897414882976122,0.43801975935947085
3910,rho_a,2.0431,2.0451493374687306,0.0020493374687307053,0.10030529434338516
3912,rho_a,2.1182,2.1151462980157794,0.0030537019842205027,0.14416495062879148
3914,rho_a,2.1253,2.1143293674705887,0.01097063252941144,0.5161921860163872
3916,rho_a,2.1967,2.182293027116658,0.014406972883342029,0.6558461730475472
3918,rho_a,2.2029,2.184640801235221,0.018259198764778883,0.8288709775646009
3920,rho_a,2.1348,2.1325642099415134,0.0022357900584863977,0.10473065666504358
3922,rho_a,2.1501,2.1409072471416613,0.00919275285833887,0.4275500143404769
3924,rho_a,1.95,1.9519023617172306,0.0019023617172306828,0.09755701113998498
3925,rho_a,3.1073,3.125761703591941,0.018461703591940992,0.5941397223291942
3926,rho_a,3.0328,3.0461752279165752,0.013375227916575305,0.4410191214907312
3927,rho_a,2.7973,2.823795701780646,0.026495701780646197,0.9471884238600338
3928,rho_a,2.6693,2.689885412616831,0.020585412616831,0.7711914216020413
3929,rho_a,2.5961,2.6300580266139972,0.03395802661399738,1.3080400067017566
3930,rho_a,2.6141,2.632223716976695,0.018123716976695015,0.6933061847935458
3931,rho_a,2.5856,2.6297330659659397,0.0441330659659398,1.7068790983107491
3932,rho_a,2.5058,2.5460568267407027,0.040256826740702856,1.6065458831784976
3933,rho_a,2.4748,2.4819827535908945,0.007182753590894375,0.29023571969013545
3934,rho_a,2.893,2.8856120330612915,0.007387966938708246,0.2553739004046212
3935,rho_a,2.6899,2.7276503752375754,0.037750375237575184,1.4034118457028568
3936,rho_a,2.1637,2.1613218636564406,0.002378136343559323,0.10991063195259156
3937,rho_a,1.95,1.9427777074318737,0.007222292568126232,0.3703739778524373
3938,rho_a,3.235,3.2209043712339436,0.0140956287660563,0.4357226821036149
3945,rho_a,3.642,3.643054262735021,0.001054262735021183,0.028947356810019045
3946,rho_a,2.7,2.6824346776928296,0.01756532230717056,0.6505674928579279
3947,rho_a,2.75701,2.75488805074908,0.002121949250920352,0.0769655986347377
3948,rho_a,2.126,2.127244096331962,0.0012440963319622078,0.05851817177618169
3949,rho_a,2.332,2.3330918247583177,0.0010918247583178164,0.04681924349559813
3950,rho_a,2.425,2.4277132474475804,0.0027132474475806134,0.1118864926836905
3951,rho_a,2.581,2.601970592219066,0.020970592219065942,0.8124987299131273
3952,rho_a,2.67,2.6488353308463592,0.02116466915364068,0.7926842379637735
3953,rho_a,2.779,2.7991177551946547,0.02011775519465475,0.7239206619160674
3954,rho_a,2.816,2.809766455792688,0.006233544207312036,0.22136165508912722
3955,rho_a,2.841,2.829833103681364,0.011166896318635988,0.39306217242633074
3956,rho_a,3.136,3.157224371012312,0.02122437101231167,0.6767975450352328
3957,rho_a,3.077,3.117458066245221,0.04045806624522097,1.314854281612214
3958,rho_a,2.969,2.9730988100367464,0.004098810036746503,0.13805355462260432
3959,rho_a,2.919,2.889751648822159,0.02924835117784097,1.001999012601266
3960,rho_a,2.896,2.8748283303734823,0.02117166962651762,0.7310659401419306
3961,rho_a,2.936,2.9224463701171426,0.013553629882857354,0.46163589519253195
3962,rho_a,2.981,2.9813092045821183,0.0003092045821184719,0.010372511979817785
3963,rho_a,2.991,2.979310533448243,0.011689466551757288,0.39082134910576327
3964,rho_a,3.011,3.0390462652350574,0.028046265235057266,0.9314601539371621
3965,rho_a,3.054,3.0628296191528737,0.008829619152873835,0.28911654069649456
3966,rho_a,3.012,3.0423225946367105,0.030322594636710498,1.0067262495584473
3967,rho_a,2.931,2.9017100186606353,0.02928998133936478,0.9993170023662499
3968,rho_a,2.841,2.829833103681364,0.011166896318635988,0.39306217242633074
3969,rho_a,4.855,4.909348002106908,0.0543480021069076,1.1194233183706777
3970,rho_a,2.79,2.798107441327336,0.008107441327335874,0.29058929488648627
3971,rho_a,3.7886,3.797348641489193,0.008748641489192632,0.2309201681146155
3972,rho_a,4.0844,4.071556216314685,0.012843783685315024,0.31445949675134366
3973,rho_a,4.362,4.361942420070498,5.7579929501727634e-05,0.001320035064230042
3974,rho_a,4.165,4.172862337032163,0.007862337032163325,0.18877159741083882
3975,rho_a,4.028,4.0237035003844,0.004296499615599636,0.10666582958288405
3976,rho_a,4.0077,4.013588771473823,0.005888771473823162,0.1469364342096887
3977,rho_a,4.5226,4.570125454870143,0.04752545487014359,1.050843649010151
3978,rho_a,1.2078,1.1762616334462126,0.03153836655378739,2.6112242551549327
3979,rho_a,1.2467,1.3113988226329876,0.06469882263298765,5.189606371455503
3980,rho_a,1.2433,1.3257844825618217,0.08248448256182161,6.634318552381184
3981,rho_a,1.079,1.118403720778573,0.039403720778573126,3.6518740295214647
3982,rho_a,1.1435,1.1737801534994778,0.03028015349947788,2.648023917748264
3983,rho_a,1.1906,1.2081280376996966,0.017528037699696464,1.4722020577592592
3984,rho_a,1.287,1.3337214564882705,0.04672145648827053,3.630260799396599
3985,rho_a,1.446,1.367800653639668,0.07819934636033188,5.40797692671354
3986,rho_a,1.3252,1.3026289400574669,0.022571059942533056,1.7032191323963193
3987,rho_a,1.0744,1.1365432049566144,0.062143204956614406,5.783991526112859
3988,rho_a,1.1296,1.1673413021775523,0.03774130217755234,3.341120943477242
3989,rho_a,1.7695,1.801458670073266,0.031958670073265916,1.8060847738484234
3990,rho_a,1.7815,1.7842106697469182,0.0027106697469181373,0.15215659539245666
3991,rho_a,1.7629,1.7795733016680695,0.016673301668069573,0.9457882845345803
3992,rho_a,1.7495,1.7473278627927957,0.0021721372072043277,0.12415759972581228
3993,rho_a,1.7327,1.702191525036942,0.030508474963057974,1.7607476749027742
3994,rho_a,1.7278,1.6897650513450917,0.03803494865490831,2.201351351712368
3995,rho_a,1.7216,1.6424119198392748,0.0791880801607252,4.599679377362872
3996,rho_a,1.7002,1.6311250722570412,0.06907492774295876,4.062753072751331
3997,rho_a,1.9352,1.8580613936498147,0.07713860635018532,3.986079286386185
3998,rho_a,1.759,1.7702376823810444,0.0112376823810445,0.6388676737372434
3999,rho_a,2.5492,2.5185332541281777,0.030666745871822165,1.2029948953322664
4000,rho_a,3.3938,3.3936739489643,0.0001260510356999589,0.003714156276148322
4001,rho_a,3.2038,3.1870836918586964,0.01671630814130376,0.5217650334383713
4002,rho_a,3.822,3.8317992105927305,0.009799210592730478,0.2563896021121903
4003,rho_a,3.1117,3.1261565983822224,0.014456598382222463,0.464588436617213
4004,rho_a,2.9627,2.923410956337611,0.039289043662388945,1.3261229170140643
4005,rho_a,2.85,2.8239226169246843,0.02607738307531582,0.9149958973791813
4006,rho_a,2.798,2.7960552419153255,0.001944758084674536,0.06950529251872198
4007,rho_a,2.7764,2.7872581347282073,0.01085813472820707,0.3910868292826379
4008,rho_a,2.7108,2.68624519423172,0.02455480576827984,0.905813994697904
4009,rho_a,2.6768,2.632870220348775,0.04392977965122524,1.6411304412436054
4010,rho_a,2.6542,2.625658968004018,0.028541031995982014,1.075315801219624
4011,rho_a,2.5652,2.56542889542828,0.00022889542827986276,0.00892310261499195
4012,rho_a,2.5289,2.5027698603018997,0.026130139698100407,1.033261089726366
4013,rho_a,2.5152,2.501651761939055,0.013548238060945295,0.5386545030589975
4014,rho_a,2.513,2.501651761939055,0.011348238060945093,0.4515812996792908
4015,rho_a,2.4797,2.4555415251095907,0.02415847489040912,0.9742499048433028
4016,rho_a,2.38,2.3919394945813854,0.011939494581385546,0.5016594361924592
4017,rho_a,3.236,3.2301654665420183,0.005834533457981905,0.1803007867113752
4018,rho_a,3.407,3.4008500803704482,0.006149919629551803,0.18050835425741116
4019,rho_a,2.933,2.923255339065878,0.00974466093412163,0.33224210481139815
4020,rho_a,3.0024,3.029016209056094,0.026616209056093965,0.886497770319914
4021,rho_a,3.1084,3.1046265467326393,0.0037734532673607823,0.12139535669024476
4022,rho_a,3.11,3.110671251849055,0.0006712518490550323,0.02158366074131243
4023,rho_a,2.227,2.2326833921474165,0.005683392147416644,0.25520395812366825
4025,rho_a,2.3802,2.4444585913819994,0.06425859138199952,2.6997139476503036
4027,rho_a,2.2538,2.2674577939171616,0.013657793917161598,0.6059896138590619
4029,rho_a,2.7631,2.8208384953782906,0.057738495378290455,2.0896274249310394
4032,rho_a,2.2687,2.285184349326454,0.01648434932645415,0.7265989036208791
4034,rho_a,2.3056,2.3155674974961187,0.009967497496118582,0.43231685878358167
4035,rho_a,2.289,2.2862367849785556,0.0027632150214444984,0.12071712631906033
4037,rho_a,2.628,2.6199455501315967,0.008054449868403424,0.3064859158447625
4038,rho_a,3.591,3.5956961797378053,0.004696179737805117,0.13077637810648313
4039,rho_a,3.0802,3.1058956508088986,0.025695650808898574,0.8342202067687238
4040,rho_a,3.0062,3.0506586391315946,0.044458639131594424,1.4788982480067736
4041,rho_a,3.2057,3.194652535277292,0.011047464722708344,0.34461941924399964
4042,rho_a,4.629,4.572507390555387,0.05649260944461254,1.2204063392655076
4043,rho_a,6.3526,6.338468660033098,0.014131339966901635,0.22244970511128373
4044,rho_a,6.0475,6.101848299154628,0.054348299154627355,0.8986903539416017
4045,rho_a,6.308,6.3162918998886415,0.008291899888641652,0.1314505372327257
4046,rho_a,4.4079,4.424248494084674,0.016348494084674314,0.3708907662304183
4047,rho_a,5.5676,5.57565105312524,0.008051053125240237,0.14460545163515323
4048,rho_a,5.3025,5.29604946777301,0.006450532226990546,0.12165077278622026
4049,rho_a,3.9198,3.9441601139624676,0.024360113962467622,0.6214631859396247
4050,rho_a,4.7676,4.707713227943481,0.05988677205651882,1.2561198937936542
4051,rho_a,2.645,2.6441173206910333,0.0008826793089666829,0.03337161848644042
4052,rho_a,3.2892,3.3100844771971007,0.020884477197100626,0.6349409338773646
4053,rho_a,4.1844,4.191138403051445,0.006738403051445019,0.16103630273022196
4054,rho_a,3.9682,3.9790169197562157,0.010816919756215793,0.2725900850817264
4055,rho_a,3.8835,3.873650493039009,0.009849506960990961,0.25362448721484293
4056,rho_a,3.8063,3.7963340153168588,0.009965984683141027,0.2618286704447471
4057,rho_a,3.9234,3.926660999800734,0.0032609998007337992,0.08311667942939716
4058,rho_a,3.8558,3.836243035747655,0.019556964252344766,0.5072089904128766
4059,rho_a,3.6738,3.6857147124400154,0.011914712440015407,0.32431576133736634
4060,rho_a,3.4642,3.458502757284569,0.005697242715430928,0.16446055988191455
4061,rho_a,3.36,3.343656080474235,0.01634391952576486,0.48642617636190466
4062,rho_a,3.3125,3.322996065165657,0.010496065165657154,0.31686234462351653
4063,rho_a,3.047,3.041010907423841,0.005989092576159205,0.19655702580102524
4064,rho_a,2.5876,2.5995596831513534,0.011959683151353317,0.46219211436654406
4065,rho_a,4.4826,4.504133520529744,0.021533520529744443,0.480380148345595
4066,rho_a,4.2003,4.191151531748297,0.00914846825170379,0.21780511515133705
4067,rho_a,3.8695,3.8656995706995945,0.0038004293004054723,0.09821499678006176
4068,rho_a,3.7461,3.767679446767777,0.02157944676777701,0.5760510068543618
4069,rho_a,4.5416,4.53285713011445,0.008742869885550064,0.1925063828947538
4071,rho_a,3.7814,3.7943082128426933,0.012908212842693167,0.3413606823581148
4072,rho_a,3.651,3.6400754565391633,0.010924543460836489,0.29922058232904675
4074,rho_a,3.306,3.3134839895835193,0.007483989583519257,0.22637597046330893
4075,rho_a,3.1965,3.1810854922810328,0.01541450771896713,0.4822308061618116
4076,rho_a,3.1333,3.1432803241452865,0.009980324145286268,0.3185243719172464
4077,rho_a,2.9631,2.924285878121874,0.03881412187812572,1.3099160297699242
4079,rho_a,3.9347,3.935639311796038,0.0009393117960381225,0.0238725136868855
4080,rho_a,2.7378,2.7277082597917635,0.010091740208236555,0.36860764877759034
4081,rho_a,2.7069,2.6938511336550643,0.013048866344935739,0.4820594164886371
4082,rho_a,2.5378,2.52337007834316,0.014429921656839984,0.5685996397207935
4083,rho_a,2.5477,2.5326693028623604,0.015030697137639493,0.5899712343538719
4084,rho_a,2.4681,2.466207579525148,0.0018924204748520523,0.07667519447555955
4085,rho_a,2.446,2.445954044427315,4.595557268505246e-05,0.001878805097507509
4088,rho_a,1.5391,1.6157294044179835,0.0766294044179836,4.978845066463116
4090,rho_a,1.6111,1.6078558334086446,0.003244166591355402,0.20136345300436895
4092,rho_a,1.6959,1.7070037822397899,0.011103782239789917,0.6547427466114375
4093,rho_a,1.8445,1.8409710630338012,0.0035289369661988257,0.1913221450906431
4095,rho_a,1.858,1.840958394663936,0.017041605336064025,0.9172015789049974
4096,rho_a,1.9083,1.8989124736732514,0.009387526326748663,0.4919313696349496
4097,rho_a,2.0893,2.061721947725399,0.027578052274601195,1.3199661261948017
4098,rho_a,1.9825,1.9396173511810606,0.04288264881893933,2.163059209024852
4099,rho_a,3.1748,3.1801330760572077,0.005333076057207897,0.16798148095017695
4100,rho_a,3.236,3.2301654665420183,0.005834533457981905,0.1803007867113752
4101,rho_a,3.115,3.131350329963569,0.016350329963569,0.5248902074980336
4102,rho_a,3.125,3.1339529696716846,0.008952969671684574,0.28649502949381467
4103,rho_a,2.797,2.8027826343250677,0.005782634325067537,0.20674416607313081
4104,rho_a,2.639,2.62848497570326,0.010515024296740005,0.3984473018846541
4105,rho_a,2.139,2.1632540374873024,0.024254037487302593,1.1338960957125412
4106,rho_a,2.3875,2.3912657665600894,0.003765766560089201,0.15772844230733502
4107,rho_a,2.5924,2.602289247254012,0.009889247254011746,0.38147073190896197
4108,rho_a,2.6657,2.647968731576663,0.017731268423337276,0.6651636877116939
4109,rho_a,2.7896,2.799140686578108,0.009540686578108026,0.3420091259716305
4110,rho_a,3.001,3.0376473536521527,0.03664735365215277,1.2211713979387058
4111,rho_a,3.1799,3.1806755638560067,0.0007755638560067446,0.02438956747087961
4112,rho_a,3.6144,3.612911816703254,0.0014881832967459374,0.04117372998963938
4113,rho_a,3.5445,3.5137965042422987,0.030703495757701482,0.8662292497585786
4114,rho_a,3.4473,3.4418919464105007,0.00540805358949914,0.15687795055543677
4115,rho_a,3.3808,3.378118820979314,0.0026811790206857644,0.07930605243389054
4116,rho_a,3.3058,3.326374457711911,0.02057445771191091,0.6223745450996637
4117,rho_a,3.1799,3.18466006807518,0.004760068075180257,0.14969238262771659
4118,rho_a,3.7373,3.7480397937052925,0.010739793705292655,0.28736771747758494
4119,rho_a,3.5262,3.520724401564124,0.005475598435875639,0.1552832634528412
4120,rho_a,3.1799,3.18466006807518,0.004760068075180257,0.14969238262771659
4121,rho_a,7.4335,7.450192715163116,0.016692715163115324,0.22456063984816138
4122,rho_a,7.407,7.450673465752523,0.043673465752522844,0.5896242169909133
4123,rho_a,7.277,7.3067051881875855,0.029705188187585385,0.40820651625094545
4124,rho_a,7.021,7.0728062105701195,0.05180621057011958,0.7378750971387581
4125,rho_a,6.684,6.689477168637876,0.005477168637876062,0.08194447393589531
4126,rho_a,6.237,6.17140876396738,0.06559123603262051,1.051647202703383
4127,rho_a,5.703,5.6851912668459414,0.017808733154058842,0.31226956258207467
4128,rho_a,5.102,5.036682228021931,0.06531777197806932,1.280238572678489
4129,rho_a,4.485,4.484723153840177,0.00027684615982348504,0.00617271259361033
4130,rho_a,3.768,3.7640411391284223,0.003958860871577485,0.10506530975521323
4131,rho_a,3.027,3.047398297259644,0.020398297259643705,0.6738783369553011
4132,rho_a,1.688,1.6458348520978114,0.042165147902188505,2.4979353022608723
4133,rho_a,2.503,2.5048247896142923,0.0018247896142922215,0.0729040996520772
4134,rho_a,2.274,2.215871876156361,0.05812812384363886,2.5562059737736718
4135,rho_a,2.112,2.0315380141866775,0.08046198581332265,3.809753116159306
4136,rho_a,1.875,1.8017972697417952,0.07320273025820478,3.9041456137688395
4137,rho_a,1.688,1.6458348520978114,0.042165147902188505,2.4979353022608723
4138,rho_a,2.1389,2.1567680646893845,0.01786806468938451,0.8353856977594163
4139,rho_a,2.3645,2.363774826019365,0.0007251739806348745,0.030669231576847863
4140,rho_a,2.2831,2.2682887349538294,0.014811265046170696,0.648734836238632
4141,rho_a,2.2172,2.1925553404651277,0.024644659534872382,1.11152171815178
4142,rho_a,2.1485,2.1609477969192783,0.012447796919278442,0.5793715112530905
4143,rho_a,2.1823,2.1772381900995432,0.005061809900456904,0.2319483984994998
4144,rho_a,2.2411,2.21659668131944,0.024503318680559882,1.093361236917092
4145,rho_a,2.2051,2.187971077746926,0.01712892225307394,0.7767866424681953
4146,rho_a,2.1209,2.118531965654449,0.0023680343455509956,0.11165233370502518
4147,rho_a,2.0025,2.0168815495681685,0.014381549568168506,0.7181797537159212
4148,rho_a,2.2168,2.1958155169333655,0.020984483066634585,0.9466114699848934
4149,rho_a,1.8564,1.8829111077138305,0.026511107713830473,1.428092421558726
4150,rho_a,3.0062,3.0506586391315946,0.044458639131594424,1.4788982480067736
4151,rho_a,3.0734,3.1268891048088077,0.05348910480880775,1.740388651291415
4152,rho_a,3.143,3.171012945469167,0.028012945469167327,0.8912804794514291
4153,rho_a,3.135,3.167037809914534,0.03203780991453442,1.0219397101921597
4154,rho_a,3.0928,3.1383842447241386,0.04558424472413858,1.4738827187055044
4155,rho_a,2.9338,2.920982070909381,0.012817929090619185,0.4369053476929175
4156,rho_a,2.8866,2.8689048587782864,0.017695141221713673,0.6130098116021458
4157,rho_a,2.8165,2.8333373873373517,0.01683738733735174,0.5978124387482961
4158,rho_a,2.808,2.8262143326155815,0.018214332615581696,0.6486585689307411
4159,rho_a,2.6838,2.66728043673466,0.01651956326534032,0.6155288495914063
4160,rho_a,2.906,2.8700249830307945,0.035975016969205686,1.2379565371367276
4161,rho_a,2.3184,2.326918676124331,0.00851867612433077,0.36743772102860145
4171,rho_a,2.5876,2.5995596831513534,0.011959683151353317,0.46219211436654406
4172,rho_a,2.6498,2.623860820486782,0.02593917951321778,0.9789108428261752
4173,rho_a,2.5775,2.5799616596686943,0.0024616596686941605,0.09550570974561418
4174,rho_a,2.5031,2.5011625562722566,0.0019374437277432932,0.0774017709137677
4175,rho_a,2.4443,2.4254796964806813,0.01882030351931885,0.7699670056585176
4176,rho_a,2.3712,2.381065695883002,0.009865695883001901,0.4160634228659641
4177,rho_a,2.132,2.138503894597466,0.006503894597465809,0.30506072220744646
4178,rho_a,1.932,1.9262949733124468,0.0057050266875531275,0.2952912364156405
4179,rho_a,1.814,1.818271082115411,0.004271082115411051,0.23545105377115194
4180,rho_a,1.716,1.7717769780819774,0.05577697808197746,3.25040664813199
4181,rho_a,1.872,1.8721266377450663,0.00012663774506616043,0.006764836809086152
4182,rho_a,2.346,2.3523998720836623,0.006399872083662217,0.2727993215541129
4183,rho_a,1.486,1.569308731381636,0.08330873138163608,5.606240335234186
4184,rho_a,3.6144,3.612911816703254,0.0014881832967459374,0.04117372998963938
4185,rho_a,3.3898,3.397252637299976,0.007452637299975695,0.21985477904222953
4186,rho_a,3.124,3.1343707218763726,0.010370721876372446,0.33196933022948544
4187,rho_a,2.8372,2.840190151501618,0.002990151501617966,0.10539093125676412
4188,rho_a,2.5162,2.528561455983737,0.012361455983736835,0.4912747787827646
4189,rho_a,2.139,2.1567662834036323,0.01776628340363251,0.8305882844144088
4190,rho_a,2.3389,2.352716520958378,0.013816520958377598,0.5907273059289276
4191,rho_a,2.3156,2.332346306313827,0.01674630631382712,0.7231951249706291
4192,rho_a,2.3331,2.345986370947317,0.01288637094731726,0.5523282734264171
4193,rho_a,2.324,2.3517549010011916,0.027754901001191712,1.1942728485877698
4194,rho_a,2.3405,2.353098987793262,0.012598987793261962,0.5383032596990633
4195,rho_a,2.333,2.351867448434739,0.018867448434738865,0.8087204644119492
4196,rho_a,2.3313,2.3515081891468688,0.020208189146868616,0.866820621406938
4197,rho_a,2.3368,2.3600586394352083,0.023258639435208117,0.9953200716876994
4198,rho_a,2.3333,2.3532482825748495,0.019948282574849596,0.854938609473323
4199,rho_a,2.3277,2.353207078240181,0.025507078240180725,1.0958060849838795
4201,rho_a,2.3352,2.3584414988786127,0.02324149887861271,0.9952680232358152
4203,rho_a,2.3207,2.3500370004542255,0.029337000454225493,1.264144458750069
4205,rho_a,1.737,1.7745847310492975,0.03758473104929738,2.1637726568379816
4206,rho_a,1.737,1.7814969694284348,0.04449696942843473,2.5617138415894707
4207,rho_a,1.737,1.7833218822172758,0.046321882217275734,2.6667750268997734
4208,rho_a,1.737,1.7708813110074777,0.0338813110074776,1.9505648248392682
4209,rho_a,1.737,1.770571869049712,0.03357186904971199,1.932750089216618
4211,rho_a,4.12,4.096482642298015,0.023517357701985375,0.5708096529606715
4212,rho_a,3.93,3.917905521198769,0.012094478801231379,0.3077475521941043
4213,rho_a,3.703,3.70676008346521,0.0037600834652100623,0.10154154645447062
4214,rho_a,3.351,3.327544505678836,0.023455494321163783,0.6999550677754934
4215,rho_a,3.032,3.0376959030280632,0.005695903028063221,0.1878595985508358
4216,rho_a,2.522,2.515793073465095,0.006206926534904955,0.24611128211350097
4217,rho_a,2.181,2.1864963321876845,0.005496332187684416,0.25200972891709744
4218,rho_a,6.089,6.119921033934817,0.030921033934816933,0.5078179329087182
4219,rho_a,5.435,5.362626234419793,0.07237376558020703,1.3316240217146957
4220,rho_a,4.568,4.554274485092446,0.013725514907553915,0.3004709918465611
4221,rho_a,3.517,3.4865258396517915,0.03047416034820838,0.8664816704065884
4222,rho_a,3.842,3.8363816551364396,0.005618344863560498,0.1462349001446912
4223,rho_a,3.622,3.620659268058118,0.0013407319418816677,0.03701634295641351
4224,rho_a,3.229,3.222105973455907,0.0068940265440931014,0.2135034544469175
4225,rho_a,2.939,2.901592286202658,0.03740771379734209,1.2728041441758884
4226,rho_a,2.685,2.6579821070124017,0.02701789298759838,1.0062529976755425
4227,rho_a,2.181,2.1864963321876845,0.005496332187684416,0.25200972891709744
4228,rho_a,3.0863,3.1044944816516367,0.018194481651636618,0.5895240790471025
4229,rho_a,2.9095,2.887552052231839,0.02194794776816078,0.7543546234113503
4230,rho_a,2.6952,2.729210624592333,0.03401062459233328,1.2618961335826901
4231,rho_a,2.6034,2.629601791594628,0.026201791594627988,1.0064450946691987
4232,rho_a,2.139,2.1567662834036323,0.01776628340363251,0.8305882844144088
4233,rho_a,3.2257,3.1826786334962,0.04302136650379973,1.3337063739277177
4234,rho_a,3.1521,3.1420794871814004,0.010020512818599503,0.3178995849940143
4235,rho_a,3.0746,3.1066305735630455,0.032030573563045284,1.0417801848381858
4236,rho_a,2.9872,2.9510182778188017,0.03618172218119842,1.2112253006556744
4237,rho_a,2.8801,2.8350815984479816,0.04501840155201853,1.563084669004649
4238,rho_a,2.7796,2.792891770952031,0.013291770952031268,0.4781900615925488
4239,rho_a,2.6721,2.64241716380523,0.02968283619477008,1.1108430146610895
4240,rho_a,2.5429,2.529241053174962,0.013658946825037876,0.5371405413123798
4241,rho_a,2.4136,2.4106405879186044,0.002959412081395829,0.12261402392254735
4242,rho_a,2.271,2.2569867263336834,0.01401327366631655,0.6170530015988719
4243,rho_a,2.1061,2.1036691026545813,0.002430897345418792,0.11542174376419152
4244,rho_a,4.823,4.820977836867294,0.0020221631327066447,0.04192749601298414
4245,rho_a,4.288,4.295813974379833,0.007813974379832445,0.18222888012664695
4246,rho_a,4.129,4.113510793797433,0.015489206202566663,0.3751321434381912
4247,rho_a,4.024,4.0120878599316265,0.011912140068373489,0.29602733768316425
4248,rho_a,3.905,3.8834817007790905,0.02151829922090931,0.5510447943893418
4249,rho_a,3.828,3.8167870692256356,0.01121293077436425,0.29291877675970013
4250,rho_a,3.772,3.772519963848951,0.0005199638489510328,0.013784831626481838
4251,rho_a,3.692,3.7048277093394013,0.012827709339401139,0.34744608178216857
4252,rho_a,3.643,3.642551712817082,0.0004482871829178947,0.012305440102052475
4253,rho_a,3.589,3.5955003154615994,0.00650031546159946,0.1811177336750529
4254,rho_a,3.472,3.4429020208146066,0.029097979185393363,0.838075437367079
4255,rho_a,3.228,3.1993439835251865,0.02865601647481375,0.8877328523793331
4256,rho_a,3.164,3.1443114871349676,0.019688512865032592,0.6222665254433113
4257,rho_a,2.824,2.8256666166681503,0.001666616668150489,0.05901617096848084
4258,rho_a,2.086,2.0890870313218257,0.0030870313218258616,0.1479880787068256
4259,rho_a,6.639,6.827789706685949,0.18878970668594874,2.8436467342358833
4260,rho_a,4.29,4.274754985178696,0.015245014821304359,0.3553616508461726
4261,rho_a,2.7796,2.8037522893376674,0.024152289337667554,0.8689124096150117
4262,rho_a,2.2075,2.200857218118369,0.00664278188163081,0.30091877153466823
4263,rho_a,5.2508,5.267109412267928,0.016309412267927925,0.3106081410056528
4264,rho_a,4.9313,4.946535874788337,0.015235874788336545,0.3089626424742655
4265,rho_a,4.8592,4.896650312626806,0.03745031262680598,0.7707094300872216
4266,rho_a,4.7175,4.714017796606716,0.003482203393284422,0.07381459233245752
4267,rho_a,4.6915,4.679790766493255,0.011709233506744354,0.24958400312782392
4268,rho_a,4.4491,4.474777998010401,0.02567799801040138,0.5771503902001666
4269,rho_a,4.1291,4.118230645757906,0.010869354242093898,0.2632378543046006
4270,rho_a,3.8614,3.8820403178800533,0.02064031788005316,0.5345293903777856
4271,rho_a,3.4098,3.420516571395049,0.010716571395049002,0.31428738914440313
4272,rho_a,3.001,3.024894367766435,0.023894367766434943,0.7962135210405525
4273,rho_a,3.036,3.0397713462606544,0.00377134626065434,0.12422089132585962
4274,rho_a,2.913,2.8639530039782155,0.049046996021784306,1.6837279787767756
4275,rho_a,2.732,2.725500136434314,0.006499863565686326,0.23791594310702582
4276,rho_a,2.567,2.574760236081731,0.00776023608173082,0.3023075995998362
4277,rho_a,2.44,2.427047183156234,0.012952816843765813,0.5308531493344469
4278,rho_a,2.8375,2.838075560877611,0.0005755608776110144,0.02028408379245151
4279,rho_a,2.8426,2.845532677976388,0.002932677976387854,0.10316885866413925
4280,rho_a,2.8391,2.8376702185809193,0.0014297814190809,0.05036037543870932
4281,rho_a,2.8427,2.851000278490749,0.008300278490749324,0.2919857350668873
4282,rho_a,2.8202,2.825200130999353,0.005000130999353036,0.17729703564822577
4285,rho_a,2.8179,2.8303058925517397,0.01240589255173985,0.4402531158570371
4286,rho_a,2.8189,2.8308141734736054,0.011914173473605238,0.42265328580655614
4289,rho_a,2.8011,2.824600378742563,0.023500378742562944,0.8389696455876103
4290,rho_a,2.8091,2.8251120559667653,0.01601205596676536,0.5700066201544858
4295,rho_a,2.7582,2.785102129277644,0.026902129277643905,0.9753509273306559
4296,rho_a,2.7563,2.7851561612682096,0.028856161268209668,1.0469165645321337
4297,rho_a,2.649,2.669257818663125,0.020257818663124816,0.764734566369089
4298,rho_a,2.7068,2.7373600188371765,0.030560018837176628,1.1290091191504854
4300,rho_a,2.6269,2.644973267406039,0.018073267406038873,0.6880074386551446
4303,rho_a,2.5626,2.6139053331653277,0.05130533316532748,2.002081213037831
4307,rho_a,2.146,2.1697348223017108,0.023734822301710867,1.1060029031546974
4308,rho_a,2.5728,2.6046773541486647,0.03187735414866477,1.2390140760514763
4309,rho_a,2.4798,2.476263728657891,0.0035362713421092096,0.14260308662423515
4310,rho_a,2.5097,2.5277111211831635,0.018011121183163503,0.7176603252642278
4311,rho_a,2.5362,2.54326757310501,0.007067573105009828,0.27866781424994247
4312,rho_a,2.5728,2.6046773541486647,0.03187735414866477,1.2390140760514763
4313,rho_a,2.3206,2.344596944301622,0.023996944301621692,1.0340836120663341
4314,rho_a,2.303,2.294079962876586,0.008920037123413938,0.3873224977598812
4315,rho_a,2.31,2.31594712270322,0.005947122703219954,0.2574511992734796
4316,rho_a,2.376,2.3890604562441156,0.01306045624411567,0.5496825018564888
4317,rho_a,2.405,2.4150963627980246,0.010096362798024838,0.4198071849488832
4318,rho_a,2.464,2.46173124233175,0.0022687576682498545,0.09207620406854439
4319,rho_a,2.755,2.7641608615797604,0.009160861579760482,0.3325176616971745
4320,rho_a,2.645,2.6441173206910333,0.0008826793089666829,0.03337161848644042
4321,rho_a,3.569,3.5529151586802517,0.0160848413197483,0.4506820207269205
4322,rho_a,3.621,3.6249175350247294,0.003917535024729357,0.10818931302756905
4323,rho_a,3.631,3.62178069341761,0.009219306582389564,0.2539054415419175
4324,rho_a,3.413,3.4135126668488853,0.0005126668488855124,0.015021003483309762
4325,rho_a,3.2892,3.313600099375067,0.02440009937506682,0.741824740820242
4326,rho_a,3.311,3.322366476756694,0.011366476756693888,0.3432943750133028
4327,rho_a,3.275,3.2916099227272206,0.016609922727220727,0.5071732130447528
4328,rho_a,3.265,3.279551947175358,0.014551947175357682,0.44569516616702065
4329,rho_a,3.263,3.2846654592497257,0.02166545924972585,0.6639736208924061
4330,rho_a,3.083,3.1223118716739324,0.03931187167393224,1.2751174723944043
4331,rho_a,2.733,2.7435555928954294,0.010555592895429289,0.3862273287751711
4337,rho_a,5.324,5.336691422027934,0.012691422027933719,0.23838133035182824
4338,rho_a,4.901,4.8804602142356,0.020539785764399632,0.4190937719729737
4339,rho_a,4.335,4.317622771705327,0.017377228294672697,0.40085878419074256
4340,rho_a,4.101,4.060963253931277,0.040036746068722984,0.9762678875570159
4341,rho_a,3.233,3.2112795518024995,0.02172044819750063,0.6718357005101735
4342,rho_a,2.682,2.663859467152607,0.018140532847393143,0.6763807922217143
4343,rho_a,5.973,5.906538499954319,0.06646150004568074,1.1126988120821968
4344,rho_a,6.042,6.107317374384708,0.06531737438470842,1.0810555177871168
4345,rho_a,5.241,5.246534080905598,0.005534080905598593,0.10559207986257464
4346,rho_a,4.039,4.013056346336019,0.025943653663980548,0.6423286373848509
4347,rho_a,3.881,3.8598237367674813,0.021176263232518533,0.5456393515205638
4348,rho_a,2.682,2.663859467152607,0.018140532847393143,0.6763807922217143
4349,rho_a,10.907,10.853723156344898,0.05327684365510166,0.4884646892371575
4352,rho_a,7.485,7.5785392028222125,0.09353920282221218,1.2496887484595816
4355,rho_a,6.256,6.314832565797833,0.05883256579783236,0.940418251243973
4358,rho_a,5.815,5.777076831409778,0.03792316859022282,0.652161110751785
4362,rho_a,4.753,4.708997721702776,0.04400227829722425,0.9257790510670101
4363,rho_a,5.52,5.466658124530225,0.053341875469774536,0.9663383237276245
4364,rho_a,2.682,2.663859467152607,0.018140532847393143,0.6763807922217143
4365,rho_a,4.487,4.5178999106908515,0.030899910690851407,0.6886541272753403
4366,rho_a,3.779,3.763620301751221,0.01537969824877905,0.4069779901766335
4367,rho_a,3.445,3.424263906614461,0.020736093385538723,0.6019185307846939
4368,rho_a,3.321,3.3122091116822108,0.008790888317789403,0.2647060619628652
4369,rho_a,3.239,3.2209422188078647,0.01805778119213519,0.5575109969783766
4370,rho_a,2.682,2.663859467152607,0.018140532847393143,0.6763807922217143
4373,rho_a,2.6587,2.6603766178195274,0.0016766178195273262,0.06306156465666286
4374,rho_a,3.6274,3.6057894791561846,0.02161052084381554,0.5957578663453046
4375,rho_a,5.4069,5.3535977808443445,0.053302219155655806,0.9858184755709546
4376,rho_a,5.0558,5.052582566215813,0.0032174337841865963,0.06363847035456228
4377,rho_a,4.9113,4.950260879171088,0.03896087917108826,0.7932905579190912
4378,rho_a,4.5668,4.551796208055131,0.015003791944868894,0.32854059614753456
4379,rho_a,4.3886,4.387018345994095,0.0015816540059052642,0.03604005846750453
4380,rho_a,4.1388,4.1019653402500085,0.03683465974999134,0.8899840473079743
4381,rho_a,3.5743,3.5401569967763855,0.03414300322361452,0.9552360804522555
4382,rho_a,3.9667,3.9636825079958924,0.0030174920041075026,0.07607058774565109
4383,rho_a,3.7984,3.7907645164838297,0.007635483516170272,0.20101841607435397
4384,rho_a,3.6144,3.612911816703254,0.0014881832967459374,0.04117372998963938
4385,rho_a,2.226,2.2232645057231775,0.0027354942768225143,0.12288833229206134
4386,rho_a,3.439,3.413600099629259,0.025399900370741246,0.7385839014461721
4387,rho_a,3.23,3.2095869136125246,0.02041308638747541,0.6319840986832536
4388,rho_a,3.153,3.1407166929133394,0.012283307086660589,0.38957523268812855
4389,rho_a,3.041,3.0256464298902257,0.015353570109774228,0.5048855675688648
4390,rho_a,2.952,2.919452715426312,0.03254728457368783,1.1025502904362061
4391,rho_a,2.87,2.8412174655203155,0.028782534479684596,1.0028757658423193
4392,rho_a,2.767,2.765590772183311,0.0014092278166888406,0.05092980905993246
4393,rho_a,2.658,2.6389812925288485,0.01901870747115142,0.715526992894818
4394,rho_a,2.601,2.6050204874623484,0.004020487462348399,0.15457468136666103
4395,rho_a,2.517,2.52535405381216,0.008354053812160256,0.3319051971456868
4396,rho_a,2.446,2.4412105646237734,0.0047894353762267805,0.19580684285465338
4397,rho_a,2.383,2.4186517510899055,0.03565175108990548,1.4960869110319144
4398,rho_a,2.301,2.2925905266109945,0.008409473389005662,0.365470377618514
4399,rho_a,2.187,2.1928296238908858,0.005829623890885927,0.2665580197020238
4400,rho_a,2.022,2.037256435911146,0.015256435911146227,0.7545220529742177
4401,rho_a,4.487,4.5021331845518,0.015133184551800127,0.33726731784704156
4402,rho_a,4.242,4.219057024878563,0.022942975121437392,0.5408527845693537
4403,rho_a,4.147,4.118889702947292,0.02811029705270851,0.6778465650518865
4404,rho_a,3.999,3.9884401681644626,0.010559831835537548,0.264061811341208
4405,rho_a,3.858,3.8309339263172006,0.027066073682799452,0.7015571198235467
4406,rho_a,3.57,3.5454270884890686,0.024572911510931217,0.6883168490454995
4407,rho_a,3.327,3.313052392152996,0.013947607847003773,0.41922476245865886
4408,rho_a,3.167,3.171828339788754,0.004828339788754299,0.15245783987220632
4409,rho_a,3.062,3.065420699512329,0.0034206995123291506,0.11171454971678751
4410,rho_a,2.911,2.887739232394366,0.023260767605634225,0.7990645003650372
4411,rho_a,2.895,2.8654684271359807,0.029531572864019306,1.0200888726773438
4412,rho_a,2.69,2.6969544086236508,0.006954408623650821,0.258528201622611
4413,rho_a,2.48,2.4821737544528943,0.002173754452894361,0.08765138922957598
4414,rho_a,2.218,2.214255078741442,0.003744921258558076,0.1688422569231915
4415,rho_a,2.038,2.043409068330896,0.005409068330896272,0.2654106148622972
4416,rho_a,2.26498,2.256490969096263,0.008489030903736872,0.3747949608267236
4417,rho_a,2.253,2.2566547257622855,0.0036547257622854268,0.16221596814397712
4418,rho_a,2.2411,2.2327378347351163,0.008362165264883537,0.3731277169639822
4419,rho_a,2.2291,2.2292152029179007,0.00011520291790079185,0.00516813592484591
4420,rho_a,2.2172,2.2053326962466455,0.011867303753354541,0.5352383074756083
4421,rho_a,2.2053,2.2045336927855024,0.0007663072144974414,0.034748433977104885
4422,rho_a,2.1933,2.1973276644612416,0.004027664461241809,0.1836349090977054
4423,rho_a,2.1844,2.185331952604865,0.000931952604864783,0.04266400864605183
4424,rho_a,2.1814,2.1850828742284536,0.003682874228453592,0.16883076136664085
4425,rho_a,2.1694,2.1782144222742916,0.008814422274291633,0.40630691777853645
4426,rho_a,2.1575,2.164926042471265,0.007426042471264882,0.34419663829716984
4427,rho_a,2.1619,2.1651461301570025,0.0032461301570023693,0.15015172565802615
4428,rho_a,2.32,2.3278292143268056,0.007829214326805722,0.33746613477596327
4429,rho_a,3.439,3.413600099629259,0.025399900370741246,0.7385839014461721
4430,rho_a,3.413,3.408204913652392,0.004795086347607835,0.14049476553197862
4431,rho_a,3.229,3.210339489262421,0.018660510737579017,0.5779037081936587
4432,rho_a,3.1368,3.1343817984613356,0.002418201538664455,0.07709135229098713
4433,rho_a,3.0756,3.0977805572426464,0.022180557242646337,0.7211782170190897
4434,rho_a,2.9327,2.914873665706006,0.01782633429399416,0.6078471815728879
4435,rho_a,2.7933,2.797072563027977,0.003772563027977238,0.13505756732094254
4436,rho_a,2.75,2.7642850196037534,0.01428501960375339,0.5194552583181162
4437,rho_a,2.6484,2.641878951620058,0.0065210483799420516,0.24622596208803765
4438,rho_a,2.5634,2.5875276952323185,0.02412769523231839,0.9412380132756877
4439,rho_a,2.526,2.5362102667818807,0.010210266781880861,0.40420691931420505
4440,rho_a,2.437,2.433055013858004,0.003944986141995788,0.16187879121847226
4441,rho_a,2.384,2.3978385374994815,0.013838537499481607,0.5804755662531796
4442,rho_a,2.2663,2.256490969096263,0.009809030903737082,0.4328213786229869
4443,rho_a,4.6515,4.631672054427849,0.019827945572151506,0.4262699252315864
4444,rho_a,4.729,4.706529197453506,0.02247080254649436,0.4751702801118547
4445,rho_a,4.534,4.548358128084415,0.014358128084415611,0.3166768435027006
4446,rho_a,4.296,4.27700032655576,0.018999673444239917,0.4422642794282005
4447,rho_a,4.04,4.032121887785275,0.007878112214725341,0.19500277759216314
4448,rho_a,3.7878,3.796446840764025,0.008646840764025221,0.22828134442216955
4449,rho_a,3.532,3.518540540081855,0.013459459918145011,0.38107191161215176
4450,rho_a,2.264,2.3308051614665315,0.0668051614665317,2.9507580153048676
4451,rho_a,3.062,3.066702117217371,0.004702117217371349,0.15356359299052297
4452,rho_a,2.9486,2.9361540248059024,0.012445975194097514,0.422097781797914
4453,rho_a,2.7695,2.7767138030885956,0.0072138030885957605,0.26047312109020243
4454,rho_a,2.5773,2.5964349323823557,0.01913493238235553,0.7424410189868507
4455,rho_a,2.4232,2.422910597089407,0.00028940291059287304,0.011943005554339452
4456,rho_a,2.357,2.366631306161424,0.009631306161423936,0.4086256326440326
4457,rho_a,2.3359,2.3540765134653716,0.018176513465371524,0.7781374829985762
4458,rho_a,2.159,2.125283294804116,0.03371670519588399,1.561681574611782
4459,rho_a,2.187,2.1797236042164654,0.007276395783534451,0.332711284112077
4460,rho_a,2.115,2.0901746096675833,0.02482539033241693,1.1737773206810964
4461,rho_a,1.972,1.9634633785416047,0.008536621458395288,0.4328915546851399
4462,rho_a,2.028,2.0357080121203084,0.007708012120308361,0.38007949311166467
4463,rho_a,2.176,2.180697884086424,0.004697884086423798,0.21589540838334736
4464,rho_a,2.111,2.1010115535112033,0.009988446488796932,0.47316184219764085
4465,rho_a,2.2,2.210622989744994,0.01062298974499365,0.4828631702267645
4466,rho_a,2.183,2.1901698137288346,0.00716981372883474,0.3284385583523342
4467,rho_a,2.182,2.1911545579535394,0.009154557953539477,0.41954894379171775
4468,rho_a,2.268,2.272550693125608,0.004550693125608074,0.20064784504435926
4469,rho_a,2.116,2.1142848611623664,0.001715138837633745,0.08105571066318215
4470,rho_a,3.2826,3.3146547771349293,0.032054777134929324,0.9765057312776323
4471,rho_a,3.1228,3.1411370195310466,0.018337019531046828,0.587198012394036
4472,rho_a,2.9743,2.95886759246884,0.015432407531160042,0.5188584719481846
4473,rho_a,2.9444,2.9105879064737517,0.033812093526248255,1.1483525854583878
4474,rho_a,2.7466,2.74647959578378,0.00012040421621994923,0.00438375505060458
4475,rho_a,2.5284,2.5266718686817793,0.0017281313182206937,0.06834881024442375
4476,rho_a,2.2887,2.2683708316876823,0.02032916831231768,0.8882408490544326
4477,rho_a,3.118,3.1199998929057977,0.0019998929057978287,0.06414024713910159
4478,rho_a,2.975,2.9571039208460426,0.017896079153957523,0.6015488791244203
4479,rho_a,2.849,2.847314399599257,0.0016856004007430592,0.05916463323069383
4480,rho_a,2.842,2.858278858631035,0.016278858631034954,0.5727958701980727
4481,rho_a,2.701,2.7062370317664675,0.005237031766467393,0.19389232752556287
4482,rho_a,2.494,2.4984106009120097,0.00441060091200951,0.1768484728150658
4483,rho_a,2.309,2.316519999850084,0.007519999850083892,0.32568210697620764
4484,rho_a,5.696,5.759617960343194,0.06361796034319411,1.1168883487216108
4485,rho_a,5.44,5.354013376944884,0.08598662305511606,1.5806364532187547
4486,rho_a,5.214,5.245436970495042,0.031436970495041905,0.6029338414851529
4487,rho_a,5.136,5.107524986873786,0.028475013126214144,0.5544200375040615
4488,rho_a,4.928,4.951134624510498,0.023134624510498192,0.4694526077616375
4489,rho_a,4.607,4.623944669858366,0.016944669858365735,0.36780268848192005
4490,rho_a,4.305,4.336681923733693,0.03168192373369294,0.7359331877743457
4491,rho_a,3.913,3.8901618119947234,0.022838188005276372,0.5836490673465509
4492,rho_a,3.637,3.652287457524731,0.015287457524730819,0.4203315239132971
4493,rho_a,3.174,3.1819141833389875,0.007914183338987524,0.2493441505666361
4494,rho_a,2.773,2.809274688897161,0.03627468889716079,1.3081387990316518
4495,rho_a,2.395,2.406849653248502,0.011849653248502179,0.4947663151773374
4496,rho_a,2.068,2.0272691506801697,0.0407308493198304,1.969576852988912
4497,rho_a,2.1648,2.151331739791243,0.013468260208757243,0.6221480140775602
4498,rho_a,2.1607,2.140105378551901,0.02059462144809876,0.9531458068259929
4500,rho_a,2.1411,2.1224836086335497,0.018616391366450102,0.8694779023138297
4501,rho_a,2.1357,2.1216729755936186,0.014027024406381372,0.6567881447007915
4502,rho_a,2.1112,2.0752757684041505,0.035924231595849676,1.7016024818033657
4503,rho_a,2.1037,2.082302088479535,0.021397911520464774,1.0171560355780103
4504,rho_a,2.1026,2.0750969926172034,0.02750300738279643,1.308047530808682
4505,rho_a,2.1073,2.0750969926172034,0.03220300738279658,1.528164351671869
4507,rho_a,2.0782,2.033556985257681,0.04464301474231869,2.1481577683715334
4517,rho_a,2.6903,2.7059278430247065,0.015627843024706323,0.5808959233059701
4526,rho_a,2.662,2.642560360582312,0.019439639417687893,0.7302644409346578
4528,rho_a,2.674,2.6524736824709594,0.02152631752904055,0.8050230938306844
4530,rho_a,2.696,2.710091462463463,0.014091462463462712,0.5226803584368502
4531,rho_a,2.716,2.7224176928702732,0.006417692870273051,0.23629207917049658
4532,rho_a,2.705,2.718423235360487,0.013423235360487062,0.4962379061176377
4533,rho_a,2.693,2.7115061876572537,0.018506187657253648,0.6871959768751124
4534,rho_a,2.6903,2.7059278430247065,0.015627843024706323,0.5808959233059701
4535,rho_a,2.5901,2.60696188918854,0.016861889188540147,0.6510130569682111
4536,rho_a,2.6066,2.6110182451229744,0.004418245122974618,0.16950222983859906
4537,rho_a,2.6063,2.612495861124951,0.006195861124950852,0.23772632179520678
4538,rho_a,2.5826,2.612495861124951,0.02989586112495113,1.1575877458739083
4539,rho_a,2.5771,2.6020545938629382,0.02495459386293808,0.968320742808909
4540,rho_a,2.5733,2.6023997160044017,0.029099716004401532,1.1308326275362461
4541,rho_a,2.5785,2.6131801393119334,0.03468013931193337,1.344973407481866
4542,rho_a,2.5806,2.6133931872380587,0.032793187238058685,1.2707582437435472
4547,rho_a,2.6365,2.6389525768379185,0.002452576837918663,0.09302396502627472
4549,rho_a,2.6349,2.643344832492076,0.00844483249207606,0.3204991647528504
4552,rho_a,2.6324,2.63708923852543,0.004689238525430017,0.1781354856947362
4553,rho_a,2.6075,2.612495861124951,0.004995861124950984,0.19159582454262966
4555,rho_a,2.6293,2.621785641494047,0.007514358505953389,0.28579312006809915
4557,rho_a,2.6656,2.6517442956538084,0.013855704346191544,0.5197968317146738
4559,rho_a,2.5806,2.6133931872380587,0.032793187238058685,1.2707582437435472
4560,rho_a,2.973,2.950655748324264,0.022344251675735727,0.7515725420695665
4561,rho_a,2.84,2.845465546172885,0.005465546172885194,0.1924488089043405
4562,rho_a,2.6903,2.7059278430247065,0.015627843024706323,0.5808959233059701
4563,rho_a,3.234,3.232505547285617,0.0014944527143829767,0.04621065907181554
4564,rho_a,3.105,3.1126400817438102,0.007640081743810256,0.24605738305339117
4565,rho_a,2.997,3.0082573490197846,0.011257349019784701,0.3756205879139455
4566,rho_a,2.832,2.848756322765579,0.016756322765579146,0.5916780637561169
4567,rho_a,2.745,2.7487877018261604,0.0037877018261602835,0.13798549457773782
4568,rho_a,2.705,2.712534279126964,0.0075342791269639164,0.27853157585808247
4569,rho_a,2.6906,2.7059278430247065,0.015327843024706578,0.5696812244369613
4570,rho_a,5.4645,5.487242619838533,0.02274261983853254,0.416188486385367
4571,rho_a,5.237,5.279787754843076,0.04278775484307573,0.8170279710343242
4572,rho_a,5.1284,5.093850352582627,0.03454964741737321,0.6736925243227219
4573,rho_a,4.8118,4.771621530163437,0.04017846983656259,0.8349987496686113
4574,rho_a,4.487,4.513521642178484,0.026521642178483518,0.5910773830728239
4575,rho_a,4.1682,4.171538480605852,0.00333848060585229,0.08009405992638283
4576,rho_a,3.8531,3.8349443335177744,0.018155666482225552,0.47119634793337417
4577,rho_a,3.6436,3.6381913452097487,0.005408654790251433,0.14844260594604095
4578,rho_a,3.3218,3.3221313797492122,0.0003313797492121573,0.00997590912192358
4579,rho_a,3.1639,3.154421894113565,0.009478105886434829,0.29957033681316836
4580,rho_a,2.9523,2.9419028992581575,0.010397100741842635,0.352169520097521
4581,rho_a,2.8187,2.829421376529365,0.010721376529364779,0.38036600309933566
4582,rho_a,2.6237,2.6226829676071546,0.0010170323928453406,0.03876328821301799
4583,rho_a,2.8817,2.877490464216149,0.004209535783850971,0.1460782102179099
4584,rho_a,2.9131,2.9024177870347776,0.010682212965222426,0.36669571814282925
4585,rho_a,2.9024,2.8821830551514127,0.02021694484858738,0.6965595661721476
4586,rho_a,2.897,2.8793701851594635,0.017629814840536273,0.6085541884891332
4587,rho_a,2.7648,2.777310202621466,0.012510202621466071,0.4524812869452237
4588,rho_a,2.6124,2.6133931872380587,0.0009931872380586348,0.03801819162678972
4589,rho_a,2.8575,2.859629938296278,0.0021299382962780555,0.07453852305432407
4590,rho_a,3.1487,3.1413419313538764,0.007358068646123428,0.2336859226385839
4591,rho_a,2.9778,2.9612691348995748,0.016530865100425007,0.5551368493659566
4592,rho_a,2.7616,2.7759481566668054,0.014348156666805334,0.5195595548522646
4593,rho_a,1.7103,1.7584056699684931,0.04810566996849319,2.81270361740426
4594,rho_a,2.864,2.8442570949002586,0.019742905099741304,0.6893472451024585
4595,rho_a,2.856,2.838163739447288,0.017836260552711813,0.6245189269154611
4597,rho_a,2.65,2.63575125969848,0.014248740301519902,0.537688313264699
4599,rho_a,2.896,2.8462468229751967,0.0497531770248032,1.7179964442260365
4601,rho_a,2.822,2.8197910125141905,0.002208987485809555,0.07827737369981475
4602,rho_a,2.81,2.806406504247361,0.0035934957526388978,0.1278824111258939
4603,rho_a,2.766,2.7657544569409502,0.0002455430590497798,0.008877189408882538
4604,rho_a,3.589,3.6018100259197556,0.012810025919755663,0.3569246564433573
4605,rho_a,4.691,4.688183531025431,0.0028164689745686644,0.060039841708976
4606,rho_a,4.386,4.415199563335394,0.02919956333539364,0.6657447180890785
4607,rho_a,3.981,3.9843233298218204,0.0033233298218204865,0.08347977447424396
4608,rho_a,3.62,3.6232450451335323,0.0032450451335321873,0.08964213076053289
4609,rho_a,3.359,3.346925503142189,0.012074496857811035,0.3594670097590783
4610,rho_a,4.975,4.981508387766282,0.006508387766282375,0.13082186464886567
4611,rho_a,4.2642,4.238666416171107,0.025533583828893036,0.5987895461959347
4612,rho_a,5.4069,5.3535977808443445,0.053302219155655806,0.9858184755709546
4613,rho_a,5.25,5.21371058918044,0.03628941081955972,0.6912268727533868
4614,rho_a,3.4994,3.480856673911276,0.01854332608872422,0.5299001568474287
4615,rho_a,6.789,6.766392411082692,0.02260758891730763,0.33300322458836795
4616,rho_a,6.112,6.102791716247424,0.009208283752576207,0.15065909281044995
4617,rho_a,6.255,6.277052239897234,0.02205223989723404,0.35255379531943265
4619,rho_a,6.449,6.480076785557316,0.031076785557315745,0.4818853397008982
4622,rho_a,6.767,6.691081595160389,0.07591840483961132,1.1218916039544864
4623,rho_a,6.789,6.766392411082692,0.02260758891730763,0.33300322458836795
4624,rho_a,6.112,6.101421836511865,0.010578163488134784,0.17307204659903555
4625,rho_a,7.261,7.269346594222578,0.008346594222578219,0.11495102909485014
4626,rho_a,6.823,6.7953693471358,0.0276306528642003,0.40496340120469365
4627,rho_a,6.335,6.312154172521934,0.02284582747806585,0.3606286894721743
4628,rho_a,6.134,6.151280456522254,0.017280456522253296,0.2817159524331672
4629,rho_a,6.366,6.341346199772412,0.024653800227588007,0.3872730164559242
4630,rho_a,6.145,6.235681849356385,0.09068184935638524,1.475701372764369
4631,rho_a,3.0918,3.1044944816516367,0.012694481651636558,0.4105854729165034
4632,rho_a,3.5064,3.490416148763828,0.015983851236172075,0.4558479134202463
4633,rho_a,4.1049,4.112248503439126,0.007348503439126297,0.17901784304427654
4634,rho_a,4.2805,4.262636058634594,0.017863941365406255,0.417333053741434
4635,rho_a,4.8425,4.819467009281269,0.02303299071873166,0.47564255485238827
4636,rho_a,5.451,5.36353791563039,0.08746208436960945,1.6045144811886518
4637,rho_a,6.089,6.119921033934817,0.030921033934816933,0.5078179329087182
4638,rho_a,6.802,6.782357346145924,0.01964265385407593,0.28877762208281454
4639,rho_a,6.691,6.693006971900031,0.0020069719000312958,0.029995096398610012
4640,rho_a,6.585,6.692824670979652,0.1078246709796522,1.6374285646110225
4641,rho_a,6.487,6.4598150213517,0.027184978648300273,0.41906857789881424
4642,rho_a,6.414,6.455814557033201,0.04181455703320136,0.6519263647208425
4643,rho_a,6.333,6.316116847126888,0.016883152873112373,0.266590129055893
4644,rho_a,6.278,6.284740070672246,0.006740070672246468,0.10736015725143985
4645,rho_a,6.226,6.240849041661613,0.014849041661612716,0.23850050853855334
4646,rho_a,6.193,6.22312292999168,0.030122929991680536,0.4864028740784058
4647,rho_a,6.153,6.2385310953310835,0.08553109533108394,1.3900714339520566
4648,rho_a,6.143,6.238293510807677,0.0952935108076769,1.5512536351564608
4649,rho_a,2.7813,2.8043793839052515,0.02307938390525166,0.829805627053657
4650,rho_a,4.2829,4.2374831620701245,0.045416837929875165,1.06042256251289
4651,rho_a,6.249,6.26612544292256,0.01712544292256002,0.27405093491050214
4653,rho_a,6.77966,6.698514664554452,0.08114533544554803,1.1968938773557385
4654,rho_a,6.14778,6.217199244798573,0.06941924479857331,1.1291758130343315
4655,rho_a,9.4831,9.377841292095917,0.10525870790408298,1.1099609611210668
4656,rho_a,8.0493,8.052711875584485,0.003411875584484747,0.04238723347973517
4657,rho_a,8.6857,8.900472987183335,0.21477298718333415,2.4727193799383977
4658,rho_a,7.0844,7.081238974051399,0.003161025948601015,0.04461952950991713
4659,rho_a,6.4802,6.442689830925504,0.03751016907449589,0.5788427683480464
4660,rho_a,6.1828,6.216131905872665,0.033331905872664436,0.5391069721268525
4661,rho_a,5.63,5.546182502956226,0.08381749704377395,1.4887654892319548
4662,rho_a,9.4831,9.377841292095917,0.10525870790408298,1.1099609611210668
4663,rho_a,7.26,7.269346594222578,0.009346594222578553,0.1287409672531304
4664,rho_a,7.845,7.742977262492892,0.10202273750710766,1.3004810389687018
4665,rho_a,4.012,4.008394404958061,0.0036055950419386917,0.08987026525268678
4666,rho_a,3.5489,3.5125298468444845,0.03637015315551562,1.024828909112834
4667,rho_a,3.442,3.428041065721111,0.013958934278889057,0.40554718997341666
4668,rho_a,4.1844,4.191138403051445,0.006738403051445019,0.16103630273022196
4669,rho_a,3.07907,3.138696718724204,0.059626718724203887,1.9365171536920083
4670,rho_a,3.739,3.735720218014434,0.0032797819855656662,0.08771815954974028
4671,rho_a,3.0863,3.1044944816516367,0.018194481651636618,0.5895240790471025
4672,rho_a,3.2688,3.288836005111735,0.020036005111734756,0.6129468034669795
4673,rho_a,3.3996,3.402608117883357,0.0030081178833571975,0.08848446532993036
4674,rho_a,3.5833,3.5468642776367387,0.0364357223632612,1.0168203154424982
4675,rho_a,3.7373,3.7480397937052925,0.010739793705292655,0.28736771747758494
4676,rho_a,3.9667,3.9636825079958924,0.0030174920041075026,0.07607058774565109
4677,rho_a,3.786,3.7784949526231357,0.0075050473768643045,0.1982315736096757
4678,rho_a,3.7863,3.778808985114625,0.007491014885375069,0.19784525487608193
4679,rho_a,3.7845,3.777618401631337,0.006881598368662978,0.18183639499699192
4680,rho_a,3.7373,3.7480397937052925,0.010739793705292655,0.28736771747758494
4681,rho_a,7.465,7.450039350866545,0.01496064913345485,0.20041057111122368
4682,rho_a,7.053,7.041162550572464,0.011837449427535951,0.16783566464673574
4683,rho_a,6.645,6.684806462524799,0.03980646252479936,0.599043830320442
4684,rho_a,6.286,6.289315681015249,0.003315681015249261,0.052747073102906994
4685,rho_a,5.926,5.851823801712751,0.0741761982872493,1.2517076997508738
4686,rho_a,5.545,5.490263688756347,0.05473631124365319,0.9871291477663358
4687,rho_a,5.208,5.214574247998668,0.00657424799866746,0.12623364052738473
4688,rho_a,4.829,4.765330232842933,0.06366976715706674,1.3184876197360438
4689,rho_a,4.474,4.443513976427827,0.030486023572173337,0.6814041924936639
4690,rho_a,4.123,4.091247763817675,0.031752236182325255,0.7701245739102002
4691,rho_a,3.724,3.735379758204582,0.011379758204581591,0.3055788991562442
4692,rho_a,2.503,2.5048247896142923,0.0018247896142922215,0.0729040996520772
4693,rho_a,3.121,3.126512029648834,0.005512029648834016,0.17661101085652833
4694,rho_a,3.9667,3.9636825079958924,0.0030174920041075026,0.07607058774565109
4695,rho_a,3.8244,3.7920352529074783,0.03236474709252146,0.8462699271130897
4696,rho_a,3.5802,3.5414179243429627,0.038782075657037396,1.08323768663836
4697,rho_a,3.3805,3.38357054541879,0.0030705454187898162,0.0908311024638044
4698,rho_a,3.0863,3.1044944816516367,0.018194481651636618,0.5895240790471025
4699,rho_a,5.2508,5.267109412267928,0.016309412267927925,0.3106081410056528
4700,rho_a,5.0411,5.037010854149014,0.004089145850985965,0.0811161423297525
4701,rho_a,4.3583,4.360204608178238,0.0019046081782381208,0.04370071308165303
4702,rho_a,4.2313,4.209214120575233,0.022085879424767363,0.5219643945067034
4703,rho_a,4.188,4.1930343570573125,0.0050343570573128105,0.12020909878967546
4704,rho_a,4.107,4.1058967759466185,0.0011032240533817017,0.026862041718564232
4705,rho_a,3.7796,3.7932006948693138,0.013600694869313923,0.35984482139142565
4706,rho_a,3.6548,3.6781255545097102,0.02332555450971041,0.6382169888832229
4707,rho_a,3.952,3.9578452506952724,0.005845250695272419,0.14790614107466954
4708,rho_a,3.4798,3.4406009344946287,0.03919906550537133,1.1264746682384064
4709,rho_a,3.6618,3.669518165523224,0.00771816552322413,0.2107751795079475
4710,rho_a,3.6541,3.6734534032226813,0.019353403222681198,0.5296352924844941
4711,rho_a,3.6704,3.680772228444222,0.010372228444222031,0.28259122831896266
4712,rho_a,2.9855,2.990245190541885,0.004745190541885158,0.15894123402725066
4713,rho_a,3.1751,3.1843126377364643,0.009212637736464302,0.2901526798041448
4714,rho_a,3.9899,3.985285960153136,0.004614039846864149,0.11564299473327633
4715,rho_a,2.8369,2.838075560877611,0.0011755608776109483,0.04143822050867263
4716,rho_a,2.9672,2.9343823406116605,0.03281765938833958,1.1060144037587125
4717,rho_a,2.9991,3.000810147489563,0.0017101474895633295,0.05702202292563634
4718,rho_a,3.0671,3.1128651103271285,0.0457651103271286,1.492129709729506
4719,rho_a,3.0167,3.0334345608577578,0.016734560857757597,0.5547306943929475
4720,rho_a,3.1167,3.1429734899290613,0.026273489929061533,0.8429906609251164
4721,rho_a,3.0348,3.0293057736049525,0.005494226395047708,0.18104080647969872
4722,rho_a,3.0865,3.1089183318826934,0.022418331882693376,0.7263350682872546
4723,rho_a,3.0757,3.113460936465505,0.03776093646550516,1.2277184532136711
4724,rho_a,2.9747,2.9938184388835944,0.019118438883594546,0.6427014113553676
4725,rho_a,3.9953,3.958554310747812,0.03674568925218802,0.91972290571869
4726,rho_a,3.9499,3.9338637938694525,0.01603620613054746,0.4059901802714853
4728,rho_a,3.1366,3.1340536438524396,0.0025463561475604912,0.08118204895618437
4729,rho_a,5.807,5.793973910049277,0.013026089950723296,0.2243170303206656
4730,rho_a,5.239,5.269382512423764,0.03038251242376422,0.579929612974965
4731,rho_a,4.724,4.727923418255353,0.003923418255352473,0.08305288432158431
4732,rho_a,4.2164,4.2049891698765345,0.011410830123465665,0.270629687018854
4733,rho_a,3.662,3.676702166231281,0.014702166231280955,0.40147914339915186
4734,rho_a,3.109,3.1239680910111733,0.014968091011173357,0.4814439051517704
4735,rho_a,2.573,2.6207170040756678,0.04771700407566781,1.8545279469743206
4736,rho_a,4.387,4.395583402472517,0.00858340247251732,0.19565540169854947
4737,rho_a,4.448,4.466012842957783,0.018012842957782382,0.40496499455436896
4738,rho_a,5.266,5.2942953782030875,0.028295378203087473,0.5373220319613008
4739,rho_a,5.053,5.0172588207315885,0.03574117926841147,0.7073259305047377
4740,rho_a,4.857,4.896966359249621,0.039966359249620886,0.8228610098746686
4741,rho_a,4.78,4.7749674289275195,0.005032571072480785,0.10528391365020359
4742,rho_a,4.476,4.501147284738707,0.025147284738706865,0.5618249494794738
4743,rho_a,4.448,4.467877035683641,0.019877035683640187,0.4468758022400116
4744,rho_a,3.4755,3.4551419928686817,0.02035800713131808,0.5857576501600409
4745,rho_a,2.8924,2.8672376733423706,0.025162326657629297,0.8699462957274443
4746,rho_a,3.0459,3.035025260395124,0.010874739604875838,0.3570287798309947
4747,rho_a,3.1255,3.1285007624379504,0.003000762437950222,0.0960090365685254
4748,rho_a,3.1368,3.142276849595473,0.005476849595472899,0.1745998978408299
4749,rho_a,3.1742,3.1829378474330365,0.008737847433036627,0.2752771543391681
4750,rho_a,3.162,3.158090957648564,0.003909042351435854,0.12362562781260651
4751,rho_a,3.155,3.158086817272804,0.003086817272804243,0.09783889929645848
4752,rho_a,3.2232,3.2021862540645416,0.02101374593545824,0.6519529019437739
4753,rho_a,3.2039,3.196494501186785,0.007405498813215061,0.23114013587230406
4754,rho_a,3.2368,3.238420958038726,0.0016209580387260836,0.05007902986670732
4755,rho_a,3.2537,3.2517529476997957,0.0019470523002040885,0.05984117466894582
4756,rho_a,3.2664,3.2832706834989867,0.016870683498986683,0.5164916574510628
4757,rho_a,3.322,3.3283657174430443,0.006365717443044261,0.19162304163282193
4758,rho_a,3.278,3.31747463236141,0.039474632361410134,1.2042291751494232
4759,rho_a,3.2903,3.317311949753963,0.02701194975396337,0.8209570481097518
4760,rho_a,3.2753,3.3031384277329336,0.027838427732933546,0.8499504696646123
4761,rho_a,3.3765,3.381283177412947,0.00478317741294676,0.14166081483623108
4762,rho_a,3.2607,3.284435529542418,0.0237355295424182,0.7279274248600276
4763,rho_a,3.3111,3.324639665572714,0.013539665572714021,0.408917446549785
4765,rho_a,3.3675,3.373193022441213,0.005693022441212836,0.1690578304739761
4766,rho_a,3.4081,3.437546952290044,0.029446952290043793,0.8640284114326209
4768,rho_a,3.4755,3.4551419928686817,0.02035800713131808,0.5857576501600409
4769,rho_a,2.8922,2.867743336138915,0.024456663861085026,0.8456076295234275
4770,rho_a,5.266,5.2942953782030875,0.028295378203087473,0.5373220319613008
4772,rho_a,4.016,4.0049136280979205,0.011086371902079506,0.27605507724294687
4773,rho_a,2.822,2.8293912546788897,0.0073912546788896805,0.26191547409238347
4774,rho_a,2.997,2.998866097593296,0.0018660975932962565,0.062265518628482945
4775,rho_a,3.114,3.1264197138406917,0.012419713840691848,0.39883474119100387
4776,rho_a,3.226,3.193228892039743,0.03277110796025706,1.0158433961638842
4777,rho_a,3.332,3.332336736718266,0.00033673671826628393,0.01010614400558772
4778,rho_a,3.455,3.4334195876438423,0.02158041235615782,0.6246139611042423
4779,rho_a,3.571,3.557668283347753,0.013331716652247305,0.3733328662067648
4780,rho_a,3.697,3.7042587323407754,0.007258732340775342,0.19634115068361857
4781,rho_a,3.802,3.797595792993657,0.004404207006343253,0.11583921636880837
4782,rho_a,3.983,3.982869761449791,0.0001302385502088832,0.003269860663039179
4783,rho_a,4.072,4.061232916512584,0.010767083487416507,0.2644175709089848
4784,rho_a,3.0185,3.0369271982877875,0.018427198287787494,0.6104753449654262
4785,rho_a,2.2496,2.257141804173637,0.0075418041736368124,0.33525089676535647
4786,rho_a,2.3973,2.4578855971425813,0.06058559714258127,2.5272430293478494
4787,rho_a,2.5408,2.5615804320861963,0.0207804320861964,0.8178696507473323
4788,rho_a,2.6807,2.686258731220313,0.005558731220312918,0.20736118253854757
4789,rho_a,2.8181,2.841165263803169,0.02306526380316898,0.8184686066200914
4790,rho_a,2.9537,2.939255710395683,0.014444289604317095,0.48902358412540897
4791,rho_a,5.111,5.068417208499073,0.042582791500926476,0.8331596850111161
4792,rho_a,4.39,4.395013058093886,0.00501305809388608,0.11419266728667286
4793,rho_a,3.3896,3.390728510284377,0.0011285102843769934,0.033293317334690244
4794,rho_a,4.784,4.7535853693580155,0.030414630641984353,0.6357573294727842
4795,rho_a,4.803,4.764083982731013,0.038916017268986636,0.8102439572970754
4796,rho_a,4.811,4.7909011091165254,0.020098890883474496,0.41776950495677234
4797,rho_a,4.823,4.820977836867294,0.0020221631327066447,0.04192749601298414
4798,rho_a,7.108,7.079077714547573,0.0289222854524267,0.40689765689958685
4799,rho_a,7.28,7.211147739187638,0.06885226081236251,0.9457728133564979
4800,rho_a,2.237,2.252828223661343,0.015828223661342733,0.7075647591120097
4801,rho_a,3.15,3.142850811824388,0.0071491881756120534,0.22695835478126297
4802,rho_a,9.1846,9.11971051911528,0.06488948088471957,0.7065030691016757
4803,rho_a,6.7994,6.809914757291544,0.01051475729154383,0.1546424286193235
4804,rho_a,7.2682,7.293388706502275,0.02518870650227445,0.3465604482852836
4805,rho_a,6.959,7.023495850271166,0.06449585027116633,0.9267976759758164
4807,rho_a,6.933,6.91698090574508,0.01601909425491943,0.2310557371255895
4809,rho_a,7.041,7.026733033322815,0.014266966677185522,0.20262699442101256
4811,rho_a,7.205,7.2494155812812355,0.04441558128123546,0.6164549796145634
4813,rho_a,7.362,7.391370998222977,0.029370998222977285,0.39895406442506515
4815,rho_a,7.482,7.658992011418608,0.17699201141860765,2.365570855634643
4817,rho_a,7.54,7.663930880186528,0.12393088018652776,1.6436456258158
4819,rho_a,7.505,7.693706447267288,0.1887064472672879,2.514409690436546
4821,rho_a,7.441,7.428936595011269,0.01206340498873093,0.16212074974773968
4823,rho_a,7.387,7.434032230879038,0.047032230879038295,0.6366891956008113
4824,rho_a,7.441,7.381533416561912,0.05946658343808764,0.7991746195145767
4825,rho_a,7.332,7.270557234234818,0.061442765765181484,0.8380082619363489
4826,rho_a,7.3071,7.269213340576514,0.0378866594234859,0.5184910487536877
4827,rho_a,7.7623,7.701090203386106,0.06120979661389381,0.7885523184350762
4828,rho_a,7.3122,7.269014604329973,0.04318539567002677,0.590593742923072
4829,rho_a,7.3009,7.287139800861762,0.013760199138238782,0.18847264225283042
4830,rho_a,7.3134,7.313591412811315,0.00019141281131496157,0.002617288967032234
4831,rho_a,7.3022,7.288872513570398,0.013327486429601798,0.18251330324559684
4832,rho_a,7.3071,7.291468261300201,0.015631738699799058,0.2139253424723477
4833,rho_a,7.3076,7.292041444712783,0.015558555287216613,0.2129092354153824
4834,rho_a,7.3083,7.292041444712783,0.016258555287216758,0.22246699351715904
4835,rho_a,7.2991,7.2863891812870945,0.012710818712905692,0.17414227388176556
4836,rho_a,7.2944,7.29556131403423,0.001161314034229477,0.015920624509614466
4837,rho_a,6.893,6.918741422389821,0.02574142238982091,0.37344294777045084
4838,rho_a,2.822,2.8293912546788897,0.0073912546788896805,0.26191547409238347
4839,rho_a,3.272,3.2890788572697027,0.01707885726970293,0.521969965455309
4840,rho_a,3.569,3.54184446854573,0.027155531454269966,0.7608722738655745
4841,rho_a,3.89,3.8794597439248006,0.010540256075199483,0.2709577397222821
4842,rho_a,4.344,4.3472068380962465,0.003206838096246223,0.07382223978465664
4843,rho_a,4.732,4.693397491572437,0.03860250842756319,0.8157757486803683
4844,rho_a,4.986,5.0168466894725325,0.030846689472532773,0.6186660544028597
4845,rho_a,5.405,5.342921459364072,0.06207854063592855,1.1485391422001305
4846,rho_a,5.833,5.809419784139283,0.02358021586071679,0.404255372204916
4847,rho_a,6.334,6.346503714526339,0.012503714526339138,0.1974062918588122
4848,rho_a,6.802,6.782357346145924,0.01964265385407593,0.28877762208281454
4849,rho_a,4.5411,4.549399054437552,0.0082990544375523,0.18275427622273177
4850,rho_a,4.8983,4.877889189993678,0.02041081000632161,0.41669170949752865
4851,rho_a,4.7904,4.716816816110077,0.07358318388992302,1.536055107922254
4852,rho_a,4.8895,4.883603380844097,0.005896619155903338,0.12059758985381187
4853,rho_a,5.0014,5.0356771696740115,0.034277169674011176,0.6853514950614692
4854,rho_a,5.0712,5.041076241940924,0.030123758059076522,0.5940163680996723
4855,rho_a,5.6258,5.5576794709234205,0.0681205290765794,1.2108594169107911
4856,rho_a,7.4014,7.360836976840777,0.040563023159222666,0.5480452773693786
4857,rho_a,5.6166,5.6060044292847895,0.010595570715210556,0.18864741507689117
4858,rho_a,5.579,5.5931112769227,0.014111276922700533,0.2529355963917907
4859,rho_a,5.767,5.791023900467547,0.024023900467546433,0.41657535057295414
4860,rho_a,5.7556,5.761660065849117,0.006060065849117002,0.10528990633671466
4861,rho_a,5.8015,5.798420395105998,0.0030796048940020526,0.05308290776525936
4862,rho_a,5.8514,5.81446841314011,0.03693158685988962,0.631158130701769
4863,rho_a,5.6166,5.6060044292847895,0.010595570715210556,0.18864741507689117
4864,rho_a,5.8041,5.800557521394715,0.0035424786052846713,0.06103407255705554
4865,rho_a,13.652,13.45057763901404,0.20142236098595845,1.4754055155723975
4866,rho_a,5.2508,5.267109412267928,0.016309412267927925,0.3106081410056528
4867,rho_a,7.784,7.647431494671813,0.13656850532818687,1.7544772010299245
4868,rho_a,2.856,2.838163739447288,0.017836260552711813,0.6245189269154611
4869,rho_a,3.007,3.0324939371451656,0.025493937145165457,0.8478196589676414
4870,rho_a,2.8817,2.877490464216149,0.004209535783850971,0.1460782102179099
4871,rho_a,4.113,4.100542234853031,0.01245776514696928,0.30288755523866395
4872,rho_a,2.8375,2.840952978434024,0.0034529784340242564,0.12169086992151681
4873,rho_a,4.856,4.848919494274319,0.0070805057256810855,0.1458094259818704
4874,rho_a,3.591,3.5956961797378053,0.004696179737805117,0.13077637810648313
4875,rho_a,6.943,6.921982950158795,0.02101704984120456,0.3027084810773662
4876,rho_a,4.28,4.252890715405947,0.027109284594053484,0.6333944998609147
0,rho_b,0.00271,0.002714153843972598,4.153843972597767e-06,0.15327837531605104
1,rho_b,0.0011,0.0010852763834803144,1.4723616519685687e-05,1.338510591481871
2,rho_b,1.45e-05,2.7294438599476806e-05,1.2794438599476806e-05,88.23750149725375
3,rho_b,0.000423,0.00042591508334515534,2.915083345155357e-06,0.68914499722551
4,rho_b,0.000391,0.00038717496292220747,3.825037077792549e-06,0.9782703498746407
5,rho_b,0.000673,0.0006752172094737497,2.217209473749757e-06,0.32945163008250233
7,rho_b,0.000583,0.0005894963846181714,6.4963846181714455e-06,1.114302677020312
8,rho_b,0.000652,0.0006535008544816638,1.5008544816637933e-06,0.23019240481010264
9,rho_b,0.000777,0.0007834533396526116,6.453339652611606e-06,0.8305456427678442
10,rho_b,0.000682,0.0006745563637472083,7.443636252791653e-06,1.0914422642048724
11,rho_b,0.000433,0.00043926922981255787,6.269229812557863e-06,1.447859075768885
12,rho_b,0.0005,0.0004937078188433541,6.292181156645864e-06,1.2584362288123003
13,rho_b,0.000288,0.0002978607440021476,9.860744002147587e-06,3.423869433301699
14,rho_b,0.000524,0.000518561783782983,5.438216217017026e-06,1.0378275203509066
15,rho_b,0.000543,0.0005480083313918223,5.008331391822326e-06,0.9223446376793517
16,rho_b,0.000636,0.0006361781964879372,1.7819648793723254e-07,0.02801831566934739
17,rho_b,0.00093,0.0009290896067248229,9.103932751771977e-07,0.09789174991379355
23,rho_b,0.000578,0.0005837055396693727,5.705539669372721e-06,0.9871175881490564
24,rho_b,0.000751,0.0007455696312686097,5.430368731390318e-06,0.7230850498215002
25,rho_b,0.0014,0.001400059490922246,5.949092224595033e-08,0.004249351585961201
26,rho_b,0.000759,0.0007634159823069643,4.4159823069643035e-06,0.5818158499533788
27,rho_b,0.00152,0.001523152130668887,3.1521306688869245e-06,0.207377017553497
28,rho_b,0.00229,0.002281951323954548,8.048676045451907e-06,0.35147056951690836
30,rho_b,0.000992,0.0009887208314410824,3.279168558917604e-06,0.33056134633185386
31,rho_b,0.00747,0.007452372218399227,1.7627781600772913e-05,0.23598101202694916
32,rho_b,0.00123,0.0012434503495919393,1.3450349591939302e-05,1.0935243561791919
33,rho_b,0.001,0.0010061093853239943,6.109385323994302e-06,0.6109385317884917
34,rho_b,0.00079,0.0007949075268182458,4.907526818245778e-06,0.6212059255738884
35,rho_b,0.000662,0.0006625629860655831,5.629860655830942e-07,0.08504321219526617
36,rho_b,0.00061,0.0006091076064009794,8.923935990206222e-07,0.14629403238650523
41,rho_b,0.000554,0.0005516141662091962,2.3858337908038004e-06,0.43065591814029625
42,rho_b,0.000559,0.0005569555866985498,2.0444133014502295e-06,0.3657268869039285
43,rho_b,0.000558,0.000556907310699284,1.0926893007159617e-06,0.19582245497450484
44,rho_b,0.000568,0.0005687006962788262,7.006962788261165e-07,0.12336202070290427
45,rho_b,0.000575,0.0005711670090110179,3.832990988982118e-06,0.6666071273593125
46,rho_b,0.000581,0.0005756105249140246,5.389475085975401e-06,0.9276204951289493
47,rho_b,0.000394,0.00039505783028220376,1.0578302822037756e-06,0.2684848425174942
48,rho_b,0.000539,0.0005347173028570262,4.282697142973758e-06,0.7945634758864794
49,rho_b,0.000601,0.0005950805980382086,5.919401961791389e-06,0.9849254495743985
50,rho_b,0.000509,0.0005085094647027384,4.905352972616123e-07,0.09637235683652037
51,rho_b,0.000556,0.0005540785165798643,1.921483420135625e-06,0.3455905425682949
53,rho_b,0.000571,0.0005727045747605534,1.7045747605534374e-06,0.29852447593138226
54,rho_b,0.000503,0.0005009027685348633,2.0972314651367206e-06,0.4169446244467742
57,rho_b,0.000555,0.0005539351529732027,1.0648470267973905e-06,0.19186432880698148
59,rho_b,0.000457,0.0004537103993279294,3.289600672070584e-06,0.7198250907816921
61,rho_b,0.000552,0.0005666915068773976,1.4691506877397638e-05,2.6615048642722083
62,rho_b,0.000533,0.0005316276338424839,1.372366157516118e-06,0.25747957878824057
64,rho_b,0.000606,0.0006037529702957654,2.2470297042345494e-06,0.37079698028491415
66,rho_b,0.000584,0.0005832243510766079,7.756489233920775e-07,0.13281659624382047
67,rho_b,0.00118,0.0011775624233835865,2.43757661641357e-06,0.20657428935151076
69,rho_b,0.000789,0.0007943582534049426,5.358253404942658e-06,0.6791195688404895
70,rho_b,0.000825,0.0008399714045607113,1.4971404560711337e-05,1.8147157021289915
72,rho_b,0.000796,0.0008032514953206343,7.2514953206342285e-06,0.9109918733070741
74,rho_b,0.00108,0.0010887702156233323,8.770215623332299e-06,0.8120570014084934
75,rho_b,0.000953,0.0009550079638952867,2.0079638952867716e-06,0.21069925426860223
77,rho_b,0.000893,0.0008893556361118221,3.6443638881779664e-06,0.4081034584655019
78,rho_b,0.000892,0.0008849693625898961,7.030637410103857e-06,0.7881880495764548
79,rho_b,0.000798,0.0008067419541512046,8.741954151204596e-06,1.0954829749686426
80,rho_b,0.000736,0.0007397800445396057,3.780044539605722e-06,0.513593007400787
81,rho_b,0.000787,0.0007890832557486135,2.083255748613422e-06,0.264708481063067
82,rho_b,0.000778,0.0007777736962617312,2.2630373826889195e-07,0.029087884058870576
84,rho_b,0.000833,0.0008361551910619177,3.1551910619177174e-06,0.3787744367502969
85,rho_b,0.000724,0.0007295227141398484,5.522714139848377e-06,0.7628058193674474
86,rho_b,0.000682,0.0006822086329721032,2.0863297210324799e-07,0.030591344838318848
87,rho_b,0.000698,0.0006946379667473896,3.3620332526104356e-06,0.48166665441171475
88,rho_b,0.000676,0.0006750544444404194,9.455555595805701e-07,0.13987508257127504
89,rho_b,0.000677,0.0006750778909537477,1.9221090462522928e-06,0.28391566372424465
90,rho_b,0.000633,0.0006376738560642757,4.673856064275742e-06,0.7383658857649421
91,rho_b,0.000619,0.0006114232408654483,7.576759134551685e-06,1.224032168386327
92,rho_b,0.000624,0.0006255869475058559,1.5869475058559283e-06,0.25431851014627294
93,rho_b,0.000635,0.000635505548635159,5.05548635158933e-07,0.07961395816736905
94,rho_b,0.000634,0.000634857476715814,8.57476715814009e-07,0.1352486931327322
95,rho_b,0.00058,0.0005825211641284439,2.5211641284439206e-06,0.43468346967191135
97,rho_b,0.000524,0.0005278689430950334,3.868943095033353e-06,0.7383479174904339
98,rho_b,0.000549,0.0005539796048864453,4.979604886445302e-06,0.907031853802365
99,rho_b,0.000589,0.0005853676237068923,3.6323762931077253e-06,0.616702255847318
101,rho_b,0.000627,0.0006307431987946375,3.743198794637498e-06,0.5970014017013531
103,rho_b,0.000654,0.0006487990012214939,5.200998778506099e-06,0.7952597508491593
104,rho_b,0.000578,0.0005717782938590521,6.221706140947846e-06,1.0764197457065137
106,rho_b,0.000561,0.0005582385896813047,2.7614103186952496e-06,0.49223000245507126
108,rho_b,0.000528,0.0005243475820248282,3.6524179751718736e-06,0.6917458273209119
110,rho_b,0.000507,0.0005079336738372129,9.336738372129694e-07,0.1841565750239455
112,rho_b,0.000489,0.00048431825738373387,4.681742616266093e-06,0.9574115760106293
113,rho_b,0.000453,0.0004485897715662291,4.410228433770916e-06,0.9735603585066914
114,rho_b,0.000469,0.0004751976750717115,6.197675071711471e-06,1.3214658973340752
115,rho_b,0.000476,0.00047914335017044875,3.143350170448729e-06,0.660367681480053
116,rho_b,0.000483,0.0004899163885593451,6.916388559345167e-06,1.4319645020756775
117,rho_b,0.000501,0.0004936253195567627,7.374680443237333e-06,1.4719921015004813
118,rho_b,0.000524,0.000524750630603792,7.506306037919405e-07,0.14325011495409146
127,rho_b,0.000148,0.00014149725381335302,6.5027461866469765e-06,4.393747393722637
130,rho_b,0.000239,0.0002255134304616907,1.3486569538309308e-05,5.642916101205082
135,rho_b,0.000424,0.0004240783884160441,7.838841604410106e-08,0.01848783392906196
139,rho_b,0.000488,0.0004798540759850801,8.145924014919901e-06,1.6692467209482447
141,rho_b,0.00069,0.0007107054490101408,2.0705449010140794e-05,3.0007897072656373
142,rho_b,0.00092,0.0009210519807771802,1.0519807771801337e-06,0.11434573652572569
143,rho_b,0.000844,0.0008394169696373471,4.583030362652883e-06,0.5430130755003261
144,rho_b,0.00104,0.001033609121591748,6.3908784082519505e-06,0.6145075386641227
145,rho_b,0.00112,0.0011213443604565318,1.3443604565319383e-06,0.12003218351175148
146,rho_b,0.00104,0.0010368533360595204,3.146663940479513e-06,0.30256384013979565
147,rho_b,0.00169,0.0016848850897587444,5.114910241255707e-06,0.3026574105461025
148,rho_b,0.00128,0.0012746012435600306,5.398756439969465e-06,0.42177784654310047
150,rho_b,0.00117,0.0011739243462424193,3.924346242419269e-06,0.33541420846710485
152,rho_b,0.00127,0.00126213454914291,7.865450857090072e-06,0.6193268386532916
154,rho_b,0.000729,0.0007234422199715654,5.55778002843464e-06,0.7623840906462002
155,rho_b,0.00132,0.0013112577822543983,8.742217745601666e-06,0.6622892226499071
156,rho_b,0.00125,0.0012366892710165547,1.3310728983445324e-05,1.0648583178237392
157,rho_b,0.0013,0.001279722344654924,2.0277655345075918e-05,1.5598196407290557
158,rho_b,0.000912,0.0009206067396813703,8.606739681370277e-06,0.9437214552558183
159,rho_b,0.00101,0.0010101778348117737,1.778348117736049e-07,0.01760740708886444
160,rho_b,0.0009,0.0009136494718132771,1.3649471813277159e-05,1.5166079775678978
161,rho_b,0.000562,0.0005725939479157215,1.0593947915721541e-05,1.885044109763541
162,rho_b,0.0006,0.0006033925206431637,3.392520643163738e-06,0.5654201062515896
163,rho_b,0.000683,0.0006867450449638609,3.7450449638608534e-06,0.5483228343159041
164,rho_b,0.000775,0.000779307143108638,4.307143108638056e-06,0.5557604003974778
165,rho_b,0.00075,0.0007411576082451827,8.842391754817287e-06,1.178985565736991
166,rho_b,0.000755,0.000760086946098403,5.0869460984029205e-06,0.6737676942602971
167,rho_b,0.000798,0.0007969288486606263,1.0711513393737082e-06,0.13422949098138012
168,rho_b,0.000635,0.000636513191235795,1.5131912357949648e-06,0.2382978320333837
169,rho_b,0.000567,0.0005666998623621712,3.001376378288217e-07,0.052934327566045575
170,rho_b,0.00103,0.0010230283047037222,6.971695296277948e-06,0.6768636203407099
171,rho_b,0.00108,0.0010778061292490775,2.193870750922481e-06,0.2031361804528814
172,rho_b,0.000881,0.0008701429510239857,1.0857048976014292e-05,1.2323551604643292
173,rho_b,0.00116,0.0011569628483880322,3.037151611967777e-06,0.2618234145990985
174,rho_b,0.00138,0.0013650322608767021,1.4967739123297784e-05,1.0846187762646085
175,rho_b,0.000101,0.00012350836051607146,2.250836051607146e-05,22.285505240808327
176,rho_b,0.000285,0.00029890685807719116,1.3906858077191169e-05,4.879599308208833
177,rho_b,0.0006,0.0005963435098600736,3.6564901399263605e-06,0.6094150223053685
179,rho_b,0.000564,0.0005640758679231965,7.58679231964085e-08,0.013451759408136685
181,rho_b,0.000588,0.0005865756814570562,1.4243185429437368e-06,0.24223104430636502
182,rho_b,0.000656,0.0006603754823860976,4.375482386097577e-06,0.6669942651566515
183,rho_b,0.000632,0.0006411298358218724,9.129835821872407e-06,1.4445942733269723
184,rho_b,0.000794,0.0007947520395292905,7.520395292904538e-07,0.09471530583668776
185,rho_b,0.000734,0.0007440262257551356,1.0026225755135616e-05,1.3659708094653826
186,rho_b,0.00074,0.00074619427513941,6.1942751394100095e-06,0.8370642068972118
187,rho_b,0.000929,0.0009238035961386881,5.196403861311969e-06,0.5593545592807776
188,rho_b,0.000892,0.0008908557597482991,1.144240251700927e-06,0.12827805497961284
189,rho_b,0.000851,0.0008465985807159663,4.401419284033722e-06,0.517205555682922
190,rho_b,0.000822,0.0008301318321662511,8.131832166251036e-06,0.9892739849584301
191,rho_b,0.001017,0.001012770161407129,4.229838592870834e-06,0.41591333222337273
192,rho_b,0.001084,0.001088725368817658,4.725368817658183e-06,0.43591963222315383
193,rho_b,0.000551,0.0005545640272345312,3.564027234531208e-06,0.6468288980150488
194,rho_b,0.00059,0.0005929517196728335,2.9517196728334315e-06,0.5002914691238164
195,rho_b,0.000569,0.0005667351640003457,2.2648359996542454e-06,0.3980379605753719
196,rho_b,0.000558,0.000559822207970163,1.8222079701629658e-06,0.32656056754432977
197,rho_b,0.000561,0.000559456200275684,1.5437997243159668e-06,0.2751871161433326
198,rho_b,0.000566,0.0005665231408081933,5.231408081933335e-07,0.0924277044644976
199,rho_b,0.000559,0.0005584142796700791,5.857203299209236e-07,0.104780023054226
200,rho_b,0.000569,0.0005671712610611478,1.828738938852107e-06,0.32139524352164406
201,rho_b,0.000541,0.0005337264406714623,7.273559328537719e-06,1.3444656774663701
202,rho_b,0.00092,0.0009209121494794116,9.121494794115358e-07,0.099146682436964
205,rho_b,0.000866,0.0008696794498585703,3.6794498585702388e-06,0.42487873606483273
209,rho_b,0.000838,0.0008387438644255135,7.43864425513472e-07,0.08876663778350903
214,rho_b,0.000444,0.00043677319029498013,7.226809705019872e-06,1.6276598398070437
216,rho_b,0.000434,0.00043413340517151083,1.3340517151085116e-07,0.03073851871047603
218,rho_b,0.000514,0.0005206927559590409,6.6927559590408995e-06,1.3020925965019403
220,rho_b,0.000527,0.0005263267454530603,6.732545469397043e-07,0.12775228570439875
222,rho_b,0.000474,0.00047628535128370163,2.285351283701654e-06,0.4821416200169278
224,rho_b,0.000482,0.0004825132984275042,5.132984275041711e-07,0.10649344946872129
226,rho_b,0.000419,0.00042180863344737845,2.808633447378458e-06,0.6703182435979178
227,rho_b,0.000429,0.0004332575662582075,4.257566258207503e-06,0.9924396849144769
229,rho_b,0.000531,0.0005324525031098306,1.452503109830583e-06,0.2735410747825183
230,rho_b,0.000539,0.0005331102606964774,5.889739303522614e-06,1.0927160097579691
231,rho_b,0.000953,0.0009547361308735313,1.7361308735313165e-06,0.18217532756658586
232,rho_b,0.000846,0.0008420268321559247,3.973167844075224e-06,0.4696415885790554
233,rho_b,0.00107,0.001068637050011622,1.3629499883780882e-06,0.1273785034676919
234,rho_b,0.00104,0.0010338558771527233,6.14412284727665e-06,0.5907810424393115
235,rho_b,0.00101,0.0010182642232829224,8.26422328292233e-06,0.8182399281920724
236,rho_b,0.00101,0.00101447669646185,4.47669646185e-06,0.4432372730116462
237,rho_b,0.00099,0.000987985790816468,2.0142091835320935e-06,0.20345547287853927
238,rho_b,0.00098,0.000984712446260925,4.712446260924947e-06,0.4808618628690131
239,rho_b,0.00098,0.0009813109911664128,1.3109911664128601e-06,0.13377460868113408
240,rho_b,0.00097,0.0009668318257149264,3.1681742850736853e-06,0.32661590534098206
241,rho_b,0.00097,0.0009663544624361226,3.645537563877455e-06,0.3758286144452751
242,rho_b,0.00092,0.00092371946513648,3.7194651364800147e-06,0.40428968830838236
243,rho_b,0.00086,0.0008638115019437569,3.8115019437568983e-06,0.44319789992150227
244,rho_b,0.00085,0.0008387229335585972,1.1277066441402802e-05,1.3267136974277254
245,rho_b,0.00075,0.0007384011813033975,1.1598818696602516e-05,1.5465091574849898
251,rho_b,0.00113,0.0011338049973529589,3.8049973529589477e-06,0.3367254291674065
252,rho_b,0.00103,0.0010338260257988963,3.826025798896182e-06,0.3714588150661741
254,rho_b,0.000885,0.0008832333516469776,1.7666483530224706e-06,0.19962128260183704
256,rho_b,0.000785,0.0007874878382434157,2.4878382434156705e-06,0.3169220688212038
258,rho_b,0.000582,0.0005779827698224954,4.0172301775047e-06,0.6902457337804541
259,rho_b,0.000598,0.0005898933719301779,8.106628069822082e-06,1.3556234207802422
260,rho_b,0.000592,0.0005885236986606264,3.476301339373571e-06,0.5872130630914596
261,rho_b,0.000556,0.0005521827522024334,3.817247797566572e-06,0.6865553580397515
262,rho_b,0.000504,0.0005137119738744414,9.711973874441406e-06,1.926978939518178
263,rho_b,0.000644,0.000651114007120319,7.114007120318996e-06,1.1046594890174535
264,rho_b,0.000648,0.0006494861116158662,1.4861116158661593e-06,0.22933821197110757
265,rho_b,0.00088,0.0008804781202525751,4.78120252575087e-07,0.054331846821791874
266,rho_b,0.000936,0.0009406709144670458,4.670914467045837e-06,0.499029322869182
268,rho_b,0.000856,0.0008701168444761038,1.4116844476103844e-05,1.6491640723846033
271,rho_b,0.000952,0.0009598312421810749,7.83124218107481e-06,0.8226094719378901
272,rho_b,0.000974,0.0009810507851138654,7.050785113865395e-06,0.723899908277864
274,rho_b,0.000992,0.0009998567932281309,7.856793228130845e-06,0.7920154455857551
275,rho_b,0.00101,0.0010267644571209686,1.6764457120968523e-05,1.6598472380564406
276,rho_b,0.00162,0.0016304803180311137,1.0480318031113808e-05,0.6469332113978072
277,rho_b,0.00156,0.0015734273436178257,1.34273436178257e-05,0.8607271544370788
279,rho_b,0.00144,0.001448476259435926,8.476259435925967e-06,0.5886291270860886
280,rho_b,0.00148,0.0014826833491494223,2.6833491494223337e-06,0.18130737483846351
283,rho_b,0.00143,0.0014203965102224396,9.603489777560478e-06,0.6715727112478846
285,rho_b,0.00122,0.0012280327539483135,8.032753948313551e-06,0.6584224542401088
287,rho_b,0.00102,0.0010174138472268585,2.5861527731415278e-06,0.25354438927510625
289,rho_b,0.000771,0.0007752017485394694,4.201748539469459e-06,0.5449738695226615
292,rho_b,0.000569,0.0005585812420445043,1.041875795549567e-05,1.831064663828651
294,rho_b,0.000892,0.0008776144857362948,1.4385514263705193e-05,1.6127258125087371
295,rho_b,0.000944,0.000945798736756559,1.7987367565589852e-06,0.19054414773872286
296,rho_b,0.000985,0.0009850249107451058,2.4910745105794288e-08,0.0025290096528430652
297,rho_b,0.000989,0.0009846934740467238,4.306525953276302e-06,0.43544246197390063
298,rho_b,0.001115,0.0011112050946284042,3.7949053715959427e-06,0.34035025723699014
299,rho_b,0.001316,0.0013236159577452947,7.615957745294843e-06,0.5787201929717053
300,rho_b,0.001206,0.00119881250139173,7.187498608269985e-06,0.5959783252330184
301,rho_b,0.001312,0.0013117779730230641,2.2202697693590213e-07,0.016922787863313585
303,rho_b,0.001397,0.0013824492310020424,1.4550768997957653e-05,1.0415725832170313
305,rho_b,0.001456,0.001485865720488731,2.9865720488730972e-05,2.0512170651249177
306,rho_b,0.001537,0.0015364805243906167,5.194756093832974e-07,0.03379802270951966
308,rho_b,0.001665,0.0016476338217534434,1.7366178246556617e-05,1.0430137078754642
310,rho_b,0.001831,0.001839806939422009,8.806939422009025e-06,0.4809906836263855
312,rho_b,0.000647,0.0006454931921794776,1.5068078205223573e-06,0.23289147112727088
314,rho_b,0.000798,0.0008020498624218589,4.049862421858863e-06,0.5075015559879509
315,rho_b,0.000861,0.0008708905412703947,9.890541270394745e-06,1.1487272077709028
316,rho_b,0.000892,0.0009003011840762381,8.30118407623814e-06,0.9306260164721838
317,rho_b,0.000926,0.0009299105868153941,3.91058681539411e-06,0.4223095908392024
318,rho_b,0.00108,0.0010834505902177943,3.4505902177942374e-06,0.31949909394437465
319,rho_b,0.0011,0.0011046249869802525,4.624986980252465e-06,0.4204533614589029
320,rho_b,0.00128,0.0012725470330258585,7.452966974141623e-06,0.5822630443999213
321,rho_b,0.00131,0.0013188648745650132,8.864874565013212e-06,0.6767079815455063
323,rho_b,0.00155,0.001533838028475806,1.616197152419399e-05,1.0427078395978653
324,rho_b,0.00167,0.0017098876733171967,3.9887673317196655e-05,2.3884834307372347
325,rho_b,0.00208,0.0020526938555048323,2.7306144495167512e-05,1.3127954077903634
326,rho_b,0.00216,0.0021319891804122337,2.801081958776633e-05,1.2967972025369612
328,rho_b,0.00203,0.0020414001276935745,1.1400127693574416e-05,0.5615826447270241
329,rho_b,0.00227,0.0022475926768025594,2.2407323197440494e-05,0.9871067483510761
331,rho_b,0.00198,0.0019558809038010675,2.4119096198932464e-05,1.2181361710480354
333,rho_b,0.0022,0.002189080838738643,1.0919161261356992e-05,0.49632551165426075
334,rho_b,0.00227,0.0022917523511954514,2.175235119545151e-05,0.9582533562056817
335,rho_b,0.00215,0.0021422661599866397,7.733840013360305e-06,0.359713488826194
337,rho_b,0.001892,0.001901225358543771,9.22535854377092e-06,0.48759823144264997
339,rho_b,0.00167,0.0016788197562556113,8.819756255611273e-06,0.5281291167862264
340,rho_b,0.001614,0.0016374252724743067,2.3425272474306667e-05,1.4513799541383436
341,rho_b,0.00162,0.0016220471281650985,2.0471281650985725e-06,0.12636593603919216
342,rho_b,0.00051,0.0005105951018890924,5.951018890923681e-07,0.11668664469127482
343,rho_b,0.000512,0.0005232651485764753,1.1265148576475336e-05,2.200224327045526
344,rho_b,0.000528,0.0005280008117311422,8.117311421553669e-10,0.00015373695845037827
345,rho_b,0.000555,0.0005615257651585656,6.525765158565586e-06,1.1758135399653065
346,rho_b,0.00056,0.0005550896877454897,4.9103122545102315e-06,0.876841472453896
347,rho_b,0.000558,0.000556070464844582,1.9295351554180417e-06,0.34579483010037515
348,rho_b,0.000543,0.0005450929923927113,2.092992392711281e-06,0.38544979536957336
349,rho_b,0.000604,0.0005972258125161334,6.7741874838666205e-06,1.1215542173263373
350,rho_b,0.000779,0.0007803548231586601,1.3548231586601187e-06,0.17391824864196873
352,rho_b,0.00111,0.0011138056574231934,3.8056574231933125e-06,0.3428520197986299
353,rho_b,0.00119,0.001186737056996054,3.262943003946167e-06,0.2741968908574956
354,rho_b,0.00112,0.001120952886488552,9.528864885520807e-07,0.08507915068761512
355,rho_b,0.000981,0.0009868276576068117,5.827657606811585e-06,0.5940527625760507
356,rho_b,0.000957,0.0009609773234579747,3.977323457974766e-06,0.41560328671042146
357,rho_b,0.000901,0.0009115839094375892,1.0583909437589245e-05,1.1746847309481019
358,rho_b,0.000857,0.0008624428527844291,5.442852784429044e-06,0.6351053416660433
359,rho_b,0.000805,0.0008006665043275063,4.333495672493746e-06,0.5383224431193194
360,rho_b,0.00104,0.0010375776695502866,2.4223304497133537e-06,0.23291638917155674
362,rho_b,0.00148,0.0014824942271759946,2.4942271759946164e-06,0.16852886312900864
363,rho_b,0.00116,0.0011641220606931966,4.122060693196629e-06,0.3553500594519938
365,rho_b,0.0013,0.0012759693991804284,2.4030600819571583e-05,1.8485077539297312
366,rho_b,0.00082,0.0008266198894660002,6.619889466000228e-06,0.8073035924301455
367,rho_b,0.00119,0.0011826978256368249,7.302174363175203e-06,0.6136280972301615
368,rho_b,0.000961,0.0009644137168458313,3.413716845831246e-06,0.3552254778646193
369,rho_b,0.000896,0.0008996220245145891,3.6220245145891436e-06,0.4042438069806591
371,rho_b,0.000832,0.0008319972491887791,2.7508112208441196e-09,0.0003306263482617616
372,rho_b,0.000761,0.0007599734790931499,1.026520906850098e-06,0.13489105197124673
373,rho_b,0.000746,0.0007411034972300425,4.8965027699575045e-06,0.6563676626533281
374,rho_b,0.000607,0.000605693689341446,1.3063106585539663e-06,0.21520768639240354
376,rho_b,0.00052,0.0005228942420138034,2.8942420138034506e-06,0.556585001584154
378,rho_b,0.000515,0.0005239640436924555,8.964043692455447e-06,1.7405910048639877
380,rho_b,0.000505,0.0004971912497127022,7.808750287297776e-06,1.546287182541565
381,rho_b,0.00053,0.0005275289596524194,2.4710403475806204e-06,0.46623402696571326
382,rho_b,0.000325,0.000325346220167823,3.462201678230189e-07,0.10652928207930033
385,rho_b,0.00049,0.0004895375750813811,4.624249186188558e-07,0.09437243217859827
386,rho_b,0.00053,0.0005237682913258948,6.231708674105173e-06,1.1757940872353267
387,rho_b,0.0005,0.0004933600194486842,6.639980551315832e-06,1.327996107607174
388,rho_b,0.000385,0.0003827585167526089,2.241483247391099e-06,0.5822034393685883
390,rho_b,0.000505,0.000499025512622691,5.974487377309037e-06,1.1830668050452215
392,rho_b,0.000528,0.0005329246446972339,4.924644697233867e-06,0.9326978575581227
393,rho_b,0.00062,0.0006151391282650636,4.8608717349363836e-06,0.7840115688864948
394,rho_b,0.000731,0.0007365451711614025,5.545171161402463e-06,0.7585733452553666
395,rho_b,0.000765,0.0007626829067018075,2.3170932981924665e-06,0.3028880124396845
396,rho_b,0.000875,0.0008741553789931802,8.446210068198141e-07,0.09652811495480376
397,rho_b,0.000907,0.0009186975759645733,1.169757596457331e-05,1.2896996639113907
398,rho_b,0.000988,0.0009912566281990562,3.2566281990562343e-06,0.32961823843725224
399,rho_b,0.00107,0.0010614805490829458,8.519450917054147e-06,0.796210365335705
400,rho_b,0.000727,0.0007218596543462578,5.140345653742223e-06,0.7070626749204396
401,rho_b,0.000656,0.0006602690186766387,4.269018676638682e-06,0.6507650411785109
402,rho_b,0.000744,0.0007423106549612888,1.689345038711175e-06,0.22706250489792337
403,rho_b,0.000736,0.000741917373083915,5.91737308391503e-06,0.8039909070482502
404,rho_b,0.000754,0.0007681950450532404,1.4195045053240376e-05,1.88263196742892
405,rho_b,0.000791,0.000794891942315494,3.89194231549398e-06,0.49202810500299604
406,rho_b,0.000828,0.000841451218554914,1.3451218554914011e-05,1.6245433017715676
407,rho_b,0.000873,0.0008800731239150957,7.073123915095759e-06,0.8102089240542578
408,rho_b,0.000532,0.0005299740569619571,2.0259430380429547e-06,0.38081635981856976
409,rho_b,0.000487,0.0004835450397704414,3.454960229558638e-06,0.7094374173437914
410,rho_b,0.000505,0.0004998267740819407,5.173225918059352e-06,1.0244011698644238
411,rho_b,0.000427,0.00043493643191339575,7.936431913395728e-06,1.8586491556930296
412,rho_b,0.00061,0.0006049099361222989,5.090063877701109e-06,0.8344366998945479
413,rho_b,0.000702,0.0006951395572165936,6.860442783406429e-06,0.9772710503751735
414,rho_b,0.000622,0.0006103521552247355,1.1647844775264544e-05,1.8726438515334574
415,rho_b,0.000668,0.0006570605852059606,1.0939414794039351e-05,1.6376369427639195
416,rho_b,0.000546,0.0005502272603359752,4.227260335975202e-06,0.7742235033393712
417,rho_b,0.000561,0.0005626027229767859,1.6027229767859308e-06,0.28569036968431855
418,rho_b,0.000786,0.0007949923732441587,8.992373244158655e-06,1.1440678413127197
419,rho_b,0.000613,0.0006098397601622725,3.160239837727576e-06,0.5155366774179787
420,rho_b,0.000516,0.0005274983994555367,1.1498399455536767e-05,2.228371983188575
421,rho_b,0.000649,0.0006504423565395422,1.4423565395422925e-06,0.22224291792293735
422,rho_b,0.000722,0.0007088375848221671,1.3162415177832916e-05,1.8230491910806683
423,rho_b,0.000499,0.0004974640261317261,1.5359738682738837e-06,0.3078103938268096
424,rho_b,0.0007,0.0006999311871703927,6.881282960731917e-08,0.00983040421557359
425,rho_b,0.000651,0.0006545880600671646,3.588060067164574e-06,0.5511612997930816
426,rho_b,0.000954,0.0009507579323796601,3.242067620339863e-06,0.33983937284501775
427,rho_b,0.000818,0.0008223506486303333,4.350648630333225e-06,0.5318641350873574
428,rho_b,0.000543,0.0005471263832200995,4.126383220099555e-06,0.7599232435543872
429,rho_b,0.000755,0.0007508242858692936,4.175714130706426e-06,0.5530747185663151
430,rho_b,0.000732,0.0007350763083441977,3.076308344197691e-06,0.42026070218512074
431,rho_b,0.000601,0.0006009358055324803,6.419446751970183e-08,0.010681275775855087
432,rho_b,0.000697,0.0006938119719877845,3.188028012215483e-06,0.4573928274952015
433,rho_b,0.000734,0.0007326838887769656,1.3161112230343757e-06,0.17930670589118647
434,rho_b,0.000628,0.000632327607443899,4.327607443899042e-06,0.6891094644917114
435,rho_b,0.000569,0.0005706502321433866,1.6502321433866122e-06,0.2900232232840738
436,rho_b,0.000874,0.0008703826455645038,3.6173544354961736e-06,0.41388494637955653
437,rho_b,0.00083,0.0008376329374690827,7.632937469082652e-06,0.9196310192634147
438,rho_b,0.000704,0.0007119773318066684,7.977331806668453e-06,1.1331437209285535
439,rho_b,0.000607,0.0006106406984308849,3.6406984308849167e-06,0.5997855724690381
440,rho_b,0.000787,0.0007850136561085771,1.9863438914229786e-06,0.2523943950316435
441,rho_b,0.00066,0.0006567479656872144,3.2520343127856064e-06,0.49273247088761846
442,rho_b,0.00117,0.001181174306870886,1.1174306870885987e-05,0.9550689625072903
443,rho_b,0.000939,0.0009421771807189697,3.1771807189697777e-06,0.33835790368330126
444,rho_b,0.000976,0.0009697039214926576,6.296078507342373e-06,0.6450900103372411
445,rho_b,0.000927,0.0009226947959895006,4.305204010499378e-06,0.4644233016024968
446,rho_b,0.000892,0.0008833653478590658,8.63465214093423e-06,0.9680103286159335
447,rho_b,0.000793,0.0007839439268959875,9.056073104012443e-06,1.1420016510204827
448,rho_b,0.000403,0.0004134423221967471,1.044232219674714e-05,2.5911469406540126
449,rho_b,0.00067,0.0006723334245640421,2.3334245640421053e-06,0.34827232247154954
450,rho_b,0.000663,0.00066483620256068,1.836202560679995e-06,0.27695362864411144
451,rho_b,0.000344,0.0003563489511743819,1.2348951174381904e-05,3.589811377466218
452,rho_b,0.000357,0.0003645547587421174,7.554758742117423e-06,2.1161789134329507
453,rho_b,0.000512,0.0005283218308113407,1.6321830811340753e-05,3.1878575741137065
454,rho_b,0.0006,0.0006018914421586107,1.8914421586107904e-06,0.3152403592430645
455,rho_b,0.000523,0.0005311678284785912,8.167828478591183e-06,1.5617262835514185
456,rho_b,0.000709,0.0007086357951324187,3.6420486758132614e-07,0.05136881058781919
457,rho_b,0.000482,0.0004858145347358384,3.8145347358383873e-06,0.7913972464573474
458,rho_b,0.00073,0.0007261641148165014,3.835885183498542e-06,0.5254637230471102
459,rho_b,0.000675,0.0006697023093343334,5.297690665666613e-06,0.7848430604175084
460,rho_b,0.000494,0.0004974430662980569,3.443066298056889e-06,0.6969769820014412
461,rho_b,0.000622,0.0006092056991809551,1.2794300819044912e-05,2.0569615431632307
462,rho_b,0.000532,0.0005337639100127464,1.7639100127463678e-06,0.33156203184788485
463,rho_b,0.00059,0.0005943328276904621,4.332827690462079e-06,0.7343775734098819
464,rho_b,0.00044,0.0004417620170803148,1.7620170803147976e-06,0.40045842643413937
465,rho_b,0.000541,0.0005363306413041881,4.669358695811882e-06,0.8630977240630138
486,rho_b,0.00145,0.0014643789991996814,1.4378999199681549e-05,0.9916551165355172
487,rho_b,0.00115,0.0011556320995326753,5.632099532675277e-06,0.48974778502415645
488,rho_b,0.00106,0.001061403117708312,1.4031177083121456e-06,0.13236959499891035
489,rho_b,0.000928,0.0009222951879902818,5.704812009718185e-06,0.6147426727985731
490,rho_b,0.000824,0.000832609321309582,8.609321309582048e-06,1.0448205460113886
491,rho_b,0.000691,0.0006948902219456174,3.890221945617367e-06,0.5629843617926951
492,rho_b,0.000664,0.0006649413879954452,9.413879954451969e-07,0.14177530030533794
493,rho_b,0.00173,0.0017242098293766199,5.7901706233801e-06,0.33469194335451913
494,rho_b,0.00124,0.001235414246326123,4.585753673877089e-06,0.3698188443692662
495,rho_b,0.000985,0.0009839683724553491,1.0316275446508715e-06,0.10473376077193237
496,rho_b,0.000687,0.0006930873775578885,6.087377557888489e-06,0.8860811570637085
497,rho_b,0.000718,0.0007148971487402237,3.1028512597762632e-06,0.4321519854393793
498,rho_b,0.000664,0.0006654396142425278,1.4396142425278239e-06,0.21680937354815213
499,rho_b,0.00193,0.0018814687651331282,4.853123486687192e-05,2.514571753457316
500,rho_b,0.00132,0.0013143554090328633,5.644590967136733e-06,0.42762052748943397
501,rho_b,0.00119,0.0011951458011453136,5.14580114531352e-06,0.4324202639486821
502,rho_b,0.000934,0.0009310777994300743,2.9222005699257227e-06,0.31286943969989595
503,rho_b,0.000702,0.0006986165236925632,3.383476307436883e-06,0.48197668128448945
504,rho_b,0.000694,0.0006966236639350589,2.623663935058941e-06,0.37804955782110167
505,rho_b,0.00171,0.0017270696765869491,1.706967658694921e-05,0.9982267004074236
506,rho_b,0.00152,0.0015138439766146498,6.156023385350297e-06,0.40500153824343954
507,rho_b,0.00117,0.0011749315892667569,4.93158926675682e-06,0.42150335577280224
508,rho_b,0.00101,0.0010122433825892258,2.2433825892257883e-06,0.22211708782223935
509,rho_b,0.000847,0.0008416710901160943,5.328909883905715e-06,0.6291511071563405
510,rho_b,0.000687,0.0006916689259782383,4.668925978238304e-06,0.6796107673132745
511,rho_b,0.00171,0.0017229015490201516,1.2901549020151665e-05,0.754476550444848
512,rho_b,0.00114,0.0011381532798452837,1.8467201547162516e-06,0.16199299588564225
513,rho_b,0.00126,0.0012578345904200388,2.1654095799612458e-06,0.17185790303513226
514,rho_b,0.000953,0.0009505990461930287,2.4009538069712883e-06,0.25193639081342334
515,rho_b,0.000944,0.0009449946554506907,9.946554506907231e-07,0.10536604339375664
516,rho_b,0.000809,0.0008164506809707801,7.450680970780082e-06,0.9209741608863213
517,rho_b,0.000644,0.0006451678424878578,1.1678424878577408e-06,0.18134200093855912
518,rho_b,0.000795,0.0007955853190840946,5.853190840945368e-07,0.07362504193185992
519,rho_b,0.000764,0.0007567486992140202,7.251300785979784e-06,0.949123138283842
520,rho_b,0.000794,0.0007974017362087672,3.4017362087672247e-06,0.42843025245376853
521,rho_b,0.000791,0.0007893050085160795,1.6949914839205736e-06,0.21428463739288586
522,rho_b,0.000869,0.0008718785742964792,2.8785742964791824e-06,0.3312513570962795
523,rho_b,0.00086,0.0008678285884222984,7.828588422298388e-06,0.9103009782785324
524,rho_b,0.000849,0.0008507281206051903,1.728120605190217e-06,0.20354777422317305
525,rho_b,0.000989,0.0009855642376605514,3.4357623394487124e-06,0.3473976072775264
526,rho_b,0.000989,0.0009853531050481037,3.6468949518963893e-06,0.3687456974933197
527,rho_b,0.00127,0.0012691416183153,8.583816846999704e-07,0.06758910897827396
528,rho_b,0.00209,0.0021081407493185713,1.8140749318571424e-05,0.8679784358799828
529,rho_b,0.0019,0.0018920840767244573,7.915923275542656e-06,0.4166275405987569
530,rho_b,0.00129,0.0012779864302518442,1.2013569748155727e-05,0.9312844758792932
531,rho_b,0.00129,0.001282859911019342,7.140088980658009e-06,0.5534952693893842
532,rho_b,0.000733,0.0007358785154268006,2.8785154268005193e-06,0.3927033319063419
533,rho_b,0.000933,0.000944153122273882,1.1153122273881958e-05,1.1954043153191762
534,rho_b,0.0012,0.0012089346551377993,8.934655137799417e-06,0.744554594196156
535,rho_b,0.000929,0.000934409047634372,5.4090476343719805e-06,0.5822440934929537
536,rho_b,0.000675,0.0006776964708887762,2.6964708887761623e-06,0.39947716811576156
537,rho_b,0.000548,0.000553889389868878,5.889389868877983e-06,1.0747061784910439
538,rho_b,0.00161,0.0016283731526345907,1.8373152634590644e-05,1.1411896039241458
539,rho_b,0.00151,0.001519899790757788,9.899790757787871e-06,0.6556152815385243
540,rho_b,0.00084,0.0008456654093161858,5.66540931618573e-06,0.6744534892191899
541,rho_b,0.00117,0.0011720701356245388,2.070135624538793e-06,0.17693466861277318
542,rho_b,0.00124,0.0012141258003639343,2.5874199636065657e-05,2.0866290012257553
543,rho_b,0.00134,0.0013224122565604103,1.7587743439589736e-05,1.3125181661540712
544,rho_b,0.00127,0.0012745615619739756,4.561561973975533e-06,0.3591781079042324
545,rho_b,0.000859,0.0008689683222944954,9.96832229449541e-06,1.1604566103481775
546,rho_b,0.00106,0.001054910830427331,5.0891695726690625e-06,0.4801103365913169
547,rho_b,0.00104,0.0010278093529216185,1.219064707838136e-05,1.1721776025634216
548,rho_b,0.000889,0.0008771974367632092,1.1802563236790859e-05,1.3276224098441658
549,rho_b,0.000671,0.0006664180555615053,4.581944438494779e-06,0.6828531194733602
550,rho_b,0.000806,0.0008048480855392164,1.1519144607835888e-06,0.14291742671891
551,rho_b,0.000953,0.0009536868122919887,6.868122919887311e-07,0.07206844609318433
553,rho_b,0.000577,0.0005754600915279347,1.539908472065316e-06,0.26688188377755584
554,rho_b,0.000475,0.00047889506743807543,3.895067438075431e-06,0.8200141957632188
555,rho_b,0.000685,0.0006916840990229198,6.68409902291982e-06,0.9757808778338704
556,rho_b,0.00043,0.00043041560079805184,4.156007980518541e-07,0.09665134815938155
557,rho_b,0.00042,0.0004168905227752513,3.109477224748705e-06,0.7403517184155209
558,rho_b,0.00044,0.0004284254223199538,1.1574577680046195e-05,2.630585830395531
559,rho_b,0.000415,0.00041118671396752276,3.8132860324772435e-06,0.9188641019972537
560,rho_b,0.00042,0.0004123068663483936,7.693133651606406e-06,1.831698484116529
561,rho_b,0.00048,0.0004739325723216569,6.067427678343106e-06,1.264047430354715
562,rho_b,0.00039,0.00039002307090309717,2.3070903097178238e-08,0.005915616163595404
564,rho_b,0.00047,0.0004761368748101576,6.1368748101575925e-06,1.305718041936258
565,rho_b,0.000465,0.0004709790553231129,5.979055323112876e-06,1.2858183462913317
566,rho_b,0.000445,0.00044371764463306974,1.2823553669302377e-06,0.28816974473000906
567,rho_b,0.00041,0.00041287445065261584,2.874450652615851e-06,0.7010855233182917
568,rho_b,0.00046,0.0004626003970162359,2.600397016235868e-06,0.5653036979527893
569,rho_b,0.0004,0.0004034268095063959,3.4268095063958934e-06,0.8567023744572174
570,rho_b,0.000395,0.0003945315103017795,4.6848969822050083e-07,0.11860498659100024
571,rho_b,0.000375,0.0003736015613561808,1.3984386438191864e-06,0.37291697069067115
572,rho_b,0.000335,0.0003445988539693836,9.598853969383582e-06,2.8653295345463543
573,rho_b,0.00046,0.0004639803122686964,3.98031226869636e-06,0.8652852739225015
574,rho_b,0.00051,0.0005088783980687673,1.1216019312327002e-06,0.21992194686930994
576,rho_b,0.000525,0.0005258152929103688,8.152929103688502e-07,0.15529388739350694
577,rho_b,0.0005,0.0004893464552261977,1.0653544773802357e-05,2.1307089504990535
578,rho_b,0.0005,0.00048072764160856453,1.927235839143548e-05,3.8544716705781528
579,rho_b,0.000495,0.0004864759788043552,8.524021195644783e-06,1.7220244804898057
580,rho_b,0.00049,0.0004840594627414217,5.940537258578298e-06,1.2123545400928066
581,rho_b,0.000405,0.00040482781141348135,1.7218858651863204e-07,0.042515700269993836
582,rho_b,0.000385,0.0003829483131649454,2.051686835054581e-06,0.5329056700585778
583,rho_b,0.0005,0.0004884814668207201,1.1518533179279882e-05,2.3037066312485632
584,rho_b,0.00037,0.0003720055971695454,2.005597169545386e-06,0.5420532876013117
585,rho_b,0.00052,0.000527645729476235,7.645729476235086e-06,1.4703325887561078
586,rho_b,0.00046,0.0004630893241976822,3.0893241976821654e-06,0.6715922154274442
587,rho_b,0.000415,0.0004120562060241749,2.943793975825125e-06,0.7093479442726857
588,rho_b,0.000415,0.0004097905804374753,5.209419562524694e-06,1.2552818192703314
589,rho_b,0.000405,0.00040038850085073545,4.611499149264524e-06,1.1386417624390388
590,rho_b,0.00028,0.000297416599091255,1.7416599091255036e-05,6.220213938947464
591,rho_b,0.00058,0.0005709481427324546,9.051857267545409e-06,1.560665043437717
592,rho_b,0.00051,0.0004992868991516966,1.0713100848303426e-05,2.1006080053524205
593,rho_b,0.00056,0.0005443828843604702,1.561711563952974e-05,2.788770644936078
595,rho_b,0.000924,0.0009337926091524703,9.792609152470331e-06,1.0598061841853106
596,rho_b,0.000721,0.0007207149618801655,2.850381198344796e-07,0.03953371975577565
597,rho_b,0.000719,0.0007167581424797216,2.241857520278467e-06,0.31180215815861545
598,rho_b,0.000678,0.0006828262909736016,4.8262909736016425e-06,0.7118423254400028
599,rho_b,0.000803,0.0008027661517879598,2.3384821204019274e-07,0.029121819644953244
600,rho_b,0.000704,0.0007082556046881183,4.255604688118363e-06,0.6044893014308906
601,rho_b,0.000627,0.0006280927576343498,1.092757634349852e-06,0.17428351397241099
602,rho_b,0.000731,0.0007401631519909179,9.163151990917865e-06,1.2535091625694628
603,rho_b,0.00052,0.0005282083574975763,8.208357497576355e-06,1.578530284959818
604,rho_b,0.000526,0.000532245803434676,6.245803434675986e-06,1.1874150993919839
605,rho_b,0.000496,0.0004932146199564001,2.7853800435999375e-06,0.561568556045212
606,rho_b,0.000448,0.0004577277332394431,9.727733239443131e-06,2.1713690218146073
607,rho_b,0.000378,0.00037967700228362634,1.677002283626309e-06,0.44365139661105685
608,rho_b,0.000384,0.00039145273103110753,7.452731031107524e-06,1.9408153676300444
609,rho_b,0.000475,0.0004806298539885132,5.6298539885132025e-06,1.1852324161391323
610,rho_b,0.000609,0.0006058055057940781,3.194494205921829e-06,0.5245474877957889
611,rho_b,0.00043,0.00044303516113266975,1.3035161132669761e-05,3.0314328145012635
612,rho_b,0.000498,0.0004937956536986269,4.204346301373051e-06,0.8442462435603592
613,rho_b,0.000459,0.00046961421646351734,1.0614216463517348e-05,2.312465455423245
614,rho_b,0.000786,0.00078673282503117,7.328250311699341e-07,0.0932347366714487
615,rho_b,0.000613,0.0006095468811352707,3.453118864729307e-06,0.5633146589063883
616,rho_b,0.00062,0.0006087586791486802,1.1241320851319847e-05,1.8131162634175297
617,rho_b,0.000565,0.0005654370163900449,4.370163900449704e-07,0.07734803349937878
618,rho_b,0.000437,0.0004413964495315879,4.396449531587888e-06,1.0060525220886414
619,rho_b,0.000569,0.0005658545787789789,3.145421221021033e-06,0.5527981046560724
620,rho_b,0.000963,0.0009627809560660964,2.190439339035859e-07,0.022745995189628863
621,rho_b,0.00077,0.0007587953936805224,1.12046063194776e-05,1.4551436759644367
622,rho_b,0.000569,0.0005727440662244968,3.7440662244968845e-06,0.6580081226567317
623,rho_b,0.000782,0.0007847616470448449,2.7616470448448916e-06,0.35315179556437004
624,rho_b,0.000769,0.0007548975251066448,1.4102474893355212e-05,1.8338718953207402
625,rho_b,0.000703,0.0006904935566976973,1.2506443302302654e-05,1.7790104245394809
626,rho_b,0.000875,0.0008750132335824279,1.3233582427910236e-08,0.0015124094186041305
627,rho_b,0.000695,0.0006969584766487533,1.958476648753274e-06,0.28179520085400317
628,rho_b,0.000768,0.0007612399303376742,6.76006966232579e-06,0.8802174028025541
629,rho_b,0.000614,0.0006169405372840905,2.940537284090586e-06,0.47891486633573904
630,rho_b,0.000691,0.0006918701329630059,8.701329630058773e-07,0.12592372818330536
631,rho_b,0.000645,0.0006436560270545396,1.343972945460313e-06,0.20836789819792778
632,rho_b,0.001985,0.0019310035520258885,5.3996447974111314e-05,2.7202240779299283
633,rho_b,0.001384,0.0013794065095801584,4.593490419841674e-06,0.33189959656955764
634,rho_b,0.000996,0.000991015051676319,4.9849483236808455e-06,0.5004968191441644
635,rho_b,0.000867,0.0008676913011145072,6.913011145071729e-07,0.07973484587195206
636,rho_b,0.000642,0.0006493438434520128,7.34384345201281e-06,1.143900847441402
637,rho_b,0.000568,0.0005714955855749815,3.4955855749814685e-06,0.615419994511843
638,rho_b,0.002019,0.0020595666997484134,4.056669974841342e-05,2.0092471385993536
639,rho_b,0.001283,0.0012789335757166734,4.066424283326623e-06,0.31694655340274025
640,rho_b,0.000997,0.0010069109388226585,9.910938822658413e-06,0.9940761096005668
641,rho_b,0.000832,0.0008410833116374306,9.083311637430604e-06,1.091744185878986
642,rho_b,0.000869,0.0008684623829797874,5.376170202125909e-07,0.061866170263973445
643,rho_b,0.001865,0.0018412049932405737,2.37950067594262e-05,1.27587167542453
644,rho_b,0.001528,0.0015228919836871731,5.108016312826936e-06,0.33429426109188437
645,rho_b,0.001026,0.0010334573011842793,7.457301184279333e-06,0.7268324733928858
646,rho_b,0.000877,0.0008812531004499799,4.253100449979892e-06,0.4849601419760879
647,rho_b,0.000801,0.0008006378099868982,3.6219001310177756e-07,0.045217230043646105
648,rho_b,0.001662,0.0016537524718824976,8.247528117502493e-06,0.4962411620060217
649,rho_b,0.001455,0.0014773784764705073,2.2378476470507344e-05,1.5380396189090686
650,rho_b,0.001038,0.0010263048580872929,1.1695141912707215e-05,1.1266996051483833
651,rho_b,0.000763,0.0007610226983412438,1.9773016587562543e-06,0.25914831666641824
652,rho_b,0.000561,0.000567796896302535,6.796896302535007e-06,1.2115679662066536
684,rho_b,0.00045,0.0004591054943200349,9.105494320034912e-06,2.0234431777334403
685,rho_b,0.00053,0.0005361957268411279,6.1957268411279385e-06,1.169005062158092
686,rho_b,0.00062,0.0006145326784832623,5.467321516737706e-06,0.8818260496644268
687,rho_b,0.00064,0.000648190925121561,8.190925121560996e-06,1.279832048244168
688,rho_b,0.00076,0.000759009678359673,9.903216403270862e-07,0.1303054788189515
689,rho_b,0.000625,0.0006369278232022935,1.192782320229345e-05,1.9084517093134294
690,rho_b,0.00054,0.000534029910206343,5.970089793656992e-06,1.1055721819631983
691,rho_b,0.00082,0.0008294124828086302,9.41248280863019e-06,1.1478637557501894
692,rho_b,0.000745,0.0007423098102577142,2.6901897422857562e-06,0.3610992937818474
693,rho_b,0.00075,0.0007398159660225159,1.0184033977484125e-05,1.3578711951873885
694,rho_b,0.000695,0.0006944864236493055,5.135763506944379e-07,0.07389587769143584
695,rho_b,0.00064,0.0006465756533217801,6.575653321780014e-06,1.027445829922743
696,rho_b,0.00063,0.000634040194643084,4.040194643083954e-06,0.6413007359795153
697,rho_b,0.000525,0.0005342631296404441,9.263129640444128e-06,1.764405642438109
698,rho_b,0.00075,0.0007423594352928746,7.64056470712541e-06,1.018741959591732
699,rho_b,0.00075,0.0007399162600579955,1.008373994200451e-05,1.3444986571412698
700,rho_b,0.00075,0.0007397597600839415,1.0240239916058493e-05,1.3653653203206453
701,rho_b,0.00055,0.0005585348993557099,8.534899355709842e-06,1.5517998800348805
702,rho_b,0.00045,0.0004603426607163248,1.0342660716324795e-05,2.29836904296469
703,rho_b,0.000695,0.0006963339209077863,1.3339209077862894e-06,0.19193106559237105
704,rho_b,0.00075,0.000739863207773028,1.0136792226972066e-05,1.3515722951275124
705,rho_b,0.00068,0.000683036025769665,3.0360257696649285e-06,0.44647437723532124
706,rho_b,0.000615,0.0006142229846725683,7.770153274316892e-07,0.12634395547451213
707,rho_b,0.00061,0.0006062041675652157,3.7958324347843117e-06,0.6222676112396124
708,rho_b,0.00055,0.0005581937855958705,8.193785595870455e-06,1.489779196540484
709,rho_b,0.00121,0.0012078134147008523,2.1865852991476316e-06,0.18070952870582946
710,rho_b,0.000655,0.0006581767831808255,3.1767831808255558e-06,0.4850050650344283
711,rho_b,0.00075,0.000736389669295137,1.3610330704862963e-05,1.8147107582287807
712,rho_b,0.000645,0.0006512387777862711,6.238777786271143e-06,0.9672523684649023
713,rho_b,0.00062,0.0006133198962369335,6.680103763066509e-06,1.0774360890793788
714,rho_b,0.00065,0.0006491731814218769,8.268185781230321e-07,0.12720285797707748
715,rho_b,0.00061,0.0006049107944338216,5.089205566178342e-06,0.8342959930877677
716,rho_b,0.000545,0.0005490203332809207,4.020333280920635e-06,0.7376758300080507
717,rho_b,0.00048,0.00048464539932486573,4.645399324865716e-06,0.9677915239974585
718,rho_b,0.00187,0.0018705977728629157,5.977728629157769e-07,0.03196646324043381
719,rho_b,0.00066,0.0006611716648741124,1.1716648741123695e-06,0.17752498065713934
720,rho_b,0.00064,0.0006446229988445559,4.62299884455581e-06,0.7223435683331835
721,rho_b,0.00064,0.0006413954576214613,1.3954576214612966e-06,0.21804025301263968
722,rho_b,0.00059,0.0005903039029287595,3.0390292875943047e-07,0.05150897088887131
723,rho_b,0.000565,0.0005646379399455014,3.620600544985454e-07,0.06408142546154534
724,rho_b,0.000535,0.0005296430245560436,5.356975443956383e-06,1.0013038194286625
725,rho_b,0.000525,0.000523355357288911,1.6446427110889663e-06,0.3132652777059645
726,rho_b,0.00142,0.0014252951704328068,5.295170432806752e-06,0.3728993259913915
727,rho_b,0.00111,0.001111305402379943,1.3054023799430065e-06,0.11760381790693407
728,rho_b,0.00108,0.0010785647868303504,1.4352131696496184e-06,0.1328901081778442
729,rho_b,0.00065,0.0006463025857571969,3.6974142428030255e-06,0.5688329595561071
730,rho_b,0.00069,0.0006810844569307356,8.915543069264328e-06,1.2921076893251089
731,rho_b,0.00053,0.0005303623000858871,3.6230008588708246e-07,0.06835850664216932
732,rho_b,0.00055,0.0005536162040997424,3.6162040997423294e-06,0.657491653303166
733,rho_b,0.000495,0.00048714762111247303,7.852378887526963e-06,1.5863391659926407
734,rho_b,0.000475,0.00047648874115618114,1.4887411561811427e-06,0.3134191901151475
735,rho_b,0.00061,0.0006117411313972442,1.7411313972441958e-06,0.2854313761294889
736,rho_b,0.0007,0.0006971937292428187,2.8062707571812695e-06,0.40089582188175876
737,rho_b,0.00052,0.0005234404605365472,3.440460536547219e-06,0.661627024986721
738,rho_b,0.0011,0.001106980920052065,6.98092005206488e-06,0.6346290950653263
739,rho_b,0.00118,0.0011752872758623652,4.71272413763487e-06,0.39938340115602
740,rho_b,0.00112,0.0011237096652548842,3.7096652548843437e-06,0.33122011174751276
741,rho_b,0.0014,0.0014263702446772235,2.637024467722353e-05,1.8835889041705458
743,rho_b,0.000735,0.0007389600055588608,3.960005558860781e-06,0.538776265778642
744,rho_b,0.000795,0.0007965215073473008,1.521507347300769e-06,0.19138457174678278
745,rho_b,0.000525,0.0005335563829625175,8.55638296251755e-06,1.6297872278513674
746,rho_b,0.000615,0.0006103032547031039,4.696745296896136e-06,0.7636984210177482
747,rho_b,0.000665,0.0006685883695007721,3.5883695007721088e-06,0.5396044353948969
748,rho_b,0.00074,0.0007379182127465447,2.0817872534552653e-06,0.28132260143811344
749,rho_b,0.000665,0.0006624485614420756,2.5514385579244016e-06,0.3836749705394965
750,rho_b,0.000635,0.0006392571466034381,4.257146603438072e-06,0.6704167868872289
751,rho_b,0.00065,0.0006500662173551054,6.62173551054402e-08,0.010187285385164209
752,rho_b,0.000495,0.0004911480050592114,3.851994940788639e-06,0.7781807945468345
753,rho_b,0.000545,0.0005480670171297635,3.0670171297634717e-06,0.5627554356212692
755,rho_b,0.00128,0.001280552389093209,5.52389093208842e-07,0.04315539787322563
756,rho_b,0.00128,0.001280111368752097,1.1136875209690443e-07,0.008700683750773248
757,rho_b,0.00118,0.001176339179808955,3.6608201910450205e-06,0.310238998978189
758,rho_b,0.00074,0.0007423637454422034,2.3637454422034253e-06,0.31942505932556414
759,rho_b,0.000785,0.0007835875442992443,1.412455700755674e-06,0.17993066228743532
760,rho_b,0.00077,0.0007647367645884391,5.26323541156083e-06,0.683537065548761
761,rho_b,0.000695,0.0006963339209077863,1.3339209077862894e-06,0.19193106559237105
762,rho_b,0.000625,0.0006319380686994102,6.938068699410154e-06,1.110090990129479
763,rho_b,0.000625,0.0006324419852117636,7.441985211763583e-06,1.1907176319770252
764,rho_b,0.00054,0.0005289361647139984,1.1063835286001565e-05,2.048858382502404
765,rho_b,0.00038,0.0003809731810492105,9.731810492104873e-07,0.2561002754340749
766,rho_b,0.000658,0.0006618931255024294,3.893125502429451e-06,0.5916604098043841
767,rho_b,0.00115,0.0011390090842257955,1.0990915774204517e-05,0.9557318056214956
768,rho_b,0.001122,0.0011223459573943889,3.459573943889304e-07,0.030833992342298618
769,rho_b,0.00084,0.0008415660736289832,1.5660736289831645e-06,0.18643733656176084
770,rho_b,0.00041,0.0004138864748570077,3.886474857007702e-06,0.9479206945191451
771,rho_b,0.0005,0.00048795065039241724,1.2049349607582771e-05,2.4098699166968145
772,rho_b,0.00039,0.0003961542890650406,6.15428906504059e-06,1.5780228331436825
773,rho_b,0.00039,0.0003978885221276414,7.888522127641419e-06,2.0226979762601127
774,rho_b,0.000694,0.0006904484906796106,3.551509320389324e-06,0.5117448581083395
775,rho_b,0.000545,0.000552905366543211,7.90536654321093e-06,1.450525968569848
776,rho_b,0.000743,0.000739558185637948,3.4418143620519375e-06,0.46323208040640873
777,rho_b,0.000595,0.0005986932525292132,3.6932525292131778e-06,0.6207147097489126
778,rho_b,0.000793,0.0007925952684906617,4.0473150933831043e-07,0.05103802128977682
779,rho_b,0.000595,0.0006011782230101236,6.178223010123518e-06,1.0383568066789832
780,rho_b,0.000892,0.000890740818228742,1.259181771257967e-06,0.14116387554331034
781,rho_b,0.000892,0.0008955014052037839,3.501405203783876e-06,0.39253421523077736
782,rho_b,0.000892,0.0008973847487954733,5.384748795473314e-06,0.6036713889502915
783,rho_b,0.00093,0.0009242030509366817,5.796949063318355e-06,0.6233278556005458
784,rho_b,0.00093,0.0009210954227229294,8.904577277070664e-06,0.9574814266124568
785,rho_b,0.0011,0.001096796900973293,3.20309902670699e-06,0.29119082034500743
786,rho_b,0.00092,0.0009174927766601509,2.5072233398491187e-06,0.27252427577433436
787,rho_b,0.00102,0.0010224865368202813,2.486536820281264e-06,0.24377811939641988
788,rho_b,0.00093,0.0009310220577635337,1.0220577635336936e-06,0.10989868413276416
789,rho_b,0.00093,0.0009298452907694633,1.5470923053675228e-07,0.016635401115096586
791,rho_b,0.00082,0.0008238768126022979,3.876812602297938e-06,0.47278202409391684
792,rho_b,0.000562,0.0005633538998926991,1.3538998926991477e-06,0.24090745378826925
794,rho_b,0.0005988,0.0005997395445632215,9.395445632214873e-07,0.1569045694142354
795,rho_b,0.00048,0.0004826860467109061,2.6860467109060928e-06,0.5595930636062838
796,rho_b,0.0009,0.0008991413459399163,8.586540600837196e-07,0.09540600656996218
797,rho_b,0.00072,0.0007070707731027471,1.2929226897252896e-05,1.7957259554577272
798,rho_b,0.00085,0.0008436754448825723,6.324555117427654e-06,0.7440653070572943
799,rho_b,0.0009132,0.0009110190260605381,2.180973939461912e-06,0.23882763218064343
800,rho_b,0.001089,0.0010894950255138027,4.950255138027552e-07,0.04545688827807037
801,rho_b,0.000335,0.00034336610222182086,8.366102221820846e-06,2.497343939357435
802,rho_b,0.0009643,0.0009571574899297063,7.14251007029364e-06,0.7406937740212282
803,rho_b,0.0010895,0.0010965384522946227,7.038452294622771e-06,0.6460259098818276
804,rho_b,0.0009746,0.0009634094029482832,1.1190597051716883e-05,1.148224609094463
805,rho_b,0.0008125,0.0008158951772511479,3.3951772511478994e-06,0.4178679688577501
806,rho_b,0.001035,0.0010384601718450117,3.4601718450117964e-06,0.3343161199679841
807,rho_b,0.0008125,0.0008158951772511479,3.3951772511478994e-06,0.4178679688577501
808,rho_b,0.0007757,0.0007749671295283784,7.328704716216827e-07,0.09447859619400499
809,rho_b,0.000884,0.0008720058358626405,1.19941641373595e-05,1.356805896356498
810,rho_b,0.0008582,0.0008605679613622733,2.3679613622732895e-06,0.27592185498882205
811,rho_b,0.0009374,0.000935109315004947,2.290684995053037e-06,0.24436579823014495
812,rho_b,0.0008119,0.0008239119320044728,1.201193200447287e-05,1.4794841716563651
813,rho_b,0.0010875,0.0010930667055873045,5.566705587304547e-06,0.5118809730745506
814,rho_b,0.00094,0.0009447534741047395,4.753474104739544e-06,0.5056887340087933
815,rho_b,0.00108,0.0010800879321228845,8.7932122884481e-08,0.008141863222505775
818,rho_b,0.00112,0.0011146477087435437,5.3522912564561535e-06,0.47788314747118954
820,rho_b,0.00107,0.0010583433978307456,1.1656602169254427e-05,1.0894020708748042
822,rho_b,0.00104,0.0010384601718450117,1.5398281549882167e-06,0.148060399375732
823,rho_b,0.001272,0.0012739609004464997,1.9609004464997675e-06,0.1541588400124355
824,rho_b,0.0011809,0.0011720284781589364,8.871521841063556e-06,0.7512508962275424
825,rho_b,0.00105,0.0010438232982152786,6.176701784721362e-06,0.5882573122703609
831,rho_b,0.00098,0.0009836915849068132,3.6915849068131987e-06,0.3766923370455383
834,rho_b,0.00103,0.0010243409409512307,5.659059048769436e-06,0.5494232080849711
836,rho_b,0.00112,0.0011188214212708484,1.1785787291515235e-06,0.1052302435802876
838,rho_b,0.00105,0.0010518677830960318,1.867783096031828e-06,0.17788410421457018
839,rho_b,0.0009317,0.0009262211283544425,5.478871645557548e-06,0.5880510507327507
840,rho_b,0.000892,0.000879942535007998,1.2057464992002039e-05,1.3517337419825899
841,rho_b,0.0008592,0.0008662473438757816,7.047343875781625e-06,0.820221586077678
842,rho_b,0.00105,0.0010438232982152786,6.176701784721362e-06,0.5882573122703609
843,rho_b,0.001004,0.0010076762936896725,3.676293689672608e-06,0.3661647097620479
844,rho_b,0.0008933,0.0008848558896948608,8.444110305139184e-06,0.9452714984536515
845,rho_b,0.001156,0.0011427522122435419,1.3247787756458023e-05,1.1460024000863323
846,rho_b,0.0011046,0.0010995810791927549,5.018920807245203e-06,0.4543654538024215
847,rho_b,0.00105,0.0010438232982152786,6.176701784721362e-06,0.5882573122703609
848,rho_b,0.00087,0.0008686825250409725,1.3174749590275396e-06,0.15143390316243685
849,rho_b,0.0009132,0.0009110190260605381,2.180973939461912e-06,0.23882763218064343
850,rho_b,0.0025997,0.002596959470971467,2.740529028532994e-06,0.10541712610989047
851,rho_b,0.0005199,0.0005200758895421611,1.7588954216111313e-07,0.03383141793090959
852,rho_b,0.00055,0.0005526521927257545,2.652192725754424e-06,0.4822168583513191
853,rho_b,0.00045,0.00045433658230864044,4.336582308640455e-06,0.9636849553341346
854,rho_b,0.0006701,0.0006752969423752781,5.196942375278136e-06,0.7755472866023972
855,rho_b,0.00073,0.0007209112841339909,9.088715866009027e-06,1.2450295689806483
856,rho_b,0.0007399,0.0007375050259776418,2.394974022358284e-06,0.3236888794595749
857,rho_b,0.0007501,0.0007464674732145153,3.6325267854846405e-06,0.4842723344409968
858,rho_b,0.00087,0.0008619946726781979,8.005327321802098e-06,0.9201525646667325
859,rho_b,0.00085,0.0008412954078556337,8.704592144366204e-06,1.024069662838295
860,rho_b,0.0008698,0.0008673770951050724,2.4229048949276234e-06,0.2785588517063733
861,rho_b,0.0009746,0.0009634094029482832,1.1190597051716883e-05,1.148224609094463
862,rho_b,0.0005093,0.0005175856594054919,8.285659405491926e-06,1.6268720575737692
863,rho_b,0.0006825,0.0006863772830392864,3.8772830392864565e-06,0.5681000781839496
864,rho_b,0.0007022,0.0006951682186320644,7.031781367935639e-06,1.0013929589748944
865,rho_b,0.0008273,0.0008303484667310627,3.048466731062722e-06,0.3684838302161107
866,rho_b,0.0008427,0.0008360805243499418,6.619475650058212e-06,0.7855079675095683
867,rho_b,0.0011108,0.0011071036004695473,3.6963995304526397e-06,0.33276913279842896
868,rho_b,0.0008854,0.0008788363621284564,6.5636378715436825e-06,0.7413189365406023
869,rho_b,0.0008125,0.0008158951772511479,3.3951772511478994e-06,0.4178679688577501
870,rho_b,0.0007577,0.000753744018875805,3.955981124195056e-06,0.5221038826678127
871,rho_b,0.0008807,0.000866649606521097,1.4050393478903041e-05,1.5953665791926166
872,rho_b,0.0008465,0.0008370470208470494,9.452979152950632e-06,1.1167134249005903
873,rho_b,0.0008967,0.0008950204875276832,1.6795124723167345e-06,0.18729926067176783
874,rho_b,0.0008465,0.000837277726348852,9.222273651147994e-06,1.089459378647773
875,rho_b,0.0008281,0.0008289157062848718,8.157062848717722e-07,0.09850335513666691
876,rho_b,0.0008868,0.000876349048054878,1.045095194512197e-05,1.1785015711927103
877,rho_b,0.0009538,0.0009497549289239185,4.045071076081482e-06,0.4241005527196977
878,rho_b,0.0007993,0.0007956478358707234,3.652164129276615e-06,0.456920320869187
879,rho_b,0.00094,0.0009409157857593771,9.157857593771477e-07,0.09742401685137314
880,rho_b,0.0008854,0.0008788363621284564,6.5636378715436825e-06,0.7413189365406023
881,rho_b,0.0008638,0.0008657703364141881,1.9703364141881834e-06,0.2281009969792977
882,rho_b,0.0011434,0.0011312664076150844,1.2133592384915536e-05,1.0611852697484419
883,rho_b,0.001136,0.0011296270907623586,6.372909237641489e-06,0.5609955309886914
884,rho_b,0.0011631,0.0011740566899084016,1.0956689908401575e-05,0.9420247527281684
885,rho_b,0.0011365,0.0011309981798607667,5.501820139233206e-06,0.4841020795769631
886,rho_b,0.0011007,0.0011033153771668287,2.6153771668286675e-06,0.23761035381598655
887,rho_b,0.001107,0.0011031101506220613,3.889849377938619e-06,0.3513865740221096
890,rho_b,0.00088,0.0008825490448830025,2.5490448830024987e-06,0.28966419092112006
892,rho_b,0.00096,0.0009576946877312947,2.3053122687053318e-06,0.240136694406663
893,rho_b,0.00095,0.0009383584963037192,1.1641503696280817e-05,1.2254214404238528
894,rho_b,0.00094,0.0009447364680339221,4.736468033922142e-06,0.5038795775407815
895,rho_b,0.0015,0.0015057716886062954,5.771688606295367e-06,0.3847792401631716
897,rho_b,0.00145,0.0014477685300471363,2.2314699528636246e-06,0.15389447940170206
898,rho_b,0.00142,0.001423537148596204,3.5371485962039893e-06,0.24909497138824221
900,rho_b,0.00134,0.0013277306054446127,1.2269394555387359e-05,0.9156264586739622
901,rho_b,0.00128,0.0012796919649070942,3.0803509290587387e-07,0.024065241614470424
902,rho_b,0.00126,0.0012785931157642256,1.8593115764225588e-05,1.4756441071007258
904,rho_b,0.00108,0.0010881774776962375,8.177477696237438e-06,0.7571738600616389
906,rho_b,0.00094,0.0009447364680339221,4.736468033922142e-06,0.5038795775407815
907,rho_b,0.01056,0.01052407748474265,3.592251525734967e-05,0.34017533384420373
908,rho_b,0.0010703,0.001072765871536285,2.465871536285087e-06,0.23039068802963472
909,rho_b,0.00101,0.0010227223319359293,1.2722331935929214e-05,1.259636824092361
910,rho_b,0.0009132,0.0009110190260605381,2.180973939461912e-06,0.23882763218064343
911,rho_b,0.0009646,0.0009529345164745683,1.166548352543172e-05,1.2093596841528222
912,rho_b,0.001169,0.0011729943519856937,3.99435198569385e-06,0.3416896477567967
913,rho_b,0.0006987,0.0006926206206107571,6.079379389242875e-06,0.8700986661717316
914,rho_b,0.0008549,0.0008575059060623223,2.6059060623223173e-06,0.30481998587836207
915,rho_b,0.0009274,0.0009227752014921492,4.624798507850826e-06,0.49868433285141067
916,rho_b,0.0008018,0.0008051353609442482,3.3353609442482663e-06,0.4159841531664286
917,rho_b,0.0010175,0.0010211905590028982,3.6905590028982107e-06,0.3627085011568674
918,rho_b,0.0008125,0.0008158951772511479,3.3951772511478994e-06,0.4178679688577501
919,rho_b,0.000693,0.0006935089696929661,5.089696929660905e-07,0.07344440003342662
920,rho_b,0.0007231,0.0007223148121688395,7.851878311604561e-07,0.10858634076539797
921,rho_b,0.0009192,0.0009220709625057704,2.8709625057703756e-06,0.3123327352749182
922,rho_b,0.0008905,0.0008829835320412279,7.516467958772156e-06,0.8440727625301997
923,rho_b,0.0008173,0.0008264533999590457,9.153399959045726e-06,1.1199559461453772
924,rho_b,0.0010289,0.0010178759046274985,1.102409537250145e-05,1.071444781979493
925,rho_b,0.0010175,0.0010211905590028982,3.6905590028982107e-06,0.3627085011568674
927,rho_b,0.0022402,0.0022239133412798213,1.628665872017857e-05,0.7270180659275238
928,rho_b,0.0018038,0.0018006164504601806,3.1835495398193844e-06,0.17649127054299102
929,rho_b,0.0023206,0.002280838932359283,3.976106764071695e-05,1.7133960020504606
931,rho_b,0.0023322,0.002356921700349758,2.4721700349757906e-05,1.060016308170729
933,rho_b,0.0022441,0.002249283656273458,5.183656273457637e-06,0.23099043140447093
934,rho_b,0.0023362,0.002344286605694326,8.086605694325889e-06,0.3461435532430636
935,rho_b,0.0023797,0.0023744233215894418,5.276678410558004e-06,0.22173712687904498
937,rho_b,0.0023878,0.002399476118944647,1.1676118944647061e-05,0.48899065833642497
940,rho_b,0.0023203,0.002313963523519609,6.336476480391182e-06,0.27308867291558403
941,rho_b,0.0026041,0.002577093068444154,2.700693155584591e-05,1.037092720919895
947,rho_b,0.001098,0.0011033725261224855,5.3725261224854375e-06,0.4893011036058676
948,rho_b,0.0011427,0.001129980792767871,1.2719207232129038e-05,1.1130836808434585
949,rho_b,0.0011378,0.001129317563804392,8.48243619560804e-06,0.7455120573170082
950,rho_b,0.0011415,0.0011312664076150844,1.0233592384915544e-05,0.8965039313141047
951,rho_b,0.00105217,0.0010583315516331305,6.161551633130421e-06,0.5856041920292708
952,rho_b,0.00105217,0.0010580278704277314,5.857870427731365e-06,0.5567418213942563
953,rho_b,0.00106117,0.0010630520606366542,1.8820606366542602e-06,0.1773571279701357
954,rho_b,0.0010714,0.001085384198266732,1.3984198266732114e-05,1.3052266430539339
955,rho_b,0.00107687,0.0010851379846270287,8.267984627028735e-06,0.767779269489441
956,rho_b,0.00108834,0.0010928436963550663,4.503696355066377e-06,0.4138133626374335
957,rho_b,0.00109593,0.0010967647259608286,8.347259608286819e-07,0.07616599235964178
958,rho_b,0.00110475,0.001108335098699223,3.5850986992230164e-06,0.32451674098011757
959,rho_b,0.00111428,0.0011117814200001794,2.4985799998206073e-06,0.22423268815542596
960,rho_b,0.00112293,0.0011246436100543617,1.7136100543616029e-06,0.15260168067783264
961,rho_b,0.00113016,0.0011296868091732284,4.7319082677166856e-07,0.04186936596172001
962,rho_b,0.00113916,0.0011312664076150844,7.893592384915563e-06,0.6929309647447465
963,rho_b,0.00110794,0.0011104065016191407,2.4665016191407693e-06,0.22262050444198822
964,rho_b,0.00110794,0.0011100853884440103,2.1453884440103023e-06,0.19363760150133819
965,rho_b,0.00110794,0.0011127176931950177,4.777693195017743e-06,0.43122309788485946
966,rho_b,0.00110794,0.0011130273493680592,5.087349368059196e-06,0.4591719193699548
967,rho_b,0.00110794,0.0011128747098301135,4.934709830113583e-06,0.44539504175854583
968,rho_b,0.00110794,0.0011103617544067526,2.4217544067526263e-06,0.21858172866462164
969,rho_b,0.00110794,0.0011097619924769495,1.821992476949523e-06,0.1644486592509555
970,rho_b,0.00110794,0.0011090586028441394,1.1186028441394474e-06,0.10096240257864356
971,rho_b,0.00118994,0.0011851303757120046,4.809624287995364e-06,0.40419048724754686
972,rho_b,0.00119089,0.0011883667569851089,2.5232430148911314e-06,0.21187876401450542
973,rho_b,0.00119184,0.001190022112734393,1.8178872656070006e-06,0.15252779434166688
975,rho_b,0.00119279,0.0011936179258409804,8.279258409803897e-07,0.06941086362949732
976,rho_b,0.00119374,0.001190293838156282,3.446161843717946e-06,0.2886861327283231
977,rho_b,0.00119469,0.001198042925522369,3.3529255223691164e-06,0.2806523465972422
978,rho_b,0.00119654,0.0011988313427275126,2.291342727512571e-06,0.19149737790609567
979,rho_b,0.00119635,0.0011986063379486038,2.2563379486037396e-06,0.18860182611424092
980,rho_b,0.00119659,0.0012014184152045661,4.828415204566165e-06,0.40351458732991413
982,rho_b,0.00119754,0.0011987646901157984,1.224690115798465e-06,0.10226715723698528
983,rho_b,0.00119849,0.0011984218829647428,6.811703525712309e-08,0.005683571427403431
984,rho_b,0.00119945,0.0012056594318624308,6.209431862430875e-06,0.517689929322104
989,rho_b,0.0016153,0.0016226920125947464,7.392012594746372e-06,0.45762475021173304
991,rho_b,0.0014549,0.0014604479860871643,5.547986087164241e-06,0.38133109377626845
992,rho_b,0.0014434,0.001432600005018637,1.0799994981363064e-05,0.7482329897381692
993,rho_b,0.001463,0.0014626756931344158,3.2430686558427256e-07,0.02216724985390294
994,rho_b,0.0014532,0.0014674080847291043,1.4208084729104304e-05,0.9777102063946602
995,rho_b,0.0014002,0.001420904728906949,2.0704728906948983e-05,1.4786979640167122
996,rho_b,0.0013533,0.0013417509056791526,1.1549094320847378e-05,0.8534023728894815
997,rho_b,0.0014503,0.0014535180541095758,3.2180541095756885e-06,0.22188885798502378
998,rho_b,0.0013627,0.0013753110589626587,1.2611058962658803e-05,0.9254464631543509
999,rho_b,0.0013937,0.0013855185768163324,8.181423183667696e-06,0.5870290003442208
1000,rho_b,0.0014339,0.0014316434363691342,2.2565636308658973e-06,0.1573724547940702
1001,rho_b,0.0013931,0.0013858567379330324,7.243262066967612e-06,0.5199384151725094
1003,rho_b,0.0014464,0.0014514012322130055,5.001232213005472e-06,0.3457710321866539
1004,rho_b,0.0013774,0.0013727970715861366,4.602928413863401e-06,0.3341751423349535
1005,rho_b,0.0013286,0.0013215487759506697,7.05122404933041e-06,0.5307258801763624
1006,rho_b,0.0012576,0.0012703535576917406,1.2753557691740558e-05,1.0141187723918075
1007,rho_b,0.0012472,0.0012477731950387787,5.731950387787704e-07,0.04595855021802317
1008,rho_b,0.0007005,0.0006983669040530126,2.1330959469873087e-06,0.3045104845028129
1009,rho_b,0.000825,0.0008307838593016523,5.783859301652277e-06,0.701073853895944
1010,rho_b,0.00089,0.0008811695558182513,8.830444181748601e-06,0.9921847384075005
1012,rho_b,0.000994,0.0009822212071856854,1.1778792814314681e-05,1.184989215539717
1013,rho_b,0.00105,0.0010432976518687132,6.702348131286742e-06,0.6383188690384337
1014,rho_b,0.00106,0.0010541403127449992,5.859687255000724e-06,0.5528006839125206
1015,rho_b,0.00109,0.0010914965059975218,1.4965059975217965e-06,0.13729412808705094
1016,rho_b,0.001095,0.0010936391191118573,1.3608808881427573e-06,0.12428135953424144
1017,rho_b,0.0011,0.0010977501071325847,2.2498928674153772e-06,0.20453571503363818
1019,rho_b,0.00111,0.0011072254792012827,2.774520798717395e-06,0.24995682848809248
1020,rho_b,0.00118,0.0011727716111834437,7.228388816556391e-06,0.6125753229178507
1021,rho_b,0.00108,0.001091330516143547,1.133051614354689e-05,1.0491218641718214
1022,rho_b,0.000592,0.0005984955195237099,6.4955195237098844e-06,1.0972161339083992
1023,rho_b,0.000611,0.000609169862093971,1.8301379060290182e-06,0.29953157169127703
1024,rho_b,0.000723,0.0007171865723036659,5.813427696334098e-06,0.8040702196809677
1026,rho_b,0.000775,0.0007836622831121012,8.662283112101246e-06,1.1177139485063365
1027,rho_b,0.000869,0.0008797636191277195,1.0763619127719475e-05,1.2386213021096966
1028,rho_b,0.000907,0.000928873720262487,2.1873720262486967e-05,2.411656035101478
1029,rho_b,0.001061,0.0010542763448615517,6.723655138448411e-06,0.6337092490208593
1030,rho_b,0.001018,0.0010297657719187388,1.1765771918738734e-05,1.1557732718252456
1032,rho_b,0.001059,0.001061119812077163,2.1198120771629726e-06,0.20017111191324471
1033,rho_b,0.001092,0.0010989459737246023,6.945973724602206e-06,0.6360781793261376
1034,rho_b,0.001098,0.001103292361441774,5.29236144177392e-06,0.4820001308701201
1035,rho_b,0.0010813,0.0010910146667674934,9.714666767493291e-06,0.8984247441513958
1036,rho_b,0.0010908,0.0010960867384335975,5.286738433597435e-06,0.484666155917746
1037,rho_b,0.0010929,0.0010946359941167228,1.7359941167228565e-06,0.15884290558463057
1038,rho_b,0.0011003,0.001105203613107742,4.903613107741988e-06,0.44566146535357387
1039,rho_b,0.0011033,0.001105958106549317,2.658106549317113e-06,0.24092327987926043
1040,rho_b,0.0011106,0.0011105583111270566,4.168887294338404e-08,0.003753725275152781
1041,rho_b,0.001113,0.0011112677129185154,1.7322870814846184e-06,0.15564124707351357
1042,rho_b,0.0011198,0.0011192976207344274,5.023792655726046e-07,0.04486330283300335
1043,rho_b,0.0011125,0.0011124181618402595,8.183815974048027e-08,0.00735623907118363
1044,rho_b,0.0011335,0.0011296868091732284,3.8131908267715654e-06,0.3364085419856621
1045,rho_b,0.0011348,0.0011312664076150844,3.5335923849156518e-06,0.3113845948010051
1046,rho_b,0.00075,0.0007400075354707737,9.992464529226292e-06,1.3323286021204008
1047,rho_b,0.00086,0.0008672133570101246,7.2133570101246425e-06,0.838762442062444
1049,rho_b,0.00096,0.0009671833130151049,7.1833130151048455e-06,0.7482617716273153
1051,rho_b,0.00107,0.001057779049211224,1.2220950788775905e-05,1.1421449324630333
1053,rho_b,0.0011,0.0010997637039368811,2.362960631189289e-07,0.02148146026401039
1054,rho_b,0.001098,0.001103292361441774,5.29236144177392e-06,0.4820001308701201
1055,rho_b,0.001001,0.00101310483461784,1.2104834617840095e-05,1.2092741863883472
1056,rho_b,0.00105,0.0010478611313085077,2.1388686914922735e-06,0.2037017799481196
1057,rho_b,0.00114,0.001119591657300353,2.040834269964706e-05,1.7902054983986848
1059,rho_b,0.001185,0.0011862734267768212,1.2734267768211172e-06,0.10746217516848063
1060,rho_b,0.00121,0.0012053441065537154,4.655893446284514e-06,0.3847845820195594
1061,rho_b,0.00122,0.001220038897407601,3.8897407601086106e-08,0.0031883120958363102
1062,rho_b,0.00121,0.0012107508364477045,7.508364477046021e-07,0.06205259893256827
1063,rho_b,0.0012,0.0012001698597474198,1.6985974741990859e-07,0.014154978939863234
1065,rho_b,0.00116,0.001172472670258914,1.2472670258914043e-05,1.0752301938070465
1066,rho_b,0.001107,0.0011099657417110277,2.965741711027838e-06,0.26790801340097187
1067,rho_b,0.001036,0.001039211590195789,3.211590195788868e-06,0.30999905334834726
1068,rho_b,0.001858,0.001845527646643635,1.2472353356365136e-05,0.6712784364721395
1069,rho_b,0.00178,0.00177219213721837,7.80786278162986e-06,0.4386439762496304
1071,rho_b,0.00171,0.0017307110626735788,2.0711062673578863e-05,1.2111732550565575
1072,rho_b,0.00163,0.0016330259029103049,3.0259029103049326e-06,0.18563821524224236
1074,rho_b,0.00156,0.0015894202620457237,2.9420262045723716e-05,1.8859142324913187
1076,rho_b,0.00149,0.0014947333092198512,4.733309219851151e-06,0.31767175950835125
1080,rho_b,0.00142,0.0014317468082625882,1.1746808262588131e-05,0.8272400179095585
1084,rho_b,0.00135,0.0013474135629333189,2.5864370666811923e-06,0.1915879307233565
1087,rho_b,0.00127,0.0012707598269132776,7.598269132775681e-07,0.05982889076214796
1089,rho_b,0.00121,0.0012111416058173576,1.141605817357727e-06,0.0943475881334092
1091,rho_b,0.00113,0.0011371584880570194,7.158488057019442e-06,0.63349451775969
1098,rho_b,0.001,0.0009961497454214446,3.850254578555406e-06,0.38502545747051514
1099,rho_b,0.001024,0.0010248999599647918,8.999599647918546e-07,0.08788671522587768
1101,rho_b,0.00098,0.0009881092877106062,8.109287710606275e-06,0.8274783369726012
1108,rho_b,0.0008359,0.0008416151725898133,5.715172589813313e-06,0.683714868163197
1109,rho_b,0.000846,0.0008465539058637766,5.539058637766018e-07,0.06547350627918047
1110,rho_b,0.000792,0.0007931373058508406,1.1373058508406522e-06,0.1435992234096793
1111,rho_b,0.000982,0.0009802726554766637,1.7273445233362706e-06,0.17590066411173766
1112,rho_b,0.0009148,0.0009198992974133856,5.09929741338564e-06,0.5574221040458481
1113,rho_b,0.0008906,0.0008825803763547669,8.019623645233063e-06,0.9004742461518438
1115,rho_b,0.0009115,0.0009196460803414637,8.146080341463733e-06,0.8937005301729817
1116,rho_b,0.0008523,0.0008609061208787152,8.606120878715219e-06,1.009752536503308
1118,rho_b,0.000807,0.0008065275642148371,4.724357851628976e-07,0.058542228572177855
1119,rho_b,0.00085012,0.0008502737068442427,1.537068442426662e-07,0.018080605568844416
1121,rho_b,0.0007612,0.000764371790324719,3.1717903247190267e-06,0.41668291126539647
1122,rho_b,0.000732,0.0007359970042873766,3.997004287376602e-06,0.5460388363273516
1123,rho_b,0.00073715,0.0007420539628975398,4.903962897539809e-06,0.6652598373312366
1125,rho_b,0.0024356,0.0024059070276878083,2.9692972312191698e-05,1.2191235137132723
1126,rho_b,0.0024002,0.002409278940375687,9.07894037568708e-06,0.3782576606909634
1127,rho_b,0.0024499,0.002414238421367531,3.566157863246896e-05,1.45563405110056
1128,rho_b,0.00188,0.0018952791394865384,1.527913948653841e-05,0.8127201850218727
1129,rho_b,0.00229,0.002293893876379724,3.893876379724038e-06,0.17003826978269238
1130,rho_b,0.00247,0.0024944186828513406,2.4418682851340585e-05,0.9886106413544323
1131,rho_b,0.00253,0.0024971464054387034,3.2853594561296686e-05,1.2985610493403588
1132,rho_b,0.0023501,0.0023564452921709493,6.345292170949375e-06,0.27000094328962027
1133,rho_b,0.0023801,0.0023870905234314645,6.990523431464526e-06,0.2937071311511052
1134,rho_b,0.0022801,0.0022662557236382604,1.3844276361739752e-05,0.6071784726840036
1135,rho_b,0.0014202,0.001428376893896163,8.176893896162966e-06,0.575756505450317
1136,rho_b,0.0015102,0.0015162869108377558,6.086910837755895e-06,0.40305329318801236
1137,rho_b,0.0015001,0.001515528184610519,1.5428184610518985e-05,1.0284770748772891
1140,rho_b,0.0016301,0.0016240976754766624,6.0023245233376335e-06,0.3682181780047514
1141,rho_b,0.0016401,0.001636159201322441,3.940798677559004e-06,0.24027795104909608
1142,rho_b,0.0014321,0.0014396447418335012,7.544741833501265e-06,0.5268306562553564
1143,rho_b,0.0023143,0.002297854153078491,1.6445846921508966e-05,0.7106186282851307
1144,rho_b,0.0013152,0.0013113427440767011,3.857255923298952e-06,0.29328284066044125
1145,rho_b,0.001404,0.001421378547372414,1.7378547372413856e-05,1.2377882735068357
1146,rho_b,0.0014586,0.0014889513682351456,3.0351368235145577e-05,2.080856178139107
1147,rho_b,0.0015179,0.0015247993288553044,6.899328855304414e-06,0.4545311845812703
1148,rho_b,0.0016029,0.0015912762725020118,1.1623727497988168e-05,0.725168600083379
1149,rho_b,0.0022801,0.0022662557236382604,1.3844276361739752e-05,0.6071784726840036
1150,rho_b,0.000812,0.0008239319667380056,1.1931966738005584e-05,1.4694540299644143
1151,rho_b,0.00113,0.0011238981509445242,6.101849055475776e-06,0.539986641599638
1153,rho_b,0.00132,0.001301278660596357,1.8721339403642966e-05,1.4182832870803133
1157,rho_b,0.0017,0.001719142844101195,1.9142844101195178e-05,1.126049652349099
1158,rho_b,0.0026044,0.002640120503285912,3.572050328591158e-05,1.3715444352709312
1159,rho_b,0.0029759,0.0027667414233767096,0.00020915857662329044,7.028414145401602
1161,rho_b,0.0025024,0.0025152170154061695,1.2817015406169432e-05,0.5121889146838052
1163,rho_b,0.0023764,0.002371461385629759,4.938614370240783e-06,0.20781915368467396
1164,rho_b,0.0036345,0.0036000118049862853,3.4488195013714865e-05,0.9489116798521323
1166,rho_b,0.0022264,0.002206919756226528,1.9480243773472e-05,0.8749660332699578
1167,rho_b,0.0022804,0.0022958074760602997,1.5407476060299522e-05,0.6756479588468269
1169,rho_b,0.0022804,0.0022956288889813556,1.5228888981355486e-05,0.6678165661584511
1171,rho_b,0.0023704,0.0023597556336962763,1.0644366303723656e-05,0.4490535900790213
1172,rho_b,0.0022384,0.0022659167684579446,2.7516768457944412e-05,1.2293052379222371
1173,rho_b,0.0021363,0.0021361037921924196,1.9620780758022177e-07,0.00918446882405922
1175,rho_b,0.0023651,0.0023588728289808923,6.227171019107872e-06,0.2632941954452213
1176,rho_b,0.0022972,0.0022907008103384683,6.499189661531794e-06,0.28291788519513383
1178,rho_b,0.0023359,0.0023610523071265874,2.5152307126587257e-05,1.0767715705218348
1179,rho_b,0.0022552,0.0022618684003030774,6.668400303077183e-06,0.29568997428699373
1180,rho_b,0.0023362,0.0023394090090680508,3.209009068050675e-06,0.137360203179397
1182,rho_b,0.0023679,0.002344936314638555,2.296368536144509e-05,0.9697911800222635
1183,rho_b,0.0022065,0.0021941255120787014,1.2374487921298742e-05,0.5608197559796304
1184,rho_b,0.0023655,0.0023486276002097238,1.6872399790276212e-05,0.7132699126249635
1186,rho_b,0.0024165,0.0023974680496130696,1.903195038693026e-05,0.7875832972917206
1187,rho_b,0.0022354,0.0022610516704049954,2.565167040499564e-05,1.1475203719030347
1189,rho_b,0.0019062,0.0019219679354876644,1.576793548766441e-05,0.8271920826457082
1190,rho_b,0.0021414,0.002132792620790041,8.607379209958892e-06,0.40195102297279267
1191,rho_b,0.0020521,0.002061605269231371,9.505269231371068e-06,0.46319717493002766
1192,rho_b,0.0021181,0.0021385719937814904,2.0471993781490463e-05,0.9665263099865541
1193,rho_b,0.0021771,0.002194015243148868,1.6915243148867953e-05,0.7769621579669437
1194,rho_b,0.0021424,0.002141534932946812,8.650670531881559e-07,0.040378409857373586
1195,rho_b,0.0022083,0.0022037543005535704,4.545699446429491e-06,0.20584610081832316
1196,rho_b,0.0022354,0.0022610516704049954,2.565167040499564e-05,1.1475203719030347
1197,rho_b,0.0027118,0.0027048561066418658,6.9438933581341365e-06,0.25606214896281126
1198,rho_b,0.00226,0.0022433567971840897,1.6643202815910113e-05,0.7364249030330029
1199,rho_b,0.0019,0.0019010601009904588,1.0601009904588274e-06,0.055794788942151556
1200,rho_b,0.00171,0.0017302611838834114,2.026118388341147e-05,1.1848645538925628
1201,rho_b,0.00143,0.0014300765209398362,7.652093983608575e-08,0.005351114670110112
1202,rho_b,0.00233,0.0023341458122271043,4.145812227104254e-06,0.17793185516416032
1208,rho_b,0.0006101,0.0006086797666210965,1.4202333789035742e-06,0.23278698190062355
1209,rho_b,0.0006622,0.0006619481543919585,2.5184560804153693e-07,0.03803165322579589
1210,rho_b,0.0007901,0.0007941589420771989,4.058942077198946e-06,0.5137251072094287
1211,rho_b,0.0010038,0.0010189854848337088,1.5185484833708796e-05,1.5127998424567441
1212,rho_b,0.0007515,0.0007553943395709444,3.894339570944443e-06,0.5182088577195415
1213,rho_b,0.00077384,0.0007689656672005179,4.8743327994821804e-06,0.6298889684150846
1214,rho_b,0.00068,0.0006799832855081992,1.67144918008285e-08,0.002458013496507112
1215,rho_b,0.0008128549999999,0.0008259838641212438,1.312886412134387e-05,1.6151544992887958
1216,rho_b,0.00084,0.000841062797726717,1.0627977267169565e-06,0.1265235387442525
1217,rho_b,0.00090699,0.0009102750831163878,3.2850831163878024e-06,0.36219617777107144
1218,rho_b,0.00102,0.001017476397694833,2.5236023051670477e-06,0.24741199046009094
1219,rho_b,0.0009,0.0009077910804802082,7.791080480208266e-06,0.8656756079501678
1220,rho_b,0.000967145,0.0009622580229214345,4.88697707856547e-06,0.5052993163912833
1221,rho_b,0.0008097,0.0008146524695788747,4.952469578874716e-06,0.6116425309075325
1222,rho_b,0.00092,0.0009117295560628171,8.270443937182913e-06,0.89896129654275
1223,rho_b,0.00086,0.0008636608459507074,3.6608459507074358e-06,0.4256797612151905
1224,rho_b,0.00092,0.0009163771774929281,3.622822507071892e-06,0.39378505468848274
1225,rho_b,0.00096,0.0009579580774608919,2.0419225391080835e-06,0.2127002642688626
1226,rho_b,0.00102,0.0010174424811967727,2.5575188032274116e-06,0.25073713732549413
1227,rho_b,0.00112,0.0011187818024572466,1.2181975427533014e-06,0.10876763764871653
1231,rho_b,0.000838,0.0008375460929922423,4.5390700775772234e-07,0.054165513987597516
1235,rho_b,0.000866,0.00086851006646733,2.5100664673299595e-06,0.2898460120590646
1238,rho_b,0.00092,0.0009199569371993626,4.306280063743825e-08,0.004680739194633789
1239,rho_b,0.00233,0.0023341458122271043,4.145812227104254e-06,0.17793185516416032
1240,rho_b,0.00096,0.0009593117126250519,6.88287374948156e-07,0.07169660148241562
1241,rho_b,0.001,0.0009956582150107622,4.341784989237828e-06,0.4341784984896043
1242,rho_b,0.001534,0.0015369416520858077,2.941652085807671e-06,0.19176349960169728
1243,rho_b,0.0007398,0.0007429778432891602,3.1778432891602223e-06,0.42955437751617714
1244,rho_b,0.00046803,0.00047162769412309967,3.597694123099696e-06,0.7686887839268441
1245,rho_b,0.00048222,0.00048465497980003207,2.434979800032067e-06,0.5049520540381043
1246,rho_b,0.00061429,0.0006024812723511622,1.1808727648837756e-05,1.9223375978144492
1247,rho_b,0.00066981,0.000664837121913818,4.972878086182005e-06,0.742431148946372
1248,rho_b,0.00071021,0.0007115927902812516,1.382790281251648e-06,0.19470160646916151
1250,rho_b,0.0008359,0.0008372958703578558,1.3958703578558374e-06,0.16699011319367585
1251,rho_b,0.00093597,0.0009318934778466021,4.076522153397986e-06,0.4355398302341515
1252,rho_b,0.00102998,0.0010204044551737602,9.575544826239844e-06,0.929682597423544
1253,rho_b,0.00102009,0.001020455103918982,3.651039189819273e-07,0.03579134376613964
1254,rho_b,0.00094019,0.0009474385227119514,7.248522711951369e-06,0.7709636035526577
1255,rho_b,0.0009515,0.000948437271969044,3.0627280309560153e-06,0.32188418578425365
1256,rho_b,0.0009008,0.0009112741335202797,1.0474133520279694e-05,1.1627590484738126
1257,rho_b,0.0009253,0.000923561559223385,1.7384407766150118e-06,0.18787860961160982
1258,rho_b,0.0009265,0.0009248116432998853,1.6883567001147728e-06,0.1822295411001055
1259,rho_b,0.0009259,0.0009234630196497713,2.4369803502287055e-06,0.26320124717536375
1260,rho_b,0.000636,0.000639368974084921,3.3689740849210262e-06,0.5297129056012417
1262,rho_b,0.000648,0.0006517749488053318,3.7749488053317277e-06,0.5825538270842885
1263,rho_b,0.000765,0.000761014395535338,3.985604464661996e-06,0.5209940469871968
1265,rho_b,0.000898,0.0008997154938391753,1.7154938391752885e-06,0.1910349484704832
1267,rho_b,0.000912,0.0009198422444036653,7.842244403665258e-06,0.8598952187572704
1268,rho_b,0.00092,0.0009204253421670606,4.2534216706060536e-07,0.04623284419546488
1270,rho_b,0.00092,0.0009246783972245755,4.6783972245754285e-06,0.5085214369011102
1271,rho_b,0.000935,0.0009352367708667412,2.3677086674123767e-07,0.025323087324920515
1273,rho_b,0.00089,0.0008812758881078305,8.72411189216946e-06,0.9802372901536053
1274,rho_b,0.000782,0.0007921577889947315,1.0157788994731424e-05,1.2989499976652077
1275,rho_b,0.00069,0.0006914305156626157,1.430515662615762e-06,0.20732111022355812
1276,rho_b,0.00136,0.001348182941244201,1.1817058755799175e-05,0.8689013784639824
1277,rho_b,0.0025,0.0024922154139177186,7.784586082281494e-06,0.31138344316670635
1279,rho_b,0.0001574585,0.00017473296521012735,1.727446521012735e-05,10.970805069538512
1312,rho_b,0.00031,0.00029467419658151244,1.532580341848756e-05,4.9438075384030595
1314,rho_b,0.000255,0.0002486950468776558,6.304953122344232e-06,2.4725306265172255
1317,rho_b,0.000205,0.00019999729341778263,5.002706582217368e-06,2.4403446623482545
1326,rho_b,0.0007,0.0006959179970559947,4.0820029440052615e-06,0.5831432768819755
1327,rho_b,0.000675,0.0006765761186360405,1.5761186360404309e-06,0.2334990568452504
1328,rho_b,0.0007,0.0006939758804593857,6.02411954061426e-06,0.8605885045726249
1329,rho_b,0.0007,0.0006939902354025344,6.009764597465599e-06,0.85853779841146
1331,rho_b,0.0007495,0.000740567052910636,8.93294708936398e-06,1.1918541797792448
1333,rho_b,0.0007756,0.0007753515564499607,2.4844355003925556e-07,0.03203243291889263
1334,rho_b,0.0007051,0.0007093974934101807,4.297493410180772e-06,0.6094870804263085
1336,rho_b,0.0008699,0.0008617872530748217,8.11274692517829e-06,0.9326068416889552
1338,rho_b,0.0008356,0.0008337439246884769,1.856075311523135e-06,0.22212485750381597
1339,rho_b,0.0008751,0.0008709043259459405,4.195674054059445e-06,0.47945081125184974
1341,rho_b,0.0007735,0.000772501413233052,9.985867669479566e-07,0.12909977577982662
1342,rho_b,0.000956,0.00095247083496392,3.5291650360800165e-06,0.36915952221636206
1344,rho_b,0.0006251,0.0006371851325743172,1.2085132574317196e-05,1.933311878896829
1345,rho_b,0.0007502,0.000757306275523033,7.106275523032987e-06,0.9472508015943054
1346,rho_b,0.0008504,0.0008458924779308208,4.507522069179177e-06,0.530047279383667
1348,rho_b,0.0007252,0.0007278111308208367,2.6111308208367134e-06,0.36005664881910465
1350,rho_b,0.0006501,0.000654481389015652,4.381389015651964e-06,0.6739561619616063
1353,rho_b,0.000685,0.0006850486675676196,4.866756761966965e-08,0.007104754386660162
1354,rho_b,0.0007,0.0006959179970559947,4.0820029440052615e-06,0.5831432768819755
1365,rho_b,0.00076,0.0007622920095328224,2.292009532822324e-06,0.3015802012903318
1367,rho_b,0.000784,0.0007902091182456308,6.20911824563081e-06,0.7919793670549766
1370,rho_b,0.00078,0.0007900780975073783,1.0078097507378318e-05,1.2920637813407283
1372,rho_b,0.000786,0.0007966177287579159,1.0617728757915867e-05,1.3508560743520746
1373,rho_b,8.1e-05,7.802614796704435e-05,2.9738520329556506e-06,3.6714222175820104
1374,rho_b,0.0007801,0.0007986991213732109,1.8599121373210855e-05,2.3841970708074456
1375,rho_b,0.00073066,0.0007359345845510071,5.274584551007199e-06,0.7218931573903413
1376,rho_b,0.00071154,0.0007094034246884434,2.136575311556554e-06,0.30027479952691427
1377,rho_b,0.00072457,0.0007231272938810798,1.4427061189202159e-06,0.19911204120086334
1378,rho_b,0.00073941,0.0007363386981625325,3.0713018374675617e-06,0.41537196322931014
1379,rho_b,0.0007635,0.0007623669553900366,1.1330446099633512e-06,0.14840138945374426
1380,rho_b,0.00080038,0.000807026404517392,6.64640451739204e-06,0.8304061207286513
1381,rho_b,0.0010687,0.0010605922881751773,8.107711824822646e-06,0.7586518028666724
1382,rho_b,0.00105898,0.001057272049193473,1.7079508065269249e-06,0.16128263091976228
1383,rho_b,0.00105898,0.0010571729020920875,1.8070979079124003e-06,0.1706451402487251
1384,rho_b,0.00105898,0.0010574310955950243,1.5489044049756939e-06,0.14626380134781167
1385,rho_b,0.0004921,0.0004716356617523063,2.0464338247693674e-05,4.158573096140611
1386,rho_b,0.000924,0.0009264602241052459,2.4602241052458897e-06,0.26625801976009844
1387,rho_b,0.000794,0.0007902383419403354,3.7616580596646146e-06,0.47376046031826324
1388,rho_b,0.000937,0.0009294406361415986,7.559363858401389e-06,0.8067624173248416
1389,rho_b,0.000849,0.0008443538925338876,4.646107466112475e-06,0.547244695010604
1390,rho_b,0.000896,0.0009007495846950437,4.749584695043756e-06,0.5300875769802322
1391,rho_b,0.00093,0.0009204446431606667,9.555356839333323e-06,1.0274577235547038
1392,rho_b,0.000906,0.0009212559935086804,1.5255993508680424e-05,1.6838844913732427
1393,rho_b,0.000875,0.0008729046210988982,2.0953789011018183e-06,0.23947187413795423
1394,rho_b,0.001023,0.0010224365711748195,5.634288251805258e-07,0.05507613143985968
1395,rho_b,0.000725,0.0007244371643883062,5.628356116937298e-07,0.07763249805757308
1396,rho_b,0.000924,0.0009264602241052459,2.4602241052458897e-06,0.26625801976009844
1397,rho_b,0.0006813,0.0006815498583880765,2.4985838807645676e-07,0.03667376892847777
1398,rho_b,0.00084,0.0008411580249463498,1.1580249463498003e-06,0.13786011249657132
1399,rho_b,0.00093,0.0009308897970347294,8.897970347293517e-07,0.09567710040565383
1400,rho_b,0.00093,0.0009298348092079021,1.6519079209793668e-07,0.017762450744119588
1401,rho_b,0.00096,0.0009612745988859369,1.2745988859368292e-06,0.13277071714678354
1402,rho_b,0.0010474,0.0010455731618552444,1.8268381447555503e-06,0.17441647345917372
1403,rho_b,0.0011065,0.0011045544260438313,1.945573956168775e-06,0.17583135602444297
1404,rho_b,0.001073,0.0010805455763295945,7.545576329594586e-06,0.7032223972565109
1405,rho_b,0.0009976,0.0009934410152021768,4.158984797823133e-06,0.4168990370543447
1406,rho_b,0.0009939,0.0009858658842617247,8.03411573827538e-06,0.8083424620376249
1407,rho_b,0.0009597,0.0009565296720550038,3.1703279449961765e-06,0.3303457269660018
1408,rho_b,0.0010144,0.0010135085231110597,8.914768889402725e-07,0.08788218533728812
1409,rho_b,0.0009691,0.0009678799813324412,1.2200186675587286e-06,0.12589192717983794
1410,rho_b,0.0009099,0.0009243781541525957,1.4478154152595697e-05,1.5911808041195612
1411,rho_b,0.0009142,0.0009208918075654184,6.691807565418367e-06,0.7319850752678315
1413,rho_b,0.0009844,0.0009826126980360809,1.787301963919203e-06,0.18156257233884368
1414,rho_b,0.0006103,0.0006042327299597612,6.067270040238876e-06,0.9941455071763756
1415,rho_b,0.0007405,0.0007332840793824494,7.215920617550595e-06,0.9744659834984383
1416,rho_b,0.0004769,0.0004811731042839519,4.273104283951921e-06,0.8960168326675935
1417,rho_b,0.0006173,0.0006135309751957262,3.7690248042737988e-06,0.6105661425835311
1418,rho_b,0.0006838,0.000686498392383587,2.698392383586974e-06,0.3946171950337528
1419,rho_b,0.0010894,0.0010831548655354612,6.245134464538671e-06,0.5732636734721896
1420,rho_b,0.0006944,0.0006931960353078033,1.2039646921966447e-06,0.17338201187540678
1421,rho_b,0.0007643,0.0007595028561892958,4.7971438107041915e-06,0.6276519435336481
1422,rho_b,0.0006349,0.0006408997536200198,5.999753620019818e-06,0.9449919059017009
1423,rho_b,0.0006486,0.0006511597530044161,2.5597530044160505e-06,0.39465818693639665
1424,rho_b,0.000724,0.0007251417511598096,1.1417511598095596e-06,0.15770043621996618
1425,rho_b,0.0006819,0.0006778861682912413,4.013831708758698e-06,0.5886246814595177
1426,rho_b,0.000487,0.0004814960787346962,5.503921265303808e-06,1.1301686353187108
1427,rho_b,0.000468,0.0004747805421300568,6.780542130056788e-06,1.448833785377874
1428,rho_b,0.000436,0.00043808355531033355,2.083555310333524e-06,0.4778796572373228
1429,rho_b,0.000465,0.00047468304580283754,9.68304580283751e-06,2.0823754369922054
1430,rho_b,0.000503,0.0005035433297536548,5.433297536548134e-07,0.10801784345420179
1431,rho_b,0.000639,0.0006377754820337948,1.2245179662052734e-06,0.19163035434882156
1432,rho_b,0.000828,0.0008376138193306947,9.613819330694766e-06,1.1610892897444292
1433,rho_b,0.0009844,0.0009850370255899737,6.370255899736631e-07,0.06471206718067272
1434,rho_b,0.0004458,0.0004447097033549064,1.0902966450936124e-06,0.24457080364466227
1435,rho_b,0.00083,0.0008229001753156961,7.099824684303913e-06,0.8554005633433623
1436,rho_b,0.000792,0.0007822064090758381,9.793590924161836e-06,1.2365645090651758
1437,rho_b,0.000843,0.0008365518466739982,6.448153326001787e-06,0.7649054944665162
1438,rho_b,0.000941,0.0009420485172369767,1.0485172369766862e-06,0.11142584865700614
1439,rho_b,0.000871,0.0008669267423884776,4.073257611522446e-06,0.46765299734166654
1441,rho_b,0.0008,0.0007945406187729564,5.459381227043616e-06,0.6824226525274236
1442,rho_b,0.0009844,0.0009826126980360809,1.787301963919203e-06,0.18156257233884368
1443,rho_b,0.0003,0.00029622669969014384,3.773300309856131e-06,1.257766765759488
1444,rho_b,0.00036,0.0003586430313476446,1.356968652355421e-06,0.376935735718351
1446,rho_b,0.00047,0.00047046249684070806,4.6249684070807104e-07,0.09840358292000749
1449,rho_b,0.00064,0.0006370960133206881,2.9039866793119937e-06,0.4537479179335179
1452,rho_b,0.00075,0.0007375306026031238,1.2469397396876235e-05,1.6625863173667161
1454,rho_b,0.00071,0.0007104534976877185,4.534976877184878e-07,0.06387291367320545
1456,rho_b,0.0009043,0.0009114503203017879,7.150320301787844e-06,0.7907022330953026
1457,rho_b,0.0009053,0.0009092599325492453,3.959932549245284e-06,0.43741660718779607
1459,rho_b,0.0008124,0.0008257648609806006,1.3364860980600592e-05,1.6451084397032876
1460,rho_b,0.00064,0.0006356810839757826,4.318916024217425e-06,0.6748306277295497
1461,rho_b,0.00032,0.000315935005097767,4.064994902233047e-06,1.2703109029781057
1462,rho_b,0.00024,0.0002567901958330438,1.67901958330438e-05,6.995914901285271
1463,rho_b,0.0005837,0.0005805135567105552,3.1864432894448307e-06,0.5459042802785314
1464,rho_b,0.000468,0.00048052838314089545,1.252838314089546e-05,2.6770049389156862
1465,rho_b,0.0003698,0.00037824244738067806,8.442447380678075e-06,2.2829765705376714
1466,rho_b,0.00072,0.0007125514342480068,7.448565751993282e-06,1.0345230196733404
1467,rho_b,0.00064,0.000641285430695224,1.2854306952239094e-06,0.20084854581491
1468,rho_b,0.000815,0.0008183014760140999,3.3014760140999237e-06,0.4050890809876114
1469,rho_b,0.000884,0.000871068968801156,1.2931031198844061e-05,1.4627863330561308
1470,rho_b,0.000784,0.0007865448745191959,2.544874519195932e-06,0.3246013413201427
1471,rho_b,0.0009123,0.0009141077800440475,1.807780044047521e-06,0.19815631284291985
1472,rho_b,0.000744,0.0007370345799627921,6.965420037207868e-06,0.9362123693341055
1473,rho_b,0.0011645,0.00115329879911724,1.1201200882760042e-05,0.96188929782234
1474,rho_b,0.0009586,0.0009506475709841317,7.952429015868276e-06,0.8295878372180677
1475,rho_b,0.0008399,0.0008325444827996919,7.355517200308094e-06,0.8757610657876513
1476,rho_b,0.0015,0.0015052639707960642,5.263970796064122e-06,0.35093138617032055
1477,rho_b,0.00135,0.0013568649588782695,6.8649588782694095e-06,0.5085154720877225
1478,rho_b,0.00136,0.0013561766363647853,3.823363635214842e-06,0.28112967885320184
1479,rho_b,0.00127,0.0012806889126248588,1.068891262485873e-05,0.8416466627119893
1480,rho_b,0.000656,0.0006555110064477666,4.889935522334188e-07,0.07454169992195149
1481,rho_b,0.000999,0.0010029500302856879,3.950030285687764e-06,0.39539842659997787
1482,rho_b,0.0009301,0.0009190786240759842,1.1021375924015822e-05,1.1849667683223475
1483,rho_b,0.00119,0.0011847840898831596,5.215910116840436e-06,0.4383117741560771
1484,rho_b,0.00122,0.001227399152684833,7.39915268483304e-06,0.6064879244891935
1485,rho_b,0.00105,0.0010397433123508983,1.025668764910166e-05,0.9768273942222273
1486,rho_b,0.0007699,0.0007622923176579107,7.607682342089268e-06,0.9881390222376772
1487,rho_b,0.00059,0.000594180716282647,4.180716282647023e-06,0.7085959789086548
1488,rho_b,0.0008,0.0008005011368447629,5.011368447628171e-07,0.0626421055170495
1489,rho_b,0.0009513,0.0009511497734292782,1.5022657072179604e-07,0.015791713504034365
1490,rho_b,0.0008376,0.0008445055512605486,6.905551260548578e-06,0.8244449919178758
1491,rho_b,0.0009752,0.0009841483770255902,8.948377025590269e-06,0.917594033676613
1492,rho_b,0.0004798,0.0004801977273579767,3.9772735797670824e-07,0.08289440540803755
1493,rho_b,0.00062513,0.000633925894980046,8.795894980046046e-06,1.4070505280462529
1494,rho_b,0.000576,0.0005842422714227704,8.242271422770429e-06,1.4309498973022448
1495,rho_b,0.00059959,0.0006009494950094919,1.3594950094918774e-06,0.22673743845369387
1496,rho_b,0.00062311,0.0006243936161069168,1.2836161069168213e-06,0.20600152538986793
1497,rho_b,0.000977,0.0009834858499633103,6.485849963310322e-06,0.6638536291373374
1499,rho_b,0.0011,0.0010853767742031745,1.4623225796825531e-05,1.3293841621392444
1500,rho_b,0.00059,0.0005936150502790485,3.615050279048501e-06,0.6127203852408978
1501,rho_b,0.0006,0.0005955070709127259,4.492929087274058e-06,0.7488215132976406
1502,rho_b,0.00083,0.0008293246742731042,6.753257268957624e-07,0.08136454531109842
1503,rho_b,0.00094,0.0009428170667521914,2.8170667521914584e-06,0.2996879520419765
1504,rho_b,0.0009,0.0009035165924248484,3.5165924248483933e-06,0.39073249121567427
1505,rho_b,0.00058,0.0005757206217163331,4.279378283666914e-06,0.7378238407394269
1506,rho_b,0.00074,0.0007318043031422912,8.19569685770881e-06,1.107526600896425
1507,rho_b,0.00076,0.0007522585335303292,7.741466469670852e-06,1.0186140078269357
1508,rho_b,0.0008,0.0007917625837808027,8.237416219197369e-06,1.0296770261125747
1509,rho_b,0.00083,0.0008319219437153164,1.9219437153163935e-06,0.23155948349407213
1510,rho_b,1.45e-05,6.771032630258772e-06,7.728967369741228e-06,53.303219563510574
1513,rho_b,0.000488,0.00048812751799420903,1.2751799420904339e-07,0.026130736464700006
1517,rho_b,0.000424,0.0004279112679543266,3.911267954326584e-06,0.9224688549768622
1522,rho_b,0.000239,0.00022551627779669563,1.3483722203304382e-05,5.64172474765152
1526,rho_b,0.000148,0.00014150507906019838,6.494920939801614e-06,4.388460064808793
1538,rho_b,0.000505,0.0005054620403359761,4.620403359761058e-07,0.09149313565567811
1540,rho_b,0.000385,0.0003913781475520917,6.378147552091719e-06,1.6566616975389876
1542,rho_b,0.0005,0.0004970325164453324,2.9674835546676485e-06,0.5934967097465362
1543,rho_b,0.0005301,0.0005302142416125524,1.142416125523996e-07,0.021550954977719305
1544,rho_b,0.00049,0.000490040112580711,4.011258071100893e-08,0.00818624094472378
1547,rho_b,0.000325,0.0003260536461165512,1.0536461165512037e-06,0.3241988040951433
1548,rho_b,0.00053,0.0005283597999872259,1.640200012774048e-06,0.3094716999394964
1549,rho_b,0.000505,0.0004998623889085633,5.137611091436678e-06,1.017348728963008
1551,rho_b,0.000515,0.0005249000005851971,9.900000585197008e-06,1.9223302069851855
1553,rho_b,0.00052,0.0005234950131471786,3.4950131471786104e-06,0.6721179116264292
1557,rho_b,0.0005,0.0005264667423044398,2.646674230443976e-05,5.293348450301255
1559,rho_b,0.0010779,0.0010802256293838363,2.325629383836351e-06,0.21575557859530525
1560,rho_b,0.000677,0.0006800295946419335,3.029594641933554e-06,0.44750290065857096
1561,rho_b,0.00075,0.0007454453892685079,4.55461073149211e-06,0.6072814300559061
1562,rho_b,0.000341,0.00033891734525308317,2.0826547469168246e-06,0.6107491908531768
1563,rho_b,0.0012682,0.0012630437078786148,5.156292121385108e-06,0.40658351343000104
1564,rho_b,0.001201,0.0011974338725957287,3.5661274042713634e-06,0.2969298419069163
1565,rho_b,0.0009904,0.0009859483509302663,4.451649069733658e-06,0.4494799136953614
1566,rho_b,0.0011079,0.001103953130125937,3.946869874063086e-06,0.35624784461599496
1567,rho_b,0.0010779,0.0010802256293838363,2.325629383836351e-06,0.21575557859530525
1568,rho_b,0.0012713,0.0012725911975822754,1.291197582275463e-06,0.10156513657357129
1569,rho_b,0.0009526,0.0009648274085196646,1.2227408519664674e-05,1.2835826692031123
1570,rho_b,0.0011474,0.001146545173331817,8.548266681831281e-07,0.07450119116595051
1571,rho_b,0.0013651,0.0013647698599617672,3.3014003823273776e-07,0.02418431162485493
1572,rho_b,0.0014247,0.0014322493399624352,7.54933996243508e-06,0.5298897983530695
1573,rho_b,0.0014583,0.0014637704209687341,5.470420968734088e-06,0.37512315469950325
1574,rho_b,0.0016464,0.0016357441923330084,1.0655807666991486e-05,0.6472186382725522
1575,rho_b,0.0012713,0.0012725911975822754,1.291197582275463e-06,0.10156513657357129
1576,rho_b,0.000972,0.0009766986658535511,4.698665853551144e-06,0.48340183628777017
1577,rho_b,0.002637,0.002681142135775493,4.41421357754929e-05,1.6739528160316028
1578,rho_b,0.0023,0.0022807847882256854,1.921521177431461e-05,0.8354439898243552
1579,rho_b,0.0022,0.0021973914909235994,2.6085090764006898e-06,0.11856859432795472
1580,rho_b,0.0015303,0.0015298394285085727,4.6057149142740214e-07,0.030096810502936288
1581,rho_b,0.0013607,0.0013407732954868073,1.9926704513192764e-05,1.4644451016791586
1582,rho_b,0.0012513,0.0012555895129714,4.289512971400152e-06,0.34280452073620293
1583,rho_b,0.0011577,0.0011409664651841787,1.67335348158213e-05,1.4454120066828349
1584,rho_b,0.0010808,0.001086420436679665,5.620436679664885e-06,0.5200255990437295
1585,rho_b,0.0010467,0.001048162233178516,1.462233178516027e-06,0.13969935770698705
1586,rho_b,0.0010716,0.0010804224133813514,8.822413381351412e-06,0.8232935211943334
1587,rho_b,0.0010538,0.0010518337411717991,1.9662588282007894e-06,0.18658747640300957
1588,rho_b,0.0010069,0.0010155038350500333,8.603835050033284e-06,0.854487540121999
1589,rho_b,0.0008737,0.0008786911314746511,4.9911314746510244e-06,0.5712637597503017
1590,rho_b,0.000726,0.0007335046683140809,7.504668314080917e-06,1.033700868284285
1591,rho_b,0.00075455,0.0007612096934178403,6.659693417840297e-06,0.8826046529738586
1592,rho_b,0.00074667,0.0007435288097670534,3.141190232946599e-06,0.4206932418256615
1594,rho_b,0.00072692,0.0007281448939501071,1.224893950107055e-06,0.16850464265971613
1596,rho_b,0.00072895,0.0007284016056573775,5.4839434262253e-07,0.07523072115648848
1612,rho_b,0.00072198,0.0007148680216414559,7.111978358544102e-06,0.9850658395929864
1613,rho_b,0.00072485,0.0007224899475140947,2.360052485905241e-06,0.32559184419525733
1615,rho_b,0.00071727,0.0007121607198329824,5.109280167017618e-06,0.7123231363216623
1616,rho_b,0.0007553,0.0007590025943056582,3.702594305658247e-06,0.4902150537211832
1618,rho_b,0.00073297,0.0007360744533202185,3.10445332021847e-06,0.4235443900818623
1620,rho_b,0.00070703,0.0007082738508786998,1.2438508786998025e-06,0.175926180917435
1622,rho_b,0.00068497,0.0006862912142500161,1.3212142500160402e-06,0.1928864400027995
1624,rho_b,0.00067378,0.0006776523387805326,3.872338780532632e-06,0.5747185690856728
1627,rho_b,0.00067,0.0006680693917758528,1.9306082241471846e-06,0.28815048078592237
1631,rho_b,0.0005,0.0004874203869209889,1.257961307901109e-05,2.5159226107703727
1633,rho_b,0.0004225,0.00041287833623507785,9.621663764922172e-06,2.277316862047101
1634,rho_b,0.0004592,0.0004593836232956125,1.8362329561250534e-07,0.039987651396478405
1635,rho_b,0.0004414,0.0004377630342113274,3.636965788672618e-06,0.8239614364370194
1636,rho_b,0.0004151,0.00041087078695544507,4.229213044554942e-06,1.0188419740704702
1637,rho_b,0.0016514,0.001620506860253461,3.089313974653893e-05,1.8707242175022216
1638,rho_b,0.0011758,0.001171245693799589,4.554306200411093e-06,0.38733680868665804
1639,rho_b,-0.0006731,-0.0006578021135007913,1.529788649920873e-05,2.272750925045494
1640,rho_b,-2.13e-05,-7.087574553783695e-06,1.4212425446216304e-05,66.72499896228317
1641,rho_b,0.0012887,0.0012765294857775306,1.2170514222469443e-05,0.9444024375747201
1642,rho_b,0.0009285,0.0009219065296536307,6.593470346369216e-06,0.7101206612028013
1643,rho_b,0.0002236,0.00020895114676413348,1.4648853235866508e-05,6.551365460801814
1644,rho_b,0.0006441,0.0006407276874108557,3.3723125891443146e-06,0.5235697226996767
1645,rho_b,0.001023,0.0010179574460976006,5.0425539023994485e-06,0.49291826954743556
1646,rho_b,0.00068296,0.0006868702129768183,3.910212976818237e-06,0.5725390902970666
1647,rho_b,0.00061136,0.000606147135175467,5.212864824533049e-06,0.8526669746150188
1648,rho_b,0.00070361,0.0007102120840916147,6.602084091614723e-06,0.9383158400579248
1649,rho_b,0.00070118,0.000688636247583979,1.254375241602104e-05,1.7889489714668916
1650,rho_b,0.00054332,0.000543495534863999,1.7553486399894767e-07,0.0323078229544043
1651,rho_b,0.00030067,0.0003163790363100703,1.5709036310070275e-05,5.224676974032496
1652,rho_b,0.00043738,0.000435563920520209,1.8160794797909916e-06,0.41521776844821756
1653,rho_b,0.00042447,0.00042321933023897274,1.250669761027241e-06,0.29464267394181315
1654,rho_b,0.00062556,0.0006282049593475179,2.6449593475178727e-06,0.4228146529972706
1655,rho_b,0.00061878,0.0006074613150083672,1.1318684991632822e-05,1.829193731752947
1656,rho_b,0.00060024,0.0005957230608892982,4.516939110701837e-06,0.752522174992772
1657,rho_b,0.00055242,0.0005545423583247195,2.1223583247195234e-06,0.3841928823861545
1658,rho_b,0.00056284,0.0005580226034869152,4.817396513084795e-06,0.8559086959927702
1659,rho_b,0.00048912,0.0004827017221366667,6.418277863333313e-06,1.312209243173704
1660,rho_b,0.00039512,0.00039445130005979687,6.686999402031289e-07,0.16923970907843994
1661,rho_b,0.00039594,0.00039538242450122096,5.575754987790452e-07,0.1408232301285076
1662,rho_b,0.0007436,0.0007400174676853537,3.5825323146462676e-06,0.4817821826019965
1663,rho_b,0.0008386,0.0008411311416813062,2.5311416813061796e-06,0.3018294393379305
1664,rho_b,0.0008089,0.0008063057051264329,2.5942948735670473e-06,0.3207188614612262
1665,rho_b,0.0007913,0.0007864997889906899,4.8002110093100766e-06,0.6066234049341391
1666,rho_b,0.0005755,0.0005736797196744991,1.8202803255008013e-06,0.3162954513184791
1667,rho_b,0.0008076,0.0008021250202776834,5.474979722316616e-06,0.6779321094028349
1668,rho_b,0.0014529,0.001454483889404254,1.583889404253901e-06,0.1090157205013245
1669,rho_b,0.0005152,0.0005181070808695478,2.9070808695478385e-06,0.5642625900437137
1670,rho_b,0.0004167,0.0004116920926363925,5.007907363607496e-06,1.201801620251855
1671,rho_b,0.00042,0.0004174153656943969,2.5846343056031332e-06,0.6153891189164862
1672,rho_b,0.00043,0.0004291529118378165,8.470881621835003e-07,0.19699724656128556
1673,rho_b,0.00042,0.0004173368514390944,2.6631485609056272e-06,0.6340829891820946
1674,rho_b,0.00041,0.00041400444572202866,4.0044457220286735e-06,0.9766940761613983
1675,rho_b,0.00041,0.00041423276013115035,4.232760131150362e-06,1.03238051727477
1676,rho_b,0.0004,0.0004078640229273589,7.864022927358855e-06,1.9660057269246993
1677,rho_b,0.00042,0.0004170228655738439,2.977134426156115e-06,0.7088415283494522
1678,rho_b,0.0004,0.00040492760622732194,4.927606227321925e-06,1.2319015537507274
1679,rho_b,0.0004,0.00040470313797314004,4.703137973140019e-06,1.1757844903455434
1680,rho_b,0.00039,0.0003914342152711252,1.434215271125226e-06,0.3677475044737823
1681,rho_b,0.00039,0.00039154701635259247,1.5470163525924748e-06,0.39667085862199136
1682,rho_b,0.0002705,0.00024613866758903605,2.4361332410963968e-05,9.006037826581734
1683,rho_b,0.0004436,0.00043706674351319356,6.53325648680643e-06,1.4727809900988775
1684,rho_b,0.0004093,0.0004083776859249301,9.223140750698683e-07,0.22533937767321638
1685,rho_b,0.0004571,0.0004475447834466027,9.555216553397297e-06,2.0903995914446076
1686,rho_b,0.0003977,0.0003950932785546418,2.6067214453582015e-06,0.6554491925581366
1687,rho_b,0.0003955,0.00039416115528547737,1.3388447145226473e-06,0.3385195224114923
1688,rho_b,0.0003697,0.0003724429039583089,2.7429039583088907e-06,0.7419269545278933
1689,rho_b,0.0003976,0.00039538242450122096,2.217575498779053e-06,0.5577403151915619
1690,rho_b,0.000615,0.0006073195455470483,7.68045445295165e-06,1.248854380563107
1691,rho_b,0.000636,0.0006353567342024542,6.432657975457981e-07,0.10114242083873805
1692,rho_b,0.000614,0.0006040211224780373,9.978877521962652e-06,1.625224349464236
1693,rho_b,0.00056,0.0005574001299915105,2.599870008489452e-06,0.4642625006869334
1694,rho_b,0.000648,0.0006430309978682357,4.969002131764342e-06,0.7668213154469334
1695,rho_b,0.000684,0.0006789130738070334,5.08692619296668e-06,0.7437026587031657
1696,rho_b,0.000632,0.0006322002298331643,2.0022983316433235e-07,0.03168193557713813
1697,rho_b,0.00055,0.0005490578290511092,9.421709488908721e-07,0.17130380857778799
1698,rho_b,0.0005297,0.00052981855472044,1.1855472043995324e-07,0.02238148389959192
1700,rho_b,0.0004546,0.0004537027601767763,8.972398232237003e-07,0.1973690763858358
1703,rho_b,0.0004006,0.0004090806488190587,8.480648819058701e-06,2.116986719393119
1706,rho_b,0.0004955,0.00048628469687816587,9.215303121834083e-06,1.859798809936649
1708,rho_b,0.0005367,0.0005265065020045791,1.0193497995420863e-05,1.899291592403195
1709,rho_b,0.0004554,0.0004466267155803082,8.773284419691797e-06,1.9265007466901163
1711,rho_b,0.0004444,0.00044339250597327454,1.0074940267254789e-06,0.22670882638577647
1713,rho_b,0.0003976,0.0003968216534916656,7.783465083343937e-07,0.19576119375673587
1714,rho_b,0.000737,0.0007410825651452149,4.082565145214893e-06,0.553943709589614
1715,rho_b,0.000794,0.0007951048211793024,1.1048211793024355e-06,0.13914624406939208
1716,rho_b,0.000701,0.000692077807588256,8.922192411744056e-06,1.2727806560650856
1717,rho_b,0.000688,0.0006846509394142202,3.3490605857798127e-06,0.4867820611790686
1718,rho_b,0.000623,0.0006253975295427154,2.397529542715461e-06,0.38483620206534497
1719,rho_b,0.000442,0.0004388645563853137,3.135443614686302e-06,0.7093763818082666
1720,rho_b,0.000424,0.00042321933023897274,7.806697610272676e-07,0.1841202262231286
1721,rho_b,0.000793,0.0007926539236392858,3.4607636071421963e-07,0.04364140734902971
1722,rho_b,0.00082,0.0008198314086201427,1.6859137985723686e-07,0.020559924347760685
1723,rho_b,0.000664,0.0006589945157301413,5.005484269858681e-06,0.7538379913132983
1724,rho_b,0.000586,0.0005886619602023997,2.661960202399627e-06,0.4542594194295278
1725,rho_b,0.000518,0.0005353712460797852,1.7371246079785204e-05,3.3535224027509614
1726,rho_b,0.000487,0.0004904688707573009,3.46887075730086e-06,0.712293788537561
1727,rho_b,0.000424,0.00042321933023897274,7.806697610272676e-07,0.1841202262231286
1728,rho_b,0.00085,0.0008430900566479736,6.909943352026307e-06,0.8129345110467014
1729,rho_b,0.00071,0.0007171838332785878,7.183833278587748e-06,1.0118075026013624
1730,rho_b,0.00067,0.0006709383343151261,9.383343151260623e-07,0.1400498975709796
1731,rho_b,0.00066,0.0006693445020993958,9.344502099395803e-06,1.415833649278404
1732,rho_b,0.00067,0.0006689244558407829,1.0755441592171563e-06,0.16052897874803976
1733,rho_b,0.00067,0.0006683816052371139,1.618394762886114e-06,0.24155145678665663
1734,rho_b,0.00062,0.0006172740067516746,2.7259932483253554e-06,0.439676329665902
1735,rho_b,0.00054,0.0005390851142595944,9.148857404055796e-07,0.16942328494654568
1736,rho_b,0.00049,0.0004884536361590064,1.5463638409936309e-06,0.3155844567015891
1737,rho_b,0.00044,0.0004313326400228047,8.667359977195313e-06,1.96985453579472
1738,rho_b,0.00039,0.00039154701635259247,1.5470163525924748e-06,0.39667085862199136
1739,rho_b,0.00047002,0.00047719254419285753,7.172544192857557e-06,1.5260082927529626
1740,rho_b,0.00058018,0.0005769601421000766,3.2198578999234617e-06,0.5549756789916414
1741,rho_b,0.0004,0.00040176634099950377,1.7663409995037497e-06,0.44158524877197425
1742,rho_b,0.000391,0.00039929555941209854,8.295559412098527e-06,2.1216264426808857
1750,rho_b,0.000146,0.00013975168828807229,6.248311711927712e-06,4.279665526802094
1751,rho_b,0.000155,0.00014212786365596557,1.2872136344034432e-05,8.30460403934735
1752,rho_b,0.000219,0.00021650281585815906,2.497184141840949e-06,1.140266726227526
1753,rho_b,0.000281,0.00029503612296593305,1.4036122965933049e-05,4.995061535936809
1754,rho_b,0.0003321,0.0003313457142962425,7.542857037574728e-07,0.2271260769305065
1755,rho_b,0.0002621,0.0002625027941506947,4.0279415069473636e-07,0.15367956854557066
1756,rho_b,0.000364,0.0003737334122129873,9.733412212987265e-06,2.6740143368810774
1757,rho_b,0.0003704,0.00037887691092421214,8.476910924212137e-06,2.288582856729565
1758,rho_b,0.0005755,0.0005707771461453636,4.7228538546363824e-06,0.8206522756611399
1759,rho_b,0.00205,0.0020367626574191583,1.3237342580841877e-05,0.6457240280187627
1761,rho_b,0.00093797,0.0009380068943934236,3.6894393423605315e-08,0.0039334300014148655
1763,rho_b,0.000891,0.0008821417214323191,8.858278567680901e-06,0.9941951243253592
1764,rho_b,0.00087,0.000871954568150163,1.9545681501629587e-06,0.224663005507624
1765,rho_b,0.00087,0.0008708441864996053,8.441864996053174e-07,0.09703293087758484
1766,rho_b,0.00084,0.000842285532337488,2.2855323374879836e-06,0.2720871827103704
1767,rho_b,0.000841,0.0008412982188596953,2.982188596953707e-07,0.0354600308371903
1768,rho_b,0.00062513,0.000633925894980046,8.795894980046046e-06,1.4070505280462529
1769,rho_b,0.0006038,0.0005993856651519239,4.414334848076135e-06,0.7310922227169945
1770,rho_b,0.00054489,0.0005505431945035221,5.653194503522116e-06,1.0374927954536122
1771,rho_b,0.00054195,0.000537089240414816,4.860759585184008e-06,0.8969018500258307
1776,rho_b,0.00167,0.0016835867988981633,1.3586798898163228e-05,0.8135807718579293
1778,rho_b,0.001595,0.0015904476993454575,4.55230065454261e-06,0.2854106991654234
1779,rho_b,0.0032652,0.0032513716319950573,1.3828368004942509e-05,0.4235075340165207
1781,rho_b,0.00408,0.00409499674963678,1.4996749636779494e-05,0.3675673929682308
1786,rho_b,0.000751,0.000758860282428833,7.860282428832975e-06,1.0466421329382893
1788,rho_b,0.000327,0.00032973404082188476,2.734040821884777e-06,0.8360981081112526
1789,rho_b,0.000366,0.00036819022781198023,2.190227811980222e-06,0.5984228978131129
1790,rho_b,0.000413,0.00041164056962077715,1.3594303792228589e-06,0.3291598973199176
1791,rho_b,0.00043,0.00042973505711132114,2.6494288867884644e-07,0.06161462513086051
1792,rho_b,0.00045,0.0004549440097515635,4.944009751563488e-06,1.0986688312392887
1793,rho_b,0.000553,0.0005530542481246357,5.4248124635729485e-08,0.009809787438993058
1794,rho_b,0.000446,0.00044624836136527977,2.4836136527976943e-07,0.055686404646391345
1795,rho_b,0.00044,0.00043115677132471924,8.843228675280775e-06,2.0098246943596654
1797,rho_b,0.00093947,0.0009321055674972631,7.364432502736905e-06,0.7838922472136399
1798,rho_b,0.00093947,0.0009363888884027426,3.0811115972574155e-06,0.3279627443109187
1799,rho_b,0.00093947,0.0009391984112266012,2.7158877339878047e-07,0.028908722269970648
1800,rho_b,0.00093947,0.0009380212359715964,1.448764028403617e-06,0.15421078127683793
1801,rho_b,0.00093947,0.0009382749228457738,1.1950771542262092e-06,0.12720759076438135
1802,rho_b,0.00093947,0.0009382749228457738,1.1950771542262092e-06,0.12720759076438135
1803,rho_b,0.00093947,0.0009383278428221965,1.142157177803525e-06,0.1215746300134947
1804,rho_b,0.00093947,0.0009395126857476457,4.2685747645744565e-08,0.004543598795098149
1805,rho_b,0.00093947,0.0009425347848133037,3.064784813303751e-06,0.32622487253893173
1806,rho_b,0.00093947,0.000944551439515945,5.081439515945002e-06,0.5408836376399636
1807,rho_b,0.00093947,0.000950030291425933,1.0560291425933035e-05,1.1240690404901001
1808,rho_b,0.0001865,0.00020423404423858683,1.7734044238586823e-05,9.50887085442258
1813,rho_b,0.00108,0.00108735835981995,7.358359819949938e-06,0.6813296123274668
1814,rho_b,0.00084,0.0008391967027405969,8.032972594031402e-07,0.09563062600557545
1817,rho_b,0.0009,0.0009115709245028385,1.1570924502838568e-05,1.2856582766646651
1820,rho_b,0.00091,0.0009156875450954384,5.687545095438393e-06,0.6250049548558619
1823,rho_b,0.00093,0.0009258305897651453,4.169410234854706e-06,0.4483236806851042
1827,rho_b,0.00108,0.00108735835981995,7.358359819949938e-06,0.6813296123274668
1828,rho_b,0.00092928,0.0009245363788876116,4.743621112388388e-06,0.5104619821026782
1829,rho_b,0.0007126,0.0007152408522427497,2.6408522427497213e-06,0.37059391510577916
1830,rho_b,0.0008574,0.0008644287010788462,7.028701078846196e-06,0.8197691941507469
1831,rho_b,0.0008407,0.0008404311873233641,2.6881267663593847e-07,0.031974863365789204
1832,rho_b,0.00085782,0.0008702511270018088,1.2431127001808731e-05,1.449153317399594
1833,rho_b,0.0009851,0.000988885102464422,3.785102464422003e-06,0.38423535281490706
1834,rho_b,0.00053769,0.0005250341995610235,1.2655800438976473e-05,2.3537355010208705
1835,rho_b,0.00054,0.0005365626067079,3.4373932920999653e-06,0.6365543121730411
1836,rho_b,0.000673,0.0006802969320935941,7.2969320935941e-06,1.084239536813032
1837,rho_b,0.000791,0.0007887169450655443,2.2830549344556982e-06,0.28862894204417305
1838,rho_b,0.00067,0.0006740632212075675,4.063221207567459e-06,0.6064509255974553
1840,rho_b,0.00091,0.0009138141131150078,3.8141131150077993e-06,0.41913330888093037
1841,rho_b,0.00158,0.0015709763439984569,9.023656001543165e-06,0.5711174680906322
1844,rho_b,0.00141,0.0014142725856315427,4.272585631542652e-06,0.3030202573413085
1845,rho_b,0.00054,0.0005250341995610235,1.4965800438976524e-05,2.7714445206040885
1856,rho_b,0.000905,0.0009132585922975716,8.258592297571586e-06,0.9125516340824387
1857,rho_b,0.000909,0.0009182788150147985,9.27881501479853e-06,1.0207717276777573
1858,rho_b,0.000881,0.000879079717179479,1.920282820520999e-06,0.21796626768914149
1859,rho_b,0.000884,0.0008784900166413093,5.509983358690704e-06,0.623301284214671
1860,rho_b,0.000846,0.0008435047221991412,2.495277800858742e-06,0.2949500943155131
1861,rho_b,0.000843,0.0008404623805993974,2.5376194006025785e-06,0.3010224670928059
1862,rho_b,0.00087,0.0008717238662733494,1.72386627334941e-06,0.19814554843309823
1863,rho_b,0.000872,0.0008729888456112868,9.888456112867742e-07,0.11339972593495147
1864,rho_b,0.0009,0.0009138410369321801,1.3841036932180084e-05,1.5378929907556838
1865,rho_b,0.000915,0.0009208859352327773,5.885935232777251e-06,0.6432716094365611
1866,rho_b,0.000506,0.0005125979774211189,6.597977421118873e-06,1.3039481043635162
1867,rho_b,0.00053,0.0005323521912400262,2.3521912400262636e-06,0.443809667092107
1868,rho_b,0.00059,0.0006008427747084604,1.0842774708460417e-05,1.8377584220479375
1869,rho_b,0.000646,0.000649629816977352,3.6298169773519825e-06,0.5618911720949026
1870,rho_b,0.00067,0.0006631648210542482,6.835178945751837e-06,1.0201759605298624
1871,rho_b,0.000718,0.0007114706302464764,6.529369753523607e-06,0.9093829727618075
1872,rho_b,0.000738,0.000741071797667032,3.0717976670319256e-06,0.416232745646287
1873,rho_b,0.000786,0.0007874790002154754,1.4790002154754008e-06,0.1881679661060714
1874,rho_b,0.000842,0.0008380076589864509,3.992341013549076e-06,0.4741497635163395
1875,rho_b,0.000896,0.0008999650095823731,3.965009582373069e-06,0.4425233903959638
1876,rho_b,0.000915,0.0009208859352327773,5.885935232777251e-06,0.6432716094365611
1877,rho_b,0.00082,0.0008235141119796974,3.5141119796974676e-06,0.4285502409038982
1878,rho_b,0.001117,0.0011303108504626264,1.3310850462626422e-05,1.1916607386490434
1881,rho_b,0.00106,0.0010545041684236797,5.495831576320283e-06,0.5184746765222203
1884,rho_b,0.00088,0.0008812256814285633,1.2256814285633048e-06,0.1392819803602824
1885,rho_b,0.00087,0.0008731895472039466,3.189547203946556e-06,0.36661462072188616
1886,rho_b,0.0008,0.0007996765071483841,3.2349285161595385e-07,0.04043660640144847
1887,rho_b,0.001024,0.0010285092942153974,4.509294215397468e-06,0.4403607627923692
1888,rho_b,0.001034,0.0010335372975349888,4.627024650111916e-07,0.04474878767540655
1889,rho_b,0.000946,0.0009518908499171798,5.890849917179752e-06,0.6227114070774459
1890,rho_b,0.001002,0.001009551587304625,7.551587304625027e-06,0.753651426855141
1891,rho_b,0.001012,0.0010097198902871698,2.280109712830304e-06,0.2253072836538766
1892,rho_b,0.001053,0.001046584165766674,6.415834233325932e-06,0.6092909997372291
1893,rho_b,0.001052,0.0010434254808030562,8.57451919694381e-06,0.8150683639537192
1894,rho_b,0.0008,0.0007996765071483841,3.2349285161595385e-07,0.04043660640144847
1895,rho_b,0.0008,0.0007902631448477893,9.736855152210752e-06,1.2171068925049604
1896,rho_b,0.00085,0.0008364285985862016,1.3571401413798342e-05,1.5966354585684692
1897,rho_b,0.00071,0.0007144648704997421,4.46487049974209e-06,0.6288549990779634
1898,rho_b,0.00079,0.000790480722932716,4.807229327159377e-07,0.06085100406423136
1901,rho_b,0.00092,0.0009215987083792822,1.598708379282215e-06,0.17377264973309656
1904,rho_b,0.00097,0.0009625230795412933,7.476920458706726e-06,0.7708165413400577
1906,rho_b,0.00102,0.0010146813308841009,5.318669115899222e-06,0.5214381481063569
1908,rho_b,0.00097,0.0009662653157884914,3.73468421150866e-06,0.3850189904802546
1909,rho_b,0.00094,0.0009426427408727537,2.6427408727537367e-06,0.28114264573854364
1910,rho_b,0.00088,0.0008779840267326201,2.0159732673799514e-06,0.22908787103284917
1911,rho_b,0.0008,0.0007996765071483841,3.2349285161595385e-07,0.04043660640144847
1913,rho_b,0.00072,0.0007136563188117108,6.343681188289278e-06,0.8810668304831402
1916,rho_b,0.00082,0.0008172923707388274,2.7076292611725875e-06,0.3301986899842196
1920,rho_b,0.00095,0.0009465123285984027,3.487671401597339e-06,0.36712330504485324
1923,rho_b,0.00096,0.0009576433561950334,2.3566438049666023e-06,0.24548372942830884
1924,rho_b,0.00084,0.0008391967027405969,8.032972594031402e-07,0.09563062600557545
1925,rho_b,0.000382,0.0003817674144207209,2.3258557927909778e-07,0.06088627713880497
1926,rho_b,0.000577,0.0005753397921670333,1.6602078329667732e-06,0.28773099308309585
1927,rho_b,0.000845,0.0008399160691700146,5.0839308299854835e-06,0.6016486182211831
1928,rho_b,0.000825,0.0008307241676831247,5.724167683124684e-06,0.6938385062043999
1929,rho_b,0.00082,0.0008255184228333845,5.518422833384554e-06,0.6729783934944842
1934,rho_b,0.00082,0.0008197394613287958,2.605386712041871e-07,0.03177300864468988
1935,rho_b,0.00086,0.0008588067362180936,1.1932637819063929e-06,0.1387516023859159
1938,rho_b,0.00092,0.0009160412769557352,3.958723044264847e-06,0.43029598260455293
1940,rho_b,0.00104,0.0010248063769928081,1.5193623007191777e-05,1.4609252877483196
1942,rho_b,0.00095,0.0009457027407142293,4.2972592857707e-06,0.45234308223655467
1943,rho_b,0.00084,0.0008391967027405969,8.032972594031402e-07,0.09563062600557545
1951,rho_b,0.0015,0.0015073111728142298,7.311172814229803e-06,0.4874115206237125
1952,rho_b,0.00143,0.0014201241584836008,9.875841516399217e-06,0.6906182873771352
1954,rho_b,0.00139,0.0013771029062316816,1.2897093768318409e-05,0.9278484718733758
1957,rho_b,0.00118,0.0011817326210496065,1.732621049606439e-06,0.14683229221509456
1959,rho_b,0.00102,0.0010266953770458782,6.695377045878165e-06,0.6564095136582421
1960,rho_b,0.00082,0.0008235141119796974,3.5141119796974676e-06,0.4285502409038982
1961,rho_b,0.000852,0.0008534770519570434,1.4770519570434307e-06,0.17336290555279363
1962,rho_b,0.000847,0.0008500047800893036,3.0047800893036195e-06,0.3547556181530181
1963,rho_b,0.000855,0.0008663999243472445,1.1399924347244516e-05,1.3333244834983944
1964,rho_b,0.000853,0.0008595936345002293,6.593634500229317e-06,0.7729934926728467
1965,rho_b,0.00089,0.0008851881632603129,4.811836739687051e-06,0.5406558128405049
1966,rho_b,0.000991,0.0009848874826389638,6.112517361036131e-06,0.6168029621461253
1967,rho_b,0.000937,0.0009332407508001166,3.759249199883374e-06,0.40120055452202436
1968,rho_b,0.0008,0.0007996765071483841,3.2349285161595385e-07,0.04043660640144847
1969,rho_b,0.001682,0.0016863788415321093,4.378841532109382e-06,0.2603354060348412
1970,rho_b,0.001742,0.0017207429950586851,2.125700494131494e-05,1.2202643472509929
1971,rho_b,0.001721,0.0017158983405180842,5.101659481915885e-06,0.29643576286760764
1972,rho_b,0.001607,0.001597369727652543,9.630272347456925e-06,0.5992702141545876
1973,rho_b,0.001437,0.0014326253974224477,4.374602577552223e-06,0.3044260664236578
1974,rho_b,0.001418,0.001424665018395434,6.66501839543393e-06,0.4700295056934863
1975,rho_b,0.00136,0.0013459517409655512,1.404825903444885e-05,1.0329602223617094
1976,rho_b,0.001243,0.001242723285128922,2.7671487107792415e-07,0.02226185606237374
1977,rho_b,0.001122,0.0011243344643839634,2.3344643839634614e-06,0.2080627791339424
1978,rho_b,0.00084,0.0008411580249463498,1.1580249463498003e-06,0.13786011249657132
1979,rho_b,0.000905,0.0009132585922975716,8.258592297571586e-06,0.9125516340824387
1980,rho_b,0.00089,0.0008790763329837691,1.09236670162308e-05,1.2273783150513502
1981,rho_b,0.000833,0.0008376840601817728,4.684060181772785e-06,0.5623121459963581
1982,rho_b,0.000777,0.0007715514245954536,5.448575404546404e-06,0.701232354894991
1983,rho_b,0.00073,0.0007236574002697242,6.3425997302757504e-06,0.8688492769297613
1984,rho_b,0.000715,0.0007114706302464764,3.529369753523643e-06,0.493618146655589
1985,rho_b,0.000714,0.0007106474932390292,3.3525067609708374e-06,0.46953876138311623
1986,rho_b,0.000718,0.0007081432648600478,9.856735139952204e-06,1.3728043351287131
1987,rho_b,0.000734,0.000734005768296837,5.768296837036467e-09,0.0007858715026127729
1988,rho_b,0.000754,0.000758590002718969,4.590002718968993e-06,0.608753675448469
1989,rho_b,0.00084,0.0008411580249463498,1.1580249463498003e-06,0.13786011249657132
1990,rho_b,0.000506,0.0005125979774211189,6.597977421118873e-06,1.3039481043635162
1991,rho_b,0.000496,0.00048640799321020755,9.592006789792469e-06,1.9338723327527712
1992,rho_b,0.000506,0.0005134760545598576,7.4760545598575754e-06,1.4774811353918504
1993,rho_b,0.000535,0.000536797145504643,1.797145504643053e-06,0.33591504696895375
1994,rho_b,0.00057,0.0005752001919358222,5.20019193582218e-06,0.9123143731050941
1995,rho_b,0.0006,0.0006030956729358057,3.0956729358057626e-06,0.5159454884410514
1996,rho_b,0.00064,0.0006445649826594933,4.564982659493251e-06,0.7132785394313227
1997,rho_b,0.00067,0.000664158715627477,5.841284372523061e-06,0.8718334871350338
1998,rho_b,0.00072,0.0007157597211980524,4.240278801947647e-06,0.5889276105636626
1999,rho_b,0.000757,0.000760008204748538,3.0082047485379846e-06,0.3973850389120389
2000,rho_b,0.00084,0.0008411580249463498,1.1580249463498003e-06,0.13786011249657132
2001,rho_b,0.001117,0.0011303867536067939,1.3386753606793936e-05,1.198456006697348
2002,rho_b,0.0011824,0.0011780362612653764,4.363738734623453e-06,0.3690577411140795
2003,rho_b,0.0012026,0.0012004445392554556,2.155460744544509e-06,0.17923338955198528
2004,rho_b,0.0012543,0.001268400922565082,1.4100922565082018e-05,1.124206533830818
2005,rho_b,0.0013478,0.0013466417934589012,1.1582065410986955e-06,0.08593311620710524
2006,rho_b,0.0013043,0.0012850830826849904,1.921691731500961e-05,1.4733510158917504
2007,rho_b,0.0010668,0.0010634955637429558,3.304436257044142e-06,0.30975217978502256
2008,rho_b,0.00096,0.0009580955021736517,1.904497826348342e-06,0.1983851900379677
2009,rho_b,0.001092,0.0010914139193092614,5.860806907387155e-07,0.05367039287564208
2010,rho_b,0.001115,0.0011121451561149505,2.854843885049564e-06,0.2560398100887144
2011,rho_b,0.001222,0.00122742047385684,5.420473856839955e-06,0.4435739650085283
2012,rho_b,0.001291,0.0012866228653188292,4.3771346811708e-06,0.3390499363114098
2013,rho_b,0.00117,0.0011706899511106724,6.899511106723231e-07,0.05897018034894199
2014,rho_b,0.001117,0.0011222820878177657,5.282087817765763e-06,0.4728816305315082
2015,rho_b,0.0011834,0.001169989443375939,1.341055662406102e-05,1.1332226307866142
2016,rho_b,0.0011052,0.0011144403502202406,9.240350220240598e-06,0.8360794618059902
2017,rho_b,0.0010668,0.0010634955637429558,3.304436257044142e-06,0.30975217978502256
2018,rho_b,0.00092,0.0009277879878002422,7.787987800242195e-06,0.8465204121496729
2019,rho_b,0.000695,0.0006901345534875286,4.865446512471367e-06,0.7000642453914713
2020,rho_b,0.000699,0.0006973979976632519,1.602002336748053e-06,0.22918488332706785
2021,rho_b,0.000759,0.0007572170102635472,1.7829897364528193e-06,0.23491300844580884
2022,rho_b,0.000772,0.0007711455641453998,8.544358546002436e-07,0.110678219364438
2023,rho_b,0.000785,0.0007881196949864903,3.1196949864903357e-06,0.3974133735689429
2024,rho_b,0.000885,0.0008832097637049885,1.790236295011547e-06,0.20228658677838204
2025,rho_b,0.000886,0.0008858638628479223,1.3613715207764533e-07,0.015365367034310571
2026,rho_b,0.001,0.000995891200365671,4.108799634329084e-06,0.4108799630220284
2027,rho_b,0.000936,0.0009440864151729576,8.086415172957567e-06,0.8639332440510935
2028,rho_b,0.0006241,0.0006261806161235268,2.080616123526771e-06,0.3333786444789271
2029,rho_b,0.0006678,0.000668319037073399,5.190370733990785e-07,0.07772343106047382
2030,rho_b,0.0007052,0.000713357725486639,8.157725486639036e-06,1.1567960117797895
2031,rho_b,0.0007171,0.0007123686753564284,4.73132464357158e-06,0.659785892758851
2032,rho_b,0.0005617,0.0005686671932324922,6.9671932324921575e-06,1.2403762186377771
2033,rho_b,0.0003321,0.0003313457142962425,7.542857037574728e-07,0.2271260769305065
2034,rho_b,0.0006235,0.0006280425669591843,4.542566959184311e-06,0.72855925451463
2035,rho_b,0.0007091,0.0007097644207350448,6.644207350447236e-07,0.09369915866700494
2036,rho_b,0.0007484,0.0007383912447316179,1.0008755268382059e-05,1.3373537219412777
2037,rho_b,0.0005133,0.0005222270013343652,8.92700133436528e-06,1.7391391616937248
2038,rho_b,0.0006151,0.0006095510295836596,5.54897041634046e-06,0.9021249239667063
2039,rho_b,0.000635,0.0006444331802026105,9.433180202610418e-06,1.485540187048034
2040,rho_b,0.0006478,0.000653874620782188,6.074620782187926e-06,0.9377309004029973
2041,rho_b,0.0006512,0.0006530458613917189,1.8458613917189063e-06,0.2834553729859264
2042,rho_b,0.000642,0.000644821314686865,2.8213146868649643e-06,0.43945711564959394
2043,rho_b,0.0007249,0.0007205134197767925,4.386580223207474e-06,0.6051290132647515
2044,rho_b,0.0001341,0.00014292685797487304,8.826857974873032e-06,6.582295234190962
2045,rho_b,1e-06,1.8133950914750842e-06,8.133950914750843e-07,81.33942780808063
2079,rho_b,0.0007502,0.0007530057416704296,2.805741670429537e-06,0.3739991557837304
2080,rho_b,0.0007502,0.0007530057416704296,2.805741670429537e-06,0.3739991557837304
2081,rho_b,0.0007502,0.000753457623596657,3.2576235966569507e-06,0.4342340165708625
2082,rho_b,0.0007502,0.000753457623596657,3.2576235966569507e-06,0.4342340165708625
2084,rho_b,0.0005614,0.0005546962285746586,6.703771425341405e-06,1.1941167462415814
2085,rho_b,0.0009515,0.000953165741842583,1.6657418425830009e-06,0.17506482825353153
2086,rho_b,0.0015342,0.0015369416520858077,2.741652085807558e-06,0.17870239108463915
2087,rho_b,0.0011,0.0010970881373959908,2.911862604009245e-06,0.2647147819420088
2088,rho_b,0.000919,0.000922015694467805,3.0156944678049694e-06,0.3281495608839471
2089,rho_b,0.00118,0.0011780505632421113,1.9494367578887575e-06,0.16520650476582138
2090,rho_b,0.00124,0.0012388365965693862,1.1634034306137742e-06,0.09382285723189884
2091,rho_b,0.001339,0.0013267060547506068,1.2293945249393107e-05,0.9181437819426191
2092,rho_b,0.0014,0.0014225121985181669,2.251219851816689e-05,1.608014178720482
2093,rho_b,0.00166,0.0016410671875606974,1.8932812439302615e-05,1.14053086915044
2094,rho_b,0.00152,0.0015273968504207073,7.3968504207071704e-06,0.4866348957790014
2095,rho_b,0.00166,0.001639677445115918,2.032255488408196e-05,1.2242502934843047
2096,rho_b,0.0015342,0.0015369416520858077,2.741652085807558e-06,0.17870239108463915
2097,rho_b,0.001034,0.0010299141144117783,4.085885588221705e-06,0.3951533447069798
2098,rho_b,0.00134,0.0013221852484038307,1.781475159616931e-05,1.3294590733488596
2099,rho_b,0.001114,0.0011099546026297144,4.045397370285595e-06,0.3631415948522602
2100,rho_b,0.001006,0.0010132798193622202,7.279819362220226e-06,0.7236400949288097
2101,rho_b,0.001146,0.0011439163983271976,2.0836016728024553e-06,0.18181515453615213
2102,rho_b,0.0012,0.0011937753725220174,6.224627477982537e-06,0.518718956066279
2103,rho_b,0.001136,0.00113308675456266,2.9132454373401607e-06,0.256447661511944
2104,rho_b,0.001276,0.0012697105509796803,6.289449020319658e-06,0.4929035278519297
2105,rho_b,0.00122,0.0012360526667382576,1.605266673825761e-05,1.315792354516368
2106,rho_b,0.001096,0.001110525459835788,1.4525459835787978e-05,1.3253156772385786
2107,rho_b,0.0015342,0.0015369416520858077,2.741652085807558e-06,0.17870239108463915
2108,rho_b,0.0011398,0.0011358608684602456,3.939131539754462e-06,0.3455984853744935
2109,rho_b,0.0009599,0.0009625853191779093,2.685319177909355e-06,0.2797498880208205
2110,rho_b,0.0013802,0.001375668819387746,4.531180612253995e-06,0.32829884139769644
2111,rho_b,0.0014181,0.0014198479884252697,1.7479884252696604e-06,0.12326270531253321
2112,rho_b,0.0014381,0.0014498404714333231,1.1740471433323036e-05,0.8163876938432069
2113,rho_b,0.0014401,0.001449665686585682,9.565686585681979e-06,0.6642376625956254
2114,rho_b,0.0014801,0.0014895237901552624,9.42379015526234e-06,0.6366995573876998
2115,rho_b,0.0017221,0.0017335282432489804,1.1428243248980379e-05,0.6636225098626185
2116,rho_b,0.0015342,0.0015369416520858077,2.741652085807558e-06,0.17870239108463915
2117,rho_b,0.00119,0.0011931655050443882,3.1655050443881068e-06,0.2660088270359679
2118,rho_b,0.0012234,0.0012328015205813718,9.401520581371874e-06,0.7684747894136935
2119,rho_b,0.0010849,0.0010885701984333605,3.6701984333605605e-06,0.3382983159717557
2120,rho_b,0.0011506,0.0011392254634720648,1.1374536527935337e-05,0.9885743540804444
2121,rho_b,0.0011692,0.0011747207286019346,5.520728601934605e-06,0.4721800031827579
2122,rho_b,0.0011755,0.001178051549632179,2.5515496321791217e-06,0.21706079370553075
2123,rho_b,0.0011952,0.0012024471715505476,7.247171550547578e-06,0.6063563875906973
2124,rho_b,0.0012105,0.0012124471032669856,1.9471032669856475e-06,0.16085115781719422
2125,rho_b,0.0013137,0.0013185893528668289,4.889352866828964e-06,0.3721818423618137
2126,rho_b,0.0012885,0.0012868748378194045,1.6251621805954495e-06,0.1261282250162334
2127,rho_b,0.0012711,0.0012689020829353666,2.19791706463344e-06,0.17291456713903658
2128,rho_b,0.0012749,0.0012676375828882447,7.262417111755359e-06,0.569646019770876
2129,rho_b,0.0012488,0.0012402894278905174,8.510572109482603e-06,0.6815000082213006
2130,rho_b,0.0012476,0.0012395519611680963,8.048038831903704e-06,0.6450816628288625
2131,rho_b,0.0012517,0.001265369989854208,1.3669989854208156e-05,1.0921139125419044
2132,rho_b,0.0012468,0.0012385892845312952,8.210715468704713e-06,0.6585431073242928
2133,rho_b,0.0012568,0.0012642922018312273,7.4922018312272975e-06,0.596133181513842
2134,rho_b,0.0012501,0.0012352926397079904,1.4807360292009696e-05,1.1844940628881493
2135,rho_b,0.0012303,0.001234413644425477,4.11364442547699e-06,0.33436108446178814
2136,rho_b,0.0012334,0.0012347192980719712,1.319298071971245e-06,0.10696433200110278
2137,rho_b,0.0011952,0.0012024471715505476,7.247171550547578e-06,0.6063563875906973
2138,rho_b,0.001009,0.001006455689973498,2.544310026501807e-06,0.2521615484618624
2139,rho_b,0.0009408,0.0009418285030402959,1.0285030402958648e-06,0.10932217678599522
2140,rho_b,0.0009,0.0009095687935831041,9.568793583104125e-06,1.0631992858302368
2141,rho_b,0.000702,0.0006857027176211289,1.6297282378871123e-05,2.321550193113336
2142,rho_b,0.0005,0.0004913198316469703,8.68016835302971e-06,1.7360336671338745
2143,rho_b,0.0006,0.0005909808603551062,9.019139644893715e-06,1.5031899383103027
2144,rho_b,0.00065,0.0006428466028798408,7.1533971201592165e-06,1.100522632177537
2145,rho_b,0.0009,0.0009095687935831041,9.568793583104125e-06,1.0631992858302368
2146,rho_b,0.001065,0.0010647097103989797,2.9028960102026047e-07,0.02725723950682517
2147,rho_b,0.0012105,0.0012124471032669856,1.9471032669856475e-06,0.16085115781719422
2148,rho_b,0.0013456,0.0013443559867226734,1.2440132773265753e-06,0.09245045157565925
2149,rho_b,0.0013283,0.0013187897047063975,9.510295293602405e-06,0.7159749519267226
2150,rho_b,0.0012054,0.0012022255306840467,3.1744693159531726e-06,0.26335401636963934
2151,rho_b,0.0011803,0.001176643248376734,3.6567516232661156e-06,0.3098154384620826
2152,rho_b,0.0011778,0.0011749868010803267,2.8131989196732154e-06,0.23885200520331937
2153,rho_b,0.001077,0.0010804608492034971,3.46084920349707e-06,0.3213416156252232
2154,rho_b,0.0010959,0.0010975306732780737,1.6306732780737784e-06,0.1487976345091525
2155,rho_b,0.0010536,0.00105135605226775,2.2439477322499634e-06,0.2129790935953087
2156,rho_b,0.0012568,0.0012642922018312273,7.4922018312272975e-06,0.596133181513842
2157,rho_b,0.0012283,0.0012283063604472356,6.36044723552158e-09,0.0005178252243216907
2158,rho_b,0.0011823,0.0011732906683637996,9.009331636200416e-06,0.7620173922507182
2159,rho_b,0.001167,0.0011689600565146798,1.960056514679724e-06,0.16795685629821383
2160,rho_b,0.0010849,0.0010885701984333605,3.6701984333605605e-06,0.3382983159717557
2161,rho_b,0.0005583,0.0005626862647049816,4.38626470498167e-06,0.7856465515180378
2162,rho_b,0.0007654,0.0007537786351114546,1.162136488854534e-05,1.5183387605646659
2163,rho_b,0.000884,0.0008737737881561546,1.0226211843845424e-05,1.1568112932440398
2164,rho_b,0.0009898,0.0009877791269216946,2.0208730783055455e-06,0.20416983999432683
2165,rho_b,0.0010849,0.0010883531588685696,3.453158868569608e-06,0.31829282564168865
2167,rho_b,0.00055,0.0005521249643388405,2.124964338840493e-06,0.3863571518139857
2168,rho_b,0.000638,0.0006377242151087115,2.7578489128845824e-07,0.04322647192103347
2169,rho_b,0.000684,0.0006811728306441127,2.827169355887338e-06,0.41332885259562124
2170,rho_b,0.000752,0.000756887559863683,4.887559863683052e-06,0.6499414703701646
2171,rho_b,0.00083,0.0008363723704340757,6.372370434075706e-06,0.7677554730600182
2172,rho_b,0.000875,0.0008710924382639186,3.907561736081412e-06,0.44657848361321456
2173,rho_b,0.000941,0.0009483932666705441,7.393266670544115e-06,0.7856818982664502
2174,rho_b,0.001015,0.0010217218253357188,6.721825335718719e-06,0.6622488008961803
2175,rho_b,0.0010474,0.0010455731618552444,1.8268381447555503e-06,0.17441647345917372
2176,rho_b,0.0004458,0.0004434037305367189,2.396269463281111e-06,0.5375211884041945
2177,rho_b,0.0004672,0.00046970062808753297,2.500628087532945e-06,0.5352371751242665
2178,rho_b,0.0006285,0.0006228360455736434,5.663954426356676e-06,0.901186064812222
2180,rho_b,0.0007304,0.000731482493772133,1.0824937721330046e-06,0.14820560934432483
2181,rho_b,0.000869,0.0008677758588633311,1.22414113666884e-06,0.14086779462142257
2183,rho_b,0.0009253,0.0009259269698300236,6.269698300235714e-07,0.06775854634669684
2184,rho_b,0.0009427,0.0009470242518224548,4.32425182245481e-06,0.45870922009841075
2186,rho_b,0.0009754,0.0009757711587270284,3.7115872702846945e-07,0.03805195065080479
2188,rho_b,0.0010474,0.0010432060045893986,4.1939954106013765e-06,0.40041964928367196
2189,rho_b,0.0010474,0.0010458039738398188,1.596026160181202e-06,0.15237981274178003
2190,rho_b,0.0002712,0.0002779217438191857,6.721743819185721e-06,2.478519098230284
2191,rho_b,0.000722,0.0007105528922837282,1.1447107716271816e-05,1.585471980667188
2192,rho_b,0.0007777,0.0007736845584638355,4.015441536164518e-06,0.5163226862545057
2193,rho_b,0.00073,0.0007263028503537066,3.6971496462933923e-06,0.5064588549628498
2194,rho_b,0.0011234,0.001124901685623519,1.501685623519003e-06,0.13367327952485936
2195,rho_b,0.000615,0.0006073195455470483,7.68045445295165e-06,1.248854380563107
2196,rho_b,0.00058,0.0005791905582489507,8.094417510493132e-07,0.13955892235409034
2197,rho_b,0.000773,0.000770145817047767,2.8541829522330583e-06,0.3692345340932358
2198,rho_b,0.000809,0.000817433594491866,8.433594491865965e-06,1.0424715057405747
2199,rho_b,0.000815,0.0008185245008124873,3.524500812487376e-06,0.4324540868911454
2200,rho_b,0.000835,0.0008341717112002277,8.282887997723178e-07,0.09919626332698864
2201,rho_b,0.000773,0.0007732399878092568,2.399878092567776e-07,0.03104628835010539
2202,rho_b,0.000795,0.0008029985494213412,7.99854942134116e-06,1.006106844186175
2203,rho_b,0.000926,0.000933080370160276,7.080370160276041e-06,0.7646188069794657
2204,rho_b,0.000949,0.0009562939292859297,7.293929285929687e-06,0.7685910725230534
2205,rho_b,0.001023,0.001028380342069489,5.3803420694889786e-06,0.5259376406871556
2206,rho_b,0.0005444,0.0005443600891812462,3.991081875382406e-08,0.007331156994950861
2207,rho_b,0.0007616,0.0007564136464591974,5.186353540802551e-06,0.6809812938540885
2208,rho_b,0.000941,0.0009412776405484244,2.7764054842443955e-07,0.02950484039632212
2209,rho_b,0.0009853,0.0009896077205739093,4.307720573909404e-06,0.43719888049704814
2210,rho_b,0.0010849,0.0010885701984333605,3.6701984333605605e-06,0.3382983159717557
2211,rho_b,0.001477,0.0014767738583880156,2.2614161198438072e-07,0.015310874193044818
2212,rho_b,0.001382,0.0013814132289226035,5.86771077396497e-07,0.04245810976641939
2213,rho_b,0.001338,0.0013221489463569667,1.585105364303326e-05,1.184682633123052
2214,rho_b,0.00121,0.0012165133027671304,6.513302767130469e-06,0.5382894844419484
2215,rho_b,0.001223,0.0012325874744380874,9.587474438087478e-06,0.7839308610178389
2216,rho_b,0.00123,0.0012374542423810454,7.45424238104541e-06,0.6060359654459391
2217,rho_b,0.001024,0.0010285092942153974,4.509294215397468e-06,0.4403607627923692
2218,rho_b,0.0008514,0.000852373009523689,9.730095236890534e-07,0.114283476925795
2219,rho_b,0.0009131,0.0009176376350477175,4.537635047717524e-06,0.49694831264352657
2220,rho_b,0.000991,0.000988384586191564,2.6154138084359506e-06,0.26391663025194595
2221,rho_b,0.0010327,0.001033094593078349,3.9459307834915046e-07,0.038209845837808856
2222,rho_b,0.0010849,0.0010883531588685696,3.453158868569608e-06,0.31829282564168865
2223,rho_b,0.0019455,0.001946239573806572,7.395738065719536e-07,0.03801458782790068
2224,rho_b,0.0012847,0.0012716619559667724,1.3038044033227524e-05,1.0148707109114048
2225,rho_b,0.0013398,0.0013171267583494976,2.2673241650502307e-05,1.6922855376608041
2226,rho_b,0.0013751,0.0013777385602030913,2.6385602030912832e-06,0.19188133235200858
2227,rho_b,0.0013904,0.0013859423353995508,4.457664600449138e-06,0.32060303489953307
2228,rho_b,0.0014976,0.0014862152109547367,1.1384789045263289e-05,0.7602022594592192
2229,rho_b,0.0016096,0.0016003237103625393,9.276289637460836e-06,0.576310240537881
2230,rho_b,0.0014134,0.0014288776265466274,1.5477626546627366e-05,1.0950634311360359
2231,rho_b,0.0015971,0.0016007863459236104,3.6863459236104266e-06,0.23081497221853842
2232,rho_b,0.0013752,0.0013802380305014974,5.038030501497339e-06,0.3663489309070571
2233,rho_b,0.0013663,0.0013790501734061748,1.2750173406174794e-05,0.9331898848600523
2234,rho_b,0.0011917,0.0011961192011177972,4.419201117797193e-06,0.3708316786178465
2235,rho_b,0.0010682,0.0010667954153064782,1.4045846935218861e-06,0.13149079687389797
2236,rho_b,0.0009688,0.0009700030850789575,1.203085078957519e-06,0.12418301793101659
2237,rho_b,0.0004955,0.0004918974383290238,3.6025616709761243e-06,0.7270558352584392
2238,rho_b,0.0006065,0.0006123715625043153,5.87156250431522e-06,0.9681059348118978
2239,rho_b,0.0008536,0.000864656869683609,1.1056869683608939e-05,1.2953221263654777
2240,rho_b,0.0009241,0.0009342889040466094,1.0188904046609442e-05,1.1025759155484995
2241,rho_b,0.0007094,0.0007139673550357053,4.567355035705288e-06,0.6438335254111859
2242,rho_b,0.0009697,0.0009707559065978639,1.0559065978638614e-06,0.1088900275110819
2243,rho_b,0.0010801,0.0010853831568406896,5.283156840689548e-06,0.4891358981388935
2244,rho_b,0.0010738,0.0010812756802297992,7.475680229799197e-06,0.6961892552465361
2245,rho_b,0.0011113,0.0011183357450701634,7.035745070163406e-06,0.6331094271422939
2246,rho_b,0.0010701,0.001076999391030412,6.899391030411924e-06,0.644742643114148
2247,rho_b,0.0010355,0.0010342983416750543,1.2016583249457088e-06,0.11604619254323968
2248,rho_b,0.0009308,0.0009358564662853965,5.056466285396498e-06,0.5432387494589719
2249,rho_b,0.0010855,0.0010885936579624338,3.093657962433688e-06,0.2849984301781394
2250,rho_b,0.00052926,0.0005328003871177434,3.540387117743362e-06,0.6689315480206413
2251,rho_b,0.000538,0.0005382346420165218,2.3464201652186652e-07,0.0436137576367526
2252,rho_b,0.00054123,0.0005362776741761935,4.952325823806428e-06,0.9150131764049104
2253,rho_b,0.00059476,0.00059334903944466,1.4109605553399955e-06,0.2372319175747657
2255,rho_b,0.00064724,0.0006463490929278429,8.909070721571048e-07,0.13764709702438566
2257,rho_b,0.00072818,0.000720191617911983,7.988382088017047e-06,1.0970339856967655
2260,rho_b,0.00085904,0.0008639270879711984,4.887087971198328e-06,0.5689010948860725
2262,rho_b,0.00088586,0.0008760347765916109,9.8252234083891e-06,1.1091169481969985
2263,rho_b,0.0009197,0.0009138663178889507,5.8336821110492945e-06,0.6343027187894169
2264,rho_b,0.0009246,0.0009217013979165413,2.8986020834587036e-06,0.3134979537447246
2266,rho_b,0.0009253,0.000921549690798401,3.750309201598959e-06,0.40530738112459586
2268,rho_b,0.0009401,0.0009450781292552518,4.9781292552517845e-06,0.5295318849012303
2269,rho_b,0.0009488,0.000949846567255121,1.046567255121012e-06,0.11030430586192759
2271,rho_b,0.0009296,0.000929015299571448,5.84700428552052e-07,0.06289806668707737
2272,rho_b,0.0010047,0.0010128545936797723,8.154593679772244e-06,0.811644637369941
2274,rho_b,0.0010953,0.0010958709864971516,5.709864971516296e-07,0.052130603179980244
2275,rho_b,0.0007083,0.0007089651023139652,6.651023139651966e-07,0.09390121601386198
2276,rho_b,0.00085,0.0008440811174368496,5.918882563150322e-06,0.696339124257286
2277,rho_b,0.0008925,0.0008884798333395325,4.020166660467415e-06,0.4504388410042607
2278,rho_b,0.0012806,0.0012786810824499185,1.9189175500815454e-06,0.14984519354857828
2279,rho_b,0.001288,0.0012731003775177893,1.4899622482210818e-05,1.156802986851148
2280,rho_b,0.0012506,0.001239705668347786,1.0894331652213946e-05,0.8711283898530836
2281,rho_b,0.0013058,0.0013157015224752192,9.901522475219216e-06,0.7582725124549311
2282,rho_b,0.001301,0.0012845754125137005,1.6424587486299535e-05,1.2624586836029936
2283,rho_b,0.001294,0.0012853576457194716,8.64235428052842e-06,0.667879001070296
2284,rho_b,0.0012901,0.0012862760136050306,3.8239863949694145e-06,0.29641007611854225
2285,rho_b,0.0013052,0.0013201758795863452,1.4975879586345137e-05,1.147401132000546
2286,rho_b,0.001311,0.0013180232211091258,7.023221109125682e-06,0.5357148057794457
2287,rho_b,0.0012105,0.0012124471032669856,1.9471032669856475e-06,0.16085115781719422
2288,rho_b,0.0011833,0.0011828164255059449,4.835744940550994e-07,0.04086660133917294
2289,rho_b,0.0009086,0.000921246465372659,1.2646465372659083e-05,1.3918627953709504
2290,rho_b,0.0011821,0.0011710623612989784,1.1037638701021524e-05,0.9337313841201431
2291,rho_b,0.0013125,0.0013186169225629534,6.116922562953353e-06,0.4660512425365973
2292,rho_b,0.0012749,0.0012701282628007592,4.771737199240874e-06,0.37428325323539424
2293,rho_b,0.0012814,0.0012785762386692914,2.8237613307086507e-06,0.2203653292106288
2294,rho_b,0.0013291,0.0013219497366128935,7.150263387106434e-06,0.5379778332500682
2295,rho_b,0.0013292,0.0013215374590278685,7.662540972131534e-06,0.5764776532024344
2296,rho_b,0.0012,0.0012035430798708379,3.543079870837974e-06,0.2952566556571173
2297,rho_b,0.0011109,0.0011100048239545248,8.951760454751784e-07,0.08058115443958655
2298,rho_b,0.0012018,0.0011981045052854623,3.6954947145377386e-06,0.307496647650422
2299,rho_b,0.0012203,0.0012282453921453609,7.945392145360976e-06,0.6511015437884095
2300,rho_b,0.0011801,0.0011709209675870279,9.179032412972047e-06,0.7778181853397056
2301,rho_b,0.0011508,0.0011523217754128338,1.5217754128337563e-06,0.13223630617930077
2302,rho_b,0.0011568,0.0011558843381792026,9.15661820797371e-07,0.07915472164642322
2303,rho_b,0.0011267,0.0011342297182614972,7.529718261497197e-06,0.6682984161546297
2304,rho_b,0.0012,0.0012035430798708379,3.543079870837974e-06,0.2952566556571173
2305,rho_b,0.0008172,0.0008184915705816073,1.2915705816072967e-06,0.1580482843889885
2306,rho_b,0.0010303,0.001021555153829888,8.744846170112043e-06,0.8487669767664149
2307,rho_b,0.0010867,0.0010813806481783364,5.319351821663539e-06,0.4894958881723181
2308,rho_b,0.0010564,0.0010558965696800971,5.0343031990298e-07,0.047655274462933286
2309,rho_b,0.001231,0.0012316048974164758,6.048974164757359e-07,0.04913870154218918
2310,rho_b,0.0012568,0.0012642922018312273,7.4922018312272975e-06,0.596133181513842
2311,rho_b,0.0010701,0.0010758679305212925,5.767930521292453e-06,0.539008552088811
2312,rho_b,0.0012435,0.0012402870457751513,3.2129542248487096e-06,0.25837991333051147
2313,rho_b,0.0011999,0.0011973950187396055,2.504981260394515e-06,0.20876583534518348
2314,rho_b,0.0011643,0.0011693490738010014,5.04907380100136e-06,0.4336574591312192
2315,rho_b,0.0011421,0.001138555523491824,3.5444765081760893e-06,0.3103472992796267
2316,rho_b,0.0011889,0.0011969147581289425,8.014758128942635e-06,0.6741322333418549
2317,rho_b,0.001233,0.001237138743383936,4.138743383936107e-06,0.3356645077517812
2318,rho_b,0.0012,0.0012035430798708379,3.543079870837974e-06,0.2952566556571173
2320,rho_b,0.00116605,0.0011644631502233259,1.5868497766741933e-06,0.13608762705830083
2321,rho_b,0.0007592,0.000761798501029539,2.598501029538961e-06,0.3422683121860219
2322,rho_b,0.0008717,0.0008688158676125035,2.8841323874964544e-06,0.33086295562553913
2323,rho_b,0.0009909,0.0009822583084257578,8.641691574242305e-06,0.8721053149178778
2324,rho_b,0.0010615,0.0010541021821981159,7.3978178018840705e-06,0.6969211299966895
2325,rho_b,0.0011269,0.0011195732434282667,7.326756571733204e-06,0.6501691867274393
2326,rho_b,0.00070212,0.0006945769296345802,7.543070365419809e-06,1.0743278007572112
2327,rho_b,0.00070965,0.0007104950871733291,8.450871733290712e-07,0.11908506617885162
2328,rho_b,0.00073223,0.0007385068320198466,6.2768320198466204e-06,0.8572213664114291
2329,rho_b,0.00076986,0.0007654362108229333,4.4237891770667215e-06,0.5746225510249261
2330,rho_b,0.00082254,0.0008356629963989276,1.3122996398927628e-05,1.5954234910123999
2331,rho_b,0.00084128,0.0008438577362288942,2.5777362288941733e-06,0.3064064551433659
2332,rho_b,0.00089028,0.0008884678957502286,1.8121042497713747e-06,0.20354318278922842
2333,rho_b,0.00097306,0.0009784748900270462,5.41489002704623e-06,0.5564805892217771
2334,rho_b,0.0010709,0.00107380502932019,2.905029320190034e-06,0.2712698961133005
2335,rho_b,0.00118379,0.0011692309556409874,1.45590443590127e-05,1.229867150990803
2336,rho_b,0.00131174,0.0013164288969364204,4.688896936420406e-06,0.35745627432615024
2337,rho_b,0.00145457,0.0014836002910619613,2.9030291061961193e-05,1.9957988300324634
2338,rho_b,0.0007319,0.000736005501207704,4.105501207704045e-06,0.5609374507575722
2339,rho_b,0.0008642,0.0008653040474905094,1.1040474905093904e-06,0.12775370160053848
2340,rho_b,0.00093045,0.0009319651975766091,1.5151975766091548e-06,0.1628456741340962
2341,rho_b,0.00105835,0.001050292573451493,8.057426548506918e-06,0.7613196523733852
2342,rho_b,0.0010727,0.0010754377975134184,2.7377975134184208e-06,0.25522490079856175
2343,rho_b,0.00112692,0.0011195732434282667,7.3467565717333025e-06,0.6519323967286035
2344,rho_b,0.0010508,0.0010422616359236838,8.538364076316179e-06,0.8125584381605058
2345,rho_b,0.00104286,0.0010362003640360061,6.659635963993929e-06,0.6385934792405494
2346,rho_b,0.00104403,0.0010367950528105726,7.234947189427429e-06,0.6929826903918088
2347,rho_b,0.00104462,0.001036713417558539,7.906582441460962e-06,0.7568859904933949
2349,rho_b,0.00104756,0.0010468018183730798,7.581816269201097e-07,0.07237596187295717
2350,rho_b,0.00105167,0.0010507532702997437,9.167297002562764e-07,0.08716895027761436
2351,rho_b,0.00105696,0.0010534695827204433,3.4904172795567016e-06,0.3302317283770799
2352,rho_b,0.00106342,0.0010622002459726486,1.219754027351411e-06,0.11470106131203103
2353,rho_b,0.00107106,0.0010802500294429154,9.190029442915403e-06,0.8580312432856321
2355,rho_b,0.00107987,0.0010895566871554322,9.686687155432234e-06,0.8970234515693556
2356,rho_b,0.00108986,0.0010959917545843515,6.131754584351532e-06,0.5626185545597918
2357,rho_b,0.00112692,0.0011195732434282667,7.3467565717333025e-06,0.6519323967286035
2358,rho_b,0.000732,0.0007374775602709353,5.477560270935266e-06,0.7483005824388334
2359,rho_b,0.0007952,0.0008011638473713159,5.963847371315907e-06,0.7499808053088656
2360,rho_b,1e-06,7.898456003965488e-06,6.898456003965489e-06,689.8449105516383
2383,rho_b,0.00076,0.0007565143602400526,3.4856397599473954e-06,0.45863680991592465
2384,rho_b,0.0003535,0.00034193807982036914,1.1561920179630836e-05,3.270698768578175
2385,rho_b,0.0003397,0.00033928860827352246,4.1139172647755616e-07,0.12110442309876712
2386,rho_b,0.0005032,0.0004963823709949074,6.817629005092586e-06,1.3548547280492922
2387,rho_b,0.0005594,0.0005602383884085386,8.38388408538589e-07,0.14987279353590652
2388,rho_b,0.0004793,0.00047354272174581397,5.757278254186029e-06,1.2011846947995373
2389,rho_b,0.0006015,0.0005945782081305831,6.921791869416946e-06,1.1507550885967406
2390,rho_b,0.0008293,0.0008329004405005433,3.6004405005432474e-06,0.4341541657062228
2391,rho_b,0.0008146,0.0008215527536539869,6.952753653986939e-06,0.8535175111038257
2392,rho_b,0.00072,0.0007111632590845216,8.836740915478406e-06,1.2273251254451603
2393,rho_b,0.0008495,0.000841326236031526,8.173763968473977e-06,0.9621852806182607
2394,rho_b,0.0008201,0.0008218817345738427,1.781734573842687e-06,0.21725820895867637
2395,rho_b,0.0008309,0.0008345281347089122,3.628134708912197e-06,0.43665118600862746
2396,rho_b,8.37e-05,4.62255004919491e-05,3.74744995080509e-05,44.77240031102378
2397,rho_b,0.0008462,0.0008429368794597705,3.263120540229476e-06,0.38562048409043626
2398,rho_b,0.000793,0.0007904222446856574,2.5777553143425643e-06,0.3250637214491711
2399,rho_b,0.0005397,0.0005344068750418314,5.293124958168668e-06,0.9807531866520541
2400,rho_b,0.0005481,0.0005538565921205676,5.75659212056752e-06,1.0502813556038508
2401,rho_b,0.0005412,0.0005361992636905339,5.0007363094661025e-06,0.9240089246537349
2402,rho_b,0.0005411,0.0005342919749344221,6.8080250655778345e-06,1.258182416003698
2403,rho_b,0.0005642,0.0005648992741629456,6.992741629455483e-07,0.1239408297954874
2404,rho_b,0.0005871,0.0005897729535125811,2.672953512581071e-06,0.45528078828619706
2405,rho_b,0.0006237,0.0006278971228526684,4.197122852668414e-06,0.6729393692382588
2406,rho_b,0.000645,0.0006436512142699439,1.3487857300560797e-06,0.20911406635115337
2407,rho_b,0.0006277,0.0006308070801991504,3.1070801991504035e-06,0.4949944550263595
2408,rho_b,0.0006821,0.0006779691486435678,4.130851356432268e-06,0.6056078801313867
2409,rho_b,0.000555,0.0005554438230483067,4.438230483066281e-07,0.07996811666791837
2410,rho_b,0.0005573,0.0005600432928623465,2.7432928623464994e-06,0.4922470585724078
2411,rho_b,0.0005594,0.0005602604106896221,8.604106896220555e-07,0.1538095616882302
2412,rho_b,0.000555,0.0005554438230483067,4.438230483066281e-07,0.07996811666791837
2413,rho_b,1e-06,1.0356231186765363e-05,9.356231186765363e-06,935.6221830543533
2425,rho_b,0.00246354,0.002468388324252893,4.84832425289277e-06,0.1968031471348035
2426,rho_b,0.0020826,0.002107772935528049,2.517293552804908e-05,1.208726376450678
2427,rho_b,0.002377,0.0023831219942969948,6.121994296994556e-06,0.25755129551615663
2428,rho_b,0.002179,0.0021859947079623278,6.994707962327835e-06,0.3210054134519404
2429,rho_b,0.001996,0.001966524278047696,2.947572195230409e-05,1.4767395760288926
2430,rho_b,0.001766,0.0017768952085523365,1.0895208552336557e-05,0.6169427262835294
2431,rho_b,0.001688,0.00169076946544633,2.7694654463300376e-06,0.16406785809771085
2432,rho_b,0.001675,0.0016826189607933445,7.6189607933444415e-06,0.4548633306743766
2433,rho_b,0.001704,0.001721309645805455,1.7309645805454977e-05,1.0158242837615454
2434,rho_b,0.001707,0.0017219956123423878,1.4995612342387802e-05,0.8784775825192166
2435,rho_b,0.001688,0.00169076946544633,2.7694654463300376e-06,0.16406785809771085
2436,rho_b,0.002377,0.0023831219942969948,6.121994296994556e-06,0.25755129551615663
2437,rho_b,0.0006707,0.0006767743072802026,6.074307280202595e-06,0.9056668064926088
2438,rho_b,0.0009086,0.000921246465372659,1.2646465372659083e-05,1.3918627953709504
2439,rho_b,0.0008999,0.0009052313359430301,5.331335943030034e-06,0.5924364859546248
2440,rho_b,0.0010174,0.0010246678876536376,7.267887653637697e-06,0.7143589194509641
2441,rho_b,0.001089,0.0010939869138688295,4.9869138688295785e-06,0.45793515741508056
2442,rho_b,0.0012444,0.0012418585796172851,2.541420382714968e-06,0.20422857446742865
2443,rho_b,0.0009086,0.000921246465372659,1.2646465372659083e-05,1.3918627953709504
2445,rho_b,0.004,0.004016390462135373,1.639046213537318e-05,0.40976155328188907
2446,rho_b,0.0032331,0.0031998760354772712,3.3223964522728806e-05,1.0276194523043707
2448,rho_b,0.002412,0.0024330331900931624,2.1033190093162294e-05,0.8720228061543145
2449,rho_b,0.0021889,0.00219410575888309,5.205758883089929e-06,0.23782534061454041
2466,rho_b,0.0028624,0.0028915066558768522,2.910665587685206e-05,1.0168619293838541
2467,rho_b,0.0018812,0.0018756016390030345,5.598360996965498e-06,0.2975952048686767
2468,rho_b,0.0018821,0.00186482265017817,1.7277349821830145e-05,0.9179825627039115
2469,rho_b,0.0018821,0.0018788377376814088,3.2622623185912976e-06,0.17333097693310598
2470,rho_b,0.0018821,0.00187751601942731,4.583980572689947e-06,0.2435566957257521
2471,rho_b,0.0018821,0.001877177381198205,4.922618801795047e-06,0.261549269389488
2472,rho_b,0.0018821,0.001871425348441507,1.0674651558493153e-05,0.5671670768195889
2473,rho_b,0.0032351,0.003215580548384148,1.951945161585188e-05,0.6033647061858438
2474,rho_b,0.0015,0.0015083957484307027,8.39574843070263e-06,0.5597165616736975
2475,rho_b,0.0014,0.0014072435993368456,7.243599336845654e-06,0.517399952262261
2476,rho_b,0.0016,0.0015988854984514,1.1145015486001535e-06,0.06965634674397438
2477,rho_b,0.0021,0.0021146343579055075,1.4634357905507663e-05,0.6968741856447106
2478,rho_b,0.0015,0.001516759458769642,1.675945876964194e-05,1.1172972505645977
2484,rho_b,0.0004421,0.0004448083085635576,2.7083085635576007e-06,0.6126008951439927
2485,rho_b,0.0004041,0.0004060616919463772,1.96169194637718e-06,0.4854471520719397
2491,rho_b,0.000439,0.00043142270389798525,7.577296102014746e-06,1.7260355546137565
2492,rho_b,0.0004532,0.0004491286602763593,4.071339723640734e-06,0.8983538646639885
2493,rho_b,0.0004569,0.00045241366501441087,4.486334985589124e-06,0.9819074142635259
2494,rho_b,0.0004548,0.00045146710247898406,3.3328975210159375e-06,0.7328270698521695
2495,rho_b,0.0004623,0.00047529166267582093,1.2991662675820913e-05,2.810223371775617
2496,rho_b,0.0004527,0.00045216450775458866,5.354922454113369e-07,0.11828854522386822
2497,rho_b,0.0004761,0.00047693765312147024,8.376531214702152e-07,0.1759405838502015
2498,rho_b,0.00043245,0.000439224470193948,6.774470193947986e-06,1.5665325883414636
2499,rho_b,0.0004301,0.0004304505940041253,3.505940041253282e-07,0.08151453227393231
2500,rho_b,0.0004543,0.00044955974295251975,4.740257047480237e-06,1.0434199949474
2501,rho_b,0.000565,0.000554399569823736,1.0600430176264009e-05,1.876182328761449
2502,rho_b,0.000409,0.00040917139301245483,1.7139301245481034e-07,0.04190538191583289
2503,rho_b,0.000423,0.00041338963781689913,9.61036218310085e-06,2.2719532294045672
2504,rho_b,0.000427,0.0004254279567522985,1.572043247701513e-06,0.36816001030911305
2505,rho_b,0.00047,0.00047544063190863787,5.4406319086378854e-06,1.157581254694058
2506,rho_b,0.0004,0.00040482028923687004,4.820289236870021e-06,1.2050723062048245
2507,rho_b,0.000434,0.0004317508106719915,2.2491893280084693e-06,0.5182463877479275
2508,rho_b,0.000451,0.00045023558870420686,7.644112957931539e-07,0.1694925264075895
2509,rho_b,0.000451,0.00045196545569199854,9.65455691998528e-07,0.21406999775118138
2510,rho_b,0.000415,0.0004219759274638218,6.975927463821773e-06,1.6809463727740506
2511,rho_b,0.000343,0.0003542260916169147,1.1226091616914715e-05,3.2729129983048355
2512,rho_b,0.000384,0.000389643688906394,5.643688906394008e-06,1.4697106488794014
2513,rho_b,0.000433,0.0004372007133681744,4.200713368174367e-06,0.9701416532270094
2514,rho_b,0.000373,0.0003769391543808066,3.939154380806591e-06,1.0560735577066636
2515,rho_b,0.000466,0.0004741966291356856,8.196629135685579e-06,1.7589332871451173
2516,rho_b,0.000484,0.0004820829483197929,1.917051680207086e-06,0.39608505707566843
2517,rho_b,0.000441,0.000438611935544061,2.3880644559389906e-06,0.5415112132707207
2518,rho_b,0.000476,0.0004869079129686955,1.0907912968695485e-05,2.291578349953719
2519,rho_b,0.000448,0.0004586745504554912,1.0674550455491206e-05,2.382712149925019
2520,rho_b,0.000519,0.0005295427408785612,1.0542740878561187e-05,2.0313566200862465
2521,rho_b,0.000493,0.00048934099292432,3.6590070756799264e-06,0.7421921030949302
2522,rho_b,0.0005,0.0004903987163147716,9.601283685228444e-06,1.9202567332051752
2523,rho_b,0.000523,0.0005278344586427553,4.834458642755286e-06,0.924370675623629
2524,rho_b,0.000507,0.0005112961545484141,4.296154548414093e-06,0.847367759357084
2525,rho_b,0.000499,0.00048552316966022653,1.3476830339773452e-05,2.7007675977486527
2526,rho_b,0.0004267,0.0004243245536183909,2.375446381609129e-06,0.5567017520604901
2527,rho_b,0.0004581,0.00045000834494757257,8.09165505242745e-06,1.7663512409438848
2528,rho_b,0.000452,0.0004546469663821129,2.6469663821129244e-06,0.5856120301453107
2529,rho_b,0.0004465,0.00044995857797080016,3.458577970800146e-06,0.7745975281196351
2530,rho_b,0.0004419,0.0004434183478973878,1.5183478973878131e-06,0.34359535957272225
2531,rho_b,0.0004467,0.0004561209381059111,9.420938105911096e-06,2.109007854224539
2532,rho_b,0.0004406,0.0004389136161584342,1.6863838415657746e-06,0.3827471261321615
2533,rho_b,0.0004393,0.00043417966688391325,5.120333116086749e-06,1.1655663793378295
2534,rho_b,0.0004366,0.0004349835619661214,1.6164380338786117e-06,0.3702331722804123
2535,rho_b,0.0004375,0.0004344488393023668,3.0511606976332145e-06,0.6974081578649447
2536,rho_b,0.0004405,0.0004405999643444536,9.996434445361593e-08,0.022693381209235444
2537,rho_b,0.0004329,0.0004321186531877705,7.813468122294795e-07,0.18049129369936856
2538,rho_b,0.0004481,0.00044955974295251975,1.459742952519751e-06,0.3257627648431429
2539,rho_b,0.0005128,0.000523457122929894,1.0657122929893983e-05,2.07822209616064
2540,rho_b,0.0004266,0.00043206323859804204,5.463238598042025e-06,1.2806466444527798
2541,rho_b,0.0004597,0.0004684486718925846,8.748671892584584e-06,1.9031263592676355
2542,rho_b,0.0004577,0.0004555475185376031,2.152481462396917e-06,0.4702821624850547
2543,rho_b,0.000415,0.00042106485919739495,6.064859197394941e-06,1.4614118512724874
2544,rho_b,0.0003166,0.0003151539023627892,1.4460976372108157e-06,0.45675857000733733
2545,rho_b,0.0004254,0.0004278006939781512,2.4006939781512078e-06,0.5643380283281212
2546,rho_b,0.0004531,0.00045170273001984205,1.397269980157954e-06,0.30838004349462667
2547,rho_b,0.00048,0.0004799245486061852,7.545139381483863e-08,0.01571904034534338
2548,rho_b,0.000695,0.000695593824078939,5.938240789389983e-07,0.08544231339346406
2549,rho_b,0.0005,0.00048525315997788093,1.4746840022119082e-05,2.9493679985250805
2550,rho_b,0.0006082,0.0006086625985208566,4.6259852085658425e-07,0.07606026308713937
2551,rho_b,0.0005499,0.0005538086165090199,3.9086165090198915e-06,0.7107867797621429
2552,rho_b,0.000564,0.000561390227297351,2.6097727026490325e-06,0.4627256556776198
2553,rho_b,0.0006008,0.0006017610530119509,9.610530119509011e-07,0.15996221876685734
2554,rho_b,0.0005676,0.0005701108959873117,2.510895987311635e-06,0.4423706805651741
2555,rho_b,0.0006143,0.0006064887916861372,7.811208313862833e-06,1.2715624778035501
2556,rho_b,0.0007051,0.0007018881729903442,3.2118270096557783e-06,0.4555136867253782
2557,rho_b,0.000621,0.0006068171351252386,1.4182864874761388e-05,2.2838751774432584
2558,rho_b,0.0005581,0.0005648387557029071,6.7387557029071005e-06,1.207445922026992
2559,rho_b,0.0004531,0.0004561186049001613,3.018604900161296e-06,0.6662116295517942
2560,rho_b,0.0015002,0.0015043777636088154,4.177763608815459e-06,0.27848044300964236
2561,rho_b,0.0011337,0.0011231260365560593,1.0573963443940779e-05,0.9326950193714235
2562,rho_b,0.001098,0.0010938768065665418,4.123193433458244e-06,0.3755185272953605
2563,rho_b,0.001125,0.0011179471335791963,7.052866420803605e-06,0.6269214590697236
2564,rho_b,0.0011186,0.0011103023254406968,8.297674559303156e-06,0.7417910380730597
2565,rho_b,0.00105,0.001035131082316442,1.4868917683557963e-05,1.416087397085437
2566,rho_b,0.0009951,0.0009833367627118705,1.1763237288129605e-05,1.1821160965037125
2567,rho_b,0.0007145,0.0007151416476148913,6.416476148913023e-07,0.08980372484160463
2568,rho_b,0.0004283,0.00043215611343699716,3.856113436997153e-06,0.9003300088708506
2569,rho_b,0.0005425,0.0005452653097106303,2.765309710630248e-06,0.5097345079323323
2570,rho_b,0.0001911,0.00019192083446298704,8.208344629870269e-07,0.42953137555819626
2571,rho_b,0.0002671,0.00025544218205284094,1.1657817947159047e-05,4.364589256275985
2572,rho_b,0.000333,0.000328285673899492,4.714326100508043e-06,1.415713539444717
2573,rho_b,0.0004473,0.0004484927753335938,1.1927753335938345e-06,0.26666115155985315
2574,rho_b,0.000306,0.0003055520479705473,4.47952029452713e-07,0.14638955163033252
2575,rho_b,0.000405,0.0004037210476075149,1.2789523924850907e-06,0.3157907134141194
2576,rho_b,0.000444,0.0004362274255297895,7.772574470210516e-06,1.7505798316902519
2577,rho_b,0.000415,0.0004083805530531841,6.619446946815901e-06,1.5950474532205845
2578,rho_b,0.000404,0.00040123309717316223,2.7669028268377787e-06,0.6848769356408438
2579,rho_b,0.000552,0.0005541930581840173,2.1930581840173347e-06,0.39729314855876874
2580,rho_b,0.000407,0.0004025468843206615,4.453115679338524e-06,1.0941316138568078
2581,rho_b,0.000432,0.0004279085991859484,4.091400814051557e-06,0.9470835195788709
2582,rho_b,0.0004249,0.0004212172410586296,3.6827589413703844e-06,0.8667354513304378
2583,rho_b,0.0006025,0.0005943034526596987,8.196547340301257e-06,1.360422792812785
2584,rho_b,0.0007596,0.0007581482959963395,1.4517040036605674e-06,0.1911142708990817
2585,rho_b,0.0003595,0.0003668017551324128,7.3017551324127935e-06,2.0310862620589516
2586,rho_b,0.0008605,0.000866600618800465,6.100618800464956e-06,0.7089620910372266
2587,rho_b,0.00048,0.00048060903391131143,6.090339113114154e-07,0.12688206459220724
2588,rho_b,0.0007199,0.0007126896304312128,7.210369568787147e-06,1.001579324735568
2589,rho_b,0.00078,0.0007857696176915325,5.769617691532558e-06,0.7396945748891811
2590,rho_b,0.0005601,0.0005644536146627135,4.35361466271354e-06,0.7772923861704367
2591,rho_b,0.0007203,0.0007127466323630638,7.55336763693618e-06,1.048641902880711
2592,rho_b,0.00048,0.0004794373349661936,5.626650338064112e-07,0.11722188179879008
2593,rho_b,0.0006,0.0005976402107141883,2.3597892858116852e-06,0.39329821364645057
2594,rho_b,0.00048,0.00047921839744799,7.816025520100147e-07,0.16283386466284916
2600,rho_b,0.0007484,0.0007401624841238406,8.237515876159413e-06,1.1006835736441178
2601,rho_b,0.0007818,0.0007764402349166212,5.35976508337884e-06,0.685567290422508
2602,rho_b,0.0007632,0.0007504967966965074,1.2703203303492615e-05,1.6644658394716925
2603,rho_b,0.0008627,0.0008665617921016005,3.861792101600534e-06,0.4476402106322165
2604,rho_b,0.0007651,0.0007536868352937367,1.1413164706263325e-05,1.4917219567829179
2605,rho_b,0.0007452,0.0007331579474729942,1.2042052527005834e-05,1.6159490755295682
2606,rho_b,0.0008259,0.0008317943486178093,5.894348617809311e-06,0.7136879296128384
2607,rho_b,0.0006504,0.0006378689175633098,1.2531082436690157e-05,1.9266731884107358
2608,rho_b,0.0007927,0.0007826484258073474,1.0051574192652588e-05,1.2680174315595325
2609,rho_b,0.0007806,0.0007796826950429368,9.173049570632011e-07,0.11751280500743955
2610,rho_b,0.0008001,0.0008001086759340124,8.675934012446901e-09,0.001084356205674708
2611,rho_b,0.0007581,0.0007555194317402657,2.580568259734372e-06,0.3403994534138474
2612,rho_b,0.0015546,0.001545475752024731,9.124247975268902e-06,0.5869193341952726
2613,rho_b,0.0015197,0.0015115346807574692,8.165319242530713e-06,0.537298100753947
2614,rho_b,0.0015622,0.0015616603665770952,5.39633422904761e-07,0.034543171332692954
2615,rho_b,0.0013339,0.001324255788728324,9.644211271675994e-06,0.7230085661928112
2616,rho_b,0.0010156,0.001017998857685187,2.398857685187005e-06,0.23620103218048394
2617,rho_b,0.0009071,0.0009157602588112975,8.66025881129755e-06,0.9547193034671323
2618,rho_b,0.0008452,0.000840497179662826,4.702820337174041e-06,0.5564150889268682
2619,rho_b,0.0007268,0.0007189879686149126,7.812031385087399e-06,1.0748529684010553
2620,rho_b,0.0007119,0.0007143223086138652,2.4223086138652284e-06,0.34025967277182634
2629,rho_b,0.00063,0.0006276286633747196,2.3713366252804203e-06,0.3764026383359355
2630,rho_b,0.00058,0.000583088511403496,3.0885114034959887e-06,0.5325019652018912
2631,rho_b,0.0006101,0.0006115690729039918,1.469072903991799e-06,0.24079214908767047
2632,rho_b,0.0006101,0.0006151756205150827,5.075620515082677e-06,0.8319325531492135
2633,rho_b,0.0007301,0.0007271774288861424,2.922571113857632e-06,0.4002973715730254
2634,rho_b,0.00072,0.0007179280170056725,2.071982994327512e-06,0.287775415479133
2635,rho_b,0.0007701,0.0007700572376379836,4.276236201640818e-08,0.005552832354353961
2636,rho_b,0.0007602,0.0007613545822745247,1.1545822745246672e-06,0.15187875203971055
2637,rho_b,0.0007301,0.0007301023746836834,2.3746836834166035e-09,0.0003252545788472891
2638,rho_b,0.0007501,0.0007543857385989988,4.285738598998833e-06,0.5713556316871453
2639,rho_b,0.0007119,0.0007143223086138652,2.4223086138652284e-06,0.34025967277182634
2640,rho_b,0.00087811,0.0008787506740182372,6.406740182372675e-07,0.0729605650212003
2641,rho_b,0.001034,0.0010299141144117783,4.085885588221705e-06,0.3951533447069798
2642,rho_b,0.00095,0.0009547804991740184,4.7804991740184365e-06,0.5032104388406665
2643,rho_b,0.00091,0.0009208291241160247,1.082912411602471e-05,1.1900136378158872
2644,rho_b,0.00097,0.0009691021080555409,8.978919444591841e-07,0.09256617974572394
2645,rho_b,0.0009601,0.0009576947946497846,2.4052053502153763e-06,0.25051612828978387
2646,rho_b,0.00099,0.000983222282735806,6.777717264193914e-06,0.6846179047825995
2647,rho_b,0.0008,0.0007983182594158637,1.681740584136347e-06,0.21021757275427141
2648,rho_b,0.00084,0.0008409318976035927,9.318976035927124e-07,0.11094019077182267
2649,rho_b,0.0006801,0.0006865697777940383,6.469777794038318e-06,0.9512980127224435
2650,rho_b,0.00093,0.0009249177175909569,5.0822824090432026e-06,0.546481978879396
2651,rho_b,0.0010796,0.0010844062261628398,4.806226162839752e-06,0.4451858242300754
2652,rho_b,0.0007398,0.0007429778432891602,3.1778432891602223e-06,0.42955437751617714
2653,rho_b,0.000982,0.0009852192337330922,3.2192337330921774e-06,0.32782420873868995
2654,rho_b,0.001806,0.0018224260978234224,1.6426097823422263e-05,0.9095292255995
2655,rho_b,0.001859,0.001839146002996936,1.985399700306389e-05,1.0679933831298525
2656,rho_b,0.00095814,0.0009591905764589016,1.0505764589016078e-06,0.10964748969932712
2657,rho_b,0.00188,0.001869814658229292,1.0185341770707883e-05,0.5417734981537313
2658,rho_b,0.0001,0.00011393820099012662,1.3938200990126616e-05,13.938200850744607
2659,rho_b,0.00094629,0.0009443585431084961,1.931456891503952e-06,0.2041083483353801
2660,rho_b,0.001759,0.0017373071406985032,2.1692859301496734e-05,1.2332495332100193
2661,rho_b,0.0016,0.0015826261896394243,1.7373810360575732e-05,1.0858631468573188
2662,rho_b,0.00094229,0.0009452869055446485,2.9969055446484993e-06,0.3180449268768691
2663,rho_b,0.001539,0.001530301306526509,8.698693473490997e-06,0.5652172493722433
2664,rho_b,0.00130675,0.0013027994730815426,3.9505269184573946e-06,0.3023169631095638
2665,rho_b,0.00087811,0.0008787506740182372,6.406740182372675e-07,0.0729605650212003
2666,rho_b,0.000815,0.0008228194311505578,7.819431150557802e-06,0.9594394037991912
2667,rho_b,-9.9629e-05,-4.970520893909035e-05,4.992379106090965e-05,50.109697537677455
2670,rho_b,-0.00036,-0.00035330357840162446,6.69642159837556e-06,1.8601171054928856
2672,rho_b,-0.00034,-0.0003742898268947188,3.428982689471878e-05,10.085243174666571
2674,rho_b,-0.00035,-0.00043725061301898944,8.725061301898945e-05,24.92874650562914
2676,rho_b,-0.00035,-0.00045907864227526674,0.00010907864227526675,31.165326275318137
2677,rho_b,-0.00048,-0.0004887838124970065,8.783812497006524e-06,1.8299609330639406
2680,rho_b,-0.00055,-0.0005366158420307503,1.3384157969249734e-05,2.4334832627118
2682,rho_b,-0.00053,-0.0005358141985986283,5.814198598628356e-06,1.0970186014449377
2683,rho_b,-0.00055,-0.0005309427293169974,1.9057270683002655e-05,3.4649582997005584
2684,rho_b,-0.00056,-0.0004881802708327225,7.181972916727743e-05,12.824951614112129
2685,rho_b,0.0008253,0.0008258961911826789,5.961911826789061e-07,0.07223932896601391
2686,rho_b,0.0005583,0.000562964779136643,4.664779136643042e-06,0.8355327114969937
2687,rho_b,0.0006367,0.0006406333276991851,3.93332769918508e-06,0.6177678173405688
2688,rho_b,0.0006937,0.0006928016804950644,8.983195049355741e-07,0.12949682912506932
2689,rho_b,0.0007176,0.0007048299062547944,1.2770093745205556e-05,1.7795559820805458
2690,rho_b,0.0007615,0.0007558552982318207,5.644701768179336e-06,0.7412609009542649
2691,rho_b,0.0008004,0.000796215032676824,4.184967323176054e-06,0.5228594850009319
2692,rho_b,0.000822,0.0008170873736050855,4.912626394914491e-06,0.5976431130094962
2693,rho_b,0.000675,0.0006765652375968246,1.5652375968245149e-06,0.23188705103787322
2694,rho_b,0.000703,0.0006972573899568734,5.74261004312657e-06,0.8168719822130655
2695,rho_b,0.0007286,0.0007249402017809457,3.6597982190543716e-06,0.5023055468063843
2696,rho_b,0.0007448,0.0007405555471541121,4.244452845887886e-06,0.569878200884681
2697,rho_b,0.0007702,0.0007680614819088487,2.138518091151305e-06,0.27765750303489095
2698,rho_b,0.0007853,0.0007868453894161417,1.5453894161417342e-06,0.19678968727541543
2699,rho_b,0.0007819,0.0007856326876247133,3.7326876247133515e-06,0.4773868295101015
2700,rho_b,0.0008184,0.0008203457037642963,1.9457037642962383e-06,0.23774483894413365
2701,rho_b,0.0008329,0.0008339778264202939,1.0778264202938957e-06,0.12940646164003253
2702,rho_b,0.000929,0.0009260173213362671,2.982678663732965e-06,0.32106336496472887
2703,rho_b,0.0009152,0.0009181222303885272,2.9222303885271953e-06,0.3192996487471808
2704,rho_b,0.0009069,0.0009160768071621745,9.17680716217451e-06,1.0118874354455436
2705,rho_b,0.0008949,0.0008898289561743222,5.071043825677834e-06,0.5666603888715197
2706,rho_b,0.0008592,0.0008608269147758241,1.6269147758241152e-06,0.1893522781576574
2707,rho_b,0.000822,0.0008183458198539985,3.654180146001485e-06,0.4445474624764003
2708,rho_b,0.000729,0.0007260776495326708,2.92235046732924e-06,0.4008711197970547
2709,rho_b,0.0007141,0.0007082334128868914,5.8665871131085515e-06,0.8215357939914849
2710,rho_b,0.000727,0.0007214208379267074,5.5791620732926345e-06,0.7674225674853382
2711,rho_b,0.0007788,0.0007817941541660846,2.9941541660846076e-06,0.38445739114535615
2712,rho_b,0.0007301,0.0007233914084459937,6.708591554006318e-06,0.9188592719925661
2713,rho_b,0.0008008,0.000795830149685474,4.969850314525998e-06,0.6206106778621243
2714,rho_b,0.0007922,0.0007830218877848501,9.17811221514981e-06,1.158559985302223
2715,rho_b,0.0008084,0.0007994200348851756,8.979965114824426e-06,1.11083190298319
2716,rho_b,0.0007688,0.0007596294398802773,9.170560119722707e-06,1.1928408048639827
2717,rho_b,0.000822,0.0008183458198539985,3.654180146001485e-06,0.4445474624764003
2718,rho_b,0.000822,0.0008220427490186105,4.27490186104924e-08,0.005200610530229476
2719,rho_b,0.0008356,0.0008295814740012061,6.018525998793887e-06,0.7202640009084785
2720,rho_b,0.000822,0.0008183458198539985,3.654180146001485e-06,0.4445474624764003
2721,rho_b,0.000723,0.0007109005107055801,1.2099489294419875e-05,1.6735116566645587
2722,rho_b,0.00079289,0.0007830218877848501,9.868112215149832e-06,1.2445751873152746
2723,rho_b,0.001764,0.0017501724336994057,1.3827566300594202e-05,0.7838756401788801
2724,rho_b,0.0016538,0.001647292683210145,6.507316789854979e-06,0.39347664686904177
2725,rho_b,0.0015749,0.001575326381467726,4.2638146772609915e-07,0.027073558159588774
2726,rho_b,0.001553,0.001532772753774983,2.0227246225016987e-05,1.3024627309718197
2727,rho_b,0.0014137,0.0014340444743447802,2.03444743447803e-05,1.4390941734731102
2728,rho_b,0.0015086,0.0015074814666014835,1.1185333985163672e-06,0.07414380205322346
2729,rho_b,0.0016283,0.0016151704893580471,1.3129510641952946e-05,0.8063324101142063
2730,rho_b,0.0014202,0.0014305242856366856,1.0324285636685668e-05,0.7269599795392248
2731,rho_b,0.0013775,0.0013731625938622552,4.337406137744837e-06,0.31487521848247435
2732,rho_b,0.0011151,0.001116940875863022,1.8408758630219981e-06,0.1650861681796374
2733,rho_b,0.001119,0.0011141611132842728,4.838886715727167e-06,0.4324295541914988
2734,rho_b,0.0008333,0.0008328168039972394,4.831960027605869e-07,0.057985839695275224
2740,rho_b,0.0010704,0.0010735456629414552,3.1456629414551747e-06,0.2938773298315024
2741,rho_b,0.0009628,0.0009554742361683844,7.325763831615554e-06,0.7608811616126654
2742,rho_b,0.000822,0.0008183458198539985,3.654180146001485e-06,0.4445474624764003
2743,rho_b,0.001922,0.00193050450665183,8.504506651829972e-06,0.442482135661038
2744,rho_b,0.0019342,0.0019340661355899671,1.3386441003295294e-07,0.006920918724213822
2745,rho_b,0.002423,0.0024111770843777114,1.1822915622288366e-05,0.4879453412054855
2746,rho_b,0.0034214,0.0035139554745711567,9.255547457115692e-05,2.705193036303998
2747,rho_b,0.0034552,0.0035010083129500907,4.58083129500908e-05,1.3257789111146392
2748,rho_b,0.003819,0.0038105352175993134,8.464782400686467e-06,0.2216491856106304
2749,rho_b,0.0030841,0.0030668983207973017,1.7201679202698533e-05,0.557753613602704
2750,rho_b,0.0031449,0.0030650342952299263,7.986570477007361e-05,2.5395308195706794
2751,rho_b,0.0038571,0.003746187386394944,0.00011091261360505599,2.8755441543206177
2752,rho_b,0.0041899,0.0038229812456840534,0.00036691875431594644,8.757219843632885
2753,rho_b,0.0018936,0.0018917246818438106,1.8753181561894684e-06,0.09903454558508254
2754,rho_b,0.0007891,0.000783046690692304,6.053309307695997e-06,0.7671156127265036
2755,rho_b,0.0009827,0.0009784424023318672,4.257597668132782e-06,0.43325507925106654
2756,rho_b,0.001601,0.0016064542684934798,5.454268493479842e-06,0.34067885634435063
2757,rho_b,0.0010771,0.0010752725568077344,1.827443192265691e-06,0.16966328015681534
2758,rho_b,0.00109,0.0010907317690635574,7.31769063557321e-07,0.06713477641155718
2759,rho_b,0.0010687,0.0010525848535297266,1.6115146470273333e-05,1.5079205067085364
2760,rho_b,0.0010337,0.0010224555848111804,1.124441518881962e-05,1.0877832231732405
2761,rho_b,0.0009449,0.0009427727326945435,2.127267305456512e-06,0.22513147456928745
2762,rho_b,0.0008819,0.0008723192999685158,9.580700031484196e-06,1.0863703391110662
2763,rho_b,0.0008291,0.0008360487120495691,6.948712049569049e-06,0.8381030082243418
2764,rho_b,0.0008044,0.0007991204672107577,5.279532789242373e-06,0.6563317730829258
2765,rho_b,0.0007817,0.0007799327655482218,1.7672344517781534e-06,0.22607578988325389
2766,rho_b,0.0004805,0.00048028262200789355,2.1737799210647503e-07,0.04523995663976597
2767,rho_b,0.0004406,0.0004375956347555522,3.004365244447778e-06,0.6818804443097989
2768,rho_b,0.0004996,0.00048785065255969716,1.1749347440302845e-05,2.3517508840643186
2769,rho_b,0.0007598,0.0007533894298957213,6.410570104278769e-06,0.8437180963202932
2770,rho_b,0.0005199,0.0005316251895612302,1.1725189561230184e-05,2.255277849332065
2771,rho_b,0.0006199,0.000613627658914831,6.272341085169098e-06,1.0118311138975298
2772,rho_b,0.0007598,0.0007561619746519627,3.6380253480372896e-06,0.4788135487298176
2773,rho_b,0.0005831,0.0005845340692672792,1.4340692672792227e-06,0.24593882092605632
2774,rho_b,0.0002406,0.00024501192210463815,4.411922104638152e-06,1.833716577847459
2775,rho_b,0.00048,0.00047885294784257525,1.1470521574247629e-06,0.23896919896563976
2776,rho_b,0.0004202,0.0004167836271405644,3.4163728594356103e-06,0.8130349479546075
2777,rho_b,0.0004531,0.0004507481950903313,2.3518049096686935e-06,0.5190476505138417
2778,rho_b,0.000456,0.0004505254981243034,5.47450187569665e-06,1.2005486543182375
2779,rho_b,0.0004233,0.0004266732252205192,3.373225220519192e-06,0.796887600413493
2780,rho_b,0.0004714,0.00047260347049505116,1.2034704950511445e-06,0.2552970921718654
2781,rho_b,0.0003166,0.00031460163803774413,1.9983619622558667e-06,0.6311945533619461
2782,rho_b,0.0004152,0.00042008456671583,4.884566715830001e-06,1.1764370674531865
2783,rho_b,0.0004643,0.0004759990975278427,1.1699097527842679e-05,2.5197280858594437
2784,rho_b,0.0004577,0.00045562986903841034,2.0701309615896754e-06,0.4522899185201608
2785,rho_b,0.0004601,0.0004717908996958422,1.1690899695842205e-05,2.5409475484531034
2786,rho_b,0.0005128,0.0005248579279377894,1.205792793778943e-05,2.3513899988836835
2787,rho_b,0.0003838,0.00039389176982838935,1.0091769828389345e-05,2.629434549790255
2788,rho_b,0.0004266,0.00043680856495836493,1.0208564958364915e-05,2.393006313744691
2789,rho_b,0.0005128,0.0005247568849125132,1.1956884912513199e-05,2.3316858208261193
2790,rho_b,0.00052,0.0005247568849125132,4.756884912513241e-06,0.9147855583394972
2791,rho_b,0.0005199,0.0005254668438874487,5.56684388744867e-06,1.0707528133758688
2792,rho_b,0.0004473,0.0004484927753335938,1.1927753335938345e-06,0.26666115155985315
2793,rho_b,0.0004784,0.0004753119147821273,3.088085217872684e-06,0.6455027615839583
2794,rho_b,0.0004785,0.0004785139040115042,1.3904011504205921e-08,0.002905749524586923
2795,rho_b,0.0005991,0.0005961294284529495,2.9705715470504986e-06,0.49583901553865944
2796,rho_b,0.000568,0.0005666992648833482,1.3007351166518816e-06,0.22900266097919983
2797,rho_b,0.0005989,0.0005957994755241525,3.1005244758474304e-06,0.5177032009801967
2798,rho_b,0.0006183,0.0006052399611311184,1.3060038868881597e-05,2.112249530609591
2799,rho_b,0.0006234,0.0006207188465374601,2.681153462539914e-06,0.4300855723835512
2800,rho_b,0.000601,0.0005989216296483096,2.0783703516903717e-06,0.3458186935494484
2801,rho_b,0.0005476,0.0005487170081843868,1.1170081843867854e-06,0.20398250225474077
2802,rho_b,0.0007119,0.0007143223086138652,2.4223086138652284e-06,0.34025967277182634
2803,rho_b,0.0007,0.0007002110423330353,2.1104233303525892e-07,0.03014890467625284
2804,rho_b,0.0007301,0.0007283796028219436,1.7203971780563711e-06,0.23563856673058287
2805,rho_b,0.0007401,0.0007454994069338507,5.399406933850664e-06,0.7295509966970888
2806,rho_b,0.0007,0.00069944156501542,5.584349845800434e-07,0.0797764262546113
2807,rho_b,0.00073,0.0007279150356306436,2.0849643693563596e-06,0.285611557054828
2808,rho_b,0.00065,0.0006559567189815056,5.9567189815056204e-06,0.9164183034371443
2809,rho_b,0.00063,0.0006380929188784675,8.092918878467473e-06,1.2845902961304079
2810,rho_b,0.00066,0.000659238874455066,7.611255449339882e-07,0.1153220520879951
2811,rho_b,0.0006101,0.0006075856687348685,2.5143312651315468e-06,0.41211789231443496
2812,rho_b,0.0005901,0.000595319282384006,5.219282384006036e-06,0.8844742204984399
2813,rho_b,0.000675,0.0006765652375968246,1.5652375968245149e-06,0.23188705103787322
2814,rho_b,0.0006639,0.0006605854225566911,3.3145774433089104e-06,0.4992585386829831
2815,rho_b,0.0006109,0.0006092149208609533,1.6850791390467376e-06,0.2758355109327848
2816,rho_b,0.0006177,0.0006108554729639093,6.84452703609065e-06,1.1080665412028468
2817,rho_b,0.00061,0.0006075090481055751,2.4909518944248943e-06,0.40835276890842076
2818,rho_b,0.0005962,0.0005979835594161402,1.7835594161402487e-06,0.29915454765996363
2819,rho_b,0.000595,0.0005973072636402512,2.307263640251127e-06,0.38777540107115505
2820,rho_b,0.000579,0.0005812641295318958,2.26412953189582e-06,0.39104136925481975
2821,rho_b,0.0009557,0.0009566416649908874,9.416649908874052e-07,0.09853144186482063
2822,rho_b,0.00091348,0.0009184445634097668,4.964563409766746e-06,0.5434780623912909
2823,rho_b,0.00086476,0.0008707874740515526,6.027474051552599e-06,0.6970111990127303
2824,rho_b,0.0008894,0.0008821419599540643,7.2580400459357555e-06,0.8160602695946877
2825,rho_b,0.00082524,0.0008291741859452986,3.9341859452985805e-06,0.47673233732384
2826,rho_b,0.00075432,0.0007610310380476495,6.7110380476495144e-06,0.8896805120840903
2827,rho_b,0.00069017,0.0006877904417083926,2.3795582916074417e-06,0.3447785745772282
2828,rho_b,0.0005831,0.0005833113233502518,2.113233502518087e-07,0.03624135652364863
2829,rho_b,0.000733,0.0007397255502698036,6.725550269803533e-06,0.9175375526095713
2830,rho_b,0.000728,0.0007227270437344818,5.272956265518227e-06,0.7243071783344993
2831,rho_b,0.0007118,0.0007047856708004721,7.0143291995278375e-06,0.9854354017523861
2832,rho_b,0.0006799,0.0006817746593373953,1.8746593373953528e-06,0.27572574417386314
2837,rho_b,0.000693,0.0006922556284247835,7.443715752165642e-07,0.10741292556167892
2838,rho_b,0.0008791,0.0008798539048553792,7.53904855379248e-07,0.08575871397129575
2839,rho_b,0.0009109,0.0009126720979048279,1.7720979048279446e-06,0.1945436274983542
2840,rho_b,0.0008538,0.0008539884456497442,1.8844564974413672e-07,0.022071404254324512
2841,rho_b,0.0007982,0.0007971045154369191,1.0954845630808518e-06,0.13724437004615486
2842,rho_b,0.0007535,0.0007560085462766453,2.508546276645254e-06,0.33291921344605996
2843,rho_b,0.0006829,0.0006804061830731154,2.4938169268845425e-06,0.36518039584605927
2844,rho_b,0.0006042,0.0006032376883816988,9.623116183012266e-07,0.15927037681372438
2845,rho_b,0.000337,0.00034787890752016896,1.0878907520168958e-05,3.2281624593137486
2846,rho_b,0.00039,0.0003892641176555517,7.358823444482908e-07,0.18868778014395207
2847,rho_b,0.000318,0.00031195029827043176,6.049701729568221e-06,1.9024219215547176
2848,rho_b,0.000447,0.0004466080272549136,3.919727450864426e-07,0.08768965194844432
2849,rho_b,0.000427,0.00043167824934756886,4.678249347568836e-06,1.0956087439374118
2850,rho_b,0.000502,0.0004938904692791115,8.10953072088842e-06,1.615444363492824
2851,rho_b,0.000509,0.0005118264654117152,2.8264654117151787e-06,0.5552977222322596
2852,rho_b,0.000527,0.0005301833289198592,3.18332891985915e-06,0.604047232223658
2853,rho_b,0.00055,0.0005569295013284393,6.929501328439293e-06,1.2599093301527635
2854,rho_b,0.0004328,0.0004301916860955275,2.608313904472483e-06,0.6026603277370333
2855,rho_b,0.00048908,0.0004840437951448866,5.0362048551134335e-06,1.0297302782399873
2857,rho_b,0.00050738,0.000510928176673235,3.5481766732349887e-06,0.6993134664830806
2859,rho_b,0.00052676,0.0005252692759239601,1.4907240760399449e-06,0.2829987229876903
2861,rho_b,0.0005612,0.0005620552541817631,8.552541817631121e-07,0.15239739491075163
2865,rho_b,0.00057764,0.0005766625362549774,9.774637450226222e-07,0.1692167688059093
2866,rho_b,0.0005831,0.000584271410780178,1.1714107801779998e-06,0.20089363371103813
2867,rho_b,0.0002712,0.0002802001206791611,9.00012067916111e-06,3.318628556775378
2868,rho_b,0.00039367,0.0003848679148777508,8.802085122249176e-06,2.235904463101108
2869,rho_b,0.00053922,0.0005326027968511522,6.617203148847782e-06,1.2271805824294306
2870,rho_b,0.00060077,0.0005960456354086023,4.724364591397767e-06,0.7863849032964225
2871,rho_b,0.00050863,0.0005092357596131983,6.057596131982821e-07,0.1190963199196506
2872,rho_b,0.00055627,0.0005594960758215212,3.226075821521207e-06,0.5799478339154959
2874,rho_b,0.00057054,0.0005734205674381761,2.8805674381761175e-06,0.5048843960331043
2875,rho_b,0.00050287,0.0005016287612824286,1.2412387175713422e-06,0.24683093346253165
2878,rho_b,0.00055501,0.0005543769380380414,6.330619619585596e-07,0.11406316297326678
2880,rho_b,0.00045709,0.0004548101980479156,2.2798019520843798e-06,0.4987643455548659
2883,rho_b,0.00053272,0.0005346716092564717,1.951609256471698e-06,0.3663480351419541
2885,rho_b,0.00060618,0.0006044038893732889,1.7761106267111249e-06,0.29300053181911634
2887,rho_b,0.00058395,0.0005848497509087234,8.997509087233912e-07,0.1540801279531792
2888,rho_b,0.0006256,0.0006285336244594853,2.9336244594853084e-06,0.46892974021675365
2889,rho_b,0.000438,0.00044266576584125436,4.665765841254342e-06,1.0652433403200705
2890,rho_b,0.0006257,0.000631204468096377,5.504468096377015e-06,0.8797295968642671
2891,rho_b,0.0004629,0.0004799930992238424,1.7093099223842447e-05,3.692611619554187
2892,rho_b,0.0005281,0.0005296278561539025,1.5278561539025211e-06,0.2893119013462227
2893,rho_b,0.0005643,0.0005661045471969418,1.8045471969418362e-06,0.3197850777501303
2894,rho_b,0.0005507,0.0005545559436321727,3.855943632172709e-06,0.7001895088379905
2895,rho_b,0.00056,0.0005616377275395844,1.6377275395844295e-06,0.2924513458321279
2896,rho_b,0.0006298,0.00063348998262618,3.689982626179939e-06,0.5858975262497561
2897,rho_b,0.0006136,0.0006088619341538457,4.738065846154275e-06,0.7721750062634494
2898,rho_b,0.0006414,0.0006397900543301049,1.6099456698951114e-06,0.25100493722872813
2899,rho_b,0.000656,0.0006533136090522456,2.686390947754429e-06,0.40951081458221356
2900,rho_b,0.00064,0.0006375085425690298,2.4914574309702455e-06,0.3892902229808349
2901,rho_b,0.0007516,0.000759021086871269,7.421086871269044e-06,0.9873718548955995
2903,rho_b,0.0007924,0.0007880848972084619,4.315102791538046e-06,0.544561179466486
2905,rho_b,0.0007084,0.0007061541823776757,2.245817622324232e-06,0.3170267672436426
2906,rho_b,0.0006792,0.0006792472938633707,4.729386337068431e-08,0.006963171864112572
2907,rho_b,0.0004198,0.00041388345329694185,5.9165467030581655e-06,1.4093727224784274
2908,rho_b,0.0004086,0.0004092377679998557,6.377679998557147e-07,0.1560861474045162
2909,rho_b,0.0003967,0.00039882712800078286,2.127128000782867e-06,0.5362056958459315
2910,rho_b,0.0004067,0.00041000798484610933,3.3079848461093145e-06,0.813372224729676
2911,rho_b,0.0004395,0.0004376651889039144,1.8348110960856234e-06,0.41747692648711127
2912,rho_b,0.0004614,0.00047772656201723244,1.632656201723244e-05,3.5384833077259663
2913,rho_b,0.0004645,0.00047650385207665633,1.2003852076656316e-05,2.5842523252559295
2914,rho_b,0.0005199,0.0005226207812700199,2.720781270019925e-06,0.5233278062678682
2915,rho_b,0.0005481,0.0005559586617834292,7.858661783429182e-06,1.4338007241545656
2916,rho_b,0.000728,0.0007193266662845838,8.673333715416252e-06,1.1913919922393315
2917,rho_b,0.000585,0.0005833113233502518,1.6886766497481833e-06,0.28866267467718915
2918,rho_b,0.00054052,0.0005336032278213136,6.9167721786863754e-06,1.2796514774457672
2919,rho_b,0.00055381,0.0005542541514805109,4.441514805109126e-07,0.08019925239864215
2920,rho_b,0.000559,0.000558711418441918,2.885815580820541e-07,0.05162460779352558
2922,rho_b,0.00055749,0.0005606086267199767,3.1186267199766757e-06,0.5594049605163548
2923,rho_b,0.00056793,0.0005723791198550826,4.4491198550825756e-06,0.7833922925798342
2924,rho_b,0.00057477,0.0005764529314217404,1.6829314217404372e-06,0.2928008453489968
2925,rho_b,0.00058127,0.0005830382810328456,1.7682810328455145e-06,0.30420992478597125
2926,rho_b,0.0005831,0.0005831006530724849,6.530724848711686e-10,0.0001120000829619564
2927,rho_b,0.001,0.0009936124250436971,6.387574956302896e-06,0.6387574949915321
2928,rho_b,0.000943,0.000945352843242353,2.3528432423529583e-06,0.24950617601886493
2929,rho_b,0.000824,0.0008340670539130357,1.0067053913035708e-05,1.2217298423323313
2930,rho_b,0.0009,0.0009014078102678234,1.4078102678234672e-06,0.15642336291769263
2931,rho_b,0.000815,0.0008178297007637499,2.829700763749962e-06,0.3472025472733664
2932,rho_b,0.000727,0.0007259522913890842,1.047708610915827e-06,0.1441139765439735
2933,rho_b,0.000625,0.0006318472917321458,6.847291732145749e-06,1.0955666753904132
2934,rho_b,0.00061,0.0006065243716569012,3.47562834309876e-06,0.5697751372788539
2935,rho_b,0.000585,0.0005833113233502518,1.6886766497481833e-06,0.28866267467718915
2936,rho_b,0.000875,0.0008741531592713254,8.46840728674597e-07,0.0967817974522033
2937,rho_b,0.000885,0.0008804509225643706,4.5490774356294825e-06,0.5140200486428567
2938,rho_b,0.000828,0.0008361847864268392,8.184786426839287e-06,0.9885007749944783
2939,rho_b,0.000738,0.0007400990675544904,2.099067554490303e-06,0.2844264975130133
2940,rho_b,0.00064,0.0006457263453269273,5.72634532692727e-06,0.8947414559343523
2941,rho_b,0.000615,0.0006079821125013014,7.0178874986985594e-06,1.1411199166320911
2942,rho_b,0.000609,0.0006042327299597612,4.76727004023879e-06,0.7828029609869886
2949,rho_b,0.0015,0.0015073111728142298,7.311172814229803e-06,0.4874115206237125
2951,rho_b,0.00142,0.0014141221158169067,5.87788418309333e-06,0.4139355055601391
2954,rho_b,0.00128,0.0012762429148033571,3.757085196642992e-06,0.29352228075841946
2959,rho_b,0.00113,0.0011301587203076133,1.5872030761335428e-07,0.014046044909105649
2963,rho_b,0.000874,0.000870816533597747,3.1834664022530003e-06,0.36424100670601717
2964,rho_b,0.000898,0.0008987171215501062,7.171215501061484e-07,0.07985763355318173
2965,rho_b,0.000761,0.000759066475409543,1.933524590456981e-06,0.2540768183858361
2966,rho_b,0.000707,0.000711429847268767,4.429847268767103e-06,0.6265696269450364
2967,rho_b,0.000571,0.0005761030587931911,5.103058793191136e-06,0.8937055664192785
2968,rho_b,0.000539,0.0005476410103662926,8.641010366292664e-06,1.6031559091393517
2969,rho_b,0.000609,0.0006042327299597612,4.76727004023879e-06,0.7828029609869886
2970,rho_b,0.0008514,0.000852373009523689,9.730095236890534e-07,0.114283476925795
2971,rho_b,0.0008249,0.0008303493554479395,5.449355447939455e-06,0.6606080059805279
2972,rho_b,0.0007264,0.0007363316808417802,9.931680841780222e-06,1.3672468100368604
2973,rho_b,0.0006694,0.0006752681655636657,5.868165563665661e-06,0.8766306475798259
2974,rho_b,0.0005583,0.0005626862647049816,4.38626470498167e-06,0.7856465515180378
2975,rho_b,0.000521,0.0005281289769792452,7.128976979245243e-06,1.3683257131596902
2976,rho_b,0.000554,0.000560259374063805,6.2593740638049915e-06,1.1298509120047802
2977,rho_b,0.0006564,0.0006602961889023441,3.8961889023440485e-06,0.5935693017075496
2978,rho_b,0.0005432,0.0005461355680234645,2.9355680234645527e-06,0.540421210983126
2979,rho_b,0.0006627,0.0006587055750954695,3.9944249045305085e-06,0.6027500978577045
2980,rho_b,0.0005341,0.0005344736420350202,3.736420350202189e-07,0.06995731779079681
2981,rho_b,0.0014,0.0014095635338602825,9.563533860282563e-06,0.6831095609608191
2982,rho_b,0.00115,0.0011450548073540113,4.945192645988694e-06,0.43001675145117624
2983,rho_b,0.00115,0.0011483628631492357,1.637136850764307e-06,0.14235972602962693
2984,rho_b,0.00125,0.0012422411944718107,7.758805528189361e-06,0.6207044417585853
2985,rho_b,0.0012,0.0012009523288372096,9.523288372096598e-07,0.07936073636800438
2986,rho_b,0.00132,0.0013212483038181053,1.248303818105357e-06,0.09456847099694488
2987,rho_b,0.00125,0.0012392111571221131,1.0788842877886918e-05,0.8631074295404675
2988,rho_b,0.00121,0.0012057357022425132,4.26429775748677e-06,0.35242130198037663
2989,rho_b,0.00102,0.0010170804805932352,2.919519406764876e-06,0.28622739253947077
2990,rho_b,0.00105,0.0010384139790013476,1.1586020998652314e-05,1.1034305702493343
2991,rho_b,0.0011,0.0010907698361836,9.23016381640016e-06,0.8391058007281001
2992,rho_b,0.001,0.0009867064933870135,1.329350661298653e-05,1.3293506599693024
2993,rho_b,0.00095,0.0009389727939435226,1.102720605647737e-05,1.1607585310389248
2994,rho_b,0.000595,0.0005951543499030623,1.5434990306229315e-07,0.025941160134938076
2995,rho_b,0.007943,0.007914490666073238,2.8509333926762456e-05,0.3589240075937708
2996,rho_b,0.0042835,0.004337177279194199,5.367727919419925e-05,1.2531172915061999
2997,rho_b,0.0041819,0.0041654999030935995,1.6400096906400187e-05,0.39216855741358
2998,rho_b,0.001224,0.0012261845198833184,2.1845198833183796e-06,0.17847384653052623
2999,rho_b,0.0013827,0.0013529935066923732,2.970649330762674e-05,2.148440969562619
3000,rho_b,0.0007818,0.000781055027885429,7.449721145710289e-07,0.09528934684294389
3001,rho_b,0.0005288,0.0005335228231984833,4.722823198483311e-06,0.8931208754826214
3002,rho_b,0.0005288,0.0005314982321155705,2.6982321155705593e-06,0.5102556941127085
3003,rho_b,0.0019455,0.001946239573806572,7.395738065719536e-07,0.03801458782790068
3004,rho_b,0.0018524,0.0018372076889460924,1.5192311053907484e-05,0.8201420344259375
3005,rho_b,0.001415,0.0014226239454383878,7.623945438387739e-06,0.5387947302473352
3006,rho_b,0.0013649,0.0013733484163229576,8.448416322957538e-06,0.6189769445943123
3007,rho_b,0.0014728,0.0014773842849530273,4.584284953027288e-06,0.3112632366862205
3008,rho_b,0.0013107,0.0013177770417431606,7.077041743160659e-06,0.539943674201665
3009,rho_b,0.0010732,0.0010826885254008962,9.488525400896172e-06,0.8841339351523324
3010,rho_b,0.0009654,0.0009643574078400796,1.0425921599204174e-06,0.10799587309306594
3011,rho_b,0.0006312,0.0006378120244926805,6.612024492680586e-06,1.0475323957866385
3012,rho_b,0.0006199,0.0006121394168320182,7.760583167981889e-06,1.25190888134583
3013,rho_b,0.0005594,0.0005609962137370986,1.5962137370985254e-06,0.28534389242851027
3014,rho_b,0.000554,0.0005573374141588172,3.3374141588172253e-06,0.6024213272189552
3015,rho_b,0.000579,0.0005816440920685841,2.6440920685840905e-06,0.45666529603064554
3016,rho_b,0.0005293,0.0005328003871177434,3.5003871177433825e-06,0.6613238449140646
3017,rho_b,0.0005552,0.0005549866290771378,2.1337092286229618e-07,0.038431362117792245
3018,rho_b,0.0005608,0.0005599683027537967,8.316972462032307e-07,0.14830550012841937
3020,rho_b,0.0005465,0.0005473430399330013,8.430399330012876e-07,0.15426165259993982
3021,rho_b,0.0005627,0.0005620150992808784,6.849007191216117e-07,0.12171685052504766
3023,rho_b,0.0006364,0.0006364022784808983,2.2784808983121463e-09,0.00035802653908420507
3027,rho_b,0.0006989,0.0006937724572662409,5.127542733759146e-06,0.7336589964834105
3029,rho_b,0.0007169,0.0007119700651067474,4.929934893252636e-06,0.6876739972626442
3030,rho_b,0.0007239,0.0007255303788017736,1.6303788017736631e-06,0.2252215498717292
3032,rho_b,0.0007197,0.0007130945254554562,6.605474544543765e-06,0.9178094394005378
3034,rho_b,0.0006982,0.0006907272378557693,7.4727621442306595e-06,1.0702896209578578
3036,rho_b,0.00066,0.0006568652807741342,3.134719225865836e-06,0.47495745774488807
3038,rho_b,0.0006403,0.0006395979379965719,7.020620034281022e-07,0.10964579139960086
3040,rho_b,0.0006325,0.0006336045225602913,1.1045225602912979e-06,0.17462807249723591
3041,rho_b,0.0006157,0.000609985696546597,5.714303453402902e-06,0.9280986591070189
3043,rho_b,0.0006023,0.0005997312878432139,2.5687121567860094e-06,0.42648383737691703
3044,rho_b,0.0006721,0.0006795291369679122,7.42913696791215e-06,1.1053618444961362
3045,rho_b,0.000484,0.00047801046414849363,5.989535851506369e-06,1.2375074047791932
3046,rho_b,0.0006918,0.0006847634053349569,7.036594665043097e-06,1.0171429105047223
3047,rho_b,0.000672,0.0006697308122683302,2.2691877316697836e-06,0.33767674528169883
3048,rho_b,0.000604,0.0006007639969644953,3.2360030355047843e-06,0.5357620910839674
3049,rho_b,0.0007599,0.0007548388491842808,5.0611508157191775e-06,0.6660285312618623
3050,rho_b,0.0006518,0.0006435694142035071,8.230585796492932e-06,1.2627471285464038
3051,rho_b,0.0006881,0.0006809971139863971,7.102886013602913e-06,1.0322461856242482
3052,rho_b,0.000664,0.0006573462669184557,6.653733081544272e-06,1.0020682336631912
3053,rho_b,0.000644,0.0006441822071315082,1.822071315081726e-07,0.028293032798950662
3054,rho_b,0.0007121,0.0007052990988591455,6.800901140854485e-06,0.9550486071203481
3055,rho_b,0.0006521,0.0006503564610890053,1.7435389109946194e-06,0.2673729348751557
3056,rho_b,0.0006721,0.0006681043862989211,3.995613701078906e-06,0.5944969044984284
3057,rho_b,0.000735,0.0007404455100899487,5.445510089948768e-06,0.7408857255156341
3058,rho_b,0.00067,0.000669465866936722,5.341330632780122e-07,0.07972135260907443
3059,rho_b,0.00075,0.0007456930108975578,4.306989102442239e-06,0.5742652128932783
3060,rho_b,0.00073,0.0007238326315619996,6.167368438000334e-06,0.8448449903495733
3061,rho_b,0.0006826,0.0006837000136608932,1.1000136608932442e-06,0.16115055072981815
3062,rho_b,0.0006745,0.0006746179964386929,1.1799643869294957e-07,0.01749391230808161
3063,rho_b,0.0007476,0.0007387480797855347,8.851920214465216e-06,1.184044970923591
3064,rho_b,0.0007817,0.0007846511553654613,2.9511553654613335e-06,0.3775304287688409
3065,rho_b,0.0008387,0.0008373398973301831,1.360102669816822e-06,0.1621679585304808
3066,rho_b,0.0004137,0.0004184171780970956,4.717178097095559e-06,1.1402412583256336
3067,rho_b,0.0006308,0.000638124143640354,7.3241436403539105e-06,1.1610880831869101
3068,rho_b,0.0005641,0.0005673045683861086,3.204568386108611e-06,0.5680851587356425
3069,rho_b,0.0006384,0.0006401578545364194,1.757854536419399e-06,0.2753531537697161
3070,rho_b,0.0007002,0.0006988590607734921,1.3409392265079393e-06,0.1915080297904683
3072,rho_b,0.0007151,0.0007098642881848879,5.235711815112089e-06,0.7321649850077526
3073,rho_b,0.0006719,0.0006761886874063028,4.288687406302748e-06,0.6382925137549966
3074,rho_b,0.000672,0.0006724189777345196,4.1897773451961707e-07,0.06234787706787773
3075,rho_b,0.0007478,0.0007450450868569125,2.7549131430875057e-06,0.36840239895740595
3077,rho_b,0.0006515,0.0006487737312269365,2.7262687730634713e-06,0.4184602868578463
3078,rho_b,0.0007119,0.0007154058700007597,3.5058700007596947e-06,0.4924666379877832
3079,rho_b,0.000804,0.0008107659017236565,6.765901723656512e-06,0.8415300640847277
3080,rho_b,0.000704,0.0007114109375277732,7.4109375277732e-06,1.0526899882452132
3081,rho_b,0.0008042,0.0008098690420807422,5.669042080742133e-06,0.7049293799667792
3082,rho_b,0.0007504,0.0007542390850324376,3.839085032437527e-06,0.5116051475641625
3083,rho_b,0.001102,0.00109931603294185,2.6839670581499907e-06,0.24355417928443276
3084,rho_b,0.000953,0.0009492636254406033,3.7363745593966885e-06,0.39206448640881886
3085,rho_b,0.000904,0.0009102537508868583,6.2537508868583435e-06,0.6917866017633272
3086,rho_b,0.0009045,0.0009088182802984622,4.318280298462184e-06,0.4774218124585921
3087,rho_b,0.000902,0.0009047602538852101,2.760253885210036e-06,0.30601484281040886
3088,rho_b,0.0008507,0.0008414364955821734,9.26350441782665e-06,1.0889272842291498
3089,rho_b,0.0009782,0.0009749286116984541,3.2713883015459766e-06,0.3344293905338052
3090,rho_b,0.000933,0.0009318319307097029,1.1680692902970918e-06,0.12519499346678906
3091,rho_b,0.0008905,0.0008828264922916005,7.673507708399552e-06,0.8617077708907888
3092,rho_b,0.0008729,0.0008736207994554746,7.207994554745377e-07,0.08257526115806908
3093,rho_b,0.0008359,0.0008408875443611083,4.987544361108299e-06,0.5966675864507265
3094,rho_b,0.0008001,0.0008043396514896314,4.239651489631405e-06,0.5298901992666546
3095,rho_b,0.0007754,0.000775156620427386,2.4337957261393126e-07,0.03138761572092534
3096,rho_b,0.0007262,0.000726099604220934,1.0039577906593555e-07,0.01382481119907566
3097,rho_b,0.000675,0.0006765652375968246,1.5652375968245149e-06,0.23188705103787322
3099,rho_b,0.000803,0.0008083572596132603,5.357259613260248e-06,0.6671556172588657
3100,rho_b,0.0007682,0.000762034373766822,6.165626233177977e-06,0.8026069025191237
3101,rho_b,0.0007537,0.0007618027103764831,8.102710376483072e-06,1.0750577637962708
3102,rho_b,0.0007555,0.0007622369583570011,6.736958357001096e-06,0.8917218197331407
3103,rho_b,0.0006947,0.0006963318232539571,1.631823253957069e-06,0.23489610646438866
3104,rho_b,0.0006241,0.0006261806161235268,2.080616123526771e-06,0.3333786444789271
3105,rho_b,0.000299,0.0003061761321692803,7.1761321692803085e-06,2.400044195745775
3106,rho_b,0.000344,0.000352322301033674,8.32230103367396e-06,2.419273549267798
3107,rho_b,0.000371,0.00038158724343140846,1.0587243431408439e-05,2.853704421259136
3108,rho_b,0.000473,0.00047860716151614825,5.60716151614825e-06,1.1854464068274388
3109,rho_b,0.000502,0.0004978512538781382,4.148746121861711e-06,0.8264434489237603
3110,rho_b,0.000561,0.0005647475058971272,3.7475058971272665e-06,0.6680046150529805
3111,rho_b,0.000669,0.0006631847335504435,5.815266449556481e-06,0.8692475995312414
3112,rho_b,0.0003321,0.0003313457142962425,7.542857037574728e-07,0.2271260769305065
3113,rho_b,0.0004663,0.0004773821366071688,1.1082136607168814e-05,2.3766108907147125
3114,rho_b,0.0004927,0.0004946073171408502,1.9073171408502503e-06,0.3871153109354774
3115,rho_b,0.0005362,0.000536948323099505,7.483230995050097e-07,0.1395604435116384
3116,rho_b,0.0005872,0.000589727926215648,2.527926215648013e-06,0.4305051449834744
3117,rho_b,0.000568,0.0005698296090672915,1.82960906729146e-06,0.3221142718433657
3118,rho_b,0.0006241,0.0006261806161235268,2.080616123526771e-06,0.3333786444789271
3119,rho_b,0.000982,0.0009802726554766637,1.7273445233362706e-06,0.17590066411173766
3120,rho_b,0.00098791,0.0009852311122249618,2.6788877750382606e-06,0.27116718854213323
3121,rho_b,0.00096886,0.0009674530805768135,1.4069194231864767e-06,0.145213903116481
3122,rho_b,0.00096799,0.0009674530805768135,5.369194231864393e-07,0.055467455514185554
3123,rho_b,0.00096596,0.0009681692814879611,2.2092814879611736e-06,0.22871355808460372
3124,rho_b,0.00094556,0.0009485666888711403,3.0066888711403113e-06,0.3179797017598581
3125,rho_b,0.00094318,0.000946035363458123,2.85536345812304e-06,0.30273791376997616
3126,rho_b,0.00093157,0.0009249790952631983,6.590904736801647e-06,0.7075050430699354
3127,rho_b,0.0006151,0.0006095510295836596,5.54897041634046e-06,0.9021249239667063
3128,rho_b,0.0005878,0.0005885554786936977,7.554786936977064e-07,0.12852648731072502
3129,rho_b,0.0005641,0.0005654632412678657,1.3632412678657056e-06,0.2416665955414004
3130,rho_b,0.0006,0.0005991316563700663,8.683436299336501e-07,0.14472393808106845
3131,rho_b,0.0002853,0.00029144103191150494,6.1410319115049405e-06,2.1524822607711593
3132,rho_b,0.0001011,0.0001106479067953368,9.547906795336799e-06,9.444022453903633
3133,rho_b,0.0006241,0.0006261806161235268,2.080616123526771e-06,0.3333786444789271
3134,rho_b,0.0006493,0.0006458005017121886,3.499498287811418e-06,0.5389647747453827
3135,rho_b,0.0008576,0.0008666753024810396,9.075302481039555e-06,1.0582209037380301
3136,rho_b,0.0008605,0.0008683862826776034,7.886282677603356e-06,0.916476777273514
3137,rho_b,0.0007612,0.0007611643154445988,3.568455540119749e-08,0.004687934229416468
3138,rho_b,0.0006836,0.0006874185292325117,3.818529232511706e-06,0.5585911683624626
3139,rho_b,0.0006241,0.0006261806161235268,2.080616123526771e-06,0.3333786444789271
3140,rho_b,0.0008335,0.000844075363598534,1.0575363598533958e-05,1.2687898723270616
3141,rho_b,0.0008779,0.0008752581741981719,2.6418258018281278e-06,0.30092559503575256
3142,rho_b,0.0008359,0.0008410196113193671,5.119611319367133e-06,0.6124669593542844
3143,rho_b,0.0009768,0.0009726693100961606,4.130689903839545e-06,0.4228798013524515
3144,rho_b,0.0006241,0.0006261806161235268,2.080616123526771e-06,0.3333786444789271
3145,rho_b,0.001009,0.001019428098681956,1.0428098681956096e-05,1.0335082925293373
3146,rho_b,0.001296,0.0012893746417649869,6.625358235013172e-06,0.511215912801004
3147,rho_b,0.001106,0.0011134180648934545,7.4180648934544634e-06,0.6707111109174821
3148,rho_b,0.001011,0.0010173897428744842,6.3897428744842406e-06,0.6320220443287854
3149,rho_b,0.0006407,0.0006503218595002539,9.621859500253869e-06,1.501772980370866
3150,rho_b,0.0009629,0.0009616488970696432,1.2511029303568025e-06,0.12993072271860995
3151,rho_b,0.0006241,0.0006261806161235268,2.080616123526771e-06,0.3333786444789271
3152,rho_b,0.0006558,0.0006618915660624657,6.091566062465734e-06,0.9288755799293958
3153,rho_b,0.0006406,0.0006476536610206363,7.053661020636369e-06,1.1011022493951526
3154,rho_b,0.0006772,0.0006786161815841407,1.4161815841406966e-06,0.20912309244676103
3155,rho_b,0.000611,0.0006147978734868374,3.797873486837376e-06,0.6215832210509892
3156,rho_b,0.0005429,0.0005496322874039836,6.7322874039836035e-06,1.2400603042149567
3157,rho_b,0.0006293,0.000639697973832231,1.0397973832231098e-05,1.6523079319415255
3158,rho_b,0.0006241,0.0006261806161235268,2.080616123526771e-06,0.3333786444789271
3159,rho_b,0.0008646,0.000850735003767641,1.386499623235902e-05,1.6036312995978148
3160,rho_b,0.0009557,0.0009594122337943184,3.7122337943184397e-06,0.38843086642608887
3161,rho_b,0.0011109,0.0011100048239545248,8.951760454751784e-07,0.08058115443958655
3162,rho_b,0.0010932,0.0010942675023757201,1.067502375720229e-06,0.09764932077787558
3163,rho_b,0.0010295,0.0010324120265300864,2.9120265300863844e-06,0.28285833193373494
3164,rho_b,0.0008836,0.0008920148464316934,8.41484643169339e-06,0.9523366254153489
3165,rho_b,0.0008999,0.0009052313359430301,5.331335943030034e-06,0.5924364859546248
3166,rho_b,0.0008172,0.0008184915705816073,1.2915705816072967e-06,0.1580482843889885
3167,rho_b,0.000871,0.0008730450262195201,2.045026219520043e-06,0.2347906104675243
3168,rho_b,0.0007618,0.0007604562397762453,1.3437602237547199e-06,0.17639278314397375
3169,rho_b,0.0008595,0.0008698072568220919,1.0307256822091894e-05,1.1992154520185851
3170,rho_b,0.000841,0.0008455672612038905,4.567261203890574e-06,0.5430750533245926
3171,rho_b,0.000929,0.0009260173213362671,2.982678663732965e-06,0.32106336496472887
3172,rho_b,0.000566,0.0005640037648898817,1.996235110118317e-06,0.352691714945477
3173,rho_b,0.000632,0.0006334053679663633,1.4053679663633299e-06,0.22236834875627318
3174,rho_b,0.000706,0.0007100472940226198,4.047294022619806e-06,0.5732711072078038
3175,rho_b,0.000819,0.0008178297007637499,1.170299236250027e-06,0.1428936794653346
3176,rho_b,0.000858,0.0008628300307099842,4.83003070998419e-06,0.5629406415331916
3177,rho_b,0.000965,0.0009617170389806088,3.2829610193911953e-06,0.34020321409214127
3178,rho_b,0.00096,0.0009580955021736517,1.904497826348342e-06,0.1983851900379677
3179,rho_b,0.0009392,0.0009405239902317814,1.323990231781461e-06,0.14096999897484677
3180,rho_b,0.0009467,0.0009456924230678802,1.0075769321197256e-06,0.10643043530742805
3181,rho_b,0.0009506,0.0009462423614216279,4.357638578372119e-06,0.45840927559310185
3182,rho_b,0.0009437,0.0009442331561077488,5.331561077488419e-07,0.05649635553500883
3183,rho_b,0.0009559,0.000958345735571026,2.4457355710259723e-06,0.25585684365178407
3184,rho_b,0.0009553,0.0009566416649908874,1.3416649908874149e-06,0.14044436192640755
3185,rho_b,0.0010701,0.0010758679305212925,5.767930521292453e-06,0.539008552088811
3186,rho_b,0.0010865,0.0010906735037127188,4.173503712718782e-06,0.3841236731594611
3187,rho_b,0.0011077,0.0011076071305579458,9.286944205430699e-08,0.008383988622412845
3188,rho_b,0.0011444,0.001151515157708022,7.115157708022018e-06,0.6217369540199797
3189,rho_b,0.0010643,0.0010638329162728543,4.670837271457482e-07,0.04388647248960664
3190,rho_b,0.0010233,0.001032772002637998,9.472002637998063e-06,0.9256330136559887
3191,rho_b,0.0009795,0.000977404705028487,2.095294971512845e-06,0.21391474929797835
3192,rho_b,0.0008999,0.0009052313359430301,5.331335943030034e-06,0.5924364859546248
3193,rho_b,0.0015938,0.0015956304167051285,1.8304167051284934e-06,0.11484607252980504
3194,rho_b,0.0015538,0.0015293349308621437,2.4465069137856238e-05,1.5745314147323288
3195,rho_b,0.0015218,0.0015211746126076063,6.253873923937458e-07,0.04109524194919131
3196,rho_b,0.0015277,0.0015098942242150987,1.7805775784901457e-05,1.1655282956893482
3197,rho_b,0.0014881,0.0014786935989903886,9.406401009611366e-06,0.6321081246751081
3198,rho_b,0.0014737,0.0014672098696700076,6.490130329992513e-06,0.4403969821258426
3199,rho_b,0.001364,0.0013656026293381266,1.6026293381266044e-06,0.11749481942460822
3200,rho_b,0.0013867,0.001365643693791331,2.105630620866908e-05,1.5184471185897894
3201,rho_b,0.0010099,0.001009068489529641,8.315104703590908e-07,0.08233592133238257
3202,rho_b,0.0009907,0.0009870548201708824,3.645179829117563e-06,0.3679398228967563
3203,rho_b,0.0009553,0.0009566416649908874,1.3416649908874149e-06,0.14044436192640755
3204,rho_b,0.0011613,0.0011644280483922328,3.1280483922327407e-06,0.26935747778689106
3205,rho_b,0.0010801,0.0010783569418720239,1.7430581279761874e-06,0.16137932842907082
3206,rho_b,0.000929,0.0009260173213362671,2.982678663732965e-06,0.32106336496472887
3207,rho_b,0.0006816,0.0006849550047537394,3.355004753739419e-06,0.49222487511989
3208,rho_b,0.001102,0.001113262181634083,1.1262181634083155e-05,1.0219765538896
3209,rho_b,0.001108,0.0011110702845313117,3.0702845313116886e-06,0.27710149174554816
3210,rho_b,0.0009364,0.0009362810171847461,1.1898281525389142e-07,0.012706409133578313
3211,rho_b,0.0007453,0.0007451774461251788,1.2255387482119386e-07,0.016443562948713034
3212,rho_b,0.0006306,0.0006443711391301085,1.3771139130108463e-05,2.1838152724818123
3213,rho_b,0.0006242,0.0006423136877941873,1.811368779418732e-05,2.901904480161531
3214,rho_b,0.0007134,0.000722220777264243,8.820777264242972e-06,1.2364420033471477
3215,rho_b,0.0008089,0.0008142123590319704,5.312359031970433e-06,0.6567386605764677
3216,rho_b,0.0007644,0.0007675313406798696,3.13134067986959e-06,0.40964687019533247
3217,rho_b,0.0003694,0.0004091577222788414,3.975772227884141e-05,10.762783478942495
3218,rho_b,0.000667,0.0006681210904968451,1.12109049684513e-06,0.16807953450739652
3219,rho_b,0.000802,0.0007954148508181705,6.585149181829466e-06,0.8210909194038101
3220,rho_b,0.0007888,0.0007853983213434257,3.401678656574287e-06,0.43124729364373915
3221,rho_b,0.0007236,0.0007219013581665937,1.6986418334063655e-06,0.2347487328715973
3222,rho_b,0.0006432,0.0006436144050832531,4.144050832530872e-07,0.06442865090310956
3223,rho_b,0.0006173,0.0006099832969219923,7.316703078007647e-06,1.1852750795650246
3224,rho_b,0.0005847,0.0005851200188259903,4.2001882599035367e-07,0.07183492821481177
3225,rho_b,0.000547,0.0005537502528412039,6.7502528412039485e-06,1.2340498773059323
3226,rho_b,0.0004824,0.0004941688646024228,1.1768864602422751e-05,2.43964854436697
3227,rho_b,0.0007767,0.0007727674696005708,3.932530399429132e-06,0.506312655383804
3228,rho_b,0.0006851,0.0006902636959710136,5.163695971013545e-06,0.753714196975099
3229,rho_b,0.0006854,0.0006899108247051464,4.5108247051464006e-06,0.6581302449029908
3230,rho_b,0.000669,0.0006638357201850312,5.164279814968823e-06,0.7719401804558179
3231,rho_b,0.0006194,0.0006104551361099085,8.944863890091503e-06,1.4441175130207182
3232,rho_b,0.000578,0.0005789247364360139,9.247364360139704e-07,0.15998900249378553
3233,rho_b,0.0005683,0.0005740735647596549,5.773564759654882e-06,1.0159360812063207
3234,rho_b,0.0005427,0.0005485735210846642,5.873521084664231e-06,1.0822776992521566
3235,rho_b,0.0004824,0.0004941688646024228,1.1768864602422751e-05,2.43964854436697
3236,rho_b,0.0007075,0.0007109403743928469,3.440374392846865e-06,0.4862719983016459
3237,rho_b,0.0007075,0.0007104710936460333,2.9710936460332522e-06,0.41994256421679527
3238,rho_b,0.0007075,0.0007077458489311652,2.4584893116522816e-07,0.03474896548660615
3239,rho_b,0.0007075,0.0007071572863965708,3.4271360342924117e-07,0.04844008522188556
3240,rho_b,0.0007075,0.0007061222711028726,1.37772889712744e-06,0.19473199931874488
3241,rho_b,0.0007075,0.0007064328039745064,1.0671960254935754e-06,0.15084042741839876
3242,rho_b,0.0007075,0.0007062217122606415,1.2782877393585548e-06,0.18067671202145408
3243,rho_b,0.0007075,0.0007048982993664927,2.601700633507345e-06,0.36773153778516315
3244,rho_b,0.0007075,0.0007051320508582794,2.3679491417205947e-06,0.3346924577206601
3245,rho_b,0.0007075,0.0007057425667819309,1.7574332180690742e-06,0.24840045449965648
3246,rho_b,0.0007075,0.0007055559610510168,1.944038948983179e-06,0.2747758227894587
3247,rho_b,0.000667,0.0006630365636240739,3.963436375926011e-06,0.594218346324412
3248,rho_b,0.0006497,0.0006467195644137775,2.9804355862225566e-06,0.4587402773026249
3249,rho_b,0.0006021749999999,0.0005981203531390506,4.054646860849362e-06,0.6733336412366336
3250,rho_b,0.00059232,0.0005935576988507873,1.2376988507873136e-06,0.20895780130634378
3251,rho_b,0.00059445,0.0005950054479576094,5.554479576094394e-07,0.09343896991757923
3252,rho_b,0.00059508,0.000595103735720386,2.3735720386017754e-08,0.003988660406353961
3253,rho_b,0.00060002,0.0005991606962635907,8.593037364093689e-07,0.1432125154123602
3254,rho_b,0.00059477,0.0005959067682711771,1.1367682711771422e-06,0.19112737180185088
3255,rho_b,0.00059998,0.000602965580569012,2.985580569012081e-06,0.4976133477842508
3256,rho_b,0.00060262,0.0006050438854618543,2.4238854618543245e-06,0.40222452919453044
3257,rho_b,0.00059998,0.0006049190494770851,4.939049477085109e-06,0.8232023515538995
3259,rho_b,0.000667,0.0006680007553761533,1.0007553761533618e-06,0.15003828705441966
3260,rho_b,0.00067008,0.000676058149827537,5.978149827537004e-06,0.8921546410302438
3261,rho_b,0.00067008,0.0006749400902854652,4.860090285465171e-06,0.7253000057026282
3262,rho_b,0.00067008,0.0006693670954256396,7.129045743603383e-07,0.10639096425746607
3263,rho_b,0.00067008,0.0006682684023083327,1.811597691667318e-06,0.270355433524917
3264,rho_b,0.00067008,0.0006698282416875549,2.517583124451127e-07,0.03757138133795948
3265,rho_b,0.00067008,0.0006689361498959694,1.1438501040305716e-06,0.17070351336012662
3266,rho_b,0.00067008,0.0006691340043318474,9.459956681525522e-07,0.14117652619698945
3267,rho_b,0.00067008,0.0006700746473059772,5.352694022828924e-09,0.0007988141736569936
3268,rho_b,0.00067008,0.000671476332176501,1.3963321765010119e-06,0.20838290568546783
3269,rho_b,0.00067008,0.0006732165179849865,3.1365179849865464e-06,0.46808112170274224
3270,rho_b,0.00067008,0.0006732820111635299,3.2020111635299537e-06,0.4778550559263675
3271,rho_b,0.000667,0.0006630365636240739,3.963436375926011e-06,0.594218346324412
3272,rho_b,0.0007235,0.0007278760280057782,4.376028005778198e-06,0.6048414650628589
3273,rho_b,0.0007371,0.0007362586971202991,8.413028797008264e-07,0.11413687132810443
3274,rho_b,0.0006892,0.0006919382963255904,2.738296325590435e-06,0.39731519466298365
3275,rho_b,0.000747,0.0007437274922541958,3.272507745804296e-06,0.43808671237261426
3276,rho_b,0.0007523,0.000758550070995206,6.250070995205987e-06,0.8307950268374368
3277,rho_b,0.0007044,0.0007113961563820683,6.996156382068318e-06,0.9932078892868028
3278,rho_b,0.0006899,0.0006922377551222093,2.33775512220927e-06,0.33885419898836466
3279,rho_b,0.0006625,0.0006663040393471195,3.804039347119468e-06,0.5741946175664184
3280,rho_b,0.0006087,0.0006121842252381502,3.4842252381501754e-06,0.57240434243899
3281,rho_b,0.0005982,0.0006005487434927379,2.3487434927378604e-06,0.3926351535960396
3282,rho_b,0.0005981,0.0006000286432343448,1.928643234344802e-06,0.32246166713261754
3283,rho_b,0.0005899,0.000592472421537051,2.572421537050981e-06,0.43607756105953643
3284,rho_b,0.0006097,0.0006115918152855795,1.8918152855794575e-06,0.3102862526614064
3285,rho_b,0.000604,0.0006020061948945712,1.993805105428878e-06,0.33010018247150263
3286,rho_b,0.0006082,0.0006097169759291133,1.5169759291132562e-06,0.2494205732685055
3287,rho_b,0.0006161,0.0006146754600547192,1.424539945280739e-06,0.2312189487045203
3288,rho_b,0.0006251,0.0006374284489334503,1.2328448933450345e-05,1.9722362683935344
3289,rho_b,0.0006091,0.0006107878359086073,1.687835908607306e-06,0.27710325165593064
3290,rho_b,0.0006625,0.0006663040393471195,3.804039347119468e-06,0.5741946175664184
3291,rho_b,0.000432,0.00043421915174904623,2.2191517490462447e-06,0.5136925333123424
3292,rho_b,0.000555,0.0005555551015836745,5.5510158367448e-07,0.100018303184558
3293,rho_b,0.000525,0.0005278147245594521,2.8147245594521133e-06,0.5361380103029968
3294,rho_b,0.000501,0.0004937285800402274,7.271419959772678e-06,1.451381226598576
3295,rho_b,0.00058,0.0005771282358236006,2.871764176399453e-06,0.49513175369795437
3296,rho_b,0.000231,0.00020237795688293953,2.862204311706047e-05,12.390494802231828
3297,rho_b,0.00052,0.0005272697170373918,7.269717037391879e-06,1.3980225045022412
3298,rho_b,0.00051,0.0005134641992596219,3.4641992596218295e-06,0.6792547554567219
3299,rho_b,0.000309,0.0003036043946869247,5.39560531307527e-06,1.7461505811047782
3300,rho_b,0.000636,0.0006411553507093513,5.155350709351385e-06,0.8105897329002341
3301,rho_b,0.000703,0.000695834297509663,7.165702490337009e-06,1.0193033399920308
3302,rho_b,0.0005772,0.000579054995957002,1.8549959570020097e-06,0.3213783703721805
3303,rho_b,0.0006673,0.0006663068869171701,9.931130828299065e-07,0.14882557790224046
3304,rho_b,0.0006574,0.0006610706454654237,3.67064546542362e-06,0.5583579951080073
3305,rho_b,0.0007998,0.0007981668496234008,1.63315037659921e-06,0.20419484553104045
3306,rho_b,0.0007503,0.0007530743673379713,2.7743673379713313e-06,0.3697677374748306
3307,rho_b,0.0007501,0.0007558934545727803,5.793454572780381e-06,0.7723576276572197
3308,rho_b,0.0007295,0.0007261045850326549,3.3954149673451036e-06,0.4654441347074246
3309,rho_b,0.0007021,0.0006945769296345802,7.523070365419819e-06,1.0715098069654923
3310,rho_b,0.0006695,0.0006659116500238151,3.5883499761848667e-06,0.5359746035586439
3311,rho_b,0.0006695,0.0006657827392087213,3.717260791278633e-06,0.5552293929389603
3312,rho_b,0.0006695,0.000666931958551505,2.5680414484949114e-06,0.38357601861973883
3313,rho_b,0.0006695,0.0006680010769836166,1.498923016383328e-06,0.22388693265787285
3314,rho_b,0.0006695,0.0006682089305892107,1.2910694107892348e-06,0.1928408377686074
3315,rho_b,0.0006695,0.0006686174085854423,8.825914145576359e-07,0.13182844111118022
3316,rho_b,0.0006695,0.0006699978020569936,4.97802056993648e-07,0.07435430265124794
3317,rho_b,0.0006695,0.0006687183955314333,7.816044685666091e-07,0.11674450595954654
3318,rho_b,0.0006695,0.0006704977435492063,9.977435492063407e-07,0.14902816246692444
3319,rho_b,0.0006695,0.0006681475235500996,1.3524764499004034e-06,0.202012912304746
3320,rho_b,0.0006695,0.0006693805835357241,1.1941646427585627e-07,0.017836663793501066
3321,rho_b,0.00105,0.0010424457903870383,7.554209612961648e-06,0.7194485338825869
3322,rho_b,0.00099273,0.0009821334217721476,1.0596578227852404e-05,1.067417950215892
3323,rho_b,0.00089818,0.0009029924380254969,4.812438025496822e-06,0.5357988398916513
3324,rho_b,0.00087857,0.0008753749760371978,3.1950239628021192e-06,0.36366185496494313
3325,rho_b,0.00086667,0.0008598750624260164,6.7949375739836905e-06,0.7840282421386927
3326,rho_b,0.00076667,0.0007613095744567007,5.360425543299318e-06,0.6991828995927177
3327,rho_b,0.0008501,0.0008464846786962807,3.615321303719306e-06,0.4252818844214195
3328,rho_b,0.0008198,0.0008217180315089362,1.9180315089362522e-06,0.23396334552288592
3329,rho_b,0.0008005,0.0008013612200411141,8.612200411141314e-07,0.10758526421465069
3330,rho_b,0.0007503,0.0007545904821730585,4.2904821730585345e-06,0.5718355547567878
3331,rho_b,0.0007295,0.0007261045850326549,3.3954149673451036e-06,0.4654441347074246
3332,rho_b,0.00064965,0.0006472223752472594,2.427624752740585e-06,0.37368194397040955
3333,rho_b,0.00065017,0.0006456718325172964,4.498167482703619e-06,0.6918448214751789
3334,rho_b,0.00065171,0.0006449182923780235,6.791707621976555e-06,1.0421364735166239
3335,rho_b,0.00065429,0.000652932720601874,1.3572793981259535e-06,0.20744309038064507
3336,rho_b,0.0006579,0.0006562884794157543,1.6115205842457368e-06,0.24494916883967854
3337,rho_b,0.00066128,0.0006578642879273576,3.4157120726423804e-06,0.5165303755560544
3338,rho_b,0.00066253,0.0006581984797063744,4.331520293625671e-06,0.6537847776082325
3339,rho_b,0.0006682,0.0006610382304294357,7.161769570564278e-06,1.0718002933023458
3340,rho_b,0.00067489,0.000673263613596791,1.6263864032090318e-06,0.24098540514738367
3341,rho_b,0.00068262,0.0006823603613377432,2.5963866225682704e-07,0.038035607201147195
3342,rho_b,0.00069137,0.0006910875991344057,2.824008655942945e-07,0.040846560479313385
3343,rho_b,0.00070116,0.0006962573469520262,4.902653047973867e-06,0.6992202979322357
3344,rho_b,0.00063788,0.0006452014334638268,7.32143346382681e-06,1.1477759848794524
3345,rho_b,0.00064681,0.0006522013690188003,5.391369018800207e-06,0.8335321053268944
3346,rho_b,0.00065645,0.0006614465194877317,4.996519487731645e-06,0.7611424297540132
3348,rho_b,0.0006622,0.0006642258332343533,2.025833234353268e-06,0.3059246800504411
3349,rho_b,0.00067242,0.0006769318818281148,4.511881828114881e-06,0.6709916155683896
3350,rho_b,0.00067606,0.000677151335417901,1.091335417900967e-06,0.16142582260253657
3351,rho_b,0.00067841,0.0006822443337239066,3.834333723906668e-06,0.565194162564633
3352,rho_b,0.00068499,0.000685092765624161,1.0276562416094634e-07,0.01500249989210373
3353,rho_b,0.00069462,0.0006950472366675511,4.272366675511178e-07,0.06150653118770731
3355,rho_b,0.00070038,0.0006953915497072205,4.988450292779559e-06,0.7122491055794093
3356,rho_b,0.00070849,0.0007105064448376439,2.016444837643909e-06,0.28461161552002046
3357,rho_b,0.00071565,0.000712618644682409,3.0313553175910155e-06,0.4235807047237069
3358,rho_b,0.00099821,0.0010021270382796184,3.91703827961839e-06,0.3924062347295988
3359,rho_b,0.00095668,0.0009623203196544093,5.640319654409286e-06,0.589572234029515
3360,rho_b,0.00093926,0.0009431363333742035,3.876333374203448e-06,0.4127007825390669
3361,rho_b,0.00091228,0.0009158023945698269,3.522394569826842e-06,0.3861089321223476
3362,rho_b,0.00086502,0.0008644356893390271,5.843106609728374e-07,0.0675488035302478
3363,rho_b,0.00081489,0.0008257923923489001,1.0902392348900139e-05,1.3378974260969168
3364,rho_b,0.0007619,0.0007614544282839417,4.45571716058352e-07,0.05848165316623382
3365,rho_b,0.00070605,0.0007109762861533626,4.926286153362656e-06,0.6977248277580069
3366,rho_b,0.0010508,0.0010422616359236838,8.538364076316179e-06,0.8125584381605058
3367,rho_b,0.0009394,0.0009431970812062389,3.7970812062389355e-06,0.4042028105383125
3368,rho_b,0.0009289,0.0009305289807470006,1.628980747000585e-06,0.17536664282989758
3370,rho_b,0.0009173,0.0009208355162790618,3.535516279061751e-06,0.385426389971382
3371,rho_b,0.0008938,0.0008931548356269121,6.451643730879131e-07,0.07218218531730715
3372,rho_b,0.0008682,0.0008674520670693797,7.479329306202872e-07,0.08614753855779911
3373,rho_b,0.0008485,0.0008418943098908109,6.605690109189109e-06,0.7785138599179694
3374,rho_b,0.0008244,0.0008306711127380415,6.271112738041526e-06,0.760688104128414
3376,rho_b,0.0008284,0.0008348241176943689,6.4241176943688905e-06,0.7754849935555337
3377,rho_b,0.0008111,0.0008206053238990721,9.505323899072098e-06,1.1719052998832504
3378,rho_b,0.0007665,0.000761798501029539,4.701498970461054e-06,0.613372337159469
3380,rho_b,0.00059045,0.0005994211042537126,8.97110425371263e-06,1.5193673026537315
3382,rho_b,0.00066656,0.0006680707679661102,1.5107679661102236e-06,0.22665145880996596
3383,rho_b,0.00067759,0.0006855166743806918,7.926674380691703e-06,1.1698334345243242
3386,rho_b,0.00074729,0.0007437530215023242,3.536978497675736e-06,0.47330734961563287
3387,rho_b,0.00083263,0.0008336288889909637,9.988889909637354e-07,0.11996793170604664
3388,rho_b,0.0007667,0.0007622920095328224,4.407990467177676e-06,0.5749302806088918
3389,rho_b,0.00157877,0.0015843851934041757,5.615193404175751e-06,0.35566886884214055
3390,rho_b,0.00157877,0.001579306537384886,5.365373848861387e-07,0.03398451861552307
3391,rho_b,0.00157877,0.0015699780336249254,8.791966375074544e-06,0.5568870937188871
3392,rho_b,0.00157877,0.0015524552216316734,2.6314778368326545e-05,1.6667898649998827
3393,rho_b,0.00157877,0.0015411208946839745,3.764910531602549e-05,2.3847112177314225
3394,rho_b,0.0004396,0.0004317238725584508,7.876127441549207e-06,1.7916577396798519
3395,rho_b,0.000486,0.0004852432691838588,7.56730816141196e-07,0.15570592892677712
3397,rho_b,0.000478,0.0004801489864929048,2.1489864929047733e-06,0.44957876326547813
3398,rho_b,0.00044,0.00043620903064519543,3.790969354804585e-06,0.861583942315624
3399,rho_b,0.00046,0.000468459061716505,8.459061716505002e-06,1.8389264561121168
3400,rho_b,0.000452,0.0004536974420920015,1.69744209200151e-06,0.37554028501020076
3401,rho_b,0.000446,0.0004468164083448988,8.16408344898802e-07,0.18305119799737446
3403,rho_b,0.000458,0.0004519777079706718,6.022292029328241e-06,1.314910920563129
3404,rho_b,0.0004396,0.0004317238725584508,7.876127441549207e-06,1.7916577396798519
3405,rho_b,0.00042725,0.00041508762609060446,1.2162373909395548e-05,2.84666445428412
3406,rho_b,0.0004101,0.00041324734249386736,3.147342493867362e-06,0.7674573241143109
3407,rho_b,0.0003901,0.000391020519096508,9.205190965080315e-07,0.23597003182474524
3408,rho_b,0.0003101,0.00029919540920643885,1.0904590793561156e-05,3.516475575103644
3409,rho_b,0.0003719,0.00037480500662471,2.9050066247099902e-06,0.7811257372677421
3410,rho_b,0.0003019,0.0002969764163843926,4.9235836156074405e-06,1.6308657168926077
3411,rho_b,0.0003519,0.0003496243698657721,2.275630134227879e-06,0.6466695446891685
3412,rho_b,0.0003839,0.0003815464112115418,2.3535887884582247e-06,0.6130733999290156
3413,rho_b,0.0004219,0.0004041498580382896,1.7750141961710424e-05,4.207191732552384
3414,rho_b,0.00042,0.00040276611667714113,1.7233883322858884e-05,4.103305543291864
3415,rho_b,0.00046,0.0004569029287242867,3.0970712757133327e-06,0.6732763628218629
3416,rho_b,0.0002801,0.00028344084427571806,3.3408442757180815e-06,1.1927326896789556
3417,rho_b,0.0003281,0.0003236063285306794,4.493671469320629e-06,1.369604222988292
3418,rho_b,0.0003401,0.00034582145163580976,5.721451635809732e-06,1.6822850982025526
3419,rho_b,0.000316,0.0003086547543342344,7.345245665765581e-06,2.324444823582637
3420,rho_b,0.000282,0.0002793396430630441,2.6603569369559356e-06,0.9433889813907963
3421,rho_b,0.0002961,0.00029252027364669146,3.5797263533085284e-06,1.2089585752174747
3422,rho_b,0.00046,0.0004569029287242867,3.0970712757133327e-06,0.6732763628218629
3428,rho_b,0.0009749,0.000980838420649469,5.938420649468962e-06,0.6091312589370858
3429,rho_b,0.0012197,0.001226558784502998,6.858784502997931e-06,0.5623337293903906
3430,rho_b,0.0010766,0.001074463223512449,2.1367764875511452e-06,0.19847450172454023
3431,rho_b,0.0009913,0.0009863113940637963,4.988605936203814e-06,0.5032387704197948
3432,rho_b,0.0007609,0.0007585747381028456,2.325261897154424e-06,0.30559362519365063
3433,rho_b,0.0006261,0.0006393580845072374,1.3258084507237404e-05,2.117566600552905
3434,rho_b,0.0006931,0.0006913182474122666,1.7817525877334133e-06,0.25707005989939585
3435,rho_b,0.0005638,0.0005663998901713773,2.5998901713773044e-06,0.46113695756756556
3436,rho_b,0.0005149,0.0005186710753367005,3.771075336700489e-06,0.7323898483932008
3437,rho_b,0.0005677,0.0005631519296953391,4.548070304660908e-06,0.8011397387087389
3438,rho_b,0.000445,0.00043767257305009875,7.327426949901221e-06,1.646612794030358
3439,rho_b,7.67e-05,5.710632707674364e-05,1.9593672923256356e-05,25.54585745475591
3440,rho_b,0.0001525,0.00015154928312470495,9.507168752950431e-07,0.6234208977448094
3441,rho_b,0.0002307,0.00022200556342760194,8.69443657239806e-06,3.7687197809756663
3442,rho_b,0.0002895,0.0002842153793095282,5.28462069047177e-06,1.8254302840129422
3443,rho_b,0.0003696,0.0003687071744715739,8.928255284260589e-07,0.24156534794653825
3444,rho_b,0.0003808,0.00037461481260839757,6.185187391602421e-06,1.6242613905881846
3445,rho_b,0.0003963,0.0003880379249594343,8.262075040565704e-06,2.0848031843849792
3446,rho_b,0.0003582,0.00034464376038917605,1.355623961082393e-05,3.7845448277438534
3447,rho_b,0.0003593,0.00036291764439686,3.6176443968600125e-06,1.0068589999419488
3448,rho_b,0.0004,0.00039216035016072443,7.839649839275588e-06,1.9599124549191158
3449,rho_b,0.0005694,0.000574253442342663,4.853442342663016e-06,0.8523783516226261
3450,rho_b,0.000382,0.00040025046154240455,1.825046154240454e-05,4.777607721106927
3451,rho_b,0.00065,0.000649801974033401,1.9802596659896157e-07,0.030465533276047115
3452,rho_b,0.000784,0.0007849560910444613,9.5609104446134e-07,0.12195038816860156
3453,rho_b,0.00067,0.000665700074163143,4.299925836856976e-06,0.6417799746924143
3454,rho_b,0.000697,0.0006939347377908071,3.0652622091929555e-06,0.43977936941107054
3455,rho_b,0.000613,0.0006144444281803206,1.4444281803205946e-06,0.23563265545909753
3456,rho_b,0.000569,0.0005776172498810398,8.61724988103984e-06,1.5144551609657801
3457,rho_b,0.000222,0.00021452214212879135,7.477857871208651e-06,3.36840443131739
3458,rho_b,0.000267,0.0002767494715444327,9.74947154443271e-06,3.651487456149002
3461,rho_b,0.00026,0.0002624899727141345,2.489972714134496e-06,0.9576818094452608
3462,rho_b,0.000256,0.000262478208034604,6.478208034604003e-06,2.530550003632228
3464,rho_b,0.000267,0.00026233662929352425,4.6633707064757356e-06,1.7465807824007222
3465,rho_b,0.000283,0.0002824874009541463,5.125990458537048e-07,0.1811304042552653
3466,rho_b,0.000302,0.0002996298682844559,2.3701317155441445e-06,0.784811823740406
3467,rho_b,0.000293,0.0002798101628678489,1.3189837132151128e-05,4.501650882981099
3468,rho_b,0.000222,0.00021452214212879135,7.477857871208651e-06,3.36840443131739
3469,rho_b,9.6e-05,0.00010583601951392216,9.836019513922154e-06,10.245853553607937
3471,rho_b,0.00086,0.0008661030054661803,6.103005466180276e-06,0.7096517975678788
3472,rho_b,0.0007774,0.0007767687478719745,6.312521280255577e-07,0.08120042799248178
3473,rho_b,0.0004458,0.0004447097033549064,1.0902966450936124e-06,0.24457080364466227
3474,rho_b,0.000463,0.00047111910134334467,8.119101343344694e-06,1.753585599526747
3475,rho_b,0.000455,0.0004529865452481739,2.013454751826076e-06,0.4425175269012968
3476,rho_b,0.00047,0.00047608427948128647,6.08427948128648e-06,1.2945275464555754
3477,rho_b,0.000468,0.0004777418200710826,9.741820071082615e-06,2.081585480826231
3478,rho_b,0.000508,0.0005148158627937508,6.8158627937508e-06,1.3417052717192417
3479,rho_b,0.000523,0.0005270187130173728,4.018713017372739e-06,0.7683963689653489
3480,rho_b,0.000561,0.0005589350061622971,2.0649938377028613e-06,0.36809159251728085
3482,rho_b,0.00049768,0.0004915111224985771,6.168877501422951e-06,1.239526902633757
3483,rho_b,0.00052835,0.0005284043126188738,5.431261887380457e-08,0.010279666654870427
3484,rho_b,0.00079551,0.0007904316425787038,5.078357421296276e-06,0.6383775709811945
3485,rho_b,0.00056887,0.0005710384606973679,2.168460697367933e-06,0.38118738790164
3486,rho_b,0.00066379,0.0006649549887799745,1.1649887799744605e-06,0.1755056234983058
3487,rho_b,0.00067332,0.0006751380624232044,1.8180624232044112e-06,0.27001461719602343
3488,rho_b,0.00057343,0.0005784688994853312,5.038899485331231e-06,0.8787296577688531
3489,rho_b,0.00063339,0.0006383651169022623,4.975116902262338e-06,0.7854744935044117
3490,rho_b,0.00067778,0.0006788476376882106,1.067637688210608e-06,0.1575197979632639
3491,rho_b,0.000682,0.0006851250207991202,3.1250207991202197e-06,0.45821419274751873
3492,rho_b,0.0003321,0.0003313457142962425,7.542857037574728e-07,0.2271260769305065
3493,rho_b,0.0003648,0.0003709034591113852,6.103459111385227e-06,1.673097339543381
3494,rho_b,0.0003118,0.00032231764296349367,1.051764296349368e-05,3.3732017093526823
3495,rho_b,0.0006658,0.0006606606336660227,5.139366333977292e-06,0.771908429897598
3496,rho_b,0.0006486,0.0006486614690051728,6.146900517279077e-08,0.009477182404874954
3497,rho_b,0.0005507,0.0005589554103013769,8.255410301376948e-06,1.4990757738126368
3498,rho_b,0.0006151,0.0006095510295836596,5.54897041634046e-06,0.9021249239667063
3499,rho_b,0.0006057,0.0006106516587146546,4.951658714654546e-06,0.8175101050816319
3500,rho_b,0.0007726,0.0007720583600574328,5.416399425672066e-07,0.07010612760369471
3501,rho_b,0.0007335,0.000738428350762788,4.928350762788028e-06,0.6718951269351161
3502,rho_b,0.0007368,0.000737472357644974,6.723576449740301e-07,0.09125375190845447
3503,rho_b,0.0007045,0.0007070726526344133,2.5726526344132562e-06,0.36517425560844763
3504,rho_b,0.0011109,0.0011100048239545248,8.951760454751784e-07,0.08058115443958655
3505,rho_b,0.0003729,0.0003730004707144925,1.0047071449250603e-07,0.026943071660787157
3506,rho_b,0.0004267,0.0004243245536183909,2.375446381609129e-06,0.5567017520604901
3507,rho_b,0.0004301,0.00042907893505803323,1.0210649419667645e-06,0.23740175298599092
3508,rho_b,0.0004437,0.00044366741857286936,3.258142713063279e-08,0.007343120815235876
3509,rho_b,0.000423,0.0004184730250079521,4.526974992047903e-06,1.070206851381994
3510,rho_b,0.0004262,0.00043255440509277354,6.354405092773535e-06,1.490944410573461
3511,rho_b,0.0004249,0.0004296523920871686,4.752392087168625e-06,1.1184730703657084
3512,rho_b,0.0004325,0.00042992643623585594,2.5735637641440554e-06,0.5950436435129755
3513,rho_b,0.0004337,0.0004302808912238797,3.419108776120329e-06,0.788358028184632
3514,rho_b,0.0004378,0.0004290172887525905,8.782711247409532e-06,2.0061012396867333
3515,rho_b,0.000412,0.0004132250202864076,1.225020286407634e-06,0.29733502025103975
3516,rho_b,0.0003991,0.0004025364205991338,3.436420599133808e-06,0.8610424932406372
3517,rho_b,0.0004041,0.0004060616919463772,1.96169194637718e-06,0.4854471520719397
3518,rho_b,0.0004412,0.0004330774665078407,8.122533492159305e-06,1.841009400215143
3519,rho_b,0.0004783,0.00047132955626803753,6.9704437319624926e-06,1.4573371769577923
3520,rho_b,0.0015002,0.0015043777636088154,4.177763608815459e-06,0.27848044300964236
3521,rho_b,0.0009501,0.000957570925066538,7.470925066538001e-06,0.7863303924507627
3522,rho_b,0.0008518,0.0008636047284129846,1.1804728412984577e-05,1.3858568207473596
3523,rho_b,0.0007724,0.0007671260896178636,5.273910382136405e-06,0.682795232432477
3524,rho_b,0.0005271,0.0005370411141094881,9.9411141094881e-06,1.886001534932287
3525,rho_b,0.0006193,0.0006091420329479272,1.0157967052072865e-05,1.640233656655987
3526,rho_b,0.0005923,0.0005974368442995788,5.136844299578804e-06,0.8672706889930942
3527,rho_b,0.0005316,0.000531984656127393,3.846561273929518e-07,0.07235818786105529
3528,rho_b,0.0005499,0.0005538086165090199,3.9086165090198915e-06,0.7107867797621429
3529,rho_b,0.0005936,0.0005968104553906051,3.2104553906051264e-06,0.5408449099051006
3530,rho_b,0.0006435,0.0006370140858745614,6.485914125438624e-06,1.0079120614389283
3531,rho_b,0.0005843,0.0005785576855822324,5.742314417767633e-06,0.9827681683963633
3532,rho_b,0.0005922,0.0005900460542735504,2.1539457264495906e-06,0.3637193047639983
3533,rho_b,0.0005543,0.0005546337897362748,3.3378973627478693e-07,0.06021824565625194
3534,rho_b,0.0005735,0.0005729370657880016,5.629342119984086e-07,0.09815766539090356
3535,rho_b,0.0005499,0.0005538086165090199,3.9086165090198915e-06,0.7107867797621429
3537,rho_b,0.0005852,0.0005780407658908203,7.159234109179705e-06,1.223382449922399
3538,rho_b,0.000407,0.00039988763179628714,7.11236820371289e-06,1.7475106108692342
3539,rho_b,0.0004536,0.00044385462964947994,9.745370350520077e-06,2.14845024890555
3540,rho_b,0.000459,0.00045992174340571705,9.217434057170581e-07,0.20081555636359533
3541,rho_b,0.000448,0.0004500869063019621,2.086906301962128e-06,0.4658272985053248
3542,rho_b,0.000452,0.00044376276064380857,8.237239356191411e-06,1.822398083621113
3543,rho_b,0.000418,0.0004159020975957432,2.0979024042568463e-06,0.5018905261334787
3544,rho_b,0.001296,0.0012978239202853,1.8239202852999778e-06,0.14073458980653022
3545,rho_b,0.0009303,0.0009349748658882221,4.674865888222102e-06,0.5025116503490257
3546,rho_b,0.00047,0.0004739313155810115,3.931315581011505e-06,0.8364501218397881
3547,rho_b,0.0004245,0.00043045066106896565,5.9506610689656365e-06,1.4018047243692788
3548,rho_b,0.0007818,0.0007790337861680968,2.766213831903214e-06,0.3538262763321759
3549,rho_b,0.0009127,0.0009124454238648475,2.5457613515248584e-07,0.027892641051118595
3550,rho_b,0.0010141,0.0010059943476652922,8.10565233470774e-06,0.7992951707637106
3551,rho_b,0.0008448,0.0008288511020112993,1.5948897988700764e-05,1.8878903846853528
3552,rho_b,0.000903,0.000900603037686583,2.3969623134170986e-06,0.26544433120295186
3553,rho_b,0.0008766,0.0008690569379870945,7.543062012905491e-06,0.8604907602441916
3554,rho_b,0.0008667,0.0008639869437082417,2.713056291758255e-06,0.3130329166525817
3555,rho_b,0.0007817,0.0007759584531052949,5.741546894705058e-06,0.7344949325009733
3556,rho_b,0.0007818,0.0007764402349166212,5.35976508337884e-06,0.685567290422508
3557,rho_b,0.0011628,0.0011698137826915097,7.013782691509636e-06,0.6031804855072094
3558,rho_b,0.0013413,0.0013391832526392074,2.1167473607925334e-06,0.15781311855769795
3559,rho_b,0.0011906,0.0011931348559246805,2.534855924680524e-06,0.2129057552957724
3560,rho_b,0.0011122,0.0011145505440174515,2.3505440174514513e-06,0.21134184637097939
3561,rho_b,0.0009916,0.0009939922930843042,2.392293084304154e-06,0.24125585739124603
3562,rho_b,0.0008511,0.0008474821808429139,3.6178191570861596e-06,0.42507568474155827
3563,rho_b,0.0008062,0.0008047274776141692,1.472522385830748e-06,0.18264976234237787
3564,rho_b,0.0008359,0.0008372958703578558,1.3958703578558374e-06,0.16699011319367585
3565,rho_b,0.00092,0.000920659191900946,6.59191900945948e-07,0.07165129350319946
3566,rho_b,0.0009,0.0009140890832626265,1.408908326262651e-05,1.565453694107997
3567,rho_b,0.00092,0.0009242023661284008,4.202366128400734e-06,0.456778926503581
3569,rho_b,0.00093,0.000924275813321039,5.724186678961055e-06,0.6155039433124747
3570,rho_b,0.0009,0.0009099587184637985,9.958718463798561e-06,1.1065242725259243
3572,rho_b,0.00091,0.0009176382873344367,7.63828733443665e-06,0.8393722336310909
3573,rho_b,0.00091,0.0009200308979468543,1.0030897946854307e-05,1.1022964764649827
3574,rho_b,0.00092,0.0009257545466434393,5.75454664343924e-06,0.6254941996939455
3575,rho_b,0.00091,0.0009218063332863355,1.1806333286335543e-05,1.2973992608089617
3577,rho_b,0.00089,0.000886072584352843,3.927415647156916e-06,0.44128265648809994
3578,rho_b,0.0008359,0.0008416151725898133,5.715172589813313e-06,0.683714868163197
3579,rho_b,0.0011054,0.0011133705200934787,7.97052009347864e-06,0.7210530202884122
3580,rho_b,0.0011781,0.0011783358536950376,2.3585369503752694e-07,0.020019836587499243
3581,rho_b,0.0011517,0.0011460150417906864,5.684958209313702e-06,0.4936145006839938
3582,rho_b,0.0012306,0.001233939808962659,3.3398089626590025e-06,0.2713967950548541
3583,rho_b,0.001263,0.0012599936270043031,3.006372995696888e-06,0.2380342829229252
3584,rho_b,0.0012066,0.001198458267544561,8.141732455438887e-06,0.6747664883715583
3585,rho_b,0.001174,0.0011738975145527556,1.024854472443399e-07,0.008729595158180916
3586,rho_b,0.00117,0.001172761425428003,2.761425428002935e-06,0.23601926714895233
3587,rho_b,0.001034,0.0010299141144117783,4.085885588221705e-06,0.3951533447069798
3588,rho_b,0.0007515,0.0007552169041347342,3.7169041347341657e-06,0.49459802126256625
3589,rho_b,0.000458,0.0004516966612985912,6.3033387014088085e-06,1.3762748226301442
3590,rho_b,0.000652,0.0006583298674045605,6.329867404560518e-06,0.9708385574926583
3591,rho_b,0.000446,0.0004447097033549064,1.2902966450936172e-06,0.28930417986559986
3592,rho_b,0.000477,0.0004730052158208963,3.994784179103708e-06,0.8374809582240877
3593,rho_b,0.000471,0.0004733798755269915,2.379875526991508e-06,0.5052814271632047
3594,rho_b,0.000512,0.0005181342614910078,6.134261491007862e-06,1.198097945122438
3595,rho_b,0.000518,0.0005181114796340399,1.1147963403985474e-07,0.021521164831012178
3596,rho_b,0.000544,0.0005347642239505804,9.23577604941962e-06,1.6977529471400903
3597,rho_b,0.000586,0.000590407929609804,4.407929609803957e-06,0.752206416771654
3598,rho_b,0.000632,0.0006356561668858396,3.656166885839668e-06,0.5785074177301572
3599,rho_b,0.000628,0.0006329433419939879,4.943341993987908e-06,0.7871563672159785
3600,rho_b,0.000414,0.00041420952693981645,2.0952693981647185e-07,0.05061037181409859
3601,rho_b,0.000459,0.0004641299625282833,5.129962528283298e-06,1.1176388926158844
3602,rho_b,0.000509,0.0005103217586739593,1.3217586739592505e-06,0.2596775385780894
3603,rho_b,0.000511,0.0005118867396178082,8.867396178082604e-07,0.17353025754852405
3604,rho_b,0.000549,0.0005544617638133026,5.461763813302545e-06,0.9948567947821452
3605,rho_b,0.000555,0.0005539514544641059,1.048545535894149e-06,0.1889271232441221
3606,rho_b,0.000578,0.0005758879248417904,2.1120751582095944e-06,0.3654109263936826
3607,rho_b,0.000615,0.0006099881741516316,5.011825848368393e-06,0.8149310309299321
3608,rho_b,0.000628,0.0006329433419939879,4.943341993987908e-06,0.7871563672159785
3609,rho_b,0.00092,0.0009182482138771518,1.7517861228482723e-06,0.19041153488523446
3610,rho_b,0.000853,0.0008518332484009543,1.166751599045732e-06,0.13678213337372927
3611,rho_b,0.000785,0.0007926140423741125,7.614042374112545e-06,0.9699417024730099
3612,rho_b,0.00077,0.0007589971061944282,1.1002893805571738e-05,1.4289472456210737
3613,rho_b,0.000628,0.0006329433419939879,4.943341993987908e-06,0.7871563672159785
3614,rho_b,0.000822,0.0008220427490186105,4.27490186104924e-08,0.005200610530229476
3615,rho_b,0.0007821,0.0007797458925064977,2.3541074935022567e-06,0.3009982726623544
3616,rho_b,0.0010704,0.0010735456629414552,3.1456629414551747e-06,0.2938773298315024
3617,rho_b,0.0009522,0.0009546029906456944,2.402990645694364e-06,0.2523619663065264
3618,rho_b,0.0004328,0.00043132021456323655,1.479785436763457e-06,0.34190975816644165
3619,rho_b,0.0003965,0.0003980951687495049,1.5951687495048897e-06,0.4023124200458425
3621,rho_b,0.0004058,0.00040254951367938997,3.250486320610028e-06,0.8010069769837256
3622,rho_b,0.0003672,0.0003643110750986119,2.8889249013881063e-06,0.786744252048111
3623,rho_b,0.0003498,0.000349852702806579,5.270280657899843e-08,0.015066554153325582
3624,rho_b,0.0003635,0.0003693347284505769,5.834728450576903e-06,1.6051522515888255
3625,rho_b,0.0003895,0.00039055119686837874,1.0511968683787638e-06,0.2698836625622406
3627,rho_b,0.0004316,0.00042821265795544373,3.387342044556239e-06,0.7848336507664279
3628,rho_b,0.000414,0.00041420952693981645,2.0952693981647185e-07,0.05061037181409859
3629,rho_b,0.000417,0.0004171227990304243,1.2279903042431437e-07,0.029448208664228367
3630,rho_b,0.000443,0.0004392722694576273,3.7277305423726623e-06,0.8414741611643162
3631,rho_b,0.000436,0.0004337273178861313,2.2726821138687467e-06,0.5212573643706818
3632,rho_b,0.000438,0.00043522814545805566,2.7718545419443586e-06,0.6328435012821743
3633,rho_b,0.00044,0.00043485728913991657,5.142710860083443e-06,1.1687979200898782
3634,rho_b,0.000437,0.0004345967017873101,2.4032982126898908e-06,0.5499538231556871
3635,rho_b,0.000438,0.0004336087482995602,4.391251700439807e-06,1.0025688790899814
3636,rho_b,0.000446,0.0004447097033549064,1.2902966450936172e-06,0.28930417986559986
3637,rho_b,0.00092,0.0009182482138771518,1.7517861228482723e-06,0.19041153488523446
3638,rho_b,0.000849,0.0008387004013510376,1.0299598648962397e-05,1.2131447157633628
3639,rho_b,0.000739,0.000737018362585315,1.981637414684911e-06,0.26815120595445185
3640,rho_b,0.000598,0.0005871727460759366,1.0827253924063454e-05,1.8105775762471032
3641,rho_b,0.000446,0.0004447097033549064,1.2902966450936172e-06,0.28930417986559986
3642,rho_b,0.000556,0.0005590803591639462,3.0803591639462285e-06,0.5540214313679882
3643,rho_b,0.000537,0.0005328238454808116,4.176154519188401e-06,0.7776824043596977
3644,rho_b,0.000538,0.0005299748572319466,8.025142768053393e-06,1.491662221772634
3645,rho_b,0.000524,0.0005284206986113073,4.420698611307247e-06,0.8436447715402288
3646,rho_b,0.0002712,0.0002790613259664582,7.86132596645821e-06,2.898719003492264
3647,rho_b,0.00044146,0.0004401750093376538,1.2849906623462067e-06,0.2910774836758555
3649,rho_b,0.00050348,0.000495697223174235,7.782776825765079e-06,1.545796617602906
3651,rho_b,0.00046178,0.00047235391079514005,1.057391079514004e-05,2.289815663788359
3653,rho_b,0.00055248,0.0005483966080637827,4.083391936217308e-06,0.7391022170623888
3656,rho_b,0.00049534,0.00048242772074951656,1.2912279250483483e-05,2.606750761984894
3660,rho_b,0.00089056,0.000871746574285116,1.8813425714884037e-05,2.112538817570815
3662,rho_b,0.00039698,0.0003991070180687976,2.1270180687975857e-06,0.5357998043829885
3663,rho_b,0.000615,0.0006073195455470483,7.68045445295165e-06,1.248854380563107
3664,rho_b,0.00058,0.0005786115367271698,1.3884632728302076e-06,0.2393902190407423
3665,rho_b,0.0005,0.000495299772601776,4.700227398224009e-06,0.9400454777647108
3666,rho_b,0.00049,0.0004887702659339764,1.229734066023622e-06,0.25096613541101237
3667,rho_b,0.000485,0.00048814491597236396,3.144915972363939e-06,0.6484362816246548
3668,rho_b,0.000466,0.00047221547161699486,6.215471616994868e-06,1.3337921896259541
3669,rho_b,0.00045,0.0004503923832085772,3.923832085772215e-07,0.08719626837894641
3670,rho_b,0.000433,0.0004317508106719915,1.2491893280084992e-06,0.28849637993615135
3671,rho_b,0.0005444,0.0005443600891812462,3.991081875382406e-08,0.007331156994950861
3672,rho_b,0.0004858,0.00048736062042445893,1.560620424458938e-06,0.3212475136365712
3673,rho_b,0.0004243,0.00042853812505413844,4.238125054138427e-06,0.99885105919159
3674,rho_b,0.00138,0.0013686633019990976,1.1336698000902331e-05,0.8214998545425604
3675,rho_b,0.0015,0.0015042854019384313,4.285401938431245e-06,0.2856934623716207
3676,rho_b,0.00145,0.0014456589665717324,4.3410334282674694e-06,0.29938161553611403
3677,rho_b,0.00132,0.001324499636401908,4.499636401907991e-06,0.34088154534084664
3678,rho_b,0.00126,0.0012651871898699495,5.187189869949437e-06,0.41168173538354125
3679,rho_b,0.00128,0.0012715691873862007,8.43081261379941e-06,0.6586572349385029
3680,rho_b,0.00115,0.001142497449818907,7.502550181092901e-06,0.6523956673538213
3682,rho_b,0.0008514,0.000852373009523689,9.730095236890534e-07,0.114283476925795
3684,rho_b,0.0007384,0.000735616562364414,2.7834376355859907e-06,0.3769552589133855
3686,rho_b,0.0004243,0.00042703965196174966,2.7396519617496444e-06,0.6456874747331534
3687,rho_b,0.00075,0.0007388936157504745,1.110638424952552e-05,1.480851231295601
3688,rho_b,0.001,0.00099178087185979,8.219128140210096e-06,0.8219128131990968
3689,rho_b,0.000563,0.0005537747623427543,9.225237657245738e-06,1.6385857266180959
3690,rho_b,0.0004464,0.00044470274587709793,1.6972541229020774e-06,0.38020925607078515
3691,rho_b,0.0019455,0.001946239573806572,7.395738065719536e-07,0.03801458782790068
3692,rho_b,0.0017139,0.001722610830762208,8.710830762208039e-06,0.5082461495493072
3693,rho_b,0.0014925,0.0014821259166480237,1.0374083351976206e-05,0.6950809611407301
3694,rho_b,0.001582,0.001575106978783698,6.893021216302156e-06,0.4357156265451959
3695,rho_b,0.0012441,0.0012410263283740776,3.073671625922333e-06,0.2470598523793694
3696,rho_b,0.0009872,0.0009896779358976396,2.47793589763963e-06,0.2510064723591537
3697,rho_b,0.0011826,0.001164934025524246,1.7665974475754038e-05,1.493825000914577
3698,rho_b,0.0009706,0.0009702281912011951,3.718087988048265e-07,0.03830710884213429
3699,rho_b,0.0010748,0.0010766441539545536,1.8441539545535103e-06,0.17158112698527156
3700,rho_b,0.001099,0.0010973639575915803,1.6360424084196131e-06,0.14886646104922188
3701,rho_b,0.000999,0.0009961434754086505,2.856524591349609e-06,0.28593839724626874
3702,rho_b,0.0009287,0.0009258746878799579,2.8253121200420795e-06,0.30422225874877323
3703,rho_b,0.0008427,0.0008373813768752253,5.3186231247747935e-06,0.6311407521613132
3704,rho_b,0.0008205,0.0008215455885383159,1.0455885383158208e-06,0.12743309409402678
3705,rho_b,0.0009446,0.0009403734680110056,4.226531988994384e-06,0.4474414550624571
3706,rho_b,0.00081,0.0008124870535775883,2.487053577588348e-06,0.30704365117505084
3707,rho_b,0.0008176,0.0008085469599652785,9.053040034721492e-06,1.1072700616008795
3708,rho_b,0.000483,0.00048138673965019785,1.6132603498021278e-06,0.3340083533047711
3709,rho_b,0.0003472,0.0003501422132269835,2.9422132269835144e-06,0.8474116412757483
3710,rho_b,0.00052167,0.000525548350489767,3.878350489767003e-06,0.743449016108366
3711,rho_b,0.00048163,0.0004808262464828254,8.037535171745588e-07,0.16688194578945234
3712,rho_b,0.00042109,0.0004190297685840504,2.0602314159495717e-06,0.489261538164515
3714,rho_b,0.0005083,0.0005109332520062216,2.6332520062215953e-06,0.5180507576315341
3715,rho_b,0.00052072,0.0005256048631996904,4.8848631996903586e-06,0.9380978626343102
3717,rho_b,0.00053488,0.0005344425200880147,4.3747991198520193e-07,0.08179029149852286
3718,rho_b,0.00054332,0.0005456923191355378,2.3723191355378174e-06,0.4366338679178898
3720,rho_b,0.00062145,0.0006071910280553866,1.42589719446134e-05,2.294468086196592
3723,rho_b,0.0005681,0.0005654534181743251,2.646581825674907e-06,0.46586548512871895
3725,rho_b,0.00058972,0.0005819573763593986,7.762623640601317e-06,1.316323615858048
3727,rho_b,0.00054389,0.0005394304485250833,4.459551474916682e-06,0.8199362861456029
3728,rho_b,0.00080647,0.0007919345088119925,1.4535491188007459e-05,1.8023598112743018
3730,rho_b,0.00037939,0.0003831553652033818,3.7653652033817794e-06,0.992478766824901
3731,rho_b,0.00040345,0.00040485992573865835,1.409925738658324e-06,0.3494672785137318
3732,rho_b,0.0007704,0.0007738127636623629,3.412763662362893e-06,0.44298593690719545
3733,rho_b,0.0007379,0.0007427648908196123,4.8648908196123435e-06,0.659288631660043
3735,rho_b,0.0007657,0.0007614734649447924,4.226535055207575e-06,0.5519831591599508
3737,rho_b,0.0008018,0.0008000758720512955,1.724127948704514e-06,0.21503217093467103
3739,rho_b,0.0007671,0.000761080792400369,6.0192075996310735e-06,0.7846705242842351
3742,rho_b,0.0007704,0.0007738127636623629,3.412763662362893e-06,0.44298593690719545
3743,rho_b,0.0008065,0.0007966145573916241,9.885442608375899e-06,1.2257213386383987
3744,rho_b,0.0007704,0.0007708678833923134,4.6788339231338197e-07,0.06073252748001775
3745,rho_b,0.000612,0.0006092890774526054,2.7109225473946575e-06,0.4429611998308898
3746,rho_b,0.0005561,0.0005626582951854731,6.558295185473111e-06,1.179337380629336
3748,rho_b,0.0006101,0.0006044129242000094,5.687075799990621e-06,0.9321546944220741
3750,rho_b,0.000629,0.0006382119369271876,9.211936927187598e-06,1.4645368700385102
3753,rho_b,0.0006291,0.0006334456058535327,4.345605853532707e-06,0.6907655136902007
3755,rho_b,0.000612,0.0006092890774526054,2.7109225473946575e-06,0.4429611998308898
3756,rho_b,0.0006818,0.0006787904478366799,3.009552163320056e-06,0.4414127543129845
3757,rho_b,0.000625,0.0006322889247786293,7.28892477862926e-06,1.1662279627147167
3758,rho_b,0.0007018,0.0006947755083186252,7.024491681374874e-06,1.0009250030444035
3759,rho_b,0.0008333,0.0008343622472651238,1.0622472651237655e-06,0.12747477065270824
3760,rho_b,0.000683,0.0006837000136608932,7.000136608932344e-07,0.10249101901439593
3761,rho_b,0.0007151,0.0007098642881848879,5.235711815112089e-06,0.7321649850077526
3762,rho_b,0.000689,0.0006903874966739926,1.3874966739925616e-06,0.2013783268474279
3763,rho_b,0.0006305,0.0006353245007631012,4.824500763101185e-06,0.7651864798492182
3764,rho_b,0.000656,0.0006592427459304803,3.2427459304803412e-06,0.49432102523431876
3765,rho_b,0.000649,0.0006488866192393538,1.1338076064614736e-07,0.01747007095091628
3766,rho_b,0.0005931,0.0006002155438725666,7.115543872566587e-06,1.199720765565567
3767,rho_b,0.0005772,0.000579054995957002,1.8549959570020097e-06,0.3213783703721805
3768,rho_b,0.0004902,0.0004828303947474137,7.369605252586294e-06,1.5033874413611628
3769,rho_b,0.00092,0.0009182482138771518,1.7517861228482723e-06,0.19041153488523446
3770,rho_b,0.000794,0.0007993629540303832,5.362954030383197e-06,0.6754350155703838
3771,rho_b,0.000698,0.0006986875686153569,6.875686153568145e-07,0.09850553214495117
3772,rho_b,0.000588,0.0005881285702724423,1.2857027244228807e-07,0.021865692555039312
3773,rho_b,0.000414,0.00041420952693981645,2.0952693981647185e-07,0.05061037181409859
3775,rho_b,0.0009199,0.0009206528898971251,7.528898971250874e-07,0.08184475446316337
3776,rho_b,0.0008502,0.0008493060402613644,8.939597386355353e-07,0.10514699336439254
3777,rho_b,0.000802,0.0008056651965658566,3.665196565856609e-06,0.4570070525294936
3779,rho_b,0.0007421,0.0007412062378568552,8.937621431447844e-07,0.12043688747344233
3780,rho_b,0.0007201,0.0007124115218671972,7.688478132802825e-06,1.0676958925324076
3782,rho_b,0.0007102,0.0007077799370011791,2.4200629988209432e-06,0.3407579548596682
3784,rho_b,0.000554,0.0005535395012539854,4.6049874601462697e-07,0.08312251718111946
3786,rho_b,0.00046803,0.0004720737739191961,4.043773919196105e-06,0.8639988698493936
3787,rho_b,0.00063915,0.0006410603635955568,1.910363595556807e-06,0.29889127631508944
3788,rho_b,0.00077887,0.0007816248466069662,2.754846606966275e-06,0.35369787043143225
3789,rho_b,0.00060429,0.0006041326818178392,1.5731818216071884e-07,0.02603355705048624
3790,rho_b,0.00054338,0.0005456202295121418,2.240229512141855e-06,0.4122767691153681
3791,rho_b,0.00055747,0.0005564693561343483,1.000643865651683e-06,0.17949734763426006
3792,rho_b,0.00055962,0.0005562396211705443,3.3803788294557453e-06,0.604048965979639
3793,rho_b,0.00055523,0.0005509670871543411,4.262912845658866e-06,0.7677742265333508
3794,rho_b,0.00052766,0.0005287175362167812,1.0575362167812097e-06,0.20042000810692673
3795,rho_b,0.00051181,0.0005099361646210907,1.8738353789092771e-06,0.36611933632560595
3796,rho_b,0.00051021,0.0005088001145525335,1.4098854474665e-06,0.2763343416834552
3797,rho_b,0.00046803,0.0004747392447199156,6.709244719915644e-06,1.4335074045639318
3798,rho_b,0.00096,0.0009608206477056528,8.20647705652793e-07,0.08548413591645329
3799,rho_b,0.0008357,0.0008421184588221303,6.41845882213036e-06,0.768033841623791
3800,rho_b,0.0007372,0.0007340745585514258,3.1254414485741826e-06,0.4239611291826602
3801,rho_b,0.0009187,0.0009210012459286913,2.3012459286912744e-06,0.25048937914296077
3802,rho_b,0.0006474,0.0006443142054717312,3.0857945282688082e-06,0.47664419578349804
3803,rho_b,0.0004702,0.0004783130908901017,8.113090890101728e-06,1.725455311111692
3804,rho_b,0.0003321,0.0003313457142962425,7.542857037574728e-07,0.2271260769305065
3805,rho_b,0.000808,0.0008151257198710864,7.12571987108643e-06,0.8818960225578552
3806,rho_b,0.001041,0.0010404660677010417,5.339322989583468e-07,0.05129032645969678
3807,rho_b,0.001115,0.0011192472045241184,4.247204524118319e-06,0.3809152036151719
3808,rho_b,0.001041,0.0010347856056334122,6.214394366587826e-06,0.596963915525282
3809,rho_b,0.000844,0.0008420139660252708,1.9860339747292165e-06,0.23531208203508241
3810,rho_b,0.00092,0.0009241186442633782,4.118644263378219e-06,0.4476787237936339
3811,rho_b,0.0005,0.00048774906162925134,1.2250938370748671e-05,2.4501876692493587
3812,rho_b,0.00169,0.0016897803137545411,2.196862454589832e-07,0.012999186114141498
3813,rho_b,0.001283,0.0012794762444442898,3.5237555557102954e-06,0.27464969235883074
3815,rho_b,0.001174,0.001176340263482654,2.3402634826540786e-06,0.1993410119813176
3817,rho_b,0.001272,0.0012672921524391509,4.70784756084904e-06,0.37011380166257096
3819,rho_b,0.0007285,0.0007272891513018198,1.2108486981801713e-06,0.16621121434702255
3821,rho_b,0.0003321,0.0003313457142962425,7.542857037574728e-07,0.2271260769305065
3822,rho_b,0.0005065,0.0005065856875795293,8.568757952926581e-08,0.016917587237924962
3823,rho_b,0.0007216,0.0007134980060199303,8.101993980069635e-06,1.1227818692962606
3824,rho_b,0.0006154,0.0006076216760472898,7.778323952710203e-06,1.2639460416104555
3825,rho_b,0.0006672,0.0006624766767545346,4.723323245465322e-06,0.7079321400458635
3826,rho_b,0.0005595,0.0005660326035113587,6.532603511358683e-06,1.1675788203186588
3827,rho_b,0.0003321,0.0003313457142962425,7.542857037574728e-07,0.2271260769305065
3828,rho_b,0.0009176,0.0009161949601627295,1.4050398372704226e-06,0.15312116780069865
3829,rho_b,0.0009392,0.0009405239902317814,1.323990231781461e-06,0.14096999897484677
3830,rho_b,0.0008845,0.0008786772626999936,5.822737300006367e-06,0.6583083429534521
3831,rho_b,0.0009139,0.0009175162117670639,3.6162117670638597e-06,0.3956900933479548
3832,rho_b,0.0008233,0.0008311588499235582,7.8588499235582e-06,0.954554829832704
3833,rho_b,0.0007081,0.0007097759035197165,1.6759035197164282e-06,0.23667610752007726
3834,rho_b,0.0008172,0.0008184915705816073,1.2915705816072967e-06,0.1580482843889885
3835,rho_b,0.0011613,0.0011644280483922328,3.1280483922327407e-06,0.26935747778689106
3836,rho_b,0.001017,0.0010197822306856298,2.782230685629888e-06,0.2735723385343328
3837,rho_b,0.0008651,0.0008782435840043831,1.3143584004383013e-05,1.5193138353011066
3838,rho_b,0.0009608,0.0009628402205691435,2.04022056914349e-06,0.21234602071399142
3839,rho_b,0.0009548,0.0009576683684129946,2.8683684129946103e-06,0.3004156273555147
3840,rho_b,0.0008172,0.0008184915705816073,1.2915705816072967e-06,0.1580482843889885
3842,rho_b,0.000546,0.0005529863743465137,6.986374346513698e-06,1.2795557387762162
3843,rho_b,0.000457,0.0004488994579352901,8.100542064709885e-06,1.772547493869674
3844,rho_b,0.000151,0.0001312229734912176,1.9777026508782403e-05,13.097368462124978
3845,rho_b,0.00031,0.0003024949195164502,7.5050804835497735e-06,2.4209936965612378
3846,rho_b,0.000373,0.0003754229388508635,2.4229388508635054e-06,0.6495814596160029
3847,rho_b,0.000504,0.0005009789686690853,3.0210313309147205e-06,0.5994109771667878
3848,rho_b,0.000515,0.0005223179354158867,7.3179354158866335e-06,1.420958330422728
3849,rho_b,0.000495,0.00048337809375288704,1.162190624711296e-05,2.347859843158457
3850,rho_b,0.000519,0.0005198132510655156,8.132510655156069e-07,0.15669577340051044
3851,rho_b,0.000382,0.0003883447216642458,6.34472166424581e-06,1.6609218972870656
3852,rho_b,0.000521,0.0005222970875614651,1.29708756146517e-06,0.24896114375730494
3853,rho_b,0.000542,0.000530294277087379,1.1705722912620916e-05,2.1597274706685687
3854,rho_b,0.0008065,0.0008024638877130888,4.036112286911228e-06,0.5004478960826719
3855,rho_b,0.000521,0.00052789598204348,6.895982043479991e-06,1.32360499620805
3856,rho_b,0.0006963,0.0006920173554239476,4.282644576052348e-06,0.6150573847338466
3858,rho_b,0.0006041,0.0006045051410188754,4.0514101887537644e-07,0.0670652240034306
3859,rho_b,0.0005772,0.0005747057274279003,2.4942725720997856e-06,0.4321331545007716
3860,rho_b,0.0005881,0.0005900885519373484,1.9885519373483325e-06,0.3381315990421725
3861,rho_b,0.0006183,0.0006133708412428481,4.929158757151935e-06,0.7972115072262365
3862,rho_b,0.0004237,0.0004327504097632266,9.050409763226581e-06,2.1360419499330097
3863,rho_b,0.00073174,0.0007348537999158708,3.113799915870747e-06,0.4255336474178547
3864,rho_b,0.0006781,0.0006791999021166388,1.0999021166388338e-06,0.16220352676844105
3865,rho_b,0.00065199,0.0006613492318295173,9.359231829517297e-06,1.4354870189975961
3866,rho_b,0.00061832,0.0006115703827753952,6.7496172246047726e-06,1.091605837380113
3867,rho_b,0.0006093,0.0006058117597307756,3.4882402692243885e-06,0.5724996329393389
3868,rho_b,0.0007021,0.0006945769296345802,7.523070365419819e-06,1.0715098069654923
3869,rho_b,0.0010508,0.0010422616359236838,8.538364076316179e-06,0.8125584381605058
3870,rho_b,0.00088289,0.0008838633821255042,9.73382125504232e-07,0.11024953554822647
3871,rho_b,0.00091953,0.0009197939389161178,2.6393891611783526e-07,0.028703676424999564
3873,rho_b,0.00093513,0.0009350688880099381,6.111199006195688e-08,0.006535133082737752
3874,rho_b,0.00093572,0.0009351112231760037,6.087768239963287e-07,0.06505972121422343
3876,rho_b,0.00092968,0.0009281097206020476,1.5702793979523655e-06,0.16890536488504773
3878,rho_b,0.00090318,0.0009097770196983638,6.597019698363822e-06,0.7304213657365761
3880,rho_b,0.00085565,0.000861589898294225,5.939898294224973e-06,0.6941971936285866
3882,rho_b,0.00078706,0.0007911997276489267,4.13972764892669e-06,0.525973578083876
3883,rho_b,0.00069744,0.0007007774668742037,3.3374668742036434e-06,0.4785310377119656
3885,rho_b,0.001858,0.0018437258721818526,1.4274127818147443e-05,0.7682523041154424
3886,rho_b,0.001658,0.0016443141754357827,1.3685824564217295e-05,0.8254417705647091
3887,rho_b,0.001449,0.0014494281564152141,4.2815641521413116e-07,0.02954840682668372
3888,rho_b,0.00117,0.001168957621802621,1.0423781973789396e-06,0.08909215354598445
3889,rho_b,0.0009,0.0009181798629888642,1.8179862988864184e-05,2.0199847742960375
3890,rho_b,0.000592,0.0005975140949874359,5.514094987435969e-06,0.9314349625205438
3891,rho_b,0.000457,0.0004488994579352901,8.100542064709885e-06,1.772547493869674
3892,rho_b,0.0005273,0.0005192531572198632,8.046842780136745e-06,1.5260464185238538
3894,rho_b,0.0002501,0.00025299434097805784,2.894340978057831e-06,1.1572734772031572
3895,rho_b,0.0002601,0.0002558979560104566,4.20204398954337e-06,1.6155493938438588
3896,rho_b,0.0003165,0.00030934400763511186,7.155992364888135e-06,2.2609770433738907
3897,rho_b,0.00022,0.0001989769228577607,2.1023077142239298e-05,9.555944112127207
3898,rho_b,0.0002849,0.00028124459358239997,3.6554064176000183e-06,1.283048931123036
3899,rho_b,0.0002812,0.0002819740686579455,7.740686579454752e-07,0.2752733482193249
3900,rho_b,0.0001102,0.00012998972049300332,1.9789720493003322e-05,17.958003914177212
3901,rho_b,0.000493,0.0004893762258635283,3.6237741364716306e-06,0.7350454622963847
3902,rho_b,0.000478,0.00048142901081674037,3.42901081674035e-06,0.7173662781520266
3903,rho_b,0.0002712,0.0002793507019231761,8.150701923176113e-06,3.0054210520361
3904,rho_b,0.00052995,0.0005307558578842761,8.05857884276194e-07,0.15206300268998285
3905,rho_b,0.00053845,0.0005335519337327289,4.898066267271109e-06,0.9096603692403205
3907,rho_b,0.0005307,0.0005307154054135435,1.5405413543467285e-08,0.002902847845192916
3909,rho_b,0.00042896,0.0004325760772222582,3.6160772222582245e-06,0.8429870416421937
3910,rho_b,0.00041877,0.0004211854549433739,2.4154549433739038e-06,0.5767975111889411
3912,rho_b,0.00048222,0.0004864757438635055,4.255743863505507e-06,0.8825315944341153
3914,rho_b,0.00047419,0.0004771167566199772,2.926756619977221e-06,0.6172117956526083
3916,rho_b,0.00052669,0.0005221834191865966,4.506580813403382e-06,0.8556419914649911
3918,rho_b,0.00051352,0.0005200094693078516,6.489469307851626e-06,1.2637227946748713
3920,rho_b,0.00043414,0.00043200996247935936,2.1300375206406556e-06,0.49063378535364577
3922,rho_b,0.00044361,0.00043454189974607445,9.068100253925538e-06,2.0441604638046784
3924,rho_b,0.0002712,0.0002811968435417855,9.99684354178554e-06,3.6861517348539907
3925,rho_b,0.0008683,0.00087213666686501,3.836666865009945e-06,0.44185959467826197
3926,rho_b,0.0008485,0.0008459106209368048,2.589379063195219e-06,0.30517136831390757
3927,rho_b,0.0007087,0.000716977797213214,8.277797213213957e-06,1.1680255681577114
3928,rho_b,0.0006661,0.0006711800351644505,5.080035164450533e-06,0.7626535290232694
3929,rho_b,0.0006329,0.0006437071883419794,1.0807188341979321e-05,1.707566491531625
3930,rho_b,0.0006652,0.0006667508018687741,1.5508018687740823e-06,0.23313317294689576
3931,rho_b,0.000654,0.0006595012066083664,5.50120660836647e-06,0.84116308867811
3932,rho_b,0.0006128,0.0006120211155943556,7.788844056444205e-07,0.1271025464055801
3933,rho_b,0.0006228,0.0006263582238347587,3.5582238347587475e-06,0.5713268832764096
3934,rho_b,0.001049,0.0010370378414689349,1.1962158531065139e-05,1.1403392297103667
3935,rho_b,0.0008819,0.000870872980826272,1.1027019173728077e-05,1.2503706952289795
3936,rho_b,0.0004225,0.00040777452154988034,1.4725478450119684e-05,3.4853203349743147
3937,rho_b,0.0002712,0.0002779217438191857,6.721743819185721e-06,2.478519098230284
3938,rho_b,0.000524,0.0005308385180384006,6.838518038400593e-06,1.3050606918606842
3945,rho_b,0.000651,0.0006576448649718894,6.6448649718894555e-06,1.0207165839757741
3947,rho_b,0.00043766,0.00044266576584125436,5.005765841254383e-06,1.1437567586292592
3948,rho_b,0.0005327,0.0005307807189015102,1.9192810984898284e-06,0.3602930532920777
3949,rho_b,0.0005617,0.0005591515599859083,2.5484400140917893e-06,0.4537012657209857
3950,rho_b,0.0005633,0.000560307991049542,2.9920089504579432e-06,0.5311572776755495
3951,rho_b,0.0006445,0.0006436026041897916,8.973958102084225e-07,0.13923907041365893
3952,rho_b,0.0006576,0.0006584732073456917,8.732073456916992e-07,0.13278700492150686
3953,rho_b,0.0007039,0.0007094901380064654,5.590138006465392e-06,0.794166500713699
3954,rho_b,0.0005963,0.0005952151647707223,1.0848352292777133e-06,0.1819277590907992
3955,rho_b,0.0005211,0.000524835267120307,3.73526712030693e-06,0.716804281930318
3956,rho_b,0.0008951,0.0008869189767932964,8.181023206703603e-06,0.9139786836737589
3957,rho_b,0.0008576,0.000860967863473583,3.367863473582996e-06,0.3927079605475649
3958,rho_b,0.0007815,0.0007890476894907662,7.54768949076624e-06,0.965795199118143
3959,rho_b,0.0007506,0.0007596567560175302,9.056756017530171e-06,1.2066021856467024
3960,rho_b,0.0007282,0.0007299811932124271,1.7811932124270303e-06,0.2446021985692129
3961,rho_b,0.0007561,0.0007638772510594979,7.777251059497888e-06,1.0286008529575295
3962,rho_b,0.0007901,0.0007910437701013143,9.437701013143094e-07,0.11944944945194469
3963,rho_b,0.0007827,0.0007897281876839895,7.0281876839895126e-06,0.8979414430829307
3964,rho_b,0.0007847,0.0007901084396501311,5.408439650131012e-06,0.6892366054847261
3965,rho_b,0.0007921,0.0007836288298410353,8.471170158964739e-06,1.069457157968712
3966,rho_b,0.000718,0.0007131284556686363,4.8715443313636624e-06,0.6784880674900811
3967,rho_b,0.0006184,0.0006081003560072114,1.029964399278853e-05,1.6655310440060187
3968,rho_b,0.0005211,0.000524835267120307,3.73526712030693e-06,0.716804281930318
3969,rho_b,0.0015002,0.0015043777636088154,4.177763608815459e-06,0.27848044300964236
3971,rho_b,0.000888,0.0008797672255895894,8.232774410410633e-06,0.9271142343625552
3972,rho_b,0.0010311,0.001022648807313236,8.451192686764145e-06,0.8196288118095099
3973,rho_b,0.001212,0.001200452516265612,1.1547483734388039e-05,0.952762683569341
3974,rho_b,0.001007,0.0010071223414769277,1.2234147692764992e-07,0.012149103952945271
3975,rho_b,0.000865,0.0008747465800328341,9.746580032834085e-06,1.1267722568284813
3976,rho_b,0.0008553,0.0008681483174306512,1.2848317430651192e-05,1.5022000953617667
3977,rho_b,0.0013049,0.0013057057795327581,8.057795327582121e-07,0.06175028984142151
3978,rho_b,0.0005652,0.0005613457603488236,3.854239651176366e-06,0.6819249193837786
3979,rho_b,0.0006415,0.0006365511688229603,4.948831177039692e-06,0.7714467917888111
3980,rho_b,0.0003224,0.000309183062052955,1.3216937947044987e-05,4.099546496913624
3981,rho_b,0.0005397,0.0005344068750418314,5.293124958168668e-06,0.9807531866520541
3982,rho_b,0.0004945,0.0004987599795918859,4.259979591885853e-06,0.8614721098627163
3983,rho_b,0.0005812,0.0005748034037379228,6.39659626207724e-06,1.1005843515263931
3984,rho_b,0.0007039,0.0006976004509732347,6.299549026765323e-06,0.894949427165198
3985,rho_b,0.0008388,0.0008304956751299428,8.304324870057173e-06,0.9900244230039257
3986,rho_b,0.0006557,0.0006508451472468216,4.854852753178392e-06,0.7404076171685704
3987,rho_b,0.00053662,0.0005320793649396196,4.540635060380402e-06,0.8461546442396586
3988,rho_b,0.0005772,0.0005698304408470866,7.369559152913441e-06,1.2767773978076344
3989,rho_b,0.0007611,0.0007584456597485346,2.654340251465395e-06,0.348750525289435
3990,rho_b,0.0007611,0.0007580830809561839,3.016919043816093e-06,0.39638931018948886
3991,rho_b,0.000692,0.0006900205520897205,1.9794479102795475e-06,0.28604738546518405
3992,rho_b,0.0006069,0.0006041756863014447,2.7243136985552604e-06,0.44889004680612293
3993,rho_b,0.0005141,0.000526077454949683,1.1977454949682999e-05,2.329790882393521
3994,rho_b,0.0004612,0.0004876240806666518,2.6424080666651788e-05,5.729419039322983
3995,rho_b,0.0004053,0.0004202540904344085,1.4954090434408517e-05,3.689634936469817
3996,rho_b,0.0003024,0.00031893236391521335,1.6532363915213377e-05,5.4670515411848095
3997,rho_b,0.0005381,0.000531923127696853,6.176872303147022e-06,1.1479041612466048
3998,rho_b,0.0006675,0.0006655633621651362,1.936637834863827e-06,0.29013300853370744
3999,rho_b,0.0004,0.0004009830490723118,9.8304907231178e-07,0.24576226746353932
4000,rho_b,0.000544,0.0005437182784004404,2.8172159955959855e-07,0.05178705864737646
4001,rho_b,0.0004695,0.000473048261313446,3.548261313446007e-06,0.7557532067920075
4002,rho_b,0.001063,0.0010477027215963137,1.5297278403686226e-05,1.43906664057343
4003,rho_b,0.000567,0.0005660453357560931,9.54664243906899e-07,0.16837111855788145
4004,rho_b,0.0004975,0.00048595922876818067,1.1540771231819335e-05,2.3197530067581518
4005,rho_b,0.000391,0.00039456971816190516,3.5697181619051403e-06,0.9129713945717203
4006,rho_b,0.0004525,0.0004504600247626581,2.039975237341904e-06,0.4508232558748445
4007,rho_b,0.0004765,0.0004767517151722591,2.517151722591362e-07,0.05282584926146437
4008,rho_b,0.0004575,0.0004508407748259109,6.659225174089124e-06,1.4555683408816262
4009,rho_b,0.000456,0.00044924303583632083,6.756964163679195e-06,1.4817903835222128
4010,rho_b,0.000464,0.00047160534196065776,7.605341960657754e-06,1.6390823155747696
4011,rho_b,0.000411,0.0004079646281191283,3.035371880871719e-06,0.7385333025514321
4012,rho_b,0.000397,0.00039495397163174183,2.046028368258169e-06,0.5153723836535126
4013,rho_b,0.0003955,0.00039486812799363385,6.31872006366164e-07,0.15976536150910503
4014,rho_b,0.000404,0.0004009830490723118,3.016950927688209e-06,0.7467700297575516
4015,rho_b,0.0004487,0.00045370677860816287,5.00677860816286e-06,1.1158410066869735
4017,rho_b,0.0008755,0.0008678610233403924,7.638976659607596e-06,0.872527315920311
4018,rho_b,0.000629,0.0006368442924281464,7.844292428146383e-06,1.2471053125080016
4019,rho_b,0.0001247,0.00012986871011731954,5.1687101173195494e-06,4.14491585875733
4020,rho_b,0.0001902,0.0001871844009451488,3.0155990548512e-06,1.5854884537309757
4021,rho_b,0.0003104,0.00031723257196114704,6.832571961147029e-06,2.201215186576958
4022,rho_b,0.0003576,0.0003641439364794008,6.543936479400775e-06,1.829959860486906
4023,rho_b,0.0005658,0.0005659640245339612,1.6402453396121425e-07,0.028989843349472574
4025,rho_b,0.0007989,0.0007821209918119526,1.6779008188047323e-05,2.1002638837207015
4027,rho_b,0.0005459,0.0005470904792413076,1.1904792413076426e-06,0.21807643142093394
4029,rho_b,0.00149,0.0014813074244487464,8.692575551253606e-06,0.5833943319073599
4032,rho_b,0.0006664,0.0006583681509497969,8.031849050203115e-06,1.2052594595063806
4034,rho_b,0.0007156,0.0007047929597629814,1.0807040237018626e-05,1.5102068504634651
4035,rho_b,0.00084995,0.0008365070235533758,1.3442976446624197e-05,1.5816196753700806
4037,rho_b,0.000483,0.0004748877918234104,8.11220817658958e-06,1.6795462028559252
4038,rho_b,0.00047,0.0004739313155810115,3.931315581011505e-06,0.8364501218397881
4039,rho_b,0.0005121,0.0005249296069300871,1.2829606930087035e-05,2.5052932835450306
4040,rho_b,0.0007,0.0006962100018552741,3.7899981447258625e-06,0.5414283056159399
4041,rho_b,0.0007785,0.0007781990949092391,3.0090509076086385e-07,0.03865190627801474
4042,rho_b,0.000797,0.0007949709512460622,2.0290487539378075e-06,0.25458579063888953
4043,rho_b,0.0014243,0.0014274420259650891,3.1420259650890518e-06,0.22060141563455996
4044,rho_b,0.0012294,0.0012333591804706491,3.959180470649052e-06,0.3220416843524187
4045,rho_b,0.0015571,0.0015261435568243611,3.0956443175638934e-05,1.9880831774297156
4046,rho_b,-3.07e-05,1.729054223443844e-05,4.799054223443844e-05,156.32097938510958
4047,rho_b,0.0012264,0.0012321947164755603,5.794716475560242e-06,0.4724980814444929
4048,rho_b,0.0011166,0.001122097220457027,5.497220457027123e-06,0.49231779080278937
4049,rho_b,-5.08e-05,-6.216824543125543e-05,1.1368245431255428e-05,22.378435447777704
4050,rho_b,-0.0009069,-0.0008849164807533227,2.198351924667728e-05,2.424029024416914
4051,rho_b,0.00056,0.0005682004548222705,8.20045482227054e-06,1.46436692993337
4052,rho_b,0.00093797,0.0009357117470206714,2.258252979328557e-06,0.24075961671705504
4053,rho_b,0.00136,0.001348182941244201,1.1817058755799175e-05,0.8689013784639824
4054,rho_b,0.00122,0.001231115206440338,1.1115206440338041e-05,0.9110824943628866
4055,rho_b,0.00118,0.0011771970722134065,2.8029277865935284e-06,0.23753625289984456
4056,rho_b,0.001141,0.0011337577665334348,7.242233466565277e-06,0.6347268589148123
4057,rho_b,0.001251,0.001261645384241997,1.0645384241997043e-05,0.8509499786960467
4058,rho_b,0.001235,0.0012337197228180481,1.280277181951858e-06,0.10366616849515758
4059,rho_b,0.001121,0.001115734912913402,5.26508708659809e-06,0.4696777057895908
4060,rho_b,0.0009899,0.0009896193804963009,2.806195036990627e-07,0.02834826784681079
4061,rho_b,0.0009441,0.0009524541973306482,8.354197330648155e-06,0.8848847920558528
4062,rho_b,0.0009399,0.0009423779193673415,2.4779193673414492e-06,0.2636364894887844
4063,rho_b,0.00078,0.0007875839484302381,7.583948430238126e-06,0.9723010795532199
4064,rho_b,0.0003201,0.00030873605368462087,1.1363946315379105e-05,3.5501237987747167
4065,rho_b,0.0009071,0.0009171747785994075,1.0074778599407494e-05,1.1106579857017875
4066,rho_b,0.0008048,0.0008072865444005593,2.4865444005592492e-06,0.30896426409910616
4067,rho_b,0.0006418,0.0006443242537912518,2.5242537912518537e-06,0.3933084741849126
4068,rho_b,0.0006763,0.0006728069856522039,3.4930143477960923e-06,0.5164888869778506
4069,rho_b,0.0013279,0.0013149253517275568,1.297464827244312e-05,0.977080221603458
4071,rho_b,0.0007641,0.0007498677163394074,1.423228366059261e-05,1.8626205525410815
4072,rho_b,0.0007153,0.0007005876654465222,1.4712334553477753e-05,2.0568061698461753
4074,rho_b,0.0005505,0.0005546542081572687,4.1542081572686854e-06,0.7546245503582998
4075,rho_b,0.0005218,0.0005265152026965342,4.715202696534224e-06,0.9036417568987748
4076,rho_b,0.0005341,0.0005301388186539749,3.961181346025136e-06,0.7416553713927321
4077,rho_b,0.000467,0.00047231274457000034,5.31274457000032e-06,1.1376326677995703
4079,rho_b,0.0012302,0.001231112698146789,9.126981467889091e-07,0.07419103772126473
4080,rho_b,0.0003741,0.000377990753558954,3.8907535589539975e-06,1.040030352460223
4081,rho_b,0.0003791,0.00038802042305875935,8.920423058759346e-06,2.353052765821371
4082,rho_b,0.0002852,0.0002870473517486875,1.8473517486874936e-06,0.6477390400456182
4083,rho_b,0.0003102,0.00030891675671929476,1.2832432807052406e-06,0.4136825520852402
4084,rho_b,0.000751,0.0007587600275538427,7.760027553842665e-06,1.0332926156471023
4085,rho_b,0.000711,0.0007070456614346719,3.95433856532814e-06,0.5561657608672971
4088,rho_b,-0.0005198,-0.00041591084012631316,0.00010388915987368679,19.986371618665462
4090,rho_b,-0.0004801,-0.0004353479506468104,4.475204935318962e-05,9.321401637153844
4092,rho_b,-0.00043,-0.0004121475698797832,1.785243012021679e-05,4.151727925278957
4093,rho_b,-0.00033,-0.0003648729965483044,3.487299654830441e-05,10.567574679584443
4095,rho_b,-0.0003299,-0.0003324740613466124,2.5740613466123936e-06,0.7802550284358422
4096,rho_b,-0.0002899,-0.0003020256199111524,1.2125619911152396e-05,4.182690537883922
4097,rho_b,-0.0001,-0.0001310070477058224,3.10070477058224e-05,31.007047395751925
4098,rho_b,-0.00017,-0.00020137134055489537,3.1371340554895355e-05,18.453729629622387
4099,rho_b,0.0008169,0.0008228419867189608,5.941986718960854e-06,0.7273823860554572
4100,rho_b,0.0008755,0.0008678610233403924,7.638976659607596e-06,0.872527315920311
4101,rho_b,0.0007503,0.0007449872337462076,5.312766253792343e-06,0.7080855986554028
4102,rho_b,0.0007502,0.000749473455117319,7.265448826810142e-07,0.09684682507498613
4103,rho_b,0.0005001,0.0005086901297468558,8.590129746855889e-06,1.7176824094539223
4104,rho_b,0.0003754,0.000391331789255822,1.5931789255822e-05,4.243950243309136
4105,rho_b,0.0005444,0.0005458868399392797,1.4868399392796742e-06,0.27311534470031607
4106,rho_b,0.0006189,0.0006087220339774911,1.0177966022508942e-05,1.6445251262019212
4107,rho_b,0.000662,0.0006602545163701035,1.7454836298965923e-06,0.26366822164046977
4108,rho_b,0.0006612,0.0006600317119154917,1.168288084508356e-06,0.17669208752895268
4109,rho_b,0.00071,0.0007072712563873196,2.7287436126804563e-06,0.384330085751712
4110,rho_b,0.000777,0.0007709289180575073,6.0710819424926845e-06,0.7813490263422386
4111,rho_b,0.000822,0.0008250528147961836,3.0528147961835644e-06,0.37138866088438904
4112,rho_b,0.0009392,0.0009405239902317814,1.323990231781461e-06,0.14096999897484677
4113,rho_b,0.0009193,0.0009213108302313889,2.0108302313889435e-06,0.2187349319266392
4114,rho_b,0.0008829,0.00088282193636877,7.806363123009485e-08,0.00884172965700278
4115,rho_b,0.0008787,0.0008804385967172069,1.7385967172068315e-06,0.19786010188098674
4116,rho_b,0.0008706,0.0008683559826975168,2.2440173024832182e-06,0.25775526072888416
4117,rho_b,0.000822,0.0008220427490186105,4.27490186104924e-08,0.005200610530229476
4118,rho_b,0.0010704,0.0010735456629414552,3.1456629414551747e-06,0.2938773298315024
4119,rho_b,0.0009885,0.0009868293473000976,1.6706526999024293e-06,0.1690088718474801
4120,rho_b,0.000822,0.0008220427490186105,4.27490186104924e-08,0.005200610530229476
4121,rho_b,0.001922,0.00193050450665183,8.504506651829972e-06,0.442482135661038
4122,rho_b,0.002175,0.0021911398569197838,1.6139856919783913e-05,0.7420623867753237
4123,rho_b,0.002323,0.0023069806897428615,1.6019310257138486e-05,0.6895957920896483
4124,rho_b,0.002349,0.0023461036937448844,2.8963062551155133e-06,0.12329954252373426
4125,rho_b,0.002299,0.002234988629928944,6.401137007105593e-05,2.7843136164946847
4126,rho_b,0.002149,0.002110015644391899,3.8984355608100846e-05,1.814069594693353
4127,rho_b,0.001924,0.0019305061165182408,6.506116518240892e-06,0.338155744015558
4128,rho_b,0.001649,0.0016598071474530367,1.080714745303659e-05,0.6553758305932584
4129,rho_b,0.001375,0.0013914711630196295,1.6471163019629587e-05,1.197902764192768
4130,rho_b,0.001024,0.001023290299637917,7.097003620829944e-07,0.06930667591698512
4131,rho_b,0.0006742,0.000680026322906512,5.826322906511976e-06,0.86418316491696
4132,rho_b,0.000702,0.0006857027176211289,1.6297282378871123e-05,2.321550193113336
4133,rho_b,0.0009515,0.0009438119671063177,7.688032893682297e-06,0.8079908445194313
4134,rho_b,0.0008313,0.0008307070546608148,5.929453391851844e-07,0.07132747966701668
4135,rho_b,0.0008308,0.000830299332308819,5.006676911810566e-07,0.06026332337246309
4136,rho_b,0.0007302,0.000731174450715124,9.744507151240173e-07,0.13344983754992043
4137,rho_b,0.000702,0.0006857027176211289,1.6297282378871123e-05,2.321550193113336
4138,rho_b,0.0005426,0.0005339210478775194,8.678952122480603e-06,1.5995119989836866
4139,rho_b,0.00038,0.0003853070968451456,5.307096845145586e-06,1.3966044292577742
4140,rho_b,0.000344,0.0003497684765597983,5.768476559798313e-06,1.6768827159969437
4141,rho_b,0.0003286,0.00032337991515034726,5.220084849652756e-06,1.588583333465284
4142,rho_b,0.0003085,0.0003067048132398706,1.7951867601294076e-06,0.5819081861621801
4143,rho_b,0.0003571,0.0003544491921004298,2.6508078995701972e-06,0.7423152876356887
4144,rho_b,0.0004367,0.0004360867522870988,6.13247712901192e-07,0.14042768754222926
4145,rho_b,0.0004228,0.00042176192336504484,1.0380766349551355e-06,0.24552427447963407
4146,rho_b,0.0003679,0.00037339934252484806,5.499342524848067e-06,1.4947927452840826
4147,rho_b,0.0002999,0.0003072191919359688,7.319191935968789e-06,2.440544151905084
4148,rho_b,0.0005198,0.000523088541280019,3.2885412800190156e-06,0.6326551122917401
4149,rho_b,0.0003202,0.000311552247381402,8.64775261859795e-06,2.700734725668521
4150,rho_b,0.0007,0.0006962100018552741,3.7899981447258625e-06,0.5414283056159399
4151,rho_b,0.00079,0.0007837402344751806,6.25976552481942e-06,0.7923753818855274
4152,rho_b,0.000888,0.0008802582065205356,7.741793479464445e-06,0.8718235890479965
4153,rho_b,0.000924,0.0009229254760859517,1.074523914048318e-06,0.11629046676249061
4154,rho_b,0.0009341,0.0009265450431779015,7.554956822098443e-06,0.8087952910834483
4155,rho_b,0.0008241,0.0008306400140366238,6.540014036623726e-06,0.7935947128610337
4156,rho_b,0.000826,0.0008345167403009544,8.516740300954406e-06,1.0310823596420802
4157,rho_b,0.0008081,0.000803002374675082,5.097625324917954e-06,0.6308161512943686
4158,rho_b,0.000838,0.0008347481654238507,3.251834576149305e-06,0.38804708499628093
4159,rho_b,0.000796,0.0007960583138720195,5.831387201945832e-08,0.007325863309824081
4160,rho_b,0.0011,0.0010893477734744681,1.065222652553194e-05,0.9683842287134634
4161,rho_b,0.00057,0.0005679555185997455,2.0444814002544944e-06,0.3586809467838044
4171,rho_b,0.0003201,0.00030873605368462087,1.1363946315379105e-05,3.5501237987747167
4172,rho_b,0.0003941,0.0003944164575849133,3.164575849133079e-07,0.08029880337739657
4173,rho_b,0.000372,0.0003767280012926512,4.7280012926512204e-06,1.2709680860057904
4174,rho_b,0.000368,0.00037203879541099336,4.038795410993355e-06,1.097498750004991
4175,rho_b,0.0004143,0.0004094693800445425,4.830619955457514e-06,1.1659715046579289
4176,rho_b,0.0004436,0.00044246774391368276,1.1322560863172336e-06,0.2552425797486041
4177,rho_b,0.0005429,0.0005415404780686928,1.3595219313072403e-06,0.2504184801626553
4181,rho_b,0.000178,0.00019372495147388247,1.5724951473882485e-05,8.834242351427001
4182,rho_b,0.000664,0.0006577489332271232,6.251066772876811e-06,0.9414257173889388
4184,rho_b,0.0009392,0.0009405239902317814,1.323990231781461e-06,0.14096999897484677
4185,rho_b,0.0008696,0.0008731785289512799,3.57852895127987e-06,0.41151436834920957
4186,rho_b,0.0007832,0.0007911917821848146,7.991782184814692e-06,1.0204011969625486
4187,rho_b,0.000702,0.0007008642230470934,1.1357769529066154e-06,0.16179158850266373
4188,rho_b,0.0006263,0.0006301232507580956,3.823250758095624e-06,0.6104503835208558
4189,rho_b,0.0005444,0.0005443600891812462,3.991081875382406e-08,0.007331156994950861
4190,rho_b,0.000736,0.0007351646471237002,8.353528762998236e-07,0.11349903195174366
4191,rho_b,0.0007017,0.0006933468390399691,8.3531609600309e-06,1.1904176924792254
4192,rho_b,0.0007292,0.0007236704053172839,5.529594682716151e-06,0.7583097470012414
4193,rho_b,0.0007154,0.0007122667978335871,3.1332021664129493e-06,0.43796507716428545
4194,rho_b,0.0007418,0.0007402022666513113,1.5977333486887329e-06,0.21538599980249026
4195,rho_b,0.0007303,0.0007334535750019672,3.153575001967144e-06,0.43181911511008525
4196,rho_b,0.0007257,0.0007221547232131799,3.545276786820115e-06,0.4885320079832982
4197,rho_b,0.0007384,0.0007307710923285027,7.628907671497292e-06,1.0331673430614328
4198,rho_b,0.0007348,0.000730766333484246,4.033666515754013e-06,0.5489475381416083
4199,rho_b,0.0007258,0.0007164303059618946,9.369694038105373e-06,1.290947096334514
4201,rho_b,0.0007361,0.0007298026673634669,6.297332636533062e-06,0.8554996098326404
4203,rho_b,0.00072,0.0007064723015997648,1.3527698400235262e-05,1.8788469974231654
4211,rho_b,0.000843,0.0008440310180002818,1.031018000281791e-06,0.12230343998324514
4212,rho_b,0.000857,0.0008642485180126299,7.248518012629925e-06,0.8458014007201763
4213,rho_b,0.000783,0.00078462650998584,1.626509985840031e-06,0.20772796727493634
4214,rho_b,0.00072,0.0007135091574697677,6.490842530232376e-06,0.9015059057246273
4215,rho_b,0.000692,0.0006921410146937335,1.4101469373347785e-07,0.02037784588579471
4216,rho_b,0.000537,0.0005339826724888182,3.0173275111818184e-06,0.5618859414456162
4217,rho_b,0.000573,0.0005709321683052835,2.067831694716588e-06,0.36087813108338684
4218,rho_b,0.001477,0.0014767738583880156,2.2614161198438072e-07,0.015310874193044818
4219,rho_b,0.001352,0.001351353774630642,6.462253693579213e-07,0.04779773438461124
4220,rho_b,0.001124,0.0011274196393156063,3.419639315606262e-06,0.3042383730039038
4221,rho_b,0.000864,0.0008679748110135675,3.974811013567514e-06,0.46004757048229616
4222,rho_b,0.000711,0.0007108792479123973,1.2075208760274538e-07,0.01698341595399595
4223,rho_b,0.000708,0.0007070591528240882,9.40847175911726e-07,0.13288801900887653
4224,rho_b,0.000671,0.0006744672986287178,3.4672986287177278e-06,0.5167360094709936
4225,rho_b,0.00061,0.0006075111731182858,2.488826881714176e-06,0.4080044061695299
4226,rho_b,0.000666,0.0006614589973075515,4.541002692448528e-06,0.6818322350796104
4227,rho_b,0.000573,0.0005709321683052835,2.067831694716588e-06,0.36087813108338684
4228,rho_b,0.0008514,0.0008534770519570434,2.0770519570434453e-06,0.24395724155554063
4229,rho_b,0.0008016,0.0008042993479689056,2.6993479689056384e-06,0.33674500568091176
4230,rho_b,0.0007303,0.0007443066885517749,1.4006688551774843e-05,1.9179362635349144
4231,rho_b,0.0007988,0.0007926008846715278,6.199115328472168e-06,0.776053495331952
4232,rho_b,0.0005444,0.0005443600891812462,3.991081875382406e-08,0.007331156994950861
4233,rho_b,0.00045,0.00045460663525637087,4.606635256370879e-06,1.0236967213630916
4234,rho_b,0.00046,0.00046575316869527017,5.7531686952701526e-06,1.2506888440789705
4235,rho_b,0.00047,0.0004754636992201165,5.463699220116525e-06,1.1624891932960921
4236,rho_b,0.00048,0.0004813212943730553,1.3212943730552657e-06,0.2752696604797019
4237,rho_b,0.00048,0.00048492368572772466,4.923685727724651e-06,1.025767857805619
4238,rho_b,0.00049,0.0004927563186777142,2.7563186777142343e-06,0.5625140147120601
4239,rho_b,0.0005,0.0004938975858164586,6.102414183541431e-06,1.2204828342673204
4240,rho_b,0.0005,0.0004925458534050978,7.454146594902179e-06,1.490829315998777
4241,rho_b,0.00051,0.0005099777522389145,2.224776108554049e-08,0.004362306086650476
4242,rho_b,0.00052,0.0005236784553753307,3.678455375330774e-06,0.7073952631263118
4243,rho_b,0.00052,0.000523299004370861,3.2990043708609968e-06,0.6344239162532227
4244,rho_b,0.0014,0.0014095635338602825,9.563533860282563e-06,0.6831095609608191
4245,rho_b,0.00107,0.001064783817302777,5.216182697222963e-06,0.4874937095652361
4246,rho_b,0.00104,0.0010300661988863345,9.93380111366537e-06,0.9551731830878498
4247,rho_b,0.00101,0.0010144429713493024,4.442971349302325e-06,0.4398981529607271
4248,rho_b,0.00101,0.0010106844460673935,6.844460673934537e-07,0.0677669372985925
4249,rho_b,0.00099,0.0009843150270530325,5.684972946967508e-06,0.5742396910328394
4250,rho_b,0.00098,0.0009807657724966651,7.657724966651704e-07,0.07814005060038469
4251,rho_b,0.00098,0.0009776928967567865,2.307103243213461e-06,0.23541869804686472
4252,rho_b,0.00097,0.0009631922936930085,6.8077063069915764e-06,0.701825391749827
4253,rho_b,0.00097,0.0009636844705554248,6.315529444575214e-06,0.6510855090787998
4254,rho_b,0.00092,0.0009212276645726297,1.2276645726296952e-06,0.13344180122774751
4255,rho_b,0.00086,0.0008621662061587254,2.1662061587254594e-06,0.25188443676821104
4256,rho_b,0.00085,0.0008378562014170493,1.2143798582950685e-05,1.42868218454869
4257,rho_b,0.00075,0.000737767587639284,1.2232412360716036e-05,1.630988312587487
4258,rho_b,0.0005,0.0004915111224985771,8.488877501422942e-06,1.6977754968890373
4259,rho_b,0.0030582,0.0029833560885247023,7.48439114752978e-05,2.447319058623524
4260,rho_b,0.0015903,0.0015866188822068368,3.6811177931631977e-06,0.2314731680090842
4261,rho_b,0.0006828,0.0006837480083469818,9.480083469818159e-07,0.13884129255908068
4262,rho_b,0.0005655,0.0005648671609617935,6.328390382065105e-07,0.11190787570069526
4263,rho_b,0.0019455,0.001946239573806572,7.395738065719536e-07,0.03801458782790068
4264,rho_b,0.0016147,0.0016304875545032852,1.5787554503285265e-05,0.9777391771541385
4265,rho_b,0.001562,0.0015702545523074165,8.254552307416455e-06,0.5284604546819367
4266,rho_b,0.0014402,0.0014444286761382253,4.2286761382252704e-06,0.2936172847721912
4267,rho_b,0.0014773,0.0014806926090945847,3.3926090945847302e-06,0.2296492988755322
4268,rho_b,0.0014268,0.0014171444264262753,9.655573573724664e-06,0.6767292940115903
4269,rho_b,0.0012157,0.0012059736747449556,9.726325255044301e-06,0.8000596567445674
4270,rho_b,0.0010237,0.0010187583720095792,4.941627990420793e-06,0.4827222805112406
4271,rho_b,0.0007707,0.0007707983025559542,9.830255595416528e-08,0.012754970264255297
4272,rho_b,0.0004515,0.00045482660440635957,3.326604406359544e-06,0.7367894571410076
4273,rho_b,0.0006219,0.0006104770787875312,1.1422921212468802e-05,1.836777808988748
4274,rho_b,0.0005398,0.0005376802057222853,2.119794277714751e-06,0.3926999395679421
4275,rho_b,0.0005367,0.0005376443672351027,9.443672351026888e-07,0.17595812061544766
4276,rho_b,0.0005264,0.000525885306667157,5.14693332843031e-07,0.0977760888801805
4277,rho_b,0.0005501,0.0005530234872212986,2.923487221298624e-06,0.5314465035419305
4278,rho_b,0.00052926,0.0005328003871177434,3.540387117743362e-06,0.6689315480206413
4279,rho_b,0.0005555,0.0005551424091746166,3.5759082538339235e-07,0.06437278573171278
4280,rho_b,0.0005532,0.0005551939192253868,1.9939192253868275e-06,0.3604336988037763
4281,rho_b,0.00057501,0.0005744298268817384,5.80173118261613e-07,0.10089791781927858
4282,rho_b,0.00055558,0.0005558933874292681,3.13387429268187e-07,0.05640725524750972
4285,rho_b,0.00057254,0.0005745042989999849,1.9642989999849514e-06,0.3430850240252386
4286,rho_b,0.00061266,0.0006092267656111693,3.43323438883067e-06,0.560381677149945
4289,rho_b,0.00062198,0.0006106522519013259,1.132774809867404e-05,1.821239924187537
4290,rho_b,0.00066262,0.0006593319568845436,3.288043115456463e-06,0.4962185129477344
4295,rho_b,0.00067248,0.0006719418612885781,5.381387114219201e-07,0.08002300598109834
4296,rho_b,0.00067338,0.0006718140384466738,1.5659615533262497e-06,0.232552429683199
4297,rho_b,0.0006473,0.0006442493022373832,3.050697762616776e-06,0.4712958068753002
4298,rho_b,0.00065899,0.0006604343337287291,1.4443337287290813e-06,0.21917384581516303
4300,rho_b,0.00064288,0.0006382031304483861,4.676869551613881e-06,0.7274871740198807
4303,rho_b,0.0006466,0.0006426617236605652,3.93827633943483e-06,0.6090745953207678
4307,rho_b,0.0005507,0.0005534590669072136,2.7590669072135665e-06,0.5010108774656724
4308,rho_b,0.00087933,0.0008730459020866456,6.284097913354355e-06,0.7146461403805049
4309,rho_b,0.00087,0.0008608059773486292,9.194022651370817e-06,1.056784211586549
4310,rho_b,0.0008871,0.0008746501519045995,1.2449848095400537e-05,1.4034323166910396
4311,rho_b,0.00088,0.0008688049268228545,1.1195073177145526e-05,1.272167405048165
4312,rho_b,0.00087933,0.0008730459020866456,6.284097913354355e-06,0.7146461403805049
4313,rho_b,0.0007151,0.0007098642881848879,5.235711815112089e-06,0.7321649850077526
4314,rho_b,0.00065,0.000653356807396651,3.356807396650988e-06,0.5164319063825644
4315,rho_b,0.000634,0.0006405157167522818,6.5157167522817815e-06,1.0277155744486792
4316,rho_b,0.000671,0.0006775231014574984,6.523101457498359e-06,0.9721462664347088
4317,rho_b,0.000691,0.000692627778767981,1.6277787679810137e-06,0.23556856231915024
4318,rho_b,0.000723,0.0007114290774160551,1.1570922583944922e-05,1.6004042279309654
4319,rho_b,0.000636,0.0006405487110953441,4.5487110953441184e-06,0.7152061459421474
4320,rho_b,0.00056,0.0005682004548222705,8.20045482227054e-06,1.46436692993337
4321,rho_b,0.00086,0.0008695288727742027,9.528872774202703e-06,1.1080084608282115
4322,rho_b,0.00089,0.0008817503347970791,8.249665202920845e-06,0.9269286734439953
4323,rho_b,0.00091,0.0009179126873098616,7.912687309861587e-06,0.8695260770512446
4324,rho_b,0.00079,0.0007934395724682788,3.4395724682787735e-06,0.4353889194841626
4325,rho_b,0.00093797,0.0009405752941302578,2.605294130257835e-06,0.27775879052424357
4326,rho_b,0.00095,0.000950779198651226,7.791986512260167e-07,0.08202091056903238
4327,rho_b,0.00092,0.0009186422174965025,1.3577825034975528e-06,0.1475850545675763
4328,rho_b,0.00091,0.0009127996643397235,2.7996643397234762e-06,0.3076554216095519
4329,rho_b,0.00091,0.0009183020371542605,8.302037154260533e-06,0.9123117741909248
4330,rho_b,0.00079,0.0007879902034706234,2.0097965293766097e-06,0.2544046236496916
4331,rho_b,0.00061,0.0006079344587433515,2.0655412566484297e-06,0.33861332020693385
4337,rho_b,0.0008553,0.0008681677996596598,1.2867799659659735e-05,1.5044779193984514
4338,rho_b,0.0008255,0.0008344224795169125,8.92247951691258e-06,1.0808576021930956
4339,rho_b,0.0006943,0.0006951100273534457,8.100273534456404e-07,0.11666820571495871
4340,rho_b,0.0008282,0.0008391483545174455,1.0948354517445556e-05,1.321945726180403
4341,rho_b,0.0005764,0.0005832359176708882,6.835917670888129e-06,1.1859676715871708
4342,rho_b,0.0006151,0.0006095510295836596,5.54897041634046e-06,0.9021249239667063
4343,rho_b,0.0008154,0.0008280136569623884,1.261365696238843e-05,1.5469287401176286
4344,rho_b,0.001363,0.001372834610786247,9.834610786246898e-06,0.7215415098335644
4345,rho_b,0.00104,0.0010307818073322689,9.218192667731018e-06,0.8863646787372473
4346,rho_b,0.0006512,0.0006515253742912991,3.253742912991478e-07,0.049965339496236855
4347,rho_b,0.000861,0.0008680935685264834,7.093568526483386e-06,0.823875553803093
4348,rho_b,0.0006151,0.0006095510295836596,5.54897041634046e-06,0.9021249239667063
4349,rho_b,0.003982,0.00398350356676937,1.5035667693700724e-06,0.03775908510779712
4352,rho_b,0.001903,0.0019147798246767973,1.1779824676797293e-05,0.6190133825857677
4355,rho_b,0.001174,0.0011836867870922284,9.686787092228486e-06,0.8251096323660468
4358,rho_b,0.00135,0.0013463129199782612,3.687080021738849e-06,0.2731170384450132
4362,rho_b,0.0009388,0.0009454188491164845,6.618849116484492e-06,0.705032926015569
4363,rho_b,0.001964,0.0019499159340502542,1.408406594974581e-05,0.7171113005384265
4364,rho_b,0.0006151,0.0006095510295836596,5.54897041634046e-06,0.9021249239667063
4365,rho_b,0.0009957,0.0009869801698696198,8.719830130380149e-06,0.8757487317086132
4366,rho_b,0.000811,0.0008264428253900471,1.544282539004717e-05,1.9041708225654081
4367,rho_b,0.0006178,0.000617638352265577,1.6164773442299725e-07,0.026165058944860257
4368,rho_b,0.0007071,0.0007111475844244138,4.047584424413781e-06,0.5724203675137289
4369,rho_b,0.0007947,0.0007983778916423733,3.6778916423733238e-06,0.462802521422587
4370,rho_b,0.0006151,0.0006095510295836596,5.54897041634046e-06,0.9021249239667063
4373,rho_b,0.0009259,0.0009104192265351856,1.5480773464814448e-05,1.6719703475639642
4374,rho_b,0.0009491,0.0009539353709122346,4.835370912234537e-06,0.5094690661826833
4375,rho_b,0.0010701,0.0010758679305212925,5.767930521292453e-06,0.539008552088811
4376,rho_b,0.0009701,0.0009726792565318811,2.579256531881082e-06,0.26587532514403966
4377,rho_b,0.0010503,0.0010487852280485536,1.5147719514465446e-06,0.14422278872744135
4378,rho_b,0.0009952,0.0009952282662137794,2.8266213779543428e-08,0.002840254597180555
4379,rho_b,0.0009911,0.000997128523632744,6.028523632744089e-06,0.6082659294381425
4380,rho_b,0.0009397,0.0009512899280432919,1.1589928043291846e-05,1.2333646941532617
4381,rho_b,0.0008951,0.000888963568533391,6.136431466608979e-06,0.6855582012907382
4382,rho_b,0.0011613,0.0011644280483922328,3.1280483922327407e-06,0.26935747778689106
4383,rho_b,0.0010695,0.0010623645533359843,7.1354466640155805e-06,0.6671759380405631
4384,rho_b,0.0009392,0.0009405239902317814,1.323990231781461e-06,0.14096999897484677
4385,rho_b,0.000746,0.0007357900075263907,1.0209992473609328e-05,1.368631697040618
4386,rho_b,0.000617,0.0006065099186980395,1.0490081301960542e-05,1.7001752487777615
4387,rho_b,0.00048,0.00048269225734216977,2.6922573421697574e-06,0.5608869451168517
4388,rho_b,0.000484,0.0004866996530644628,2.6996530644628008e-06,0.5577795576208688
4389,rho_b,0.000457,0.0004516926618537909,5.307338146209081e-06,1.1613431366730087
4390,rho_b,0.00046,0.0004707864440723046,1.0786444072304578e-05,2.3448791410556056
4391,rho_b,0.000476,0.00047969694155228644,3.696941552286414e-06,0.7766683917058257
4392,rho_b,0.000487,0.0004895661749013588,2.5661749013587655e-06,0.5269352969382777
4393,rho_b,0.000506,0.0005124083766635339,6.40837666353387e-06,1.2664775989859869
4394,rho_b,0.00053,0.0005322542904903407,2.254290490340694e-06,0.4253378275636445
4395,rho_b,0.000532,0.000532234560273705,2.3456027370492415e-07,0.04409027692932733
4396,rho_b,0.000533,0.0005339622989777554,9.6229897775539e-07,0.18054389792682007
4397,rho_b,0.000547,0.0005502638008034421,3.2638008034420983e-06,0.5966729063026269
4398,rho_b,0.000531,0.0005355262657573028,4.526265757302805e-06,0.8524040958152098
4399,rho_b,0.000503,0.0005118795761531446,8.879576153144665e-06,1.765323287374042
4400,rho_b,0.000393,0.000408370295798853,1.537029579885298e-05,3.911016732758985
4401,rho_b,0.000533,0.0005095881233979677,2.3411876602032373e-05,4.392472149738771
4402,rho_b,0.000371,0.00031710010572758116,5.389989427241886e-05,14.528273349632377
4403,rho_b,0.000417,0.00039612616775497973,2.087383224502027e-05,5.005715154667415
4404,rho_b,0.000463,0.00045832460734099046,4.67539265900952e-06,1.009804027842652
4405,rho_b,0.00051,0.0004993471028934349,1.0652897106565133e-05,2.0888033501327645
4406,rho_b,0.000452,0.00044821559634300836,3.7844036569916243e-06,0.8372574443847456
4407,rho_b,0.00044,0.0004424337006940142,2.4337006940141855e-06,0.5531137928370563
4408,rho_b,0.000565,0.0005745982529572403,9.598252957240317e-06,1.6988058301331432
4409,rho_b,0.000612,0.0006109837964724998,1.0162035275002512e-06,0.16604632775159933
4410,rho_b,0.000607,0.0006077731708906914,7.731708906913827e-07,0.12737576431921335
4411,rho_b,0.00074,0.0007356136724121546,4.386327587845408e-06,0.5927469705294511
4412,rho_b,0.000674,0.0006716949614052386,2.305038594761365e-06,0.3419938562821107
4413,rho_b,0.000727,0.0007175564226004268,9.443577399573179e-06,1.2989790077831347
4414,rho_b,0.000548,0.0005584983153488219,1.0498315348821878e-05,1.9157509725664905
4415,rho_b,0.000424,0.0004415072595612483,1.7507259561248302e-05,4.129070641499433
4416,rho_b,0.00062576,0.0006367642539161526,1.100425391615254e-05,1.7585422364112626
4417,rho_b,0.00062576,0.0006357973844180996,1.0037384418099525e-05,1.6040310026302758
4418,rho_b,0.00062576,0.0006316532942461318,5.893294246131779e-06,0.941781871118953
4419,rho_b,0.00062576,0.0006307333835688018,4.973383568801742e-06,0.7947749234297482
4420,rho_b,0.00062576,0.0006306591788163252,4.899178816325186e-06,0.7829165827946848
4421,rho_b,0.00062576,0.0006306215913109876,4.8615913109875805e-06,0.7769098860934673
4422,rho_b,0.00062576,0.0006305196002728355,4.759600272835466e-06,0.7606111392913184
4423,rho_b,0.00062576,0.0006307839286941283,5.023928694128268e-06,0.8028523213531936
4424,rho_b,0.00062576,0.0006309189835687558,5.158983568755745e-06,0.8244348568958381
4425,rho_b,0.00062576,0.0006308831329753608,5.1231329753607556e-06,0.8187057285818361
4426,rho_b,0.00062576,0.000630932754650364,5.172754650363911e-06,0.8266355539020639
4427,rho_b,0.00064965,0.0006472223752472594,2.427624752740585e-06,0.37368194397040955
4428,rho_b,0.000715,0.0007114951842999419,3.504815700058157e-06,0.49018401330857575
4429,rho_b,0.000617,0.0006065099186980395,1.0490081301960542e-05,1.7001752487777615
4430,rho_b,0.000632,0.0006342148128340337,2.2148128340337535e-06,0.35044506812172516
4431,rho_b,0.000519,0.0005295846666243254,1.0584666624325408e-05,2.0394347984452907
4432,rho_b,0.0005108,0.0005157246802830636,4.924680283063614e-06,0.9641112516488846
4433,rho_b,0.0003434,0.0003547692526691533,1.1369252669153293e-05,3.310789934783166
4434,rho_b,0.0005004,0.0004952249559432642,5.175044056735857e-06,1.0341814641075224
4435,rho_b,0.0004739,0.00048512733649196647,1.1227336491966445e-05,2.369136203476489
4436,rho_b,0.000566,0.0005692555520046125,3.2555520046125604e-06,0.5751858655230923
4437,rho_b,0.0005347,0.0005320499893608428,2.65001063915729e-06,0.4956070009727361
4438,rho_b,0.0005389,0.0005334204650508368,5.479534949163274e-06,1.016799951567132
4439,rho_b,0.000579,0.0005800051651807486,1.005165180748631e-06,0.17360365786055174
4440,rho_b,0.000568,0.0005718899803790259,3.889980379025875e-06,0.6848556993269926
4441,rho_b,0.000639,0.0006440894260650861,5.089426065086103e-06,0.7964673015839484
4442,rho_b,0.0006059,0.0006083504907116773,2.4504907116772168e-06,0.40443814286727764
4443,rho_b,0.000686,0.0006810753260810363,4.92467391896372e-06,0.7178824944292851
4444,rho_b,0.000814,0.0008194785197841434,5.478519784143303e-06,0.6730368276920067
4445,rho_b,0.000734,0.0007281803671000787,5.81963289992128e-06,0.7928655166202486
4446,rho_b,0.000705,0.0007011571474693227,3.842852530677341e-06,0.5450854645711328
4447,rho_b,0.0006567,0.0006608478793205941,4.147879320594121e-06,0.6316246862003768
4448,rho_b,0.0006393,0.000645122952896769,5.822952896769032e-06,0.9108326118662139
4449,rho_b,0.000642,0.0006504990608993608,8.499060899360778e-06,1.3238412595206177
4450,rho_b,0.0006587,0.0006591168247698029,4.1682476980284613e-07,0.0632799103036355
4451,rho_b,0.000608,0.0006131402517361693,5.1402517361692854e-06,0.8454361394267966
4452,rho_b,0.0006607,0.0006628416087202306,2.1416087202306804e-06,0.32414238186609
4453,rho_b,0.0006382,0.0006473540918002747,9.154091800274672e-06,1.4343609818130776
4454,rho_b,0.000616,0.0006126269790915826,3.3730209084174498e-06,0.5475683283996374
4455,rho_b,0.0006045,0.0006085943776026736,4.094377602673581e-06,0.6773163930356355
4456,rho_b,0.000628,0.000640562890355033,1.2562890355033007e-05,2.0004602444312747
4457,rho_b,0.0006931,0.0006935099743569924,4.099743569923762e-07,0.05915082331566412
4458,rho_b,0.000604,0.0005927074095101955,1.12925904898045e-05,1.8696341839583042
4459,rho_b,0.000673,0.000665083852426218,7.916147573782035e-06,1.176247780389236
4460,rho_b,0.000589,0.000583424653775904,5.57534622409601e-06,0.9465783046910402
4461,rho_b,0.000418,0.00041947828333538747,1.4782833353874482e-06,0.3536562994858577
4462,rho_b,0.000487,0.0004885984841600466,1.5984841600465887e-06,0.32823083301114586
4463,rho_b,0.000688,0.0006837982461767734,4.201753823226614e-06,0.6107200315580543
4464,rho_b,0.000562,0.0005599760139016667,2.0239860983332827e-06,0.36013987450745266
4465,rho_b,0.000674,0.0006676725526247603,6.3274473752397e-06,0.938790410363768
4466,rho_b,0.000605,0.0005985388738105967,6.461126189403251e-06,1.0679547402849099
4467,rho_b,0.0006,0.0005932196012367037,6.7803987632962135e-06,1.130066458665925
4468,rho_b,0.000669,0.0006622063158745775,6.793684125422491e-06,1.0154983729846798
4469,rho_b,0.000729,0.0007208832660649239,8.116733935076195e-06,1.1134065739289614
4470,rho_b,0.00092603,0.000931125706971738,5.0957069717379785e-06,0.5502745014994367
4471,rho_b,0.00089431,0.0008921075038783053,2.202496121694701e-06,0.24627882045732608
4472,rho_b,0.00085864,0.0008646373091022823,5.99730910228228e-06,0.6984660737093099
4473,rho_b,0.00085091,0.000842370905407532,8.53909459246798e-06,1.0035250005797007
4474,rho_b,0.00079583,0.0008011951502524422,5.365150252442229e-06,0.6741578283930804
4475,rho_b,0.00072906,0.0007231583098568352,5.901690143164835e-06,0.8094930643664313
4476,rho_b,0.00065061,0.0006520008388154952,1.39083881549513e-06,0.21377458283109452
4477,rho_b,0.0010508,0.0010422616359236838,8.538364076316179e-06,0.8125584381605058
4478,rho_b,0.0009738,0.0009717968747674384,2.003125232561613e-06,0.2057019131756617
4479,rho_b,0.0009412,0.0009396054829065604,1.594517093439626e-06,0.16941320566781704
4480,rho_b,0.0009379,0.0009349219972253772,2.9780027746228142e-06,0.31751815454180965
4481,rho_b,0.0008889,0.000877911893738191,1.0988106261809e-05,1.2361465012315824
4482,rho_b,0.000767,0.0007670303610593261,3.036105932613907e-08,0.0039584171168911214
4483,rho_b,0.0006949,0.0006928235601395265,2.0764398604735095e-06,0.29881131925246746
4484,rho_b,0.001665,0.0016474030367887608,1.7596963211239216e-05,1.056874666706935
4485,rho_b,0.00161,0.0016334432624923137,2.3443262492313637e-05,1.4561032594877392
4486,rho_b,0.00164,0.0016430667615729136,3.0667615729135927e-06,0.1869976567709522
4487,rho_b,0.0016309,0.0016423006066822688,1.1400606682268827e-05,0.6990377506455607
4488,rho_b,0.00157,0.0015764927822348998,6.4927822348997705e-06,0.4135530083289325
4489,rho_b,0.0014699,0.001474761697504097,4.861697504097116e-06,0.3307502211571954
4490,rho_b,0.00142,0.0014145658876737696,5.434112326230473e-06,0.382683966366453
4491,rho_b,0.0012256,0.001229072395098426,3.472395098426005e-06,0.2833220541443198
4492,rho_b,0.00127,0.0012548006729798625,1.519932702013756e-05,1.1967974022180776
4493,rho_b,0.0010004,0.0010003805932669945,1.9406733005539537e-08,0.001939897339678185
4494,rho_b,0.000882,0.0008736197313394266,8.380268660573387e-06,0.9501438379900168
4495,rho_b,0.000811,0.0008180558615151402,7.055861515140212e-06,0.8700199144808893
4496,rho_b,0.0004784,0.0004783022959286697,9.770407133027252e-08,0.020423091790560538
4497,rho_b,0.0005061,0.0005112201080837221,5.120108083722153e-06,1.0116791293430867
4498,rho_b,0.00051,0.0005111882398093683,1.1882398093682753e-06,0.2329881974585085
4500,rho_b,0.0004928,0.0004888560993793643,3.943900620635753e-06,0.8003045074335852
4501,rho_b,0.0005001,0.0004943756518906609,5.724348109339018e-06,1.1446406914402343
4502,rho_b,0.0004901,0.0004891820029062966,9.179970937034116e-07,0.18730811912473583
4503,rho_b,0.0004837,0.00048820596741392666,4.505967413926662e-06,0.9315624156731522
4504,rho_b,0.0005,0.0004916328862143162,8.367113785683793e-06,1.6734227537899131
4505,rho_b,0.00051,0.0005114545574357853,1.454557435785265e-06,0.28520733979082186
4507,rho_b,0.0004929,0.00048681597967384046,6.084020326159543e-06,1.2343315710724745
4517,rho_b,0.000459,0.00045992174340571705,9.217434057170581e-07,0.20081555636359533
4526,rho_b,0.000455,0.00044826953219495797,6.73046780504203e-06,1.4792236901647897
4528,rho_b,0.000457,0.00045143488768360296,5.565112316397033e-06,1.217748863067734
4530,rho_b,0.000473,0.00047456327008728755,1.5632700872875486e-06,0.3305010748377458
4531,rho_b,0.00049,0.0004835059772239348,6.494022776065169e-06,1.325310767920829
4532,rho_b,0.000477,0.0004755899206402398,1.4100793597602202e-06,0.295614120923287
4533,rho_b,0.000465,0.00047221748499825356,7.2174849982535355e-06,1.552147308114422
4534,rho_b,0.000459,0.00045992174340571705,9.217434057170581e-07,0.20081555636359533
4535,rho_b,0.0002999,0.00030048961218388434,5.896121838843186e-07,0.19660292828219048
4536,rho_b,0.000344,0.0003439873418409194,1.265815908059291e-08,0.0036796973964523067
4537,rho_b,0.000354,0.0003499490183587103,4.050981641289702e-06,1.144345093176907
4538,rho_b,0.000344,0.0003439082220125045,9.177798749552147e-08,0.026679647450210755
4539,rho_b,0.0003321,0.0003204919112512906,1.1608088748709419e-05,3.495359444069806
4540,rho_b,0.000322,0.00031186246807302174,1.0137531926978282e-05,3.14830183089915
4541,rho_b,0.0003401,0.00034560980701933523,5.509807019335206e-06,1.6200549847499723
4542,rho_b,0.0003641,0.0003650918789770329,9.918789770328599e-07,0.272419383221276
4547,rho_b,0.000348,0.0003495893672291182,1.5893672291181823e-06,0.4567147196985733
4549,rho_b,0.0003683,0.00036691367376703475,1.3863262329652602e-06,0.37641222622892695
4552,rho_b,0.0003723,0.00037270990402466517,4.099040246651744e-07,0.1101004629503545
4553,rho_b,0.000348,0.00035144505675016667,3.445056750166664e-06,0.9899588334100793
4555,rho_b,0.0003633,0.0003658352276602819,2.535227660281918e-06,0.6978331002762419
4557,rho_b,0.000369,0.00037111005722577025,2.1100572257702296e-06,0.571831224946319
4559,rho_b,0.0003641,0.0003650918789770329,9.918789770328599e-07,0.272419383221276
4560,rho_b,0.00053,0.0005346728442924946,4.672844292494586e-06,0.8816687327694148
4561,rho_b,0.000486,0.00048898413249256,2.9841324925600383e-06,0.6140190301275408
4562,rho_b,0.000459,0.00045992174340571705,9.217434057170581e-07,0.20081555636359533
4563,rho_b,0.000534,0.0005321390027562723,1.860997243727713e-06,0.3485013558506928
4564,rho_b,0.000505,0.0005038276633023227,1.1723366976773564e-06,0.23214588026849456
4565,rho_b,0.000502,0.00048706864497765994,1.4931355022340014e-05,2.974373504501251
4566,rho_b,0.000495,0.0004831003174430483,1.1899682556951716e-05,2.4039762692751423
4567,rho_b,0.000449,0.0004498935611230515,8.935611230514724e-07,0.1990113855370509
4568,rho_b,0.000447,0.0004472224411791206,2.224411791205516e-07,0.04976312720870701
4569,rho_b,0.0004592,0.00045992174340571705,7.217434057170532e-07,0.15717408626857848
4570,rho_b,0.0011451,0.0011486140440316128,3.5140440316128087e-06,0.30687660715605997
4571,rho_b,0.001125,0.001126900079809875,1.9000798098750635e-06,0.1688959829498759
4572,rho_b,0.0011863,0.0011914824598267609,5.182459826760929e-06,0.436859126898115
4573,rho_b,0.0010201,0.0010201136557671344,1.3655767134483979e-08,0.001338669456043259
4574,rho_b,0.0009151,0.0009197070679058318,4.6070679058317875e-06,0.5034496667902186
4575,rho_b,0.0008256,0.0008354580008274037,9.858000827403643e-06,1.1940407964466127
4576,rho_b,0.0007121,0.0007095654560844313,2.534543915568726e-06,0.3559252790351739
4577,rho_b,0.0006881,0.0006868969544391458,1.203045560854211e-06,0.17483586093676098
4578,rho_b,0.0005416,0.0005356065230443772,5.993476955622819e-06,1.1066242512105937
4579,rho_b,0.0005083,0.0005087773251737876,4.773251737875571e-07,0.09390619178605059
4580,rho_b,0.0004771,0.0004735852880075504,3.5147119924495702e-06,0.7366824533814181
4581,rho_b,0.0004607,0.00046270923514089856,2.0092351408985878e-06,0.43612657619651013
4582,rho_b,0.0004155,0.0004102576614862915,5.242338513708521e-06,1.261693983415543
4583,rho_b,7.6e-05,5.710632707674364e-05,1.8893672923256367e-05,24.86009562454659
4584,rho_b,0.000162,0.00022041533201469293,5.841533201469292e-05,36.05884670006448
4585,rho_b,0.000188,0.0002188318204020286,3.083182040202861e-05,16.39990438193062
4586,rho_b,0.000245,0.00026685398779384786,2.1853987793847866e-05,8.919994981488946
4587,rho_b,0.000348,0.0003534043954636749,5.404395463674914e-06,1.552987197742828
4588,rho_b,0.000382,0.00038115141970811845,8.48580291881566e-07,0.22214143708380935
4589,rho_b,0.000296,0.0002895451531137102,6.454846886289804e-06,2.1806915082712464
4590,rho_b,0.0003439,0.00034708792058720417,3.1879205872041593e-06,0.9269905722402598
4591,rho_b,0.0003449,0.00035557833051692996,1.0678330516929982e-05,3.096065667141005
4592,rho_b,0.0003643,0.0003716011430654943,7.301143065494269e-06,2.0041567514281367
4593,rho_b,0.0003817,0.0003922883134896741,1.0588313489674067e-05,2.7739883316568466
4594,rho_b,0.00044,0.0004278233458851052,1.2176654114894817e-05,2.767421383459228
4595,rho_b,0.00045,0.00044029906059555164,9.700939404448346e-06,2.1557643073090453
4597,rho_b,0.00024,0.00026160784879068896,2.160784879068895e-05,9.003270291940103
4599,rho_b,0.000448,0.0004419135636526427,6.086436347357317e-06,1.3585795387882862
4601,rho_b,0.000406,0.0004019947825839319,4.005217416068127e-06,0.98650675029632
4602,rho_b,0.000414,0.0004095256081698723,4.474391830127668e-06,1.0807709708502315
4603,rho_b,0.000332,0.0003299216499178829,2.0783500821170797e-06,0.626009058993069
4604,rho_b,0.003088,0.003053065465590057,3.493453440994287e-05,1.1312996890748015
4605,rho_b,0.004101,0.004115434967805166,1.4434967805166538e-05,0.3519865350316184
4606,rho_b,0.003858,0.0038540677049632515,3.932295036748398e-06,0.1019257396508331
4607,rho_b,0.003414,0.0034425205207531916,2.852052075319163e-05,0.8353989673356076
4608,rho_b,0.002981,0.003052098707367841,7.109870736784086e-05,2.38506230607146
4609,rho_b,0.002705,0.0027235899182079973,1.8589918207997328e-05,0.6872428170471313
4610,rho_b,0.0007779,0.0007633579725327727,1.4542027467227261e-05,1.8693954812358025
4611,rho_b,0.00093014,0.0009296703225081904,4.696774918096268e-07,0.05049535460303538
4612,rho_b,0.0010701,0.0010758679305212925,5.767930521292453e-06,0.539008552088811
4613,rho_b,1e-06,4.7582416217072316e-06,3.758241621707232e-06,375.8237863469368
4614,rho_b,0.00066044,0.0006608617697014067,4.2176970140668426e-07,0.0638619254993739
4615,rho_b,0.00165,0.0016489550131176351,1.044986882364849e-06,0.06333253828675901
4616,rho_b,0.0015,0.0015054815768152303,5.481576815230234e-06,0.36543845410505665
4617,rho_b,0.00152,0.0015210134272982362,1.013427298236086e-06,0.06667284852429983
4619,rho_b,0.00155,0.0015429513297945897,7.0486702054102165e-06,0.45475291618468955
4622,rho_b,0.00171,0.0017256824440779767,1.56824440779768e-05,0.9171019923278235
4623,rho_b,0.00165,0.0016489550131176351,1.044986882364849e-06,0.06333253828675901
4624,rho_b,0.0015,0.0015057716886062954,5.771688606295367e-06,0.3847792401631716
4625,rho_b,0.00054,0.000547158408802113,7.158408802112985e-06,1.32563125719568
4626,rho_b,0.00106,0.0010614005923956144,1.400592395614476e-06,0.13213135795218514
4627,rho_b,0.00101,0.0010185977752817331,8.597775281733071e-06,0.8512648785366754
4628,rho_b,0.00107,0.0010701302964508386,1.3029645083858198e-07,0.01217723838474856
4629,rho_b,0.00156,0.0015707449128149168,1.0744912814916784e-05,0.6887764620531422
4630,rho_b,0.0015,0.001506143379053305,6.143379053304924e-06,0.4095586032806225
4631,rho_b,0.000852,0.0008534770519570434,1.4770519570434307e-06,0.17336290555279363
4632,rho_b,0.000902,0.000919124816519702,1.7124816519701984e-05,1.898538414713592
4633,rho_b,0.001149,0.0011482288905312933,7.711094687067738e-07,0.06711135492042299
4634,rho_b,0.001155,0.0011499974119869023,5.002588013097676e-06,0.4331245029235005
4635,rho_b,0.00127,0.0012751254239169408,5.125423916940751e-06,0.40357668605551056
4636,rho_b,0.001391,0.0013919790196864719,9.790196864717642e-07,0.07038243607246153
4637,rho_b,0.001477,0.0014767738583880156,2.2614161198438072e-07,0.015310874193044818
4638,rho_b,0.001682,0.0016863788415321093,4.378841532109382e-06,0.2603354060348412
4639,rho_b,0.001674,0.0016866064747949445,1.2606474794944538e-05,0.753074957432126
4640,rho_b,0.001666,0.001638492188681237,2.7507811318763006e-05,1.6511291297870176
4641,rho_b,0.00165,0.0016376558873548728,1.2344112645127237e-05,0.7481280386452095
4642,rho_b,0.00163,0.001627453011430967,2.546988569033029e-06,0.15625696732947605
4643,rho_b,0.001609,0.0016048255940774162,4.1744059225837585e-06,0.2594410142939309
4644,rho_b,0.0016,0.0016057746664490317,5.774666449031652e-06,0.3609166528389053
4645,rho_b,0.001577,0.001577965798233539,9.657982335388535e-07,0.06124275414879048
4646,rho_b,0.001566,0.0015781371448681622,1.2137144868162343e-05,0.7750411788257939
4647,rho_b,0.001539,0.0015273751321845724,1.1624867815427601e-05,0.7553520342998103
4648,rho_b,0.001532,0.0015272190774988485,4.7809225011514415e-06,0.3120706591403874
4649,rho_b,0.0004619,0.00047832518690966384,1.6425186909663832e-05,3.5560049521766146
4650,rho_b,0.0007014,0.0007017676028663692,3.676028663691629e-07,0.05240987536998348
4651,rho_b,0.0016832,0.0016807179535023521,2.4820464976477944e-06,0.1474599867023048
4653,rho_b,0.0015938,0.0015956304167051285,1.8304167051284934e-06,0.11484607252980504
4654,rho_b,0.000677,0.0006800295946419335,3.029594641933554e-06,0.44750290065857096
4655,rho_b,0.0013384,0.0013318164429419743,6.583557058025685e-06,0.49189756822375297
4656,rho_b,0.0007331,0.0007512688295255368,1.816882952553685e-05,2.478356227084066
4657,rho_b,0.0014098,0.0014275403890379786,1.774038903797873e-05,1.2583621099017668
4658,rho_b,0.0007436,0.0007542929018943811,1.069290189438109e-05,1.4379911081228052
4659,rho_b,0.0005556,0.0005604869455139783,4.886945513978371e-06,0.8795798245468995
4660,rho_b,0.0005777,0.0005765879958879612,1.112004112038779e-06,0.19248816169532584
4661,rho_b,0.0003878,0.0003778242191993168,9.975780800683181e-06,2.572403500505195
4662,rho_b,0.0013384,0.0013318164429419743,6.583557058025685e-06,0.49189756822375297
4663,rho_b,0.00054,0.000547158408802113,7.158408802112985e-06,1.32563125719568
4664,rho_b,0.0009525,0.0009648274085196646,1.2327408519664622e-05,1.2942161161913344
4665,rho_b,0.00074165,0.0007404084790537057,1.2415209462942646e-06,0.16739984421496207
4666,rho_b,0.0006405,0.0006603256635856072,1.9825663585607152e-05,3.0953416947156493
4667,rho_b,0.000665,0.0006771250916665065,1.2125091666506508e-05,1.823322052371923
4668,rho_b,0.00136,0.001348182941244201,1.1817058755799175e-05,0.8689013784639824
4669,rho_b,0.00104,0.0010293114758105617,1.0688524189438183e-05,1.0277427095346883
4670,rho_b,0.0010718,0.0010717243962434253,7.560375657467144e-08,0.007053905253231237
4671,rho_b,0.0008514,0.0008534770519570434,2.0770519570434453e-06,0.24395724155554063
4672,rho_b,0.0009141,0.0009159106114728896,1.8106114728895593e-06,0.1980758637904825
4673,rho_b,0.0009478,0.0009482348068187501,4.3480681875005065e-07,0.045875376481462005
4674,rho_b,0.0010141,0.0010127808499042787,1.319150095721285e-06,0.13008086918651773
4675,rho_b,0.0010704,0.0010735456629414552,3.1456629414551747e-06,0.2938773298315024
4676,rho_b,0.0011613,0.0011644280483922328,3.1280483922327407e-06,0.26935747778689106
4677,rho_b,0.0010233,0.0010272659299648702,3.965929964870173e-06,0.3875627832497357
4678,rho_b,0.0010517,0.00105157852280043,1.2147719957006885e-07,0.011550556190412026
4679,rho_b,0.0010909,0.0010944674214907473,3.5674214907473623e-06,0.32701636148842234
4680,rho_b,0.0010704,0.0010735456629414552,3.1456629414551747e-06,0.2938773298315024
4681,rho_b,0.00195,0.0019660369012528198,1.6036901252819858e-05,0.8224051920305542
4682,rho_b,0.001883,0.0018944477692655775,1.1447769265577603e-05,0.6079537578065888
4683,rho_b,0.001801,0.0017810478109534446,1.9952189046555484e-05,1.107839480037595
4684,rho_b,0.00175,0.0017518006949602178,1.8006949602177805e-06,0.10289685481078925
4685,rho_b,0.001684,0.0016781175614225727,5.882438577427219e-06,0.3493134545091499
4686,rho_b,0.001583,0.0015924734185150244,9.473418515024363e-06,0.5984471578673336
4687,rho_b,0.001517,0.0014942503592282551,2.274964077174477e-05,1.4996467209458342
4688,rho_b,0.0014,0.0014245937286808286,2.459372868082862e-05,1.7566949045186908
4689,rho_b,0.0013,0.0012904140400143611,9.58595998563883e-06,0.7373815367896166
4690,rho_b,0.0012,0.0012064688901824874,6.468890182487544e-06,0.5390741814247335
4691,rho_b,0.00105,0.001040715316321129,9.284683678870923e-06,0.8842555876217493
4692,rho_b,0.0009515,0.0009438119671063177,7.688032893682297e-06,0.8079908445194313
4693,rho_b,0.0008832,0.0008778816151725024,5.318384827497592e-06,0.6021721944605831
4694,rho_b,0.0011613,0.0011644280483922328,3.1280483922327407e-06,0.26935747778689106
4695,rho_b,0.0011288,0.0011231519928034091,5.648007196590787e-06,0.5003549957111302
4696,rho_b,0.0010183,0.0010198792867637007,1.5792867637007095e-06,0.15509051970439008
4697,rho_b,0.0009743,0.0009720938480796654,2.2061519203346418e-06,0.22643455999900403
4698,rho_b,0.0008514,0.0008534770519570434,2.0770519570434453e-06,0.24395724155554063
4699,rho_b,0.0019455,0.001946239573806572,7.395738065719536e-07,0.03801458782790068
4700,rho_b,0.001743,0.001725717651510718,1.7282348489281894e-05,0.991528885792691
4701,rho_b,0.0012953,0.00129237644799497,2.923552005030172e-06,0.22570462462542465
4702,rho_b,0.0012191,0.0012190194187598339,8.058124016619914e-08,0.006609895832999768
4703,rho_b,0.0012105,0.0012180667079558234,7.566707955823388e-06,0.6250894629964885
4704,rho_b,0.0011411,0.0011317183914004185,9.381608599581467e-06,0.8221548147717045
4705,rho_b,0.0009354,0.0009384377606220098,3.037760622009826e-06,0.3247552510971
4706,rho_b,0.0008732,0.0008761460971861973,2.946097186197331e-06,0.3373908821373594
4707,rho_b,0.0012615,0.0012572217833925318,4.278216607468211e-06,0.33913726548369705
4708,rho_b,0.0008309,0.0008470428172001782,1.614281720017821e-05,1.942811070014454
4709,rho_b,0.0009848,0.000985285216102635,4.852161026348573e-07,0.049270522150909025
4710,rho_b,0.0011736,0.0011607465762657593,1.2853423734240574e-05,1.0952133370218509
4711,rho_b,0.0012241,0.0012156040816665888,8.495918333411342e-06,0.694054270604591
4712,rho_b,0.0006957,0.0007045394904053265,8.839490405326443e-06,1.2705893909185781
4713,rho_b,0.0009383,0.0009358593601279724,2.44063987202758e-06,0.26011295634940323
4714,rho_b,0.0010872,0.0010919439006193648,4.743900619364871e-06,0.4363411161701122
4715,rho_b,0.0005217,0.000527374897681271,5.674897681270897e-06,1.0877703029314154
4716,rho_b,0.00065272,0.0006558467478870812,3.126747887081255e-06,0.4790335645132552
4717,rho_b,0.00070018,0.0006963085608025757,3.871439197424323e-06,0.5529205621261843
4718,rho_b,0.00080205,0.0007993646746994543,2.6853253005457156e-06,0.3348077173739341
4719,rho_b,0.00075426,0.0007647033802151224,1.044338021512247e-05,1.3845862436396743
4720,rho_b,0.00088024,0.0008746916096095494,5.54839039045062e-06,0.6303269999258554
4721,rho_b,0.00077766,0.0007746625210178805,2.9974789821195095e-06,0.38544852226744647
4722,rho_b,0.00082603,0.0008340471142609177,8.017114260917705e-06,0.9705596953151954
4723,rho_b,0.0008146,0.0008217942675984426,7.194267598442617e-06,0.8831656751302431
4724,rho_b,0.00073504,0.0007458627085785648,1.0822708578564814e-05,1.472397225163371
4725,rho_b,0.0010211,0.001016799524915781,4.300475084218977e-06,0.42116101067548395
4726,rho_b,0.0011435,0.0011203901530305684,2.3109846969431545e-05,2.020974809726436
4728,rho_b,0.0010687,0.0010542280795835975,1.4471920416402441e-05,1.3541611680416235
4729,rho_b,0.001858,0.0018437258721818526,1.4274127818147443e-05,0.7682523041154424
4730,rho_b,0.00166,0.0016317931432890103,2.8206856710989714e-05,1.6992082345781705
4731,rho_b,0.001557,0.0015329031644702828,2.409683552971717e-05,1.5476451839589416
4732,rho_b,0.00144,0.0014313077539183227,8.692246081677419e-06,0.6036281996973012
4733,rho_b,0.00103,0.0010398201056153985,9.820105615398382e-06,0.953408311248961
4734,rho_b,0.001001,0.0010165172995716327,1.551729957163274e-05,1.550179775837257
4735,rho_b,0.000787,0.0007932684147875236,6.2684147875235845e-06,0.7964948893975394
4736,rho_b,0.00065,0.0006395374113741168,1.0462588625883206e-05,1.609629016890295
4737,rho_b,0.00251,0.0024898966441636652,2.0103355836334838e-05,0.8009305110886666
4738,rho_b,0.002483,0.002487414363859159,4.414363859158842e-06,0.17778348197265434
4739,rho_b,0.00249,0.002497180549811423,7.180549811422812e-06,0.28837549431883763
4740,rho_b,0.002377,0.0023932978607111898,1.6297860711189573e-05,0.6856483258028224
4741,rho_b,0.002568,0.0025257025239964577,4.2297476003542306e-05,1.6470979745744285
4742,rho_b,0.002152,0.002152861571565198,8.615715651979529e-07,0.040035853382787846
4743,rho_b,0.00251,0.002512410911255895,2.4109112558949597e-06,0.0960522412324477
4744,rho_b,0.0022931,0.002285291911062992,7.808088937008139e-06,0.340503638463351
4745,rho_b,0.0018691,0.0018859961097679046,1.6896109767904587e-05,0.903970347165207
4746,rho_b,0.0022751,0.0022480273619919435,2.707263800805649e-05,1.1899537601053558
4747,rho_b,0.0022,0.0021871149710431144,1.288502895688574e-05,0.5856831341376777
4748,rho_b,0.0021401,0.0021368167129305615,3.2832870694382912e-06,0.1534174603011129
4749,rho_b,0.0021561,0.002182229616571116,2.6129616571115948e-05,1.2118926097582217
4750,rho_b,0.0020671,0.0020499428965029143,1.715710349708575e-05,0.8300083928588683
4751,rho_b,0.0020171,0.0020499428965029143,3.284289650291438e-05,1.6282235132929526
4752,rho_b,0.0022211,0.002183481261106749,3.761873889325095e-05,1.6936985672105698
4753,rho_b,0.00215,0.0021334363310154484,1.6563668984551604e-05,0.7704032082254685
4754,rho_b,0.0021251,0.0021339394693614074,8.839469361407448e-06,0.4159554542020561
4755,rho_b,0.0021471,0.002130677944135512,1.6422055864487826e-05,0.7648482072022423
4756,rho_b,0.0020651,0.0020478861971593345,1.721380284066534e-05,0.8335578341160119
4757,rho_b,0.0021701,0.0021722638147483363,2.1638147483364102e-06,0.09971037036723222
4758,rho_b,0.0020251,0.0020399704746358696,1.4870474635869397e-05,0.7343081639685108
4759,rho_b,0.0020081,0.0020386020691101686,3.0502069110168503e-05,1.518951700362481
4760,rho_b,0.0019501,0.0019462880731959422,3.81192680405781e-06,0.19547340147187714
4761,rho_b,0.0022301,0.0022431625501325384,1.3062550132538365e-05,0.585738313379713
4762,rho_b,0.0018621,0.001842426786150376,1.967321384962399e-05,1.0565068384651157
4763,rho_b,0.0020061,0.002039732092129542,3.3632092129542296e-05,1.6764913071520555
4765,rho_b,0.0020451,0.002047275302165208,2.175302165207879e-06,0.10636654267000213
4766,rho_b,0.002146,0.0021255522369111788,2.0447763088821125e-05,0.9528314575625727
4768,rho_b,0.0022931,0.002285703857888919,7.396142111081375e-06,0.32253901303283694
4769,rho_b,0.001869,0.0018857346144657533,1.6734614465753255e-05,0.8953779805671201
4770,rho_b,0.002483,0.002487414363859159,4.414363859158842e-06,0.17778348197265434
4772,rho_b,0.001253,0.001264144592408586,1.1144592408585986e-05,0.8894327533672512
4773,rho_b,0.000506,0.0005125979774211189,6.597977421118873e-06,1.3039481043635162
4774,rho_b,0.000652,0.0006549996988096732,2.999698809673162e-06,0.4600765038454597
4775,rho_b,0.000703,0.0006926536407893494,1.0346359210650535e-05,1.4717438401042813
4776,rho_b,0.000747,0.000739748986223645,7.251013776355059e-06,0.9706845738484889
4777,rho_b,0.000791,0.0007879754073339798,3.0245926660202272e-06,0.3823758106443071
4778,rho_b,0.000854,0.0008561127307511457,2.1127307511456528e-06,0.24739235932924228
4779,rho_b,0.000916,0.0009150180436133062,9.819563866938488e-07,0.10720047877967728
4780,rho_b,0.001,0.0009925862450162514,7.413754983748647e-06,0.7413754976334892
4781,rho_b,0.001058,0.0010532856864102157,4.714313589784195e-06,0.4455872953996524
4782,rho_b,0.001255,0.0012580010595551164,3.0010595551163526e-06,0.23912825121315298
4783,rho_b,0.0013,0.0012846599497217787,1.5340050278221228e-05,1.180003866647784
4784,rho_b,0.002687,0.002713251708723382,2.625170872338177e-05,0.9769895315821315
4785,rho_b,0.0017625,0.0017815636403630268,1.9063640363026864e-05,1.081624984522588
4786,rho_b,0.001915,0.0019181391417800381,3.139141780038107e-06,0.16392385265790435
4787,rho_b,0.00206,0.0020561928308213072,3.807169178692959e-06,0.1848140377109135
4788,rho_b,0.002205,0.0021923190539364585,1.2680946063541466e-05,0.5750995944576177
4789,rho_b,0.00235,0.0023372902105643443,1.2709789435655806e-05,0.5408421034147823
4790,rho_b,0.0024975,0.0024695483679480707,2.7951632051929475e-05,1.1191844660956007
4791,rho_b,0.000683,0.0006738358364995621,9.164163500437889e-06,1.341751608641343
4792,rho_b,0.000745,0.0007402276637125079,4.772336287492103e-06,0.6405820511525212
4793,rho_b,0.0005781,0.0005782830714574655,1.8307145746544132e-07,0.03166778362718621
4794,rho_b,0.000751,0.0007582861992878059,7.286199287805887e-06,0.970199637563767
4795,rho_b,0.000885,0.0008904034864051007,5.4034864051006205e-06,0.6105634349146877
4796,rho_b,0.004316,0.004198754177130896,0.00011724582286910465,2.716538990777091
4797,rho_b,0.0014,0.0014095635338602825,9.563533860282563e-06,0.6831095609608191
4798,rho_b,0.000759,0.0007647227099826593,5.722709982659249e-06,0.7539802338760799
4800,rho_b,0.001735,0.0017500693954034176,1.5069395403417623e-05,0.8685530486877286
4802,rho_b,0.0019434,0.001947089416692068,3.6894166920678657e-06,0.18984340280793618
4803,rho_b,0.0013017,0.0012982352153190825,3.4647846809175795e-06,0.2661738248640886
4804,rho_b,0.001755,0.0017666702693891097,1.1670269389109627e-05,0.6649726143851795
4805,rho_b,0.001876,0.0018633539896124691,1.2646010387530951e-05,0.6740943699781453
4807,rho_b,0.00181,0.001822127689680473,1.212768968047312e-05,0.6700381035233557
4809,rho_b,0.001898,0.0019003883031302252,2.3883031302252174e-06,0.12583262007201745
4811,rho_b,0.002048,0.0020204816755153695,2.7518324484630385e-05,1.3436681870700051
4813,rho_b,0.002186,0.0021428477788629392,4.315222113706078e-05,1.9740265835919724
4815,rho_b,0.002271,0.002265849039408869,5.1509605911311505e-06,0.22681464504020274
4817,rho_b,0.002278,0.0022706248957190082,7.375104280991831e-06,0.3237534801472474
4819,rho_b,0.002185,0.0021793116778727924,5.6883221272075075e-06,0.2603351086775358
4821,rho_b,0.002056,0.0020569432239004037,9.43223900403637e-07,0.045876648830003426
4823,rho_b,0.001936,0.0019288625019183673,7.137498081632738e-06,0.36867242138150896
4824,rho_b,0.001929,0.0019054098057877944,2.3590194212205545e-05,1.2229234940371339
4825,rho_b,0.001703,0.0016964024715992706,6.597528400729535e-06,0.3874062476133571
4826,rho_b,0.0017026,0.0016939093551209695,8.690644879030601e-06,0.510433740980046
4827,rho_b,0.0026808,0.0026964228285578607,1.5622828557860634e-05,0.5827674034628827
4828,rho_b,0.0017352,0.00174755635709914,1.2356357099140014e-05,0.7120998785165408
4829,rho_b,0.0017374,0.0017495228271516598,1.212282715165971e-05,0.6977568288639427
4830,rho_b,0.0018438,0.0018445351607912388,7.351607912388022e-07,0.039872046362950525
4831,rho_b,0.0017517,0.0017789764871905705,2.727648719057056e-05,1.5571437560654864
4832,rho_b,0.0017707,0.0017798260249514224,9.126024951422364e-06,0.515390802861493
4833,rho_b,0.001784,0.0017796579375375034,4.342062462496608e-06,0.24338915134880695
4834,rho_b,0.0017976,0.0017806814443517254,1.691855564827445e-05,0.941174657257605
4835,rho_b,0.0018073,0.0018323000159455919,2.5000015945591918e-05,1.3832798058849731
4836,rho_b,0.0018136,0.0018328960515157375,1.929605151573745e-05,1.063964022116112
4837,rho_b,0.0018,0.0017619798623228428,3.8020137677157156e-05,2.112229869779714
4838,rho_b,0.000506,0.0005125979774211189,6.597977421118873e-06,1.3039481043635162
4839,rho_b,0.000763,0.0007579689142499688,5.031085750031167e-06,0.6593821419970308
4840,rho_b,0.00081,0.0008237725408066167,1.3772540806616723e-05,1.7003136777300725
4841,rho_b,0.000928,0.0009270101919565499,9.898080434501445e-07,0.10666034939477813
4842,rho_b,0.001075,0.0010805982508104097,5.598250810409655e-06,0.5207675167629748
4843,rho_b,0.001209,0.0011951327831849442,1.3867216815055799e-05,1.1469989084851786
4844,rho_b,0.001212,0.0012163797806578924,4.379780657892381e-06,0.361368040782071
4845,rho_b,0.001355,0.0013465684160857893,8.431583914210753e-06,0.6222571149806776
4846,rho_b,0.001465,0.0014748967118561585,9.896711856158561e-06,0.6755434709490189
4847,rho_b,0.001625,0.0016286506140682964,3.650614068296436e-06,0.22465317329537873
4848,rho_b,0.001682,0.0016863788415321093,4.378841532109382e-06,0.2603354060348412
4849,rho_b,0.0006016,0.000596993014729452,4.606985270547972e-06,0.7657887737516763
4850,rho_b,0.0010398,0.0010211138304639187,1.8686169536081317e-05,1.797092663792113
4851,rho_b,0.0008203,0.0008259957299924454,5.695729992445404e-06,0.6943471882850093
4852,rho_b,0.0009203,0.0009261702799750234,5.870279975023467e-06,0.6378659098820828
4853,rho_b,0.0010008,0.0010069844470347775,6.184447034777475e-06,0.6179503425857286
4854,rho_b,0.0009008,0.0009159713476053062,1.5171347605306214e-05,1.6842082136394463
4855,rho_b,0.0014406,0.0014464612257845543,5.861225784554265e-06,0.40686004307133583
4856,rho_b,0.001761,0.0017645752225750992,3.5752225750992125e-06,0.20302229262174842
4857,rho_b,0.00157,0.0015658627903224402,4.1372096775597975e-06,0.2635165398041167
4858,rho_b,0.0014996,0.0014965576891878291,3.0423108121708977e-06,0.20287482062831086
4859,rho_b,0.001749,0.0017553451622886137,6.345162288613803e-06,0.3627880094331574
4860,rho_b,0.0016251,0.0016347967893162857,9.696789316285736e-06,0.5966887767102854
4861,rho_b,0.0016245,0.001635532092519141,1.1032092519141015e-05,0.6791069567466879
4862,rho_b,0.0016243,0.0016227735549309134,1.526445069086578e-06,0.09397556289766806
4863,rho_b,0.00157,0.0015658627903224402,4.1372096775597975e-06,0.2635165398041167
4864,rho_b,0.0018737,0.0018756016390030345,1.901639003034413e-06,0.10149111394670982
4865,rho_b,0.007943,0.007914490666073238,2.8509333926762456e-05,0.3589240075937708
4866,rho_b,0.0019455,0.001946239573806572,7.395738065719536e-07,0.03801458782790068
4867,rho_b,0.000992,0.0009961706906951129,4.170690695112821e-06,0.42043252932545316
4868,rho_b,0.00045,0.00044029906059555164,9.700939404448346e-06,2.1557643073090453
4869,rho_b,0.0005,0.000491963102961461,8.036897038539046e-06,1.6073794044930505
4870,rho_b,7.67e-05,5.710632707674364e-05,1.9593672923256356e-05,25.54585745475591
4871,rho_b,0.000959,0.0009477612569013215,1.1238743098678514e-05,1.1719231581813643
4872,rho_b,0.0005293,0.0005309738399262394,1.6738399262393412e-06,0.3162365242918904
4873,rho_b,0.00136,0.0013252958166350172,3.4704183364982905e-05,2.5517781867253766
4874,rho_b,0.00047,0.0004739313155810115,3.931315581011505e-06,0.8364501218397881
4875,rho_b,0.0074646,0.0065083328624120544,0.0009562671375879456,12.810694979769023
0,mu1_a,0.00228,0.07317767893603433,0.07089767893603433,3109.547320392055
4,mu1_a,0.1,0.16763906163161374,0.06763906163161373,67.63906163093733
7,mu1_a,0.0708,0.0891467016118564,0.018346701611856392,25.913420355363353
8,mu1_a,0.107,0.11642787258555443,0.009427872585554428,8.811095874267586
9,mu1_a,0.0206,0.08011580390937179,0.059515803909371785,288.911669448945
11,mu1_a,0.0726,0.1250367205931026,0.052436720593102615,72.2268878682925
12,mu1_a,0.115,0.1527624881900291,0.0377624881900291,32.83694625191368
13,mu1_a,0.18,0.19033411595286623,0.010334115952866235,5.741175529338236
14,mu1_a,0.187,0.17309422817034636,0.013905771829653635,7.436241620095867
15,mu1_a,0.0893,0.14225159870034965,0.05295159870034964,59.296303135225834
16,mu1_a,0.12,0.1416042027964719,0.021604202796471905,18.003502330243226
17,mu1_a,0.0851,0.11676647946558083,0.031666479465580835,37.210904189434466
27,mu1_a,0.478,0.255923874383403,0.22207612561659695,46.45944050546702
28,mu1_a,0.00346,0.06200811386565758,0.05854811386565758,1692.1420187495999
31,mu1_a,5.1e-07,0.037707241372596345,0.03770673137259634,7393462.242739983
37,mu1_a,0.0197,0.07625700497396032,0.05655700497396032,287.09139579233204
38,mu1_a,0.0285,0.08002570207915471,0.05152570207915472,180.79193711349754
39,mu1_a,0.0407,0.0892921455646522,0.0485921455646522,119.39102104043806
40,mu1_a,0.0529,0.09531305368153942,0.042413053681539414,80.1759048785211
41,mu1_a,0.0245,0.06854940067443199,0.04404940067443199,179.79347213320025
42,mu1_a,0.0223,0.06633220504856835,0.04403220504856835,197.45383428965835
43,mu1_a,0.0235,0.07240876221274323,0.04890876221274323,208.12239238579576
44,mu1_a,0.028,0.0704668667544825,0.042466866754482496,151.66738126059224
45,mu1_a,0.0321,0.06295658972894763,0.030856589728947635,96.12644775073638
46,mu1_a,0.0339,0.07337010490795581,0.039470104907955814,116.43098792563866
52,mu1_a,0.174,0.18478650907200514,0.010786509072005152,6.19914314479492
55,mu1_a,0.168,0.18171355788278223,0.013713557882782224,8.162832073036068
56,mu1_a,0.0776,0.11062733736649971,0.03302733736649971,42.561001760404764
58,mu1_a,0.132,0.1509385743527375,0.01893857435273749,14.347404812571224
60,mu1_a,0.141,0.1509385743527375,0.009938574352737511,7.048634292671649
62,mu1_a,0.119,0.1353636122277657,0.016363612227765695,13.750934645065703
63,mu1_a,0.116,0.14206471312594574,0.02606471312594573,22.46958028079399
65,mu1_a,0.169,0.1628845580469907,0.00611544195300931,3.618604705901256
96,mu1_a,0.1307,0.1673207996402022,0.03662079964020218,28.018974475839315
98,mu1_a,0.0882,0.11236168590494039,0.02416168590494039,27.394201705971025
100,mu1_a,0.0697,0.11753997293116569,0.047839972931165695,68.6369769447336
102,mu1_a,0.0683,0.10841038090307359,0.04011038090307359,58.72676559661247
103,mu1_a,0.0778,0.09532818822901179,0.017528188229011796,22.529804921319407
104,mu1_a,0.0704,0.08960449608859161,0.019204496088591608,27.279113761816497
105,mu1_a,0.0919,0.10424240440130056,0.012342404401300563,13.430255061116716
106,mu1_a,0.0779,0.08089285448391786,0.0029928544839178672,3.841918464543579
107,mu1_a,0.0786,0.0956165906363004,0.0170165906363004,21.649606407231428
109,mu1_a,0.087,0.11022095136203675,0.02322095136203675,26.690748691689475
111,mu1_a,0.0889,0.1352324169573634,0.0463324169573634,52.11745439464816
134,mu1_a,0.00627,0.07596541272868451,0.06969541272868451,1111.5695808224689
135,mu1_a,0.00845,0.07584357995074564,0.06739357995074564,797.5571590860363
136,mu1_a,0.0207,0.09473535003115313,0.07403535003115314,357.658695785394
138,mu1_a,0.0594,0.12449599945310408,0.06509599945310407,109.58922466668044
139,mu1_a,0.116,0.13505512159830224,0.019055121598302235,16.42682896391204
140,mu1_a,0.118,0.16598432797262294,0.04798432797262295,40.6646847222172
141,mu1_a,0.0212,0.08237239950726905,0.06117239950726905,288.5490542659602
149,mu1_a,0.079,0.13379655048030045,0.05479655048030045,69.36272212608458
151,mu1_a,0.17,0.16877308570737848,0.0012269142926215337,0.7217142897731273
153,mu1_a,0.0441,0.10004028259614783,0.05594028259614783,126.84871336707336
176,mu1_a,0.0768,0.12158156166983619,0.0447815616698362,58.30932509017332
178,mu1_a,0.0926,0.16772744817176216,0.07512744817176216,81.13115353234433
180,mu1_a,0.111,0.17332771420697293,0.06232771420697293,56.15109387964993
203,mu1_a,0.0978,0.17380804523301807,0.07600804523301807,77.717837660778
204,mu1_a,0.0968,0.1726555146136185,0.0758555146136185,78.36313493061454
206,mu1_a,0.118,0.18325227409616482,0.06525227409616483,55.298537369162574
207,mu1_a,0.0864,0.1414138647653943,0.0550138647653943,63.67345458883977
208,mu1_a,0.0562,0.13504063020486548,0.07884063020486548,140.2858188673712
210,mu1_a,0.0569,0.13456040610288542,0.07766040610288541,136.48577522235598
211,mu1_a,0.0689,0.13456040610288542,0.06566040610288541,95.29812206376259
212,mu1_a,0.0899,0.15422155932608242,0.06432155932608243,71.5478969136451
213,mu1_a,0.145,0.178166927134617,0.033166927134617,22.87374285130225
215,mu1_a,0.109,0.15052577100860368,0.041525771008603676,38.097037622222665
217,mu1_a,0.119,0.16859756719295685,0.049597567192956854,41.678627892890816
219,mu1_a,0.103,0.15513010555067172,0.052130105550671726,50.611752961325834
221,mu1_a,0.0864,0.1135888086658966,0.027188808665896597,31.468528548127207
223,mu1_a,0.0828,0.17549933156882577,0.09269933156882577,111.95571445375147
225,mu1_a,0.101,0.19439044561887084,0.09339044561887083,92.46578774054076
228,mu1_a,0.136,0.20636462799722013,0.07036462799722012,51.73869705639907
345,mu1_a,0.116,0.13941526428035297,0.023415264280352968,20.185572655302682
351,mu1_a,0.351,0.28917249410111767,0.06182750589888231,17.614674045215434
352,mu1_a,0.498,0.31676243271260296,0.18123756728739704,36.39308580060906
353,mu1_a,0.518,0.31713981047563006,0.20086018952436996,38.77609836370313
354,mu1_a,0.634,0.32899565479916154,0.30500434520083847,48.10794088333713
355,mu1_a,0.558,0.31358798202737054,0.24441201797262951,43.80143691257912
356,mu1_a,0.417,0.3013123339623998,0.11568766603760017,27.74284557249946
357,mu1_a,0.336,0.24641453743594768,0.08958546256405234,26.662340048745747
358,mu1_a,0.397,0.2585919927930875,0.13840800720691254,34.863477885784356
359,mu1_a,0.411,0.24653280152093243,0.16446719847906754,40.01634999480959
360,mu1_a,0.132,0.15930912261505942,0.02730912261505941,20.688729253676154
361,mu1_a,0.197,0.16664242245554337,0.030357577544456643,15.409937839747483
362,mu1_a,0.107,0.14982335755555584,0.042823357555555844,40.02182949079965
363,mu1_a,0.147,0.15800881176457496,0.011008811764574966,7.488987594898012
364,mu1_a,0.0667,0.10352190398210642,0.03682190398210643,55.205253345658726
365,mu1_a,0.181,0.14957040504703367,0.03142959495296632,17.36441710099043
366,mu1_a,0.0433,0.09265434017447349,0.049354340174473495,113.98230986913089
369,mu1_a,0.02993,0.10873330476076892,0.07880330476076892,263.2920305985166
370,mu1_a,0.0767,0.1197628630145991,0.04306286301459909,56.1445410874024
375,mu1_a,0.00275,0.05324911841675589,0.05049911841675589,1836.3315781233664
377,mu1_a,0.00128,0.045475465422201766,0.04419546542220176,3452.7707334120355
379,mu1_a,0.0234,0.07574912051891025,0.05234912051891025,223.71419024219276
380,mu1_a,0.0292,0.07315971290388867,0.04395971290388867,150.54696199446303
383,mu1_a,0.0431,0.1193220992309611,0.0762220992309611,176.84941816518005
384,mu1_a,0.035,0.11008913461158554,0.07508913461158553,214.54038459840038
386,mu1_a,0.0658,0.12294761910692986,0.057147619106929864,86.85048496361908
388,mu1_a,0.144,0.15046380846779567,0.006463808467795679,4.488755880382494
389,mu1_a,0.221,0.23491198467244878,0.01391198467244878,6.2950156888623665
390,mu1_a,0.247,0.2107959561027062,0.036204043897293786,14.657507650666888
391,mu1_a,0.106,0.188129293985896,0.08212929398589601,77.48046602369925
518,mu1_a,0.0448,0.1048820255765131,0.060082025576513105,134.11166423029462
519,mu1_a,0.0495,0.11013132524485897,0.060631325244858966,122.48752574471534
520,mu1_a,0.0441,0.12040551348080752,0.07630551348080752,173.0283752360028
521,mu1_a,0.0538,0.11805098119338248,0.06425098119338248,119.42561559886288
522,mu1_a,0.0332,0.10340129271755921,0.0702012927175592,211.44967685374914
523,mu1_a,0.0319,0.10530226018595312,0.07340226018595312,230.10112910235773
524,mu1_a,0.0599,0.12642319722264578,0.06652319722264577,111.05709052009216
525,mu1_a,0.0323,0.10504976839960828,0.07274976839960828,225.23148110636524
526,mu1_a,0.0366,0.10560788019445566,0.06900788019445567,188.54612074472735
527,mu1_a,0.0284,0.09885334033073079,0.07045334033073078,248.0751420008804
549,mu1_a,0.066,0.09631647897235979,0.030316478972359784,45.934059048334
552,mu1_a,0.109,0.15141036852546993,0.042410368525469935,38.90859497713839
554,mu1_a,3.38e-05,0.1959472067883915,0.1959134067883915,579625.4467222989
557,mu1_a,0.199,0.16007581154305867,0.038924188456941344,19.559893696857156
558,mu1_a,0.123,0.14188321285717728,0.018883212857177284,15.352205574816066
559,mu1_a,0.219,0.15873556432457983,0.06026443567542017,27.518007157600454
560,mu1_a,0.0485,0.09933999737382299,0.050839997373822984,104.82473685108194
561,mu1_a,0.0239,0.08011237516425479,0.056212375164254785,235.19822243473976
562,mu1_a,0.0316,0.08663445847351148,0.055034458473511474,174.15967870813253
563,mu1_a,0.281,0.2619290783522703,0.01907092164772972,6.786804856819165
564,mu1_a,0.165,0.15583653244523368,0.009163467554766325,5.55361669982472
565,mu1_a,0.0814,0.10832028770267682,0.02692028770267682,33.071606513938704
566,mu1_a,0.0319,0.08973199432656687,0.05783199432656687,181.29151825941682
567,mu1_a,0.107,0.13656727552383918,0.029567275523839184,27.632967779030704
568,mu1_a,0.0504,0.0890415444419595,0.0386415444419595,76.6697310341127
569,mu1_a,0.0196,0.08138701843261748,0.061787018432617476,315.23988994625046
570,mu1_a,0.0298,0.08357938758695477,0.05377938758695477,180.46774357432915
573,mu1_a,0.00431,0.06697974132927986,0.06266974132927987,1454.0543228477802
574,mu1_a,0.0106,0.0645923502176613,0.0539923502176613,509.36179445818567
575,mu1_a,0.0572,0.11937610339432064,0.06217610339432064,108.69948145670219
576,mu1_a,0.0299,0.07331363511965638,0.04341363511965639,145.1961040742623
577,mu1_a,0.0032,0.05611510761693117,0.05291510761693117,1653.59711251235
578,mu1_a,0.135,0.12916523142256886,0.005834768577431149,4.322050798065131
579,mu1_a,0.0579,0.0903413394169994,0.0324413394169994,56.0299471786513
580,mu1_a,0.0134,0.06354641126157434,0.05014641126157434,374.2269496853139
581,mu1_a,0.00104,0.04708645631876618,0.04604645631876618,4427.543872547188
583,mu1_a,0.016,0.06294793191388537,0.04694793191388537,293.42457444344456
584,mu1_a,0.0793,0.09548148190587569,0.01618148190587569,20.405399628841913
585,mu1_a,0.0447,0.0833108400827468,0.03861084008274681,86.3777183039889
586,mu1_a,0.00869,0.06103717530486935,0.05234717530486935,602.3840655793499
587,mu1_a,0.0181,0.0711864397923912,0.053086439792391193,293.2952474555704
588,mu1_a,0.0195,0.07385407569211555,0.05435407569211555,278.7388496888624
589,mu1_a,0.00829,0.05914487067961938,0.05085487067961938,613.44837965603
590,mu1_a,0.012,0.06542727712243412,0.05342727712243413,445.2273093165154
591,mu1_a,0.0297,0.07705080489736787,0.04735080489736787,159.4303195143891
592,mu1_a,0.0154,0.07736591666178738,0.061965916661787385,402.3760821932703
593,mu1_a,0.00398,0.07404406349055126,0.07006406349055126,1760.40360484792
594,mu1_a,0.124,0.17277453451088173,0.048774534510881734,39.33430202458741
685,mu1_a,0.0633,0.1122780686588945,0.04897806865889451,77.37451604758414
686,mu1_a,0.0159,0.07187952050130963,0.05597952050130964,352.07245596093657
687,mu1_a,0.0215,0.07220224581964485,0.05070224581964485,235.8243991501703
689,mu1_a,0.0614,0.09041759489999363,0.029017594899993622,47.259926546451176
690,mu1_a,0.0769,0.10293699480142643,0.026036994801426433,33.85825071662919
691,mu1_a,0.0387,0.08465194028118816,0.04595194028118817,118.73886377261184
692,mu1_a,0.0511,0.08720536778801696,0.036105367788016964,70.65629703974638
693,mu1_a,0.0746,0.08871524645289225,0.01411524645289225,18.9212418937038
694,mu1_a,0.0132,0.07088527664193722,0.05768527664193722,437.0096714967206
695,mu1_a,0.0649,0.09049687535944495,0.02559687535944495,39.44048591533212
696,mu1_a,0.0456,0.08702905998394211,0.04142905998394211,90.8532017171789
697,mu1_a,0.0262,0.09001392806349495,0.06381392806349495,243.5646109200737
698,mu1_a,0.054,0.0831617524421639,0.029161752442163895,54.00324526226641
699,mu1_a,0.0433,0.08050001873325452,0.03720001873325452,85.91228344664066
700,mu1_a,0.0142,0.06061616481465365,0.046416164814653646,326.87440008017535
701,mu1_a,0.0433,0.1064841629258112,0.0631841629258112,145.92185432875746
702,mu1_a,0.0393,0.09567969956213496,0.056379699562134955,143.45979531984824
703,mu1_a,0.021,0.06601167417419695,0.04501167417419695,214.3413055812073
704,mu1_a,0.0254,0.06612831275935638,0.04072831275935638,160.34768802264924
705,mu1_a,0.0319,0.08592286318902115,0.05402286318902115,169.35066829883274
706,mu1_a,0.0525,0.08735812281025229,0.034858122810252294,66.39642439921587
707,mu1_a,0.0643,0.116780537486114,0.052480537486114004,81.61825425396239
708,mu1_a,0.0708,0.12616279132944014,0.055362791329440136,78.19603295008216
709,mu1_a,0.125,0.14122849120482245,0.01622849120482245,12.982792963754095
710,mu1_a,0.0145,0.057604526006909296,0.0431045260069093,297.272593130597
711,mu1_a,0.0158,0.05501145810167357,0.03921145810167357,248.173785437923
712,mu1_a,0.0187,0.05372541628686739,0.03502541628686739,187.30169136360624
713,mu1_a,0.0236,0.05054108081366365,0.026941080813663653,114.15712208695798
714,mu1_a,0.0289,0.0552575162274388,0.026357516227438798,91.2024782924802
715,mu1_a,0.0775,0.08830590963668955,0.01080590963668955,13.943109208451766
716,mu1_a,0.0411,0.08300631928047358,0.041906319280473586,101.96184739526514
717,mu1_a,0.0474,0.08711606037957209,0.03971606037957209,83.78915691716077
718,mu1_a,0.00678,0.06362728251959576,0.05684728251959576,838.4554942656521
719,mu1_a,0.0111,0.05446624534277117,0.04336624534277117,390.6868949447234
720,mu1_a,0.0153,0.05153998167725554,0.03623998167725554,236.86262532605826
721,mu1_a,0.0143,0.05015477936843532,0.03585477936843532,250.73272283865728
722,mu1_a,0.0187,0.055863765240422136,0.037163765240422135,198.73671250499876
723,mu1_a,0.0188,0.0651127791174621,0.04631277911746211,246.3445697606312
724,mu1_a,0.0387,0.07371469717017037,0.035014697170170375,90.47725366735298
725,mu1_a,0.0913,0.11241387715956935,0.021113877159569347,23.125823832790893
726,mu1_a,0.0396,0.10002618552593129,0.060426185525931285,152.59137758688226
727,mu1_a,0.0107,0.07646036608505574,0.06576036608505574,614.58286055056
728,mu1_a,0.00525,0.05128702540548902,0.04603702540548902,876.8957218422868
729,mu1_a,0.013,0.05620897599723085,0.04320897599723085,332.3767384146699
730,mu1_a,0.00977,0.0620262383310336,0.0522562383310336,534.8642612659669
731,mu1_a,0.0138,0.06922637628995615,0.05542637628995615,401.6404078691286
732,mu1_a,0.0377,0.07504303418068908,0.037343034180689086,99.05314106020838
733,mu1_a,0.0189,0.06798560684121102,0.04908560684121102,259.71220549531165
734,mu1_a,0.0249,0.07129502299016677,0.04639502299016677,186.32539352732337
739,mu1_a,0.0747,0.10494262472360211,0.030242624723602105,40.485441396515725
740,mu1_a,0.028,0.08348634975614588,0.055486349756145886,198.16553483630085
742,mu1_a,0.0386,0.16714078696049217,0.12854078696049218,333.00722009627486
743,mu1_a,0.0389,0.09607476843672824,0.057174768436728245,146.97883916518884
744,mu1_a,0.0508,0.08773775620261526,0.03693775620261526,72.71211850765383
745,mu1_a,0.0478,0.11387122924555915,0.06607122924555914,138.22432896271317
746,mu1_a,0.0669,0.11831915251104658,0.051419152511046576,76.8597197463049
747,mu1_a,0.0296,0.07080558274231918,0.04120558274231918,139.2080498004294
748,mu1_a,0.0173,0.05488268371674582,0.03758268371674582,217.24094632701394
749,mu1_a,0.0379,0.07057959199574004,0.03267959199574004,86.2258363980944
750,mu1_a,0.0493,0.07666290437621925,0.027362904376219258,55.50284863217897
751,mu1_a,0.0105,0.05709254194516056,0.046592541945160555,443.73849467355393
752,mu1_a,0.00542,0.04873606332656982,0.04331606332656982,799.1893601213638
753,mu1_a,0.00626,0.0466797788457215,0.040419778845721496,645.6833680393717
754,mu1_a,0.00832,0.07431272306080605,0.06599272306080606,793.1817674624308
757,mu1_a,0.000372,0.07083933294294653,0.07046733294294653,18942.831385354362
759,mu1_a,0.00737,0.047140515101121216,0.039770515101121215,539.6270704983032
760,mu1_a,0.0707,0.0877412990989846,0.017041299098984594,24.103676235846613
761,mu1_a,0.021,0.06601167417419695,0.04501167417419695,214.3413055812073
762,mu1_a,0.0531,0.09564370626080937,0.04254370626080937,80.11997412430917
763,mu1_a,0.0489,0.09529514945068596,0.04639514945068596,94.87760623668136
764,mu1_a,0.0509,0.09164840344078173,0.04074840344078173,80.05580243611233
765,mu1_a,0.0811,0.09842335780641442,0.01732335780641442,21.360490513194588
767,mu1_a,0.0767,0.10380742041710872,0.027107420417108716,35.34213874413988
769,mu1_a,0.161,0.1588583571669418,0.002141642833058205,1.3302129397794427
770,mu1_a,0.111,0.163944407172306,0.05294440717230599,47.69766411876488
771,mu1_a,0.138,0.1757651105262211,0.037765110526221085,27.366022120251756
772,mu1_a,0.157,0.17046458595235867,0.013464585952358665,8.576169396352167
773,mu1_a,0.173,0.15682062651371056,0.016179373486289422,9.352239009361792
784,mu1_a,0.0981,0.1222267851509195,0.024126785150919497,24.594072528719217
785,mu1_a,0.194,0.15482283909251038,0.03917716090748963,20.19441283880808
786,mu1_a,0.104,0.13230271398945725,0.02830271398945726,27.214148066524153
788,mu1_a,0.116,0.15787928218254346,0.041879282182543456,36.10282946739864
789,mu1_a,0.0657,0.12930438741701966,0.06360438741701967,96.81033092245292
791,mu1_a,0.062,0.0917371523800693,0.0297371523800693,47.96314899933818
795,mu1_a,0.0737,0.09945947284329643,0.025759472843296424,34.9517949022346
796,mu1_a,0.0348,0.08471735616988796,0.04991735616988796,143.4406786449815
797,mu1_a,0.0292,0.07556589583981982,0.046365895839819815,158.78731451449298
798,mu1_a,0.0585,0.09445065933863489,0.03595065933863489,61.4541185265305
806,mu1_a,0.3806,0.24980413546318514,0.13079586453681485,34.365702715835845
814,mu1_a,0.31776,0.2529290645964599,0.06483093540354007,20.402484706487932
816,mu1_a,0.30267,0.2889726247898974,0.013697375210102614,4.525514656245204
817,mu1_a,0.22062,0.2581459335974824,0.03752593359748238,17.009307223874664
819,mu1_a,0.31178,0.2837971102204956,0.027982889779504416,8.975203598503647
821,mu1_a,0.34041,0.2837971102204956,0.056612889779504405,16.63079515270941
822,mu1_a,0.39199,0.24980413546318514,0.14218586453681487,36.272829545767024
826,mu1_a,0.01801,0.13221463648061044,0.11420463648061044,634.1179149043269
827,mu1_a,0.1264,0.23074624224974177,0.10434624224974176,82.552406842497
828,mu1_a,0.1421,0.24134003047303312,0.09924003047303312,69.83816359770213
829,mu1_a,0.01167,0.12870163185323374,0.11703163185323374,1002.8417467284089
830,mu1_a,0.02728,0.13688629380138734,0.10960629380138734,401.78260189651587
832,mu1_a,0.1208,0.16855647788975534,0.04775647788975533,39.53350818655628
833,mu1_a,0.1498,0.2037929098671291,0.053992909867129124,36.043331019204736
835,mu1_a,0.1681,0.2201240163270339,0.052024016327033906,30.94825480471411
837,mu1_a,0.2102,0.23682360205248706,0.026623602052487066,12.665843031570127
838,mu1_a,0.3806,0.24980413546318514,0.13079586453681485,34.365702715835845
848,mu1_a,0.3098,0.25613913401762534,0.053660865982374684,17.32113169212443
888,mu1_a,0.1377,0.17293555668462707,0.03523555668462708,25.588639567444584
889,mu1_a,0.1327,0.17293555668462707,0.040235556684627055,30.32069079451684
891,mu1_a,0.1556,0.21140244336098254,0.05580244336098256,35.862752802457535
893,mu1_a,0.1907,0.19417150737220493,0.0034715073722049183,1.8204023975808674
894,mu1_a,0.3098,0.2529290645964599,0.0568709354035401,18.357306456861373
895,mu1_a,0.05619,0.10057384342348052,0.04438384342348053,78.9888653189013
896,mu1_a,0.09628,0.1735973228161498,0.07731732281614981,80.30465601926335
899,mu1_a,0.1271,0.20996366807684969,0.0828636680768497,65.19564758158752
903,mu1_a,0.1625,0.23078067350589415,0.06828067350589415,42.01887600336858
905,mu1_a,0.2411,0.2845698213754425,0.0434698213754425,18.029789039926257
906,mu1_a,0.3098,0.2529290645964599,0.0568709354035401,18.357306456861373
909,mu1_a,0.1481,0.21019680245444425,0.06209680245444424,41.92896857125249
926,mu1_a,4.56,2.6528756375105367,1.907124362489463,41.82290268616326
927,mu1_a,0.600033,0.38721439127092006,0.21281860872907998,35.46781739149768
928,mu1_a,0.295083,0.31093367267796806,0.01585067267796808,5.371598051366689
929,mu1_a,0.172414,0.24002283901753158,0.06760883901753156,39.21307957424538
930,mu1_a,0.139233,0.2587861008499598,0.11955310084995979,85.86549226771034
931,mu1_a,0.080893,0.17606021049780635,0.09516721049780634,117.64579196794514
932,mu1_a,0.105335,0.24035446293899365,0.13501946293899364,128.18100625405785
933,mu1_a,0.167855,0.23099254646998613,0.06313754646998612,37.61433765429089
934,mu1_a,0.126516,0.2075046117297929,0.08098861172979291,64.01452126936732
935,mu1_a,0.157457,0.21107162658471054,0.05361462658471053,34.0503290322882
936,mu1_a,0.115231,0.2426689093920447,0.1274379093920447,110.59342485176624
937,mu1_a,0.100842,0.20109199470780956,0.10024999470780956,99.4129377707854
939,mu1_a,0.254856,0.2938341008820743,0.03897810088207426,15.29416646338376
941,mu1_a,0.0862559,0.154359806403588,0.06810390640358802,78.95564987762977
942,mu1_a,0.311216,0.3321138128480456,0.020897812848045594,6.714890252422255
943,mu1_a,0.168166,0.26982378976794896,0.10165778976794895,60.45085794235722
944,mu1_a,0.166318,0.24975362927718098,0.08343562927718098,50.166325518993325
945,mu1_a,0.173107,0.24601317573233455,0.07290617573233454,42.116249332443736
946,mu1_a,0.117241,0.21688497694121656,0.09964397694121656,84.99072588972003
947,mu1_a,0.1159,0.2637984888340775,0.14789848883407752,127.60870477377173
971,mu1_a,0.05236,0.1724179466043486,0.1200579466043486,229.29325172279542
974,mu1_a,0.08238,0.1974163112494838,0.11503631124948381,139.64106730770501
977,mu1_a,0.09479,0.22258626764674785,0.12779626764674784,134.820411061715
981,mu1_a,0.11851,0.2570002606025589,0.13849026060255892,116.85955666305824
984,mu1_a,0.14124,0.26701170505993227,0.12577170505993227,89.04821938476478
985,mu1_a,0.133357,0.2361756249061035,0.1028186249061035,77.10028337869964
986,mu1_a,0.3663,0.3220416043001626,0.044258395699837416,12.082554108576739
987,mu1_a,0.120107,0.21363076840198247,0.09352376840198247,77.86704222168882
988,mu1_a,0.0119272,0.12884045946253625,0.11691325946253625,980.2238534839191
989,mu1_a,6.094e-05,0.08333523969672019,0.08327429969672019,136649.6526587195
990,mu1_a,7.362e-05,0.08525925663871564,0.08518563663871564,115709.90964631425
999,mu1_a,6.06e-05,0.08074183117638095,0.08068123117638096,133137.34297856028
1000,mu1_a,7.443e-05,0.09234239651541593,0.09226796651541593,123966.09603084101
1002,mu1_a,0.00016009,0.11143434048048162,0.11127425048048162,69507.30825498691
1008,mu1_a,0.07531,0.13308119315947514,0.05777119315947514,76.71118464839732
1011,mu1_a,0.10056,0.20074671911212594,0.10018671911212594,99.62879784320769
1014,mu1_a,0.11504,0.19507126318204013,0.08003126318204012,69.56820512981957
1018,mu1_a,0.11192,0.23337172552543084,0.12145172552543083,108.51655246993
1021,mu1_a,0.14124,0.26736016699102366,0.12612016699102366,89.29493556367225
1022,mu1_a,0.08363,0.13949675295955283,0.05586675295955283,66.8022874074911
1025,mu1_a,0.11289,0.2054925079357574,0.0926025079357574,82.0289732792427
1028,mu1_a,0.10481,0.20654056597661502,0.10173056597661502,97.06188910947847
1031,mu1_a,0.13815,0.2619492641523184,0.1237992641523184,89.61220713096074
1034,mu1_a,0.14124,0.26736016699102366,0.12612016699102366,89.29493556367225
1046,mu1_a,0.10392,0.19890778808464127,0.09498778808464127,91.40472294431027
1048,mu1_a,0.11369,0.25015989584242704,0.13646989584242702,120.03685094663264
1050,mu1_a,0.12345,0.23464102252090246,0.11119102252090246,90.06968207371547
1052,mu1_a,0.12903,0.2542431375813813,0.12521313758138128,97.04187985771591
1054,mu1_a,0.14124,0.26736016699102366,0.12612016699102366,89.29493556367225
1055,mu1_a,0.14711,0.22353464201793133,0.07642464201793134,51.950677735987924
1058,mu1_a,0.14693,0.2669591541039596,0.12002915410395959,81.69138644466254
1061,mu1_a,0.14094,0.24142461819081754,0.10048461819081753,71.29602539385878
1064,mu1_a,0.14207,0.2660820879444279,0.12401208794442789,87.28942629939817
1067,mu1_a,0.14124,0.2678066714771309,0.12656667147713088,89.61106731537437
1068,mu1_a,3.67,1.7287075115848023,1.9412924884151976,52.89625309031795
1070,mu1_a,1.467,0.7377519984632053,0.7292480015367948,49.710156887273186
1073,mu1_a,1.704,1.023715834675359,0.680284165324641,39.9227796551785
1075,mu1_a,1.592,0.8367403926544676,0.7552596073455324,47.440930109614186
1077,mu1_a,0.307,0.3802427402759804,0.07324274027598038,23.85757012239147
1078,mu1_a,0.302,0.3802427402759804,0.07824274027598038,25.90819214427858
1079,mu1_a,0.319,0.3802427402759804,0.06124274027598037,19.198351183632724
1081,mu1_a,0.266,0.3802427402759804,0.11424274027598036,42.94839859983116
1082,mu1_a,0.31,0.3802427402759804,0.07024274027598038,22.65894847604961
1083,mu1_a,0.334,0.3802427402759804,0.046242740275980354,13.845131819114343
1085,mu1_a,0.357,0.3802427402759804,0.02324274027598039,6.510571505858623
1086,mu1_a,1.3,0.6782829622449551,0.6217170377550449,47.824387519582054
1088,mu1_a,1.5,0.7408475154527239,0.7591524845472761,50.610165636451335
1090,mu1_a,1.74,0.9278229574736153,0.8121770425263847,46.67684152447804
1091,mu1_a,4.56,2.3086892710627325,2.251310728937267,49.3708493187889
1092,mu1_a,2.9202e-05,0.08974941407691961,0.0897202120769196,307239.9459095957
1093,mu1_a,2.8396e-05,0.08704048999143066,0.08701209399143066,306423.76013238856
1094,mu1_a,2.3915e-05,0.1063874116134157,0.1063634966134157,444756.3962611404
1095,mu1_a,9.9695e-06,0.10998513425767587,0.10997516475767587,1103116.0411907865
1098,mu1_a,1.0,0.6576650456105455,0.3423349543894545,34.23349543891121
1099,mu1_a,1.5,0.8046993457658029,0.6953006542341971,46.35337694891556
1100,mu1_a,1.5,0.8581537746851075,0.6418462253148925,42.78974835429764
1101,mu1_a,2.0,0.8599956742148736,1.1400043257851264,57.00021628922782
1102,mu1_a,0.3,0.5295742000926151,0.22957420009261514,76.52473336394998
1103,mu1_a,3.0,1.5674820801058398,1.4325179198941602,47.75059732978943
1105,mu1_a,0.6,0.5496093249007652,0.05039067509923478,8.398445849858469
1106,mu1_a,0.8,0.616114092641583,0.18388590735841703,22.985738419773394
1107,mu1_a,1.0,0.6521813877740623,0.3478186122259377,34.78186122255898
1114,mu1_a,0.0225944,0.12713104077178122,0.10453664077178122,462.6661507592791
1117,mu1_a,0.0217493,0.13001041136689995,0.10826111136689995,497.76825627455725
1120,mu1_a,0.0254018,0.12977121639533556,0.10436941639533556,410.87409707669076
1122,mu1_a,0.0389771,0.07480392035576527,0.035826820355765274,91.91761407299695
1124,mu1_a,0.0416906,0.13734307674682775,0.09565247674682775,229.43415720698047
1125,mu1_a,0.03491,0.1095970244382945,0.0746870244382945,213.94163401935003
1126,mu1_a,0.0002317,0.06933580735757566,0.06910410735757566,29824.81961990827
1127,mu1_a,0.0005658,0.06912875964024379,0.06856295964024378,12117.879024224989
1128,mu1_a,0.000578,0.07154726653750332,0.07096926653750332,12278.419794934105
1129,mu1_a,0.000726,0.0717461008305319,0.0710201008305319,9782.38302103417
1130,mu1_a,0.000736,0.06483077708661755,0.06409477708661755,8708.529483632099
1131,mu1_a,0.0004645,0.06254148713401908,0.06207698713401908,13364.259849381373
1132,mu1_a,0.002011,0.07254311925388418,0.07053211925388418,3507.315724456043
1133,mu1_a,0.005633,0.07882453343753892,0.07319153343753892,1299.3348735051584
1134,mu1_a,0.03632,0.11384138781865877,0.07752138781865878,213.43994442875655
1135,mu1_a,0.006875,0.06742101210672186,0.06054601210672186,880.6692668787659
1136,mu1_a,0.004546,0.06586550921379825,0.061319509213798244,1348.8673383262114
1138,mu1_a,0.003503,0.09819162615036187,0.09468862615036186,2703.072398610652
1139,mu1_a,0.004652,0.10775019107299044,0.10309819107299044,2216.212189398717
1140,mu1_a,0.003871,0.06529057582338704,0.06141957582338704,1586.6591528680044
1141,mu1_a,0.004033,0.06529057582338704,0.06125757582338704,1518.908400897544
1143,mu1_a,0.0462149,0.1280288816188085,0.08181398161880848,177.02944638425743
1144,mu1_a,0.00585,0.07289185233691181,0.06704185233691182,1146.0145696658403
1145,mu1_a,0.00454,0.07544991357200281,0.07090991357200281,1561.8923690833453
1146,mu1_a,0.00626,0.07718172500647136,0.07092172500647136,1132.9349040757509
1147,mu1_a,0.00524,0.07714736964001773,0.07190736964001773,1372.2780463033387
1148,mu1_a,0.0073,0.0820707697926909,0.0747707697926909,1024.2571203075113
1149,mu1_a,0.0356,0.11384138781865877,0.07824138781865878,219.77917925972187
1152,mu1_a,0.004408,0.11407503582199607,0.10966703582199608,2487.909160551656
1154,mu1_a,0.004167,0.11169913604519666,0.10753213604519665,2580.5648192798417
1155,mu1_a,0.01013,0.1280966359552146,0.11796663595521459,1164.527501910852
1156,mu1_a,0.007528,0.11856498771545626,0.11103698771545625,1474.9865528786713
1158,mu1_a,0.01899,0.11026508792243128,0.09127508792243128,480.6481722887035
1160,mu1_a,0.03572,0.1658409944027972,0.1301209944027972,364.28049943772226
1162,mu1_a,0.02721,0.14796342910778576,0.12075342910778576,443.78327491123827
1165,mu1_a,0.01787,0.1477672156474924,0.1298972156474924,726.9010388372882
1168,mu1_a,0.002192,0.11217472016414287,0.10998272016414287,5017.459859213881
1170,mu1_a,0.0007344,0.10201082005122153,0.10127642005122153,13790.362188632615
1174,mu1_a,0.0006679,0.10201082005122153,0.10134292005122153,15173.367255500503
1177,mu1_a,0.0004296,0.09709062607653512,0.09666102607653512,22500.238792256223
1181,mu1_a,0.00216471,0.11217472016414287,0.11001001016414287,5081.974496044419
1185,mu1_a,0.014906,0.1477296040454002,0.1328236040454002,891.0747620856664
1187,mu1_a,0.0466,0.13227324499917276,0.08567324499917275,183.84816523033103
1188,mu1_a,0.00014225,0.08083691301024959,0.08069466301024959,56727.354968700216
1196,mu1_a,0.0466,0.13227324499917276,0.08567324499917275,183.84816523033103
1197,mu1_a,0.00228,0.06789776077959242,0.06561776077959242,2877.971962754943
1203,mu1_a,0.11402,0.15352616588042606,0.03950616588042606,34.648452797824575
1204,mu1_a,0.05288,0.11262578526581896,0.05974578526581895,112.98370889691587
1205,mu1_a,0.04071,0.10801056060368525,0.06730056060368525,165.3170243233409
1206,mu1_a,0.02845,0.09262871631494923,0.06417871631494923,225.58424011491525
1207,mu1_a,0.01967,0.08708729955214839,0.0674172995521484,342.7417363941077
1228,mu1_a,0.08993,0.17398454146083506,0.08405454146083506,93.4666312241748
1229,mu1_a,0.06892,0.15432338823763805,0.08540338823763806,123.91669796343426
1230,mu1_a,0.05692,0.15432338823763805,0.09740338823763806,171.12331032313216
1232,mu1_a,0.05615,0.15438700023911514,0.09823700023911514,174.954586353278
1233,mu1_a,0.08639,0.15783154989975026,0.07144154989975027,82.69655040968087
1234,mu1_a,0.11804,0.203236359127468,0.08519635912746801,72.1758379589514
1236,mu1_a,0.09684,0.19237678941098665,0.09553678941098666,98.6542641573731
1237,mu1_a,0.09778,0.19352932003038623,0.09574932003038622,97.92321541154324
1244,mu1_a,0.18549,0.17620166034438184,0.00928833965561815,5.007461132981873
1246,mu1_a,0.10194,0.13449070251874734,0.03255070251874734,31.93123652975086
1249,mu1_a,0.01192,0.08938738619753861,0.07746738619753861,649.8941794550308
1250,mu1_a,0.0224,0.0749791979920339,0.052579197992033894,234.72856245395806
1251,mu1_a,0.01691,0.07307713312176345,0.05616713312176345,332.15335965962106
1252,mu1_a,0.02949,0.07623472847610907,0.04674472847610907,158.5104390455204
1255,mu1_a,0.1856,0.18265182992558496,0.0029481700744150297,1.5884537038788498
1256,mu1_a,0.0833865,0.10871312007674111,0.025326620076741108,30.37256639436525
1257,mu1_a,0.0785903,0.10770437650503206,0.02911407650503206,37.04538156065266
1258,mu1_a,0.0714934,0.11071722616712809,0.03922382616712809,54.86356246391898
1259,mu1_a,0.0842072,0.11262003008077703,0.028412830080777038,33.74156851247829
1260,mu1_a,0.0397,0.09965942643587922,0.05995942643587922,151.03130084223906
1261,mu1_a,0.0737,0.1904116415951264,0.11671164159512641,158.36043635487488
1262,mu1_a,0.0462,0.08599702004153537,0.03979702004153537,86.14073601877482
1264,mu1_a,0.0363,0.1327393868581886,0.09643938685818859,265.6732420262586
1266,mu1_a,0.0172,0.11667897603702326,0.09947897603702327,578.3661397165093
1268,mu1_a,0.01736,0.0709097213039806,0.0535497213039806,308.46613652589826
1269,mu1_a,0.0284,0.1275150718846783,0.0991150718846783,348.99673197601527
1272,mu1_a,0.0352,0.13003818195485517,0.09483818195485516,269.42665327318434
1277,mu1_a,0.06338,0.1713039491605072,0.1079239491605072,170.28076547618235
1326,mu1_a,0.0012906,0.07220337410164585,0.07091277410164584,5494.55865850769
1332,mu1_a,0.0308093,0.11526802788161677,0.08445872788161678,274.13387476792866
1335,mu1_a,0.0292876,0.11260410493090756,0.08331650493090756,284.4770651335814
1337,mu1_a,0.0191876,0.09736956089987503,0.07818196089987503,407.4608648074821
1340,mu1_a,0.00720668,0.07546575909568481,0.06825907909568482,947.1640073683468
1343,mu1_a,0.00522441,0.06996714140450533,0.06474273140450533,1239.2352704346133
1345,mu1_a,0.00507827,0.05430426647173092,0.04922599647173092,969.345790240327
1347,mu1_a,0.0049975,0.06787901950370562,0.06288151950370562,1258.2595195822514
1349,mu1_a,0.0075989,0.09193582408838291,0.0843369240883829,1109.8570066362806
1351,mu1_a,0.0237487,0.11339646547633525,0.08964776547633525,377.48493800738737
1352,mu1_a,20.2,16.40591454809519,3.7940854519048095,18.782601247052582
1354,mu1_a,0.0012906,0.07220337410164585,0.07091277410164584,5494.55865850769
1355,mu1_a,0.050619,0.14577587543202866,0.09515687543202866,187.98647825944565
1356,mu1_a,0.0425687,0.14384952931040257,0.10128082931040257,237.92323774985692
1357,mu1_a,0.0418772,0.1195501908089846,0.0776729908089846,185.47799472536323
1358,mu1_a,0.0314318,0.11986890001892558,0.08843710001892557,281.3618692410614
1359,mu1_a,0.0325,0.1211297102678594,0.0886297102678594,272.7068008157918
1360,mu1_a,0.01975,0.11139453508767078,0.09164453508767077,464.02296244572426
1362,mu1_a,0.02152,0.10901863531087136,0.08749863531087136,406.5921715000253
1363,mu1_a,0.00614624,0.10038482699877149,0.0942385869987715,1533.2721628741924
1364,mu1_a,0.0012906,0.08944812511189781,0.08815752511189781,6830.739581868156
1365,mu1_a,0.1,0.14754826913002292,0.04754826913002291,47.54826912954742
1366,mu1_a,0.09085,0.17871063743089405,0.08786063743089405,96.70956238847215
1368,mu1_a,0.08982,0.17674175818235305,0.08692175818235305,96.77327786838714
1369,mu1_a,0.102,0.18522164741767153,0.08322164741767153,81.589850408682
1371,mu1_a,0.1104,0.18104875465129527,0.07064875465129528,63.993437183564616
1397,mu1_a,0.07993,0.09970613920842203,0.019776139208422028,24.741823105435515
1402,mu1_a,0.03448,0.08064039125576405,0.04616039125576406,133.87584470540983
1403,mu1_a,0.13769,0.1461947770391965,0.008504777039196498,6.176757236643714
1404,mu1_a,0.10483,0.11855744765601711,0.013727447656017105,13.094961037762237
1405,mu1_a,0.06616,0.07738163854129992,0.011221638541299928,16.961364179459363
1406,mu1_a,0.05559,0.07690982818263264,0.021319828182632644,38.35191254227222
1407,mu1_a,0.04584,0.08267716247134249,0.03683716247134249,80.36030207360142
1408,mu1_a,0.02607,0.0638376695692266,0.0377676695692266,144.87023232749482
1410,mu1_a,0.02928,0.06860932015291821,0.03932932015291821,134.32144860510584
1412,mu1_a,0.02799,0.10130315018477154,0.07331315018477154,261.9262243020803
1413,mu1_a,0.0357,0.06987884076906642,0.03417884076906642,95.73904977061352
1435,mu1_a,0.18963,0.15430471667223447,0.03532528332776552,18.62853099592851
1436,mu1_a,0.23561,0.15993691662199166,0.07567308337800835,32.11794209825015
1437,mu1_a,0.2765,0.18389460367481658,0.09260539632518344,33.49200590410435
1438,mu1_a,0.18155,0.13126874834102176,0.05028125165897823,27.695539332801584
1440,mu1_a,0.20147,0.18407518051632374,0.01739481948367627,8.633950207767871
1441,mu1_a,0.13508,0.1301381632196872,0.004941836780312819,3.6584518657656457
1442,mu1_a,0.0357,0.06987884076906642,0.03417884076906642,95.73904977061352
1443,mu1_a,0.17545,0.21658499854543525,0.04113499854543526,23.44542521812528
1445,mu1_a,0.1013,0.16095399041341707,0.05965399041341707,58.888440683937
1447,mu1_a,0.1156,0.15618517338797896,0.04058517338797897,35.10828147718676
1448,mu1_a,0.1005,0.14617048517821907,0.04567048517821906,45.44326883359664
1450,mu1_a,0.091698,0.12516025743060982,0.03346225743060982,36.49180726978222
1451,mu1_a,0.030581,0.09992548977795745,0.06934448977795746,226.7567763503152
1453,mu1_a,0.02574,0.10293303504430495,0.07719303504430496,299.8952410307149
1455,mu1_a,0.0934,0.14552029312971831,0.05212029312971832,55.80331170145641
1458,mu1_a,0.0136,0.06429061470902092,0.05069061470902092,372.72510812715933
1460,mu1_a,0.01134,0.0877942832030828,0.0764542832030828,674.2000281864268
1463,mu1_a,0.0539,0.10970296661079787,0.055802966610797866,103.5305502964055
1465,mu1_a,0.07615,0.12034588006573449,0.044195880065734494,58.03792523329496
1468,mu1_a,0.1682,0.15408016057856674,0.014119839421433245,8.394672664298037
1471,mu1_a,0.1025,0.119101233933536,0.016601233933536005,16.196325788657603
1473,mu1_a,0.06797,0.06387545919658921,0.00409454080341079,6.024041199574149
1474,mu1_a,0.1116,0.10787614111680832,0.003723858883191683,3.336791113941142
1475,mu1_a,0.2475,0.170704920019471,0.07679507998052901,31.02831514352272
1511,mu1_a,0.00515,0.07160834176979286,0.06645834176979286,1290.4532379978316
1512,mu1_a,2.2,1.156815365259242,1.0431846347407583,47.417483397285636
1514,mu1_a,0.0594,0.1304381819441785,0.07103818194417849,119.59289889391005
1515,mu1_a,0.0207,0.09455991321077667,0.07385991321077667,356.81117491405104
1516,mu1_a,0.00845,0.08611378824098193,0.07766378824098193,919.0980855833249
1518,mu1_a,0.00627,0.07571362150780231,0.06944362150780231,1107.5537718776197
1538,mu1_a,0.247243,0.23437184705643377,0.012871152943566222,5.205871528623323
1539,mu1_a,0.2212,0.2654479724695199,0.04424797246951989,20.003604190470096
1541,mu1_a,0.1441,0.2212887763160817,0.0771887763160817,53.566118192606545
1543,mu1_a,0.06582,0.12448837537978158,0.058668375379781576,89.13457213444275
1545,mu1_a,0.0346,0.11792195913471304,0.08332195913471305,240.8149107870084
1546,mu1_a,0.04312,0.12439173247479601,0.08127173247479602,188.47804376834705
1549,mu1_a,0.02919,0.07357981290149967,0.044389812901499674,152.0719866391879
1550,mu1_a,0.02341,0.07965324870660007,0.056243248706600066,240.2530914318562
1552,mu1_a,0.001276,0.04633827781427746,0.04506227781427746,3531.5264717055015
1554,mu1_a,0.002746,0.05411193080883159,0.05136593080883159,1870.5728619856468
1556,mu1_a,0.1057,0.21308779023357285,0.10738779023357285,101.59677410837925
1557,mu1_a,0.005309,0.07582682855510736,0.07051782855510737,1328.2695148205814
1578,mu1_a,0.3787,0.18487968590799023,0.19382031409200975,51.18043678148877
1591,mu1_a,0.064641,0.12550979886771002,0.06086879886771002,94.16438308003954
1593,mu1_a,0.04063,0.1459143703437801,0.1052843703437801,259.1296341156505
1595,mu1_a,0.022930435,0.1170311686943365,0.0941007336943365,410.37483017759047
1598,mu1_a,0.01175905,0.11289121509915195,0.10113216509915196,860.0368659930147
1600,mu1_a,0.005269395,0.10254299942730222,0.09727360442730222,1846.0108685881796
1601,mu1_a,0.06263,0.15288140155085114,0.09025140155085114,144.10250925979577
1602,mu1_a,0.02804,0.12976240724684512,0.10172240724684513,362.7760600685356
1603,mu1_a,0.02504,0.12479317135280815,0.09975317135280815,398.3752849393946
1604,mu1_a,0.01516,0.11737025467165091,0.1022102546716509,674.2101231194512
1605,mu1_a,0.02033,0.12201766259717012,0.10168766259717012,500.1852562329969
1606,mu1_a,0.01826,0.1260219832560871,0.1077619832560871,590.1532489057262
1607,mu1_a,0.01786,0.1285876747078007,0.11072767470780069,619.9757822038126
1608,mu1_a,0.01627,0.11957102767429773,0.10330102767429772,634.9171952547545
1609,mu1_a,0.01419,0.13118552842966097,0.11699552842966097,824.4928007147008
1610,mu1_a,0.00589,0.11657833385082278,0.11068833385082277,1879.2586389139249
1611,mu1_a,0.001504,0.10651497374783397,0.10501097374783397,6982.1126115700035
1612,mu1_a,0.1038,0.20360174025269256,0.09980174025269256,96.14811199588736
1614,mu1_a,0.09491,0.24115110963490013,0.14624110963490014,154.083984441428
1617,mu1_a,0.08809,0.20198282066074216,0.11389282066074216,129.2914299687243
1619,mu1_a,0.0416,0.17415620372171367,0.13255620372171367,318.64472047722893
1621,mu1_a,0.02384,0.15613684834421784,0.13229684834421784,554.9364443736094
1623,mu1_a,0.02234,0.1612760187157705,0.1389360187157705,621.9159297652253
1625,mu1_a,0.02204,0.14204801363026381,0.12000801363026381,544.5009692596135
1626,mu1_a,0.02865,0.15178265528323545,0.12313265528323546,429.7823918985607
1628,mu1_a,0.01895,0.1352840705690596,0.11633407056905962,613.9001085114544
1629,mu1_a,0.005196,0.12443926537948125,0.11924326537948124,2294.9050299563546
1630,mu1_a,9.305e-05,0.10093841613911031,0.10084536613911031,108377.60887193361
1633,mu1_a,0.10215,0.21944384228715574,0.11729384228715574,114.82510258052616
1698,mu1_a,0.01395,0.10485697567389923,0.09090697567389923,651.662908009911
1699,mu1_a,0.005655,0.10978361471627651,0.10412861471627652,1841.354813401644
1701,mu1_a,0.01433,0.1269566708165915,0.11262667081659151,785.950249886476
1702,mu1_a,0.03606,0.17692038246788416,0.14086038246788415,390.6277938546253
1704,mu1_a,0.15,0.26593023054792897,0.11593023054792898,77.28682036477073
1705,mu1_a,0.2175,0.21482858115604547,0.002671418843954526,1.2282385489389627
1707,mu1_a,0.3268,0.2839594890371626,0.042840510962837364,13.109091481856266
1710,mu1_a,0.3321,0.2888207297235913,0.04327927027640871,13.03199948096308
1712,mu1_a,0.3743,0.30113751271377925,0.07316248728622077,19.546483378580096
1713,mu1_a,0.1715,0.24256099784659518,0.07106099784659517,41.43498416686928
1743,mu1_a,1.5,0.8653872071100395,0.6346127928899605,42.30751952596916
1744,mu1_a,1.0,0.6917844816038324,0.30821551839616756,30.821551839585933
1745,mu1_a,0.8,0.6515736929907481,0.14842630700925197,18.553288376133303
1746,mu1_a,0.6,0.5850689252499304,0.014931074750069606,2.488512458340787
1747,mu1_a,0.4,0.5377303128469387,0.1377303128469387,34.4325782116486
1748,mu1_a,0.3,0.5260824826071655,0.2260824826071655,75.36082753547063
1749,mu1_a,0.2,0.5177439484840112,0.31774394848401116,158.8719742412112
1761,mu1_a,0.1856,0.18126349933919567,0.004336500660804321,2.3364766491276705
1762,mu1_a,0.0759572,0.17592703786846042,0.09996983786846042,131.61337946520447
1763,mu1_a,0.0479496,0.09648061411020703,0.04853101411020703,101.21255257435912
1764,mu1_a,0.039205,0.08745674135676101,0.04825174135676102,123.07547852450011
1778,mu1_a,2.75,1.2883132964888744,1.4616867035111256,53.1522437640216
1788,mu1_a,0.148,0.3639647465969064,0.21596474659690643,145.92212607800488
1809,mu1_a,2.9367e-05,0.08974941407691961,0.0897200470769196,305513.140674186
1810,mu1_a,1.6999e-05,0.08434612151246967,0.08432912251246967,496082.81399871473
1811,mu1_a,6.0141e-06,0.07951771636008026,0.07951170226008025,1322087.910729804
1812,mu1_a,2.8786e-06,0.07951771636008026,0.07951483776008025,2762273.6794741703
1813,mu1_a,0.1893,0.18897515370899573,0.000324846291004266,0.17160395721212357
1814,mu1_a,0.2405,0.20945865965869678,0.03104134034130321,12.907002220862429
1815,mu1_a,0.2168,0.2439777247594586,0.027177724759458594,12.535850903751491
1816,mu1_a,0.2101,0.24845672142538236,0.03835672142538235,18.256411911089856
1818,mu1_a,0.2037,0.2356338061935754,0.031933806193575415,15.676880801874642
1819,mu1_a,0.21,0.2430236240208514,0.033023624020851405,15.725535247949596
1821,mu1_a,0.2039,0.2331768115615324,0.02927681156153239,14.35841665590427
1822,mu1_a,0.2101,0.2353388705644463,0.025238870564446292,12.01278941662359
1824,mu1_a,0.2041,0.23497453676760244,0.030874536767602434,15.127161571509633
1825,mu1_a,0.1984,0.23497453676760244,0.036574536767602445,18.434746354545414
1826,mu1_a,0.2044,0.23651158881092182,0.032111588810921826,15.710170651059062
1827,mu1_a,0.1893,0.18897515370899573,0.000324846291004266,0.17160395721212357
1839,mu1_a,0.198419,0.20123220274702328,0.0028132027470232635,1.41780915487382
1840,mu1_a,0.181767,0.16480210894784947,0.016964891052150544,9.33331740748167
1842,mu1_a,0.2096,0.22549699150878016,0.015896991508780156,7.584442513694805
1843,mu1_a,0.1959,0.22520044293102395,0.029300442931023962,14.956836616066562
1846,mu1_a,3.8,2.2367657373184358,1.563234262681564,41.13774375476717
1847,mu1_a,3.7,1.9205718166315102,1.77942818336849,48.092653604540786
1848,mu1_a,3.6,2.0327145971596474,1.5672854028403527,43.535705634442145
1849,mu1_a,0.08191,0.15516713377509056,0.07325713377509056,89.43612962299622
1850,mu1_a,0.08994,0.16681998546057375,0.07687998546057374,85.47919219448404
1851,mu1_a,0.09026,0.16293208236903037,0.07267208236903036,80.51416171972657
1852,mu1_a,0.1163,0.20465485977925243,0.08835485977925243,75.97150453868677
1853,mu1_a,4.27,2.5620022785135306,1.707997721486469,39.99994663901801
1854,mu1_a,4.36,2.562941458536141,1.7970585414638593,41.21693902439099
1855,mu1_a,4.5,2.5644785105794603,1.9355214894205397,43.011588653780215
1877,mu1_a,0.2405,0.21174574179000089,0.028754258209999106,11.956032519700434
1878,mu1_a,0.03235,0.13060575020154336,0.09825575020154337,303.7272030865722
1879,mu1_a,0.06952,0.164684298436862,0.095164298436862,136.88765597740667
1880,mu1_a,0.08508,0.1631472463935426,0.07806724639354261,91.75745932372476
1882,mu1_a,0.0982,0.1843352054878419,0.08613520548784191,87.71405854069732
1883,mu1_a,0.08688,0.16800139205006917,0.08112139205006917,93.37176801235664
1884,mu1_a,0.1013,0.1617848435038749,0.0604848435038749,59.708631296424294
1899,mu1_a,0.11685,0.16097770317459506,0.044127703174595065,37.76440151837178
1900,mu1_a,0.092337,0.1528864148467981,0.0605494148467981,65.57437955114673
1902,mu1_a,0.078273,0.13356946498279001,0.05529646498279002,70.64564406894276
1903,mu1_a,0.073125,0.13290155001036502,0.059776550010365026,81.74570941476591
1905,mu1_a,0.11295,0.1703463018642026,0.05739630186420261,50.81567230074763
1907,mu1_a,0.066934,0.1434788141449516,0.0765448141449516,114.35864305705323
1912,mu1_a,0.05392,0.12296519259537697,0.06904519259537698,128.05117320863587
1914,mu1_a,0.0668,0.13023782081259772,0.06343782081259772,94.9667976222276
1915,mu1_a,0.06544,0.12672492686775977,0.06128492686775977,93.65056061556122
1917,mu1_a,0.06313,0.1316136556660774,0.0684836556660774,108.48036696498113
1918,mu1_a,0.06124,0.1316136556660774,0.07037365566607741,114.91452590615326
1919,mu1_a,0.06977,0.1322926030082432,0.0625226030082432,89.61244518754059
1921,mu1_a,0.07274,0.13987897501457508,0.06713897501457508,92.29993815459454
1922,mu1_a,0.10266,0.18656815228963963,0.08390815228963963,81.73402716620133
1924,mu1_a,0.2405,0.20945865965869678,0.03104134034130321,12.907002220862429
1930,mu1_a,0.3812,0.28163097091613276,0.09956902908386722,26.119892204513647
1931,mu1_a,0.2892,0.2769241464037411,0.012275853596258934,4.244762654293391
1932,mu1_a,2.61,1.7556578609060802,0.8543421390939197,32.73341529094224
1933,mu1_a,0.098,0.21784741970943652,0.11984741970943652,122.29328541654446
1936,mu1_a,0.0715,0.13221787314463612,0.06071787314463613,84.92010229900269
1937,mu1_a,0.0659,0.1353265313914306,0.06942653139143061,105.35133746642957
1939,mu1_a,0.07732,0.13695677446277946,0.05963677446277946,77.1298169451735
1941,mu1_a,0.1045,0.19888571726073354,0.09438571726073354,90.3212605357228
1943,mu1_a,0.2405,0.20945865965869678,0.03104134034130321,12.907002220862429
1944,mu1_a,0.05864,0.1553016554532056,0.0966616554532056,164.83911229801708
1945,mu1_a,0.04893,0.15524609846182386,0.10631609846182385,217.28203241293897
1946,mu1_a,0.04138,0.146184391958774,0.104804391958774,253.27305934326068
1947,mu1_a,0.03357,0.14282021798160402,0.10925021798160402,325.44002972400835
1948,mu1_a,0.02856,0.13702663171681492,0.10846663171681492,379.785125045578
1949,mu1_a,3.4,2.055713264068638,1.344286735931362,39.53784517444019
1950,mu1_a,3.4,2.057617740236423,1.342382259763577,39.48183116950536
1951,mu1_a,0.04915,0.09930947728425465,0.050159477284254655,102.05387036263299
1953,mu1_a,0.07629,0.14944518720421507,0.07315518720421507,95.89092568260081
1955,mu1_a,0.08377,0.15291563417505732,0.06914563417505733,82.54223967319076
1956,mu1_a,0.08208,0.15016354316230704,0.06808354316230704,82.9477865027748
1958,mu1_a,0.1552,0.22582268234870057,0.07062268234870056,45.50430563675613
1960,mu1_a,0.2405,0.21174574179000089,0.028754258209999106,11.956032519700434
2001,mu1_a,0.082084,0.14093986980979126,0.05885586980979125,71.70200015724652
2045,mu1_a,0.3289,0.3136555147025611,0.015244485297438937,4.634990969106898
2046,mu1_a,0.3102,0.322910119677192,0.012710119677192044,4.097395124806922
2047,mu1_a,0.4033,0.34476585026822587,0.05853414973177412,14.513798594502601
2048,mu1_a,0.4039,0.3561651199046711,0.04773488009532889,11.818489748752341
2049,mu1_a,0.521,0.42474985755115674,0.09625014244884328,18.474115633139835
2050,mu1_a,0.4435,0.3822237589269956,0.06127624107300439,13.816514334355405
2051,mu1_a,0.4748,0.38554149804355364,0.08925850195644636,18.799179013533774
2052,mu1_a,0.4115,0.37541798068395194,0.03608201931604804,8.768412956490975
2053,mu1_a,0.4209,0.3733655402008403,0.04753445979915971,11.293528106212113
2054,mu1_a,0.375,0.3625044611271604,0.012495538872839607,3.3321436994150098
2055,mu1_a,0.3927,0.3637833665695802,0.02891663343041978,7.36354301765881
2056,mu1_a,0.3949,0.3641096149207919,0.03079038507920806,7.797008123355304
2057,mu1_a,0.3327,0.33059025508177464,0.0021097449182253536,0.6341283192723212
2058,mu1_a,0.3385,0.33155204897589646,0.00694795102410356,2.0525704650171446
2059,mu1_a,0.3325,0.33212290908553455,0.00037709091446547216,0.11341080134265806
2060,mu1_a,0.3267,0.33439173665213306,0.007691736652133074,2.3543730187050906
2061,mu1_a,0.3009,0.32824888895266013,0.027348888952660133,9.08902922983358
2062,mu1_a,0.3341,0.33977894415504517,0.0056789441550451625,1.6997737668447066
2063,mu1_a,0.328,0.34843578235953304,0.020435782359533028,6.230421451058148
2064,mu1_a,0.3553,0.36950946190401374,0.014209461904013732,3.9992856470514324
2065,mu1_a,0.3553,0.36950946190401374,0.014209461904013732,3.9992856470514324
2066,mu1_a,0.3827,0.3637833665695802,0.01891663343041977,4.9429405357643965
2067,mu1_a,0.3289,0.34509042450542604,0.016190424505426015,4.922597903732681
2068,mu1_a,0.3704,0.3142717177999879,0.05612828220001209,15.153423920048747
2069,mu1_a,0.7705,0.48895218699906406,0.2815478130009359,36.54092316684886
2070,mu1_a,1.06,0.5423100811008984,0.5176899188991017,48.8386715942088
2071,mu1_a,1.163,0.6337521766440285,0.5292478233559715,45.5071215266996
2072,mu1_a,1.015,0.5632441640676118,0.4517558359323881,44.50796413122592
2073,mu1_a,1.06,0.5672557649513437,0.4927442350486564,46.48530519322561
2074,mu1_a,0.8648,0.5596884604342071,0.30511153956579296,35.28116784984275
2075,mu1_a,0.752,0.5451887380964223,0.20681126190357768,27.50149759352429
2076,mu1_a,0.8393,0.563526682768227,0.275773317231773,32.85753809501304
2077,mu1_a,0.8829,0.5657159390513632,0.3171840609486368,35.92525325045617
2078,mu1_a,0.3289,0.34509042450542604,0.016190424505426015,4.922597903732681
2084,mu1_a,0.11478,0.18711015069294293,0.07233015069294293,63.01633620170132
2118,mu1_a,0.0847,0.11410617046922705,0.029406170469227055,34.718028888878244
2146,mu1_a,0.07148,0.09715067077839845,0.02567067077839845,35.913081670452314
2161,mu1_a,0.054,0.10301530968353068,0.049015309683530676,90.76909200485737
2162,mu1_a,0.055,0.0849187278751577,0.029918727875157695,54.39768704475221
2163,mu1_a,0.058,0.08421091794644386,0.02621091794644386,45.19123783791715
2164,mu1_a,0.064,0.08303800779823234,0.019038007798232337,29.746887184273227
2165,mu1_a,0.084,0.09770778895277699,0.01370778895277698,16.318796372159273
2166,mu1_a,0.00984,0.08262731872046775,0.07278731872046774,739.7085235068157
2168,mu1_a,0.01403,0.07142928857706438,0.057399288577064375,409.1182364431446
2169,mu1_a,0.02951,0.07795202827577036,0.048442028275770356,164.15461970223248
2170,mu1_a,0.03436,0.07749465610524142,0.04313465610524142,125.53741590217126
2171,mu1_a,0.04018,0.07815278474096587,0.037972784740965874,94.50668178203287
2172,mu1_a,0.05585,0.08872801828720772,0.032878018287207725,58.86843023566525
2173,mu1_a,0.05943,0.09252195688202619,0.033091956882026194,55.682242775482706
2174,mu1_a,0.02944,0.09136146362220904,0.06192146362220904,210.33105849220698
2175,mu1_a,0.03448,0.08064039125576405,0.04616039125576406,133.87584470540983
2176,mu1_a,0.0471285,0.11887189304492135,0.07174339304492136,152.22931568668443
2179,mu1_a,0.088,0.1477697755310797,0.059769775531079705,67.92019946636421
2180,mu1_a,0.058263,0.09650210111779073,0.038239101117790726,65.6318780652119
2181,mu1_a,0.042181,0.0722763878695648,0.030095387869564803,71.34820859830569
2182,mu1_a,0.068,0.12779627327218912,0.059796273272189115,87.93569598722021
2184,mu1_a,0.034348,0.06817751629075797,0.03382951629075797,98.49049810694385
2185,mu1_a,0.041733,0.11497007098643935,0.07323707098643936,175.48959093447505
2186,mu1_a,0.0505285,0.07404081678714036,0.023512316787140365,46.53278206690291
2187,mu1_a,0.049971,0.12766865625805335,0.07769765625805335,155.48549409957474
2188,mu1_a,0.05926,0.0921960279820302,0.03293602798203019,55.57885248308202
2189,mu1_a,0.059239,0.09061255961277309,0.03137355961277309,52.960987883393514
2218,mu1_a,0.072,0.1035904944528026,0.03159049445280261,43.87568673939424
2220,mu1_a,0.063,0.09561034335811885,0.032610343358118854,51.762449773970204
2222,mu1_a,0.084,0.09770778895277699,0.01370778895277698,16.318796372159273
2254,mu1_a,0.0003961,0.061109634060507956,0.06071353406050795,15327.829817528314
2256,mu1_a,0.001314,0.06800883579775946,0.06669483579775946,5075.710483029098
2258,mu1_a,0.00271,0.0749889365641811,0.07227893656418109,2667.119429428409
2259,mu1_a,0.005044,0.08904481389786029,0.0840008138978603,1665.361099944621
2261,mu1_a,0.00349,0.08392140532263426,0.08043140532263426,2304.62479368447
2265,mu1_a,0.05385,0.1447752721759544,0.09092527217595439,168.8491590979868
2267,mu1_a,0.06688,0.1494949149626523,0.0826149149626523,123.52708576766902
2270,mu1_a,0.05935,0.14927240666049676,0.08992240666049676,151.5120583976102
2273,mu1_a,0.08111,0.15684252110099184,0.07573252110099184,93.37014067323157
2274,mu1_a,0.06791,0.09703916012624864,0.029129160126248638,42.89377135299617
2278,mu1_a,0.101637,0.18736820306852658,0.08573120306852658,84.35038722874846
2288,mu1_a,0.0772,0.13709891306671576,0.059898913066715756,77.58926562945577
2319,mu1_a,0.1058,0.23190967391782316,0.12610967391782316,119.19628914615423
2320,mu1_a,0.039363,0.16467957906107122,0.12531657906107121,318.3613521781561
2321,mu1_a,0.07375,0.12676357181759096,0.05301357181759096,71.88280924321646
2322,mu1_a,0.06704,0.13329080479027564,0.06625080479027563,98.82279950669361
2323,mu1_a,0.07851,0.1343821851115454,0.0558721851115454,71.16569240967233
2324,mu1_a,0.0845664,0.15539287149508874,0.07082647149508874,83.75249684774474
2325,mu1_a,0.05236,0.17276640853544,0.12040640853544002,229.95876343227738
2326,mu1_a,0.08363,0.13023148776921617,0.046601487769216174,55.72340998285177
2328,mu1_a,0.0905,0.1392065314053559,0.04870653140535591,53.819371718030624
2330,mu1_a,0.1199,0.18288315676425695,0.06298315676425695,52.52973875206976
2333,mu1_a,0.1118,0.2024160540079882,0.09061605400798821,81.05192666116072
2335,mu1_a,0.09988,0.21596306525212902,0.11608306525212903,116.22253228971447
2337,mu1_a,0.05236,0.1724179466043486,0.1200579466043486,229.29325172279542
2338,mu1_a,0.1027,0.19893315451413648,0.09623315451413648,93.7031689515087
2339,mu1_a,0.066,0.15125470344304248,0.08525470344304248,129.1737930935617
2341,mu1_a,0.08442,0.16434306320121314,0.07992306320121315,94.67313811924474
2342,mu1_a,0.103,0.20672282777580692,0.10372282777580692,100.70177453864068
2343,mu1_a,0.05236,0.17276640853544,0.12040640853544002,229.95876343227738
2344,mu1_a,0.13076,0.20900309144511187,0.07824309144511188,59.83717608176317
2348,mu1_a,0.13671,0.24983017262310714,0.11312017262310714,82.7446219166701
2351,mu1_a,0.11333,0.21421305881185893,0.10088305881185892,89.01708180620201
2354,mu1_a,0.07781,0.19486819664161617,0.11705819664161617,150.44107009396188
2357,mu1_a,0.05236,0.17276640853544,0.12040640853544002,229.95876343227738
2360,mu1_a,0.3062,0.2880520086861208,0.01814799131387923,5.926842362449367
2361,mu1_a,0.3327,0.33059025508177464,0.0021097449182253536,0.6341283192723212
2362,mu1_a,0.316,0.33212290908553455,0.016122909085534542,5.10218641945681
2363,mu1_a,0.5514,0.4250713354786427,0.12632866452135733,22.91053038105336
2364,mu1_a,0.4937,0.4061644613658116,0.08753553863418845,17.730512180273674
2365,mu1_a,0.6017,0.4400163612282177,0.16168363877178232,26.871138236914348
2366,mu1_a,0.5094,0.40848029528182633,0.10091970471817363,19.8114850251228
2367,mu1_a,0.4383,0.3880142315449206,0.05028576845507943,11.472910895497307
2368,mu1_a,0.448,0.3883404798961323,0.059659520103867714,13.316857166012175
2369,mu1_a,0.3226,0.3508454896504603,0.02824548965046031,8.755576457028132
2370,mu1_a,0.3141,0.33578341221181324,0.021683412211813247,6.9033467722840545
2371,mu1_a,0.3062,0.322910119677192,0.016710119677191992,5.4572565895288765
2372,mu1_a,0.3704,0.3142717177999879,0.05612828220001209,15.153423920048747
2373,mu1_a,0.1085,0.23638807874527654,0.12788807874527652,117.86919699916851
2374,mu1_a,0.283,0.31667816489008827,0.03367816489008829,11.900411621897277
2375,mu1_a,0.6017,0.42808914065617465,0.17361085934382536,28.853391946740373
2376,mu1_a,0.7149,0.5026490272052465,0.21225097279475347,29.689603132529946
2377,mu1_a,0.6351,0.4482700395681007,0.1868299604318993,29.4174083501189
2378,mu1_a,0.6357,0.4429383773274788,0.19276162267252123,30.32273441438068
2379,mu1_a,0.6701,0.4429383773274788,0.2271616226725212,33.899660151049424
2380,mu1_a,0.6239,0.4241182524966916,0.1997817475033084,32.021437330179225
2381,mu1_a,0.594,0.4205908354652474,0.17340916453475258,29.193462042838497
2382,mu1_a,0.3102,0.322910119677192,0.012710119677192044,4.097395124806922
2383,mu1_a,0.1042,0.1897196438420955,0.0855196438420955,82.07259485726945
2399,mu1_a,2.48274e-05,0.08395316974342037,0.08392834234342038,338047.23395501764
2400,mu1_a,1.31219e-05,0.07148820834490838,0.07147508644490838,544700.6988157309
2401,mu1_a,2.699e-06,0.06701386070778464,0.06701116170778465,2482813.5190681536
2402,mu1_a,5.911e-07,0.08477564047391789,0.08477504937391789,14341889.012862079
2403,mu1_a,1.863e-07,0.08676246080192751,0.08676227450192751,46571019.211881585
2404,mu1_a,7.04e-08,0.09106842304797796,0.09106835264797797,129356618.01391737
2405,mu1_a,3.272e-07,0.08887105203345125,0.08887072483345125,27160896.462251417
2406,mu1_a,1.842e-07,0.08442344927431739,0.08442326507431738,45832142.64543482
2408,mu1_a,0.417111,0.23752368224221376,0.17958731775778625,43.05504236458777
2413,mu1_a,0.3327,0.2913668847790055,0.041333115220994476,12.423539290913808
2414,mu1_a,0.3704,0.3142717177999879,0.05612828220001209,15.153423920048747
2415,mu1_a,0.432,0.3415836518780717,0.09041634812192828,20.929710213360877
2416,mu1_a,0.429,0.3501335366398248,0.07886646336017517,18.383790993004972
2417,mu1_a,0.5136,0.40723994534249575,0.1063600546575042,20.708733383430125
2418,mu1_a,0.5136,0.411082177095002,0.10251782290499795,19.9606353007785
2419,mu1_a,0.4818,0.3729949588076969,0.10880504119230311,22.583030550451905
2420,mu1_a,0.4799,0.3729949588076969,0.1069050411923031,22.276524524292633
2421,mu1_a,0.4544,0.3595295773606329,0.09487042263936712,20.87817399629365
2422,mu1_a,0.412,0.35530079452769286,0.05669920547230711,13.761943075769297
2423,mu1_a,0.3943,0.34308210417828144,0.05121789582171854,12.989575404917233
2424,mu1_a,0.3327,0.33059025508177464,0.0021097449182253536,0.6341283192723212
2425,mu1_a,0.0209672,0.11095412007309952,0.08998692007309952,429.1794806593524
2426,mu1_a,0.01804,0.1003794575687792,0.0823394575687792,456.4271483603931
2446,mu1_a,0.01801,0.12870068447545946,0.11069068447545946,614.6067988301688
2447,mu1_a,3.963,2.4171849815642896,1.5458150184357105,39.0061826503992
2448,mu1_a,0.001434,0.10036480322976787,0.09893080322976787,6898.940248310911
2449,mu1_a,1.04394e-06,0.06960449021586596,0.06960344627586595,6667373.565734649
2450,mu1_a,0.02364,0.13318147379291198,0.10954147379291199,463.37340857985726
2451,mu1_a,0.1853,0.2791942353917547,0.0938942353917547,50.671470799378305
2452,mu1_a,0.09559,0.19519450513828057,0.09960450513828058,104.19971245657347
2453,mu1_a,0.01801,0.13221463648061044,0.11420463648061044,634.1179149043269
2454,mu1_a,0.00236791,0.1015160038513721,0.0991480938513721,4187.156345025805
2455,mu1_a,0.0114081,0.12733067485757393,0.11592257485757393,1016.1426955182064
2456,mu1_a,0.0121941,0.12542358307599494,0.11322948307599494,928.5595744393547
2457,mu1_a,0.1568,0.25508051593717085,0.09828051593717085,62.67890046973473
2458,mu1_a,0.05654,0.17519045546430945,0.11865045546430944,209.85223817157927
2459,mu1_a,0.06259,0.16816436079268135,0.10557436079268134,168.67608370505602
2460,mu1_a,0.01801,0.13221463648061044,0.11420463648061044,634.1179149043269
2461,mu1_a,0.009468,0.12654025147526204,0.11707225147526204,1236.504557064818
2462,mu1_a,0.03361,0.1529556751157673,0.1193456751157673,355.08978016131033
2463,mu1_a,0.005547,0.10942834261478451,0.10388134261478452,1872.748198955418
2464,mu1_a,0.03577,0.14527749289530775,0.10950749289530776,306.14339639990584
2465,mu1_a,0.01801,0.13221463648061044,0.11420463648061044,634.1179149043269
2466,mu1_a,0.0137604,0.1180340362159053,0.1042736362159053,757.7805602186527
2467,mu1_a,0.0843,0.21979166145572784,0.13549166145572783,160.72557705115133
2468,mu1_a,0.06758,0.1741545434135846,0.1065745434135846,157.70130720924473
2469,mu1_a,0.04572,0.13860921489862094,0.09288921489862094,203.16976136611822
2470,mu1_a,0.03148,0.13449488763820264,0.10301488763820263,327.2391602126119
2471,mu1_a,0.02573,0.1242063598460591,0.0984763598460591,382.72973121737976
2472,mu1_a,0.02292,0.11054603273623292,0.08762603273623293,382.31253373651754
2473,mu1_a,0.04,0.16987553336002878,0.12987553336002877,324.6888333919547
2474,mu1_a,0.01524,0.10473198076987977,0.08949198076987977,587.2177215486063
2478,mu1_a,0.05193,0.1547028989158079,0.1027728989158079,197.90660295364694
2480,mu1_a,0.0326,0.10166055087456843,0.06906055087456844,211.84218059033753
2481,mu1_a,0.01257,0.09127782421631736,0.07870782421631736,626.1561194117406
2482,mu1_a,0.006052,0.07655934716317159,0.07050734716317159,1165.02556430141
2483,mu1_a,0.002249,0.06869716441535373,0.06644816441535373,2954.5648904316618
2484,mu1_a,0.18751,0.15939811487344685,0.02811188512655316,14.992205816438183
2485,mu1_a,0.22196,0.17168627514028528,0.05027372485971471,22.64990307239512
2486,mu1_a,0.20308,0.18339250580538713,0.01968749419461288,9.694452528321813
2487,mu1_a,0.14502,0.16258395058198,0.017563950581979987,12.111398829029701
2488,mu1_a,0.14066,0.1514316672825734,0.010771667282573394,7.65794631202674
2489,mu1_a,0.12576,0.1463370540294596,0.020577054029459585,16.36216128283712
2490,mu1_a,0.11169,0.13193198590301908,0.02024198590301908,18.123364583076235
2491,mu1_a,0.10688,0.10858668404637234,0.0017066840463723365,1.5968226481627696
2493,mu1_a,0.091341,0.09797905473623081,0.006638054736230803,7.267333110167535
2494,mu1_a,0.084873,0.08733135713688567,0.002458357136885664,2.8965125974770523
2496,mu1_a,0.088309,0.08648588410033525,0.0018231158996647456,2.0644734960695974
2497,mu1_a,0.10234,0.10894515753919909,0.0066051575391990885,6.454130876621602
2498,mu1_a,0.12115,0.12327799317157279,0.0021279931715727923,1.7564945700001877
2499,mu1_a,0.21769,0.15705925829510264,0.06063074170489735,27.85187271101972
2528,mu1_a,0.16522,0.2506134216713137,0.08539342167131367,51.68467599007191
2530,mu1_a,0.173835,0.20375723612366287,0.029922236123662876,17.213010109293723
2531,mu1_a,0.188624,0.17113192104096883,0.017492078959031182,9.273517134054226
2533,mu1_a,0.195419,0.17813116064144607,0.017287839358553936,8.84654990480223
2534,mu1_a,0.208181,0.17311668152365253,0.03506431847634747,16.843188608076165
2535,mu1_a,0.203253,0.17494017254873145,0.028312827451268535,13.929844799894337
2548,mu1_a,0.08051,0.12553979254470626,0.045029792544706265,55.930682578744204
2550,mu1_a,0.289523,0.2156330843713158,0.07388991562868419,25.521259322550883
2596,mu1_a,0.127372,0.16116890727624814,0.03379690727624812,26.53401632696572
2597,mu1_a,0.0746756,0.1366843332483897,0.062008733248389694,83.03747575856012
2598,mu1_a,0.091482,0.14887325620073755,0.05739125620073755,62.735025688233975
2600,mu1_a,0.07666,0.13062330032677044,0.053963300326770436,70.39303460222607
2620,mu1_a,0.3708,0.21095651615633348,0.15984348384366653,43.10773566430298
2629,mu1_a,0.01834,0.10056373713261568,0.08222373713261569,448.33008248709046
2630,mu1_a,0.103799,0.15915628929031642,0.055357289290316414,53.33123564753331
2631,mu1_a,0.126935,0.12942897560387512,0.002493975603875126,1.9647659068464003
2632,mu1_a,0.115999,0.13101278560193835,0.015013785601938348,12.943030200095619
2633,mu1_a,0.149542,0.15011119991032196,0.0005691999103219492,0.3806287934614642
2634,mu1_a,0.0921453,0.11811693470105622,0.02597163470105622,28.185522973797212
2635,mu1_a,0.0902533,0.1194519750258567,0.0291986750258567,32.351919570290704
2636,mu1_a,0.120674,0.12526975253845374,0.0045957525384537345,3.808403250423165
2637,mu1_a,0.120613,0.13094251401817625,0.01032951401817625,8.564179663958784
2638,mu1_a,0.204751,0.1679853457940016,0.036765654205998394,17.95627577194682
2639,mu1_a,0.3708,0.21095651615633348,0.15984348384366653,43.10773566430298
2666,mu1_a,0.0946,0.15729687240531562,0.06269687240531562,66.27576364128208
2685,mu1_a,0.0737,0.10068899332535969,0.026988993325359686,36.620072354129555
2686,mu1_a,0.057042,0.1071330451489369,0.0500910451489369,87.81432128617293
2687,mu1_a,0.060287,0.09365630763605776,0.033369307636057756,55.350751630541
2688,mu1_a,0.063379,0.09641699241573465,0.03303799241573464,52.12766439232768
2689,mu1_a,0.067817,0.09502449184617157,0.027207491846171564,40.11898468786642
2690,mu1_a,0.080912,0.09008698147023314,0.009174981470233143,11.339457027535778
2691,mu1_a,0.098613,0.10811510547448333,0.009502105474483324,9.635753373679906
2692,mu1_a,0.1047,0.12506965375110723,0.020369653751107233,19.45525668664057
2723,mu1_a,0.1654,0.18874528637182025,0.023345286371820262,14.114441579007929
2724,mu1_a,0.1251,0.17357966448887266,0.04847966448887267,38.75272940726231
2725,mu1_a,0.1165,0.15863746781244592,0.042137467812445914,36.16950026788344
2726,mu1_a,0.1019,0.1588158016758266,0.05691580167582659,55.85456494138178
2727,mu1_a,0.1132,0.15260665358539197,0.03940665358539197,34.81153143555111
2728,mu1_a,0.1228,0.1523491716377528,0.029549171637752794,24.062843353022934
2729,mu1_a,0.1007,0.14570925089250045,0.04500925089250045,44.69637625824576
2730,mu1_a,0.1097,0.1442291485133936,0.0345291485133936,31.475978589862205
2731,mu1_a,0.1019,0.13352806087070015,0.03162806087070015,31.038332551903594
2732,mu1_a,0.06245,0.10730079726913638,0.044850797269136385,71.81873061396028
2733,mu1_a,0.03987,0.07680353105778742,0.03693353105778742,92.63489103802625
2734,mu1_a,0.1048,0.12108832690993149,0.016288326909931483,15.542296669633643
2735,mu1_a,2.7,1.4966773721149942,1.203322627885006,44.567504736465196
2736,mu1_a,2.5,1.245660676673189,1.254339323326811,50.17357293305237
2737,mu1_a,0.0413188,0.13626289180457402,0.09494409180457401,229.7842430135342
2738,mu1_a,0.0375673,0.1367909539360848,0.09922365393608482,264.1223988240933
2739,mu1_a,0.078287,0.15185854059881246,0.07357154059881246,93.97670187626642
2773,mu1_a,0.06166,0.10072664275960314,0.039066642759603136,63.35816211315205
2802,mu1_a,0.3708,0.21095651615633348,0.15984348384366653,43.10773566430298
2803,mu1_a,0.160011,0.1554507079806193,0.004560292019380685,2.849986575518049
2804,mu1_a,0.11719,0.12089548441080322,0.0037054844108032198,3.161945909012373
2805,mu1_a,0.0890006,0.11228548985720443,0.023284889857204435,26.162621214848897
2806,mu1_a,0.0757815,0.10737835740491103,0.03159685740491103,41.69468459253786
2807,mu1_a,0.0469728,0.09543994342132828,0.048467143421328275,103.18129517571117
2808,mu1_a,0.0442247,0.10220183561852014,0.057977135618520144,131.0967301467487
2809,mu1_a,0.0420941,0.09554559783432126,0.05345149783432126,126.9809731840126
2810,mu1_a,0.0550113,0.09732207338953203,0.04231077338953203,76.91287678851963
2811,mu1_a,0.0179522,0.07217889816957951,0.05422669816957951,302.0615755537421
2812,mu1_a,0.026633,0.07644642533108653,0.04981342533108653,187.03647853871576
2836,mu1_a,15.0,10.620081097539382,4.379918902460618,29.19945934973551
2854,mu1_a,0.06578,0.12989272177521793,0.06411272177521793,97.46537211043366
2856,mu1_a,0.08893,0.14176717385399754,0.05283717385399754,59.4143414521572
2858,mu1_a,0.08703,0.11930014657023436,0.03227014657023436,37.079336515987094
2860,mu1_a,0.0786,0.1067147532467757,0.028114753246775703,35.76940616592621
2862,mu1_a,0.07793,0.10033395076930224,0.02240395076930224,28.74881402414314
2863,mu1_a,0.09019,0.12081792681395137,0.030627926813951364,33.959337857425176
2864,mu1_a,0.07037,0.1112679918656656,0.0408979918656656,58.11850485304024
2866,mu1_a,0.05727,0.10072664275960314,0.043456642759603134,75.88029118010185
2867,mu1_a,0.13173,0.18524540248834587,0.05351540248834585,40.62506831241144
2873,mu1_a,0.17399,0.20395764977949635,0.02996764977949634,17.223777101743835
2876,mu1_a,0.1675,0.19838605450231134,0.030886054502311328,18.439435523657867
2877,mu1_a,0.07757,0.129372344225883,0.05180234422588301,66.78141578601932
2879,mu1_a,0.1323,0.17107143152030313,0.03877143152030313,29.30569275888894
2881,mu1_a,0.1408,0.17107143152030313,0.03027143152030312,21.499596250062588
2882,mu1_a,0.11894,0.1657758767749565,0.0468358767749565,39.37773396213446
2884,mu1_a,0.1158,0.1664760032438309,0.05067600324383091,43.761660831945846
2886,mu1_a,0.169162,0.18812939199706288,0.018967391997062877,11.212560738789296
2888,mu1_a,0.05315,0.08867672860829856,0.03552672860829856,66.84238684408304
2902,mu1_a,0.118813,0.22022844987529253,0.10141544987529252,85.35719986402073
2904,mu1_a,0.0921884,0.20667899814428853,0.11449059814428852,124.1919787555122
2906,mu1_a,0.199789,0.23207798773618615,0.03228898773618616,16.161544297245864
2918,mu1_a,0.01821,0.11086087636207953,0.09265087636207953,508.79119361335324
2919,mu1_a,0.02448,0.10273159190078335,0.07825159190078335,319.6551956600768
2921,mu1_a,0.02231,0.1316324200181389,0.10932242001813891,490.01532950801777
2922,mu1_a,0.02351,0.10168532142933878,0.07817532142933878,332.5194446023547
2923,mu1_a,0.028,0.10562752086175575,0.07762752086175576,277.24114592494055
2924,mu1_a,0.03209,0.07384562105368608,0.04175562105368608,130.120352297865
2925,mu1_a,0.03388,0.09222273388155355,0.05834273388155355,172.204055135276
2926,mu1_a,0.04529,0.09014778450716149,0.04485778450716149,99.04567124347767
2943,mu1_a,0.31191,0.2820795509745373,0.029830449025462724,9.56380014278705
2944,mu1_a,0.132216,0.2202390815954772,0.0880230815954772,66.57521146821219
2945,mu1_a,0.119419,0.19373504102276318,0.07431604102276318,62.23133757789034
2946,mu1_a,0.173649,0.21123490921511623,0.03758590921511623,21.644759955369615
2947,mu1_a,0.199893,0.21420597210290135,0.014312972102901361,7.160316820914069
2948,mu1_a,0.24794,0.22955369298840278,0.018386307011597214,7.415627575834096
2949,mu1_a,0.04915,0.09930947728425465,0.050159477284254655,102.05387036263299
2950,mu1_a,0.04884,0.13042387344178563,0.08158387344178564,167.0431479117838
2952,mu1_a,0.05424,0.1329723776269284,0.0787323776269284,145.1555634687995
2953,mu1_a,0.05837,0.1339878530903072,0.07561785309030719,129.54917438583468
2955,mu1_a,0.04929,0.11954199686626915,0.07025199686626915,142.52788976434138
2956,mu1_a,0.05018,0.12091317420828585,0.07073317420828584,140.95889638676016
2957,mu1_a,0.05321,0.12023422686611995,0.06702422686611995,125.9617118302205
2958,mu1_a,0.05305,0.12023422686611995,0.06718422686611995,126.64321746437987
2960,mu1_a,0.05099,0.11552615301819175,0.06453615301819174,126.56629342405586
2961,mu1_a,0.0598,0.11885396605577836,0.05905396605577836,98.7524515966402
2962,mu1_a,0.04191,0.10999246320446288,0.06808246320446287,162.44920831028006
2970,mu1_a,0.072,0.1035904944528026,0.03159049445280261,43.87568673939424
2971,mu1_a,0.078,0.10281943334172194,0.024819433341721944,31.819786335133006
2972,mu1_a,0.077,0.09864469136544296,0.02164469136544296,28.109988785924497
2973,mu1_a,0.069,0.10108087566101287,0.032080875661012864,46.494022696446265
2974,mu1_a,0.054,0.10301530968353068,0.049015309683530676,90.76909200485737
3019,mu1_a,0.0003783,0.05570324488841455,0.05532494488841455,14624.621924971805
3022,mu1_a,0.001072,0.059148158186217825,0.05807615818621782,5417.552064556185
3024,mu1_a,0.002558,0.0628518111302579,0.0602938111302579,2357.0684560862865
3025,mu1_a,0.002066,0.06367681014308824,0.06161081014308824,2982.130208773811
3026,mu1_a,0.002451,0.062758872381867,0.060307872381867,2460.5415078442097
3028,mu1_a,0.002465,0.06810726905401226,0.06564226905401227,2662.972374336006
3031,mu1_a,0.003531,0.07204265638083279,0.06851165638083279,1940.2904661973912
3033,mu1_a,0.03849,0.10935804033100827,0.07086804033100827,184.12065557071202
3035,mu1_a,0.06994,0.12605867779341978,0.05611867779341978,80.23831540265569
3037,mu1_a,0.03306,0.11588015896118198,0.08282015896118197,250.51469739466677
3039,mu1_a,0.04744,0.11352553887125094,0.06608553887125093,139.30341245754192
3042,mu1_a,0.09889,0.15490523590848904,0.05601523590848903,56.64398413178541
3043,mu1_a,0.06985,0.09719762364389772,0.027347623643897728,39.15193077094661
3057,mu1_a,0.07088,0.12702147382120182,0.056141473821201826,79.20636825678578
3058,mu1_a,0.07079,0.1313585626283315,0.060568562628331504,85.5609021436303
3059,mu1_a,0.07263,0.12669767921319874,0.054067679213198744,74.44262592930512
3060,mu1_a,0.07096,0.1251881122712275,0.05422811227122751,76.4206768185785
3066,mu1_a,0.0807,0.15332944325330325,0.07262944325330326,89.99931010211061
3068,mu1_a,0.08076,0.13197954802713913,0.05121954802713913,63.4219267292037
3069,mu1_a,0.07949,0.11596103553965431,0.036471035539654306,45.881287632652516
3070,mu1_a,0.07425,0.11138328860495211,0.03713328860495212,50.01116310363906
3071,mu1_a,0.07318,0.1508501528478659,0.07767015284786591,106.13576502706279
3072,mu1_a,0.09139,0.17926940555155205,0.08787940555155205,96.15866675849705
3073,mu1_a,0.09615,0.1743609413747486,0.07821094137474861,81.34263273420196
3074,mu1_a,0.09095,0.16181869599371565,0.07086869599371565,77.9205013666151
3075,mu1_a,0.08346,0.11934540122741699,0.035885401227416985,42.997125841105934
3076,mu1_a,0.07757,0.14716889092200777,0.06959889092200777,89.72397952959975
3077,mu1_a,0.1068,0.13113121776481956,0.024331217764819557,22.782039105422975
3160,mu1_a,0.1023,0.1354838297789571,0.03318382977895709,32.43776126943569
3218,mu1_a,0.1645,0.18046457520603154,0.015964575206031534,9.704908939777802
3248,mu1_a,0.04561,0.2438372276307569,0.1982272276307569,434.6135225310475
3249,mu1_a,0.05016,0.17046289714039106,0.12030289714039105,239.83831167861376
3250,mu1_a,0.06475,0.14296091347619339,0.07821091347619338,120.78905555982314
3251,mu1_a,0.06095,0.1535579380067853,0.0926079380067853,151.9408334786971
3253,mu1_a,0.06768,0.14132607757936386,0.07364607757936385,108.8151264454428
3254,mu1_a,0.07052,0.1447893003809196,0.07426930038091961,105.31664829816569
3255,mu1_a,0.08506,0.15531465801449834,0.07025465801449834,82.59423702524383
3256,mu1_a,0.09819,0.1686017912979434,0.0704117912979434,71.7097375468238
3257,mu1_a,0.1093,0.17119893551904455,0.06189893551904456,56.63214594554276
3258,mu1_a,0.133,0.20039723288665395,0.06739723288665395,50.674611192591875
3259,mu1_a,0.1131,0.1570175490242811,0.043917549024281105,38.8307241590564
3272,mu1_a,0.0813865,0.13122294253119088,0.04983644253119088,61.234286436421925
3302,mu1_a,0.09436,0.15078659450795637,0.05642659450795637,59.79927353471637
3303,mu1_a,0.08119,0.12444740185701642,0.04325740185701642,53.27922386560367
3304,mu1_a,0.08096,0.1076522814003017,0.026692281400301693,32.969715167949595
3305,mu1_a,0.07456,0.1083531620012752,0.033793162001275204,45.32344688951444
3306,mu1_a,0.07664,0.12394441780549004,0.04730441780549004,61.72288335708873
3307,mu1_a,0.07643,0.13122052787161376,0.05479052787161376,71.68720119180541
3308,mu1_a,0.07088,0.12702147382120182,0.056141473821201826,79.20636825678578
3309,mu1_a,0.08363,0.13023148776921617,0.046601487769216174,55.72340998285177
3311,mu1_a,0.08554,0.11893716023539558,0.03339716023539557,39.0427405132162
3313,mu1_a,0.06555,0.12699078505298272,0.06144078505298273,93.73117475521802
3316,mu1_a,0.09038,0.15832568505753358,0.06794568505753358,75.17778829030958
3318,mu1_a,0.09139,0.1637278494929753,0.07233784949297531,79.1529155183103
3320,mu1_a,0.07375,0.13235654506799116,0.058606545067991164,79.46650178602916
3327,mu1_a,0.07918,0.11513966430874578,0.03595966430874578,45.415085006683036
3328,mu1_a,0.07667,0.11099929475140391,0.03432929475140391,44.77539422323745
3329,mu1_a,0.07574,0.1216540976438949,0.0459140976438949,60.62067288525045
3330,mu1_a,0.07391,0.1283017026869014,0.05439170268690138,73.59180447323158
3331,mu1_a,0.07088,0.12702147382120182,0.056141473821201826,79.20636825678578
3344,mu1_a,0.1027,0.21566955975977906,0.11296955975977906,109.99957133269625
3347,mu1_a,0.098204,0.20578173650030973,0.10757773650030973,109.54516771130939
3354,mu1_a,0.0871,0.18207903351379667,0.09497903351379668,109.04596270115523
3357,mu1_a,0.07375,0.13094799332148183,0.05719799332148183,77.55660111282205
3366,mu1_a,0.13076,0.20900309144511187,0.07824309144511188,59.83717608176317
3369,mu1_a,0.1172,0.21711981020410986,0.09991981020410987,85.2558107536325
3372,mu1_a,0.09477,0.15627327638002017,0.06150327638002018,64.89741097327341
3375,mu1_a,0.07819,0.16814159130559703,0.08995159130559703,115.04232165807214
3378,mu1_a,0.07375,0.12676357181759096,0.05301357181759096,71.88280924321646
3379,mu1_a,0.09363,0.18522543069607544,0.09159543069607544,97.82701131592135
3381,mu1_a,0.08515,0.1620751580095687,0.0769251580095687,90.34076102015888
3384,mu1_a,0.08821,0.17648564192408497,0.08827564192408498,100.0744155119422
3385,mu1_a,0.08561,0.1605002456971845,0.07489024569718448,87.47838534786787
3387,mu1_a,0.1018,0.1538841558880363,0.052084155888036304,51.16321796416961
3388,mu1_a,0.1,0.14754826913002292,0.04754826913002291,47.54826912954742
3394,mu1_a,0.02295,0.10497201605145928,0.08202201605145928,357.39440543740886
3396,mu1_a,0.0250167,0.10991717873484291,0.08490047873484291,339.375212283991
3402,mu1_a,0.0337208,0.12409383439041893,0.09037303439041894,268.00382668186666
3404,mu1_a,0.02295,0.10497201605145928,0.08202201605145928,357.39440543740886
3449,mu1_a,0.00858,0.1392056564359906,0.13062565643599058,1522.4435480275772
3458,mu1_a,28.0,20.69877318133239,7.301226818667612,26.07581006666911
3459,mu1_a,2.36376,0.9638503432326594,1.3999096567673406,59.223849154175895
3470,mu1_a,0.02061,0.0891567389217196,0.0685467389217196,332.58970848323
3471,mu1_a,0.00733,0.058142877921373404,0.0508128779213734,693.2179797331681
3472,mu1_a,0.02061,0.06229402343187923,0.04168402343187923,202.25144798571915
3475,mu1_a,0.06887,0.0881764773113517,0.019306477311351697,28.03321810813324
3477,mu1_a,0.06486,0.09149929491624237,0.026639294916242368,41.07199339474506
3479,mu1_a,0.04046,0.08541775319801204,0.04495775319801203,111.11654275062004
3481,mu1_a,0.00984,0.08262731872046775,0.07278731872046774,739.7085235068157
3505,mu1_a,0.0866,0.11042220639501388,0.02382220639501388,27.508321471984754
3507,mu1_a,0.20167,0.2776096590290513,0.07593965902905134,37.65540686699796
3508,mu1_a,0.15131,0.2731148796815932,0.1218048796815932,80.5002178843356
3509,mu1_a,0.13848,0.19849226660555278,0.06001226660555278,43.33641435956053
3510,mu1_a,0.13743,0.1457279944742087,0.008297994474208703,6.037978952301771
3511,mu1_a,0.13196,0.15245368841140172,0.020493688411401728,15.530227653263434
3513,mu1_a,0.12768,0.13300040862957985,0.005320408629579859,4.166986708598206
3514,mu1_a,0.13047,0.13970805581653967,0.009238055816539664,7.080597697914354
3515,mu1_a,0.1362,0.14955007133224987,0.013350071332249885,9.801814487629859
3516,mu1_a,0.1591,0.16589584071637964,0.0067958407163796475,4.271427225856024
3517,mu1_a,0.21837,0.17168627514028528,0.046683724859714726,21.378268470715273
3519,mu1_a,0.219888,0.18471359700736012,0.03517440299263988,15.996508673724765
3548,mu1_a,0.02244,0.09886599591761053,0.07642599591761053,340.57930443050236
3564,mu1_a,0.0224,0.0749791979920339,0.052579197992033894,234.72856245395806
3565,mu1_a,0.018175,0.07292596795970224,0.054750967959702246,301.24328999554234
3568,mu1_a,0.02329,0.09161704307755847,0.06832704307755846,293.37502393570077
3571,mu1_a,0.012567,0.060316904023592965,0.047749904023592964,379.9626324484231
3576,mu1_a,0.023883,0.09122428136492894,0.06734128136492894,281.96324315249046
3590,mu1_a,0.1403,0.15985957935829612,0.01955957935829611,13.941253997260652
3618,mu1_a,0.10852,0.16572793475163472,0.057207934751634715,52.71648981856575
3620,mu1_a,0.0757508,0.11839420302180559,0.042643403021805595,56.29432695264295
3621,mu1_a,0.105124,0.1318689398852464,0.0267449398852464,25.441326324142903
3622,mu1_a,0.107794,0.14050710104884812,0.032713101048848114,30.34779398532816
3623,mu1_a,0.0820991,0.11699046084650533,0.034891360846505334,42.49907836514693
3625,mu1_a,0.0982459,0.13145196607887316,0.033206066078873164,33.798933165185694
3626,mu1_a,0.0910034,0.13070578820779039,0.03970238820779039,43.62736799652992
3627,mu1_a,0.114371,0.15720043078971058,0.042829430789710576,37.44780651505722
3646,mu1_a,0.1645,0.2155621176132008,0.051062117613200786,31.040800980480473
3648,mu1_a,0.111,0.17811943614370457,0.06711943614370457,60.46796048927917
3650,mu1_a,0.0883,0.13551079625982956,0.04721079625982956,53.46636042955254
3652,mu1_a,0.1295,0.18076399713566596,0.051263997135665956,39.58609817395374
3653,mu1_a,0.2355,0.18917633631108863,0.04632366368891136,19.67034551537777
3654,mu1_a,0.1081,0.1686146375177399,0.06051463751773989,55.98023822125817
3655,mu1_a,0.08025,0.13500830292172444,0.05475830292172444,68.23464538447612
3657,mu1_a,0.09686,0.15966361094222087,0.06280361094222087,64.83957355107627
3658,mu1_a,0.118,0.1696473919900875,0.0516473919900875,43.768976262415094
3659,mu1_a,0.1139,0.16873260335724916,0.054832603357249154,48.14100382508143
3661,mu1_a,0.1692,0.20152062652188543,0.03232062652188544,19.102025131025073
3662,mu1_a,0.08139,0.13168845739412915,0.05029845739412915,61.79930875231742
3682,mu1_a,0.072,0.1035904944528026,0.03159049445280261,43.87568673939424
3683,mu1_a,0.058,0.12303638902389064,0.06503638902389064,112.13170521167123
3684,mu1_a,0.062,0.0901885757085576,0.028188575708557595,45.46544469048862
3685,mu1_a,0.084,0.1404762205572829,0.056476220557282894,67.23359590072685
3686,mu1_a,0.05,0.11887189304492135,0.06887189304492135,137.7437860870878
3710,mu1_a,9.818701e-05,0.04211189727941367,0.04201371026941367,42789.478813459005
3713,mu1_a,0.0004248,0.0628722080551582,0.06244740805515819,14700.425590431718
3716,mu1_a,0.000724,0.06257046828853885,0.06184646828853885,8542.329862308778
3719,mu1_a,0.001164,0.07267502773304807,0.07151102773304807,6143.559078317223
3721,mu1_a,0.004129,0.07273785310521319,0.0686088531052132,1661.6336422522852
3722,mu1_a,0.07933,0.12548605802552726,0.04615605802552726,58.182349710003066
3724,mu1_a,0.06367,0.12086206480225598,0.05719206480225597,89.82576535473174
3726,mu1_a,0.08751,0.1410212574974301,0.053511257497430104,61.14873442671536
3729,mu1_a,0.1138,0.17270938243209827,0.05890938243209827,51.765713911758006
3731,mu1_a,0.118,0.16572793475163472,0.047727934751634726,40.44740233155107
3732,mu1_a,0.001979,0.07978850409540977,0.07780950409540978,3931.7586688272963
3734,mu1_a,0.00162,0.0907556632330424,0.08913566323304241,5502.201430742
3736,mu1_a,0.001848,0.1041253200334018,0.1022773200334018,5534.487011799617
3738,mu1_a,0.001444,0.10186327915433241,0.10041927915433241,6954.243703932824
3740,mu1_a,0.001201,0.10651299085179083,0.10531199085179084,8768.691987019478
3741,mu1_a,0.001811,0.10186327915433241,0.10005227915433242,5524.697907183073
3742,mu1_a,0.001979,0.07978850409540977,0.07780950409540978,3931.7586688272963
3745,mu1_a,0.09436,0.147212095893946,0.05285209589394599,56.01112324436824
3746,mu1_a,0.08072,0.14246400964409917,0.061744009644099165,76.4915877642892
3747,mu1_a,0.07891,0.15689114844309837,0.07798114844309838,98.82289753150444
3749,mu1_a,0.07617,0.1536773044670035,0.0775073044670035,101.75568395166856
3751,mu1_a,0.08188,0.14856785979464351,0.06668785979464352,81.4458473300306
3752,mu1_a,0.08138,0.1443374443795664,0.0629574443795664,77.36230570016315
3754,mu1_a,0.09068,0.1738722144572021,0.08319221445720211,91.74262732276652
3755,mu1_a,0.09436,0.147212095893946,0.05285209589394599,56.01112324436824
3761,mu1_a,0.09139,0.17926940555155205,0.08787940555155205,96.15866675849705
3762,mu1_a,0.09091,0.17683371266749326,0.08592371266749325,94.51513878181508
3763,mu1_a,0.09824,0.18224810219165688,0.08400810219165689,85.5131333375425
3764,mu1_a,0.1016,0.15256686467751604,0.050966864677516044,50.1642368868252
3765,mu1_a,0.1021,0.15722491179706888,0.05512491179706888,53.99109872333886
3766,mu1_a,0.09817,0.14963429170072376,0.051464291700723766,52.42364439258382
3767,mu1_a,0.09436,0.15078659450795637,0.05642659450795637,59.79927353471637
3768,mu1_a,0.18359,0.19509097755395463,0.011500977553954628,6.264490197664351
3778,mu1_a,0.00184461,0.09106002413787057,0.08921541413787057,4836.546158239688
3781,mu1_a,0.00110691,0.041000740098873056,0.039893830098873054,3604.0717007554667
3783,mu1_a,0.00254473,0.0572924836920406,0.054747753692040595,2151.4169939650346
3785,mu1_a,0.0148957,0.09856806617780456,0.08367236617780456,561.7216120906527
3786,mu1_a,0.130978,0.15501055213480475,0.024032552134804736,18.348541079128744
3793,mu1_a,0.1164,0.12791849387407822,0.011518493874078217,9.895613293796615
3798,mu1_a,0.02241,0.08402730706017048,0.061617307060170476,274.9545160973714
3814,mu1_a,0.07901,0.1490322605906005,0.07002226059060052,88.62455460032182
3816,mu1_a,0.1696,0.19982602009211323,0.030226020092113226,17.82194580892394
3818,mu1_a,0.04408,0.1145497867591031,0.07046978675910309,159.86793729016426
3820,mu1_a,6.04,3.457173252959865,2.582826747040135,42.76203223575675
3828,mu1_a,0.1265,0.1607400391955697,0.0342400391955697,27.067224660315436
3841,mu1_a,0.002971,0.09143842020519,0.08846742020519,2977.698423945237
3842,mu1_a,0.0823731,0.14246400964409917,0.06009090964409916,72.94967609980644
3856,mu1_a,0.1116,0.16950106936321724,0.057901069363217234,51.88267864041075
3857,mu1_a,0.1034,0.19369478671512058,0.09029478671512058,87.32571248960087
3859,mu1_a,0.09914,0.14564245025748868,0.04650245025748867,46.90584048519226
3861,mu1_a,0.0876,0.13686856838857211,0.04926856838857212,56.242657977180016
3862,mu1_a,0.0807,0.15332944325330325,0.07262944325330326,89.99931010211061
3863,mu1_a,0.091906,0.1767205781880652,0.08481457818806519,92.28404912317187
3864,mu1_a,0.09359,0.19155683775099977,0.09796683775099976,104.67660834485841
3865,mu1_a,0.1133,0.1909982412620485,0.07769824126204851,68.57744153694857
3866,mu1_a,0.1025,0.1756556251913652,0.07315562519136522,71.37134164941611
3867,mu1_a,0.09815,0.15579391342283833,0.057643913422838325,58.730426308966905
3868,mu1_a,0.08363,0.13023148776921617,0.046601487769216174,55.72340998285177
3869,mu1_a,0.13076,0.20900309144511187,0.07824309144511188,59.83717608176317
3870,mu1_a,0.1004,0.18705984826980335,0.08665984826980334,86.31458990930298
3871,mu1_a,0.08825,0.1559258094415814,0.06767580944158141,76.6864696213196
3872,mu1_a,0.08311,0.18814021654936947,0.10503021654936946,126.37494470954843
3875,mu1_a,0.09271,0.21486286416674905,0.12215286416674905,131.75802412407666
3877,mu1_a,0.09584,0.21193121154306324,0.11609121154306325,121.13022907121446
3878,mu1_a,0.09076,0.15502623886615133,0.06426623886615133,70.80898949475898
3879,mu1_a,0.07887,0.17070711582013096,0.09183711582013096,116.44112567385133
3881,mu1_a,0.08028,0.16130444944424444,0.08102444944424443,100.92731619735319
3883,mu1_a,0.09377,0.15257940527455155,0.05880940527455154,62.71665273960154
3884,mu1_a,0.08363,0.15685502044061786,0.07322502044061786,87.55831691945747
3902,mu1_a,0.003409,0.06506346189641227,0.061654461896412265,1808.5791105405242
3903,mu1_a,0.17939,0.21912011593866107,0.039730115938661076,22.14734151203501
3904,mu1_a,1.2,0.7428221818911616,0.4571778181088384,38.09815150903812
3906,mu1_a,1.19,0.7322799986564257,0.45772000134357427,38.46386565909157
3908,mu1_a,0.1357,0.25099848585308326,0.11529848585308328,84.96572280930997
3911,mu1_a,0.1009,0.2307230656439077,0.12982306564390772,128.66507992331125
3913,mu1_a,0.08278,0.20026783987139907,0.11748783987139906,141.92780849236502
3915,mu1_a,0.08636,0.13311385842032655,0.04675385842032655,54.13832609979754
3917,mu1_a,0.1028,0.18525327060216193,0.08245327060216193,80.20746167447456
3919,mu1_a,0.1189,0.19606765223375291,0.07716765223375291,64.9013054946206
3921,mu1_a,0.1089,0.18051363610703494,0.07161363610703494,65.76091469823447
3923,mu1_a,0.1451,0.2074370584172851,0.062337058417285096,42.96144618666814
3924,mu1_a,0.1258,0.18245411673262524,0.05665411673262524,45.035068944495144
3939,mu1_a,0.02656,0.12510232994718157,0.09854232994718157,371.0178085221061
3940,mu1_a,0.01806,0.12146946999568048,0.10340946999568049,572.5884274083866
3941,mu1_a,0.0175,0.12356896775519488,0.10606896775519488,606.1083871379074
3942,mu1_a,0.01807,0.12408199086483096,0.10601199086483096,586.6739947922757
3943,mu1_a,0.01971,0.11954521972552296,0.09983521972552295,506.5206479982636
3944,mu1_a,0.02542,0.0931847295608042,0.0677647295608042,266.58036804932493
3978,mu1_a,0.0009287,0.07462509640279785,0.07369639640279785,7935.436235968934
3979,mu1_a,0.006663,0.10240695780854803,0.09574395780854802,1436.9496892417608
3980,mu1_a,0.005752,0.1261795241530957,0.12042752415309568,2093.663493257285
3981,mu1_a,2.48274e-05,0.08395316974342037,0.08392834234342038,338047.23395501764
3982,mu1_a,0.001588,0.07576076267166093,0.07417276267166092,4670.828880664523
3983,mu1_a,0.002222,0.08214038999970136,0.07991838999970136,3596.687217089761
3986,mu1_a,0.003173,0.09072832546726223,0.08755532546726223,2759.3862414014616
3987,mu1_a,2.512e-05,0.0743354433710266,0.0743103233710266,295821.3392229825
3988,mu1_a,0.0001806,0.07279163700877483,0.07261103700877483,40205.44662609101
3989,mu1_a,0.1867,0.22814474580844132,0.04144474580844132,22.19857836540939
3990,mu1_a,0.08488,0.15266779002239217,0.06778779002239217,79.86308909235808
3991,mu1_a,0.08893,0.17621937349195327,0.08728937349195327,98.15514842119838
3992,mu1_a,0.07306,0.1484430673730605,0.07538306737306051,103.17967064334617
3993,mu1_a,0.03181,0.13677021575407106,0.10496021575407105,329.95981059657805
3994,mu1_a,0.0336,0.13677021575407106,0.10317021575407107,307.0542135446445
3995,mu1_a,0.02255,0.12410286111465713,0.10155286111465713,450.34528208493873
3996,mu1_a,0.01235,0.11180473854881989,0.0994547385488199,805.3015266458856
4015,mu1_a,0.18937,0.2701627622140571,0.0807927622140571,42.66397117475337
4018,mu1_a,0.152639,0.2811960543004245,0.1285570543004245,84.22294059813171
4024,mu1_a,0.5624,0.5137281973783563,0.04867180262164372,8.654303453335203
4025,mu1_a,0.337,0.344379922831941,0.007379922831940999,2.1898880806881604
4026,mu1_a,0.6193,0.5137281973783563,0.10557180262164367,17.04695666421334
4028,mu1_a,0.4046,0.471055639546985,0.06645563954698497,16.425022132185052
4030,mu1_a,0.407,0.471055639546985,0.06405563954698501,15.738486375141923
4031,mu1_a,0.8071,0.5802329651191743,0.2268670348808257,28.108912759329034
4033,mu1_a,0.4684,0.471055639546985,0.0026556395469850003,0.5669597666480211
4036,mu1_a,1.7411,1.0918624897821911,0.649237510217809,37.28892712753065
4037,mu1_a,0.148,0.34193784200301613,0.19393784200301614,131.03908243358495
4042,mu1_a,0.0797384,0.20859926639120563,0.12886086639120564,161.6045297994311
4052,mu1_a,0.017924,0.07292596795970224,0.05500196795970225,306.86212874711913
4084,mu1_a,0.0832,0.14309173107959486,0.05989173107959486,71.98525370057092
4085,mu1_a,0.0877,0.16035703120474143,0.07265703120474143,82.84724196569321
4086,mu1_a,0.0832,0.17374157329351858,0.09054157329351858,108.82400636109415
4099,mu1_a,0.1034,0.16241581565697594,0.05901581565697593,57.075256921088176
4105,mu1_a,0.1051,0.18795680500604942,0.08285680500604942,78.83616080424457
4106,mu1_a,0.0402,0.12291712839892743,0.08271712839892743,205.7640009872383
4107,mu1_a,0.1459,0.18938239322598438,0.04348239322598438,29.80287404090908
4109,mu1_a,0.1456,0.19033003267330298,0.04473003267330297,30.721176286398183
4110,mu1_a,0.1399,0.17163500026155037,0.03173500026155038,22.68406022968087
4111,mu1_a,0.3046,0.24132383936995191,0.06327616063004807,20.773526142429528
4138,mu1_a,0.099228,0.19018288014279,0.09095488014279,91.66251475578807
4162,mu1_a,0.0264946,0.12408717026548682,0.09759257026548682,368.3489098223915
4163,mu1_a,0.0769671,0.16939401808789376,0.09242691808789376,120.08626814144341
4164,mu1_a,0.0894914,0.16774020517534866,0.07824880517534866,87.43723438729786
4165,mu1_a,0.0636424,0.155162595326391,0.09152019532639101,143.80380897790306
4166,mu1_a,0.0961257,0.18459956638929936,0.08847386638929937,92.03976292331704
4167,mu1_a,0.0307744,0.15122925531105458,0.12045485531105457,391.4125224444358
4168,mu1_a,0.00354645,0.09419957928703887,0.09065312928703886,2556.1654404116002
4169,mu1_a,0.00294991,0.09012354482648621,0.08717363482648621,2955.1286241592093
4170,mu1_a,0.00827424,0.10951937388727201,0.101245133887272,1223.6185302219394
4190,mu1_a,0.091634,0.1761041755430908,0.0844701755430908,92.18213276968046
4192,mu1_a,0.1276,0.2101720094907343,0.08257200949073432,64.71160618345392
4194,mu1_a,0.181163,0.24209818713227266,0.06093518713227267,33.63555865818976
4196,mu1_a,0.140717,0.26108323281533297,0.12036623281533296,85.53780482420572
4200,mu1_a,0.100302,0.26355675857783023,0.16325475857783023,162.7632136709164
4202,mu1_a,0.00738367,0.14353410817663223,0.13615043817663222,1843.939912783112
4204,mu1_a,0.676061,0.5262439698982133,0.1498170301017867,22.160282888905748
4283,mu1_a,0.0004034,0.06326630749719664,0.06286290749719664,15583.26904842934
4284,mu1_a,0.0003888,0.06057211206116414,0.06018331206116414,15479.246889498885
4287,mu1_a,0.001326,0.05854152880205393,0.05721552880205393,4314.896588152713
4288,mu1_a,0.00389595,0.06825800692299772,0.06436205692299772,1652.0247155758539
4291,mu1_a,0.0109995,0.09613034117051106,0.08513084117051106,773.9519174759901
4292,mu1_a,0.008074,0.08705314518572482,0.07897914518572483,978.1910475098206
4293,mu1_a,0.01319,0.09908193430260542,0.08589193430260542,651.1897975443026
4294,mu1_a,0.002732,0.060406107837045864,0.057674107837045865,2111.058119177719
4299,mu1_a,0.03685,0.11530246222794055,0.07845246222794056,212.89677673218884
4301,mu1_a,0.08019,0.13976760683031653,0.05957760683031653,74.29555659006556
4302,mu1_a,0.06682,0.15727144126131434,0.09045144126131434,135.3658205027846
4304,mu1_a,0.07445,0.19724512304066227,0.12279512304066227,164.93636405508784
4305,mu1_a,0.2048,0.29157828066440816,0.08677828066440815,42.37220735546114
4306,mu1_a,0.1093,0.23750659949437594,0.12820659949437596,117.29789523623329
4307,mu1_a,0.1053,0.20157869316793303,0.09627869316793303,91.43275704370247
4308,mu1_a,0.02439,0.10594508888841397,0.08155508888841398,334.37920822087
4309,mu1_a,0.0366,0.11527464342984456,0.07867464342984457,214.9580421521721
4310,mu1_a,0.02385,0.1013824434547193,0.07753244345471931,325.0836203415869
4311,mu1_a,0.02054,0.09762352815834135,0.07708352815834135,375.2849471985809
4312,mu1_a,0.02439,0.10594508888841397,0.08155508888841398,334.37920822087
4313,mu1_a,0.09139,0.17926940555155205,0.08787940555155205,96.15866675849705
4314,mu1_a,0.09425,0.198306642694979,0.104056642694979,110.40492593514583
4315,mu1_a,0.09332,0.19433956489965937,0.10101956489965937,108.25071249311708
4316,mu1_a,0.09085,0.17663438552136312,0.08578438552136312,94.42419980233228
4317,mu1_a,0.08937,0.1547359343224472,0.0653659343224472,73.14080152368332
4318,mu1_a,0.09587,0.1564181290445593,0.06054812904455929,63.15649217057236
4319,mu1_a,0.1197,0.15818264632457912,0.03848264632457912,32.14924504950512
4327,mu1_a,0.338948,0.17961819436916282,0.1593298056308372,47.00715320059925
4328,mu1_a,0.0117121,0.06258624041260175,0.05087414041260174,434.3724900594942
4334,mu1_a,51.8,34.20627078685203,17.593729213147967,33.96472821070971
4335,mu1_a,14.5,10.143510872896794,4.356489127103206,30.044752600709693
4336,mu1_a,9.8,8.583560211716279,1.2164397882837221,12.41265090085304
4350,mu1_a,10.99,7.525767732125837,3.464232267874163,31.521676686750205
4351,mu1_a,0.1318,0.2096290497555686,0.07782904975556859,59.05087234823829
4353,mu1_a,0.1966,0.23198007507042823,0.03538007507042823,17.995969008264634
4354,mu1_a,0.1068,0.16887411872752425,0.06207411872752425,58.121834013991595
4356,mu1_a,0.1471,0.19149633001383118,0.04439633001383117,30.181053714159997
4357,mu1_a,0.06668,0.12082373977885458,0.054143739778854574,81.19936979310523
4359,mu1_a,0.05011,0.12416559821246909,0.07405559821246908,147.78606707441872
4360,mu1_a,5.72,3.706779433542026,2.013220566457974,35.19616374925912
4361,mu1_a,0.04334,0.1591052727733451,0.11576527277334511,267.10953569606374
4371,mu1_a,0.02993,0.14407681373444156,0.11414681373444156,381.37926405154616
4372,mu1_a,0.07666,0.1466305065453821,0.06997050654538209,91.2738149549561
4374,mu1_a,0.0994,0.16545687320971172,0.06605687320971172,66.45560685014804
4385,mu1_a,0.04876,0.20573075653427034,0.15697075653427034,321.92525949764376
4428,mu1_a,0.1041,0.20207301809310252,0.09797301809310252,94.11433054002053
4477,mu1_a,0.1308,0.20900309144511187,0.07820309144511187,59.78829621140213
4478,mu1_a,0.0795,0.14427725096821847,0.06477725096821847,81.48081882692284
4479,mu1_a,0.08057,0.1408706838700591,0.0603006838700591,74.84260130235903
4481,mu1_a,0.03548,0.13225614885798564,0.09677614885798565,272.7625390508964
4482,mu1_a,3.2593173,1.8289581482677981,1.430359151732202,43.885237921811516
4483,mu1_a,0.09699,0.1977559655603694,0.10076596556036939,103.89314935491335
4496,mu1_a,0.07211,0.20017435054872862,0.1280643505487286,177.59582658015898
4499,mu1_a,0.06099,0.2317386136773604,0.17074861367736038,279.9616554755874
4506,mu1_a,0.06858,0.22701505244236922,0.15843505244236922,231.02224036170747
4507,mu1_a,0.07212,0.20017435054872862,0.1280543505487286,177.55733575561982
4509,mu1_a,1.24004e-08,0.17080585676988405,0.17080584436948404,1377310983.9976456
4510,mu1_a,2.82696e-05,0.17007553447008122,0.17004726487008123,601519.8618122741
4512,mu1_a,2.62174,1.6996523523640068,0.9220876476359932,35.17082729926085
4513,mu1_a,1.15668,0.5522455049481538,0.6044344950518461,52.25598221213504
4514,mu1_a,0.368532,0.3750917432189873,0.0065597432189872795,1.779965706904551
4515,mu1_a,0.162034,0.31066047035327116,0.14862647035327115,91.72548375794825
4516,mu1_a,0.0883776,0.2641450590075882,0.17576745900758822,198.88236273173223
4518,mu1_a,7.62,4.0121590102021685,3.6078409897978316,47.346994616763226
4519,mu1_a,5.71,4.0648049034553075,1.6451950965446924,28.812523582213732
4520,mu1_a,3.81,3.2490025248974086,0.5609974751025915,14.724343178541844
4521,mu1_a,2.38,1.7842267625651764,0.5957732374348235,25.032488967839207
4522,mu1_a,5.24,4.336095421607958,0.9039045783920425,17.25008737389065
4523,mu1_a,6.67,4.957259264604877,1.7127407353951227,25.678271894975502
4524,mu1_a,11.91,11.053903263240828,0.8560967367591719,7.188049846843827
4525,mu1_a,18.1,17.07327574144882,1.0267242585511802,5.672509715752064
4527,mu1_a,30.95,24.675477620074886,6.274522379925113,20.2730933115506
4544,mu1_a,3.33749,5.641000611973739,2.3035106119737394,69.0192513527546
4593,mu1_a,0.04935,0.2608553402334366,0.2115053402334366,428.58224970445957
4598,mu1_a,0.0801421,0.14901236980435975,0.06887026980435976,85.93519486449745
4600,mu1_a,0.216394,0.220088488220831,0.003694488220830988,1.7072969771869437
4611,mu1_a,0.116738,0.13869710016624429,0.02195910016624429,18.81058452779402
4613,mu1_a,0.3704,0.2850519529049931,0.08534804709500693,23.04212934524204
4615,mu1_a,0.08165,0.1277197488996502,0.04606974889965021,56.423452417741544
4616,mu1_a,0.07066,0.11078878169538153,0.04012878169538153,56.79136950865215
4618,mu1_a,0.044219,0.14952896310986175,0.10530996310986174,238.15546056554916
4620,mu1_a,0.040502,0.14746042694035486,0.10695842694035484,264.0818402491581
4621,mu1_a,0.05754,0.15302371832818715,0.09548371832818714,165.94320181878294
4623,mu1_a,0.08165,0.1277197488996502,0.04606974889965021,56.423452417741544
4624,mu1_a,0.05619,0.10057384342348052,0.04438384342348053,78.9888653189013
4665,mu1_a,0.094205,0.11524963573747432,0.021044635737474324,22.339191908339185
4666,mu1_a,0.15847,0.18829361952966706,0.029823619529667056,18.81972583421396
4670,mu1_a,0.0806,0.10915594839733256,0.028555948397332553,35.42921637342216
4693,mu1_a,0.06783,0.09850400275555321,0.03067400275555321,45.221882286747736
4725,mu1_a,0.0971068,0.15546381222896244,0.058357012228962446,60.09570105117406
4726,mu1_a,0.0764,0.1355765874215601,0.059176587421560095,77.4562662575727
4727,mu1_a,0.08754,0.19449785578148265,0.10695785578148265,122.18169497402423
4728,mu1_a,0.1296,0.20900309144511187,0.07940309144511187,61.267817472607405
4737,mu1_a,0.01899,0.1091851057370532,0.0901951057370532,474.96106230807584
4744,mu1_a,0.003841,0.07496730599210866,0.07112630599210866,1851.7653208432962
4745,mu1_a,0.03299,0.10737224744982432,0.07438224744982433,225.4690738028786
4746,mu1_a,0.02142,0.09882502688053196,0.07740502688053197,361.36800596133656
4747,mu1_a,0.01783,0.09570076054612858,0.07787076054612858,436.7401039919304
4748,mu1_a,0.01766,0.08738100966803608,0.06972100966803609,394.7962042134096
4749,mu1_a,0.01182,0.08394017697349704,0.07212017697349704,610.1537814500465
4750,mu1_a,0.01046,0.08394017697349704,0.07348017697349704,702.4873514959097
4751,mu1_a,0.01072,0.08340923233536507,0.07268923233536506,678.0711970950033
4752,mu1_a,0.009065,0.08442560841281888,0.07536060841281887,831.3360000497022
4753,mu1_a,0.008722,0.08442560841281888,0.07570360841281887,867.9615730811654
4754,mu1_a,0.006568,0.06792207591487959,0.06135407591487959,934.136356661666
4755,mu1_a,0.006167,0.06792207591487959,0.06175507591487959,1001.3795346986507
4756,mu1_a,0.00457,0.0666821475862438,0.0621121475862438,1359.1279556379106
4757,mu1_a,0.004787,0.06964360730147207,0.06485660730147207,1354.8487003953119
4758,mu1_a,0.004996,0.07140596607427424,0.06640996607427424,1329.262731404756
4759,mu1_a,0.004198,0.07129078466382954,0.06709278466382954,1598.2083050940316
4760,mu1_a,0.003503,0.06771244053261027,0.06420944053261027,1832.9843138532808
4761,mu1_a,0.004051,0.0728313880677981,0.0687803880677981,1697.8619612643663
4762,mu1_a,0.003709,0.07176371547469645,0.06805471547469645,1834.853476849499
4763,mu1_a,0.00488,0.07567766680430121,0.07079766680430122,1450.771860446588
4764,mu1_a,0.004333,0.12736824515521883,0.12303524515521883,2839.4933101044053
4765,mu1_a,0.00405,0.07496730599210866,0.07091730599210866,1751.0445919653878
4767,mu1_a,0.004573,0.12736824515521883,0.12279524515521884,2685.2229417967765
4768,mu1_a,0.003828,0.07496730599210866,0.07113930599210866,1858.39357297609
4769,mu1_a,0.0348832,0.1075242072468569,0.0726410072468569,208.24066382893338
4784,mu1_a,0.03187,0.10469770384361055,0.07282770384361054,228.51491635182109
4785,mu1_a,0.04949,0.12102524045958674,0.07153524045958673,144.54483826660191
4786,mu1_a,0.04236,0.11801493248970213,0.07565493248970212,178.59993505173776
4787,mu1_a,0.03646,0.10789750180429464,0.07143750180429465,195.9339051078862
4788,mu1_a,0.03316,0.10823462001137901,0.07507462001137902,226.4011459864747
4789,mu1_a,0.03103,0.10682400332428038,0.07579400332428038,244.26040387314785
4790,mu1_a,0.03138,0.1066720435272478,0.0752920435272478,239.93640383954252
4793,mu1_a,0.09638,0.12578378027973625,0.029403780279736252,30.50817626004479
4800,mu1_a,0.04952,0.12102524045958674,0.07150524045958673,144.39668913195226
4802,mu1_a,0.105948,0.21519692669058496,0.10924892669058496,103.11561019514647
4804,mu1_a,0.3157,0.24938361209462664,0.06631638790537334,21.00614124332065
4805,mu1_a,0.2297,0.20365059503460664,0.026049404965393347,11.340620359286
4806,mu1_a,0.2297,0.25690559109287564,0.027205591092875653,11.843966518396698
4808,mu1_a,0.233,0.25657761098477105,0.02357761098477104,10.119146345351867
4810,mu1_a,0.2352,0.25657761098477105,0.02137761098477106,9.08912031661572
4812,mu1_a,0.2359,0.2638195277118641,0.027919527711864123,11.835323319943098
4814,mu1_a,0.2364,0.2611384103208213,0.024738410320821302,10.464640575599262
4816,mu1_a,0.2409,0.27951026767042536,0.03861026767042536,16.027508372878824
4818,mu1_a,0.2416,0.27951026767042536,0.03791026767042535,15.691335956236935
4820,mu1_a,0.245,0.27951026767042536,0.034510267670425365,14.085823538891637
4822,mu1_a,0.2302,0.25829643751586684,0.02809643751586685,12.205229155406082
4824,mu1_a,0.2464,0.24106386121653406,0.005336138783465949,2.1656407400342097
4825,mu1_a,0.2332,0.22653230935842894,0.00666769064157105,2.859215540970179
4826,mu1_a,0.2357,0.22169605254121919,0.014003947458780808,5.941428705439709
4827,mu1_a,0.235,0.21555651213622823,0.019443487863771758,8.27382462284639
4828,mu1_a,0.241,0.24745124139706554,0.0064512413970655436,2.676863650223558
4829,mu1_a,0.2385,0.22263989027161832,0.01586010972838167,6.649941185876383
4831,mu1_a,0.2986,0.2760595259467614,0.022540474053238557,7.548718705011076
4832,mu1_a,0.2404,0.22400733822371252,0.01639266177628748,6.818910888610355
4833,mu1_a,0.2414,0.23786043096305445,0.00353956903694555,1.4662672066822233
4834,mu1_a,0.2424,0.2387300824225886,0.0036699175774113912,1.5139923999159453
4835,mu1_a,0.2437,0.24243471204706574,0.001265287952934263,0.5191989958674892
4836,mu1_a,0.2464,0.24106386121653406,0.005336138783465949,2.1656407400342097
4837,mu1_a,0.173,0.2016913881573382,0.02869138815733821,16.58461743189154
4856,mu1_a,0.2284,0.22653230935842894,0.0018676906415710515,0.8177279516474931
4864,mu1_a,0.0843,0.21979166145572784,0.13549166145572783,160.72557705115133
4867,mu1_a,0.010775,0.10378801720519071,0.0930130172051907,863.2298579726998
4871,mu1_a,7.78814e-05,0.051121921549694804,0.051044040149694804,65540.73179769174
4872,mu1_a,9.818701e-05,0.04211189727941367,0.04201371026941367,42789.478813459005
4875,mu1_a,5.10082e-07,0.0283635943012166,0.0283630842192166,5560484.121058063
0,mu1_b,19400.0,19546.623444490906,146.62344449090597,0.7557909509840514
4,mu1_b,47600.0,47307.57387412584,292.4261258741608,0.6143406005759681
7,mu1_b,23900.0,23911.330401611245,11.330401611245179,0.04740753812236476
8,mu1_b,23800.0,24071.409871904925,271.40987190492524,1.1403776130459045
9,mu1_b,54600.0,54149.290330280084,450.70966971991584,0.8254755855676115
11,mu1_b,22400.0,22839.302743305656,439.3027433056559,1.9611729611859638
12,mu1_b,27000.0,26767.470446938096,232.52955306190415,0.8612205668959413
13,mu1_b,20500.0,20437.901684430803,62.09831556919744,0.30291861253267044
14,mu1_b,32100.0,32221.995496312156,121.99549631215632,0.3800482751157518
15,mu1_b,22000.0,22121.492652578585,121.49265257858497,0.5522393299026589
16,mu1_b,26500.0,26402.93093681142,97.06906318858091,0.36629835165502234
17,mu1_b,36900.0,37081.15719436839,181.15719436838845,0.49094090614739416
27,mu1_b,10900.0,11232.693276851638,332.6932768516381,3.0522318977214495
28,mu1_b,50700.0,50744.67118202608,44.67118202608253,0.08810884028813123
31,mu1_b,80100.0,80072.58998264317,27.410017356829485,0.03421974701227152
37,mu1_b,31900.0,31519.2125425417,380.7874574583002,1.1936910892109724
38,mu1_b,29800.0,29631.803054521075,168.19694547892504,0.5644192801306209
39,mu1_b,27700.0,27801.24797598986,101.2479759898597,0.36551615880815774
40,mu1_b,26800.0,26755.30710740791,44.692892592091084,0.1667645245973548
41,mu1_b,35900.0,35654.49139936402,245.50860063597793,0.6838679683453425
42,mu1_b,36400.0,36603.3939242368,203.39392423679965,0.558774517134065
43,mu1_b,35500.0,35530.14505329729,30.14505329728854,0.08491564309095363
44,mu1_b,33500.0,33612.377657443154,112.37765744315402,0.3354556938601613
45,mu1_b,32000.0,31279.926639999987,720.073360000013,2.2502292500000407
46,mu1_b,31100.0,30972.208451983646,127.79154801635377,0.41090529908795426
52,mu1_b,16800.0,17190.624455238467,390.6244552384669,2.3251455668956362
55,mu1_b,17000.0,17257.39649938309,257.39649938308867,1.514097055194639
56,mu1_b,22900.0,22698.506746464525,201.49325353547465,0.8798832032116797
58,mu1_b,18500.0,18452.393946494514,47.60605350548576,0.25733001894857166
60,mu1_b,18800.0,18929.39449769402,129.39449769401836,0.6882686047554167
62,mu1_b,18900.0,19264.372479094032,364.3724790940323,1.9278967147832398
63,mu1_b,19300.0,19465.591956535205,165.5919565352051,0.8579894120995083
65,mu1_b,16000.0,16560.598526813214,560.5985268132135,3.503740792582584
96,mu1_b,23671.0,24144.7716249249,473.7716249248988,2.0014854671323508
98,mu1_b,26193.0,25874.18999746975,318.8100025302483,1.2171572654153717
100,mu1_b,27738.0,28160.075984678595,422.075984678595,1.5216525512963983
102,mu1_b,27657.0,27625.12635879196,31.87364120803977,0.1152461988214187
103,mu1_b,26300.0,26121.57217135263,178.42782864737092,0.6784328085451365
104,mu1_b,23900.0,23918.263298283677,18.263298283676704,0.07641547399027909
105,mu1_b,21300.0,21085.080032835496,214.91996716450376,1.009013930349783
106,mu1_b,22300.0,22259.891886813668,40.10811318633205,0.1798570098041796
107,mu1_b,22000.0,22188.535541009034,188.5355410090342,0.8569797318592464
109,mu1_b,20900.0,20869.49303286318,30.506967136818275,0.14596634993692956
111,mu1_b,20800.0,21070.403266635392,270.40326663539236,1.3000157049778478
134,mu1_b,64700.0,63820.10457009005,879.8954299099496,1.3599620245903394
135,mu1_b,58700.0,57944.462662539656,755.5373374603441,1.2871164181607226
136,mu1_b,49600.0,49642.153701884265,42.15370188426459,0.08498730218601733
138,mu1_b,38300.0,37986.29299445922,313.7070055407821,0.8190783434485173
139,mu1_b,31200.0,31189.82969741886,10.170302581140277,0.032597123657500886
140,mu1_b,30100.0,30097.29821209507,2.701787904930825,0.008976039551265198
141,mu1_b,38900.0,38609.511987561425,290.4880124385745,0.7467558160374667
149,mu1_b,43000.0,42981.4606673964,18.539332603599178,0.043114726985114364
151,mu1_b,36400.0,36419.4778418673,19.477841867301322,0.05351055458049814
153,mu1_b,42900.0,42876.36366132699,23.63633867300814,0.05509636054314252
176,mu1_b,27462.0,27553.95451793704,91.95451793703978,0.33484275703532074
178,mu1_b,26855.0,26782.756417674507,72.24358232549275,0.26901352569537423
180,mu1_b,26232.0,25812.426979568176,419.57302043182426,1.5994701907282107
203,mu1_b,14000.0,14061.85083109516,61.850831095160174,0.4417916506797155
204,mu1_b,13800.0,13936.905312963523,136.9053129635231,0.9920674852429209
206,mu1_b,12900.0,13250.903515768356,350.90351576835565,2.72018229277795
207,mu1_b,13900.0,13945.613602155081,45.613602155081026,0.32815541118763325
208,mu1_b,15100.0,15080.250098235021,19.74990176497886,0.13079405142370104
210,mu1_b,14900.0,14860.601889608559,39.39811039144115,0.2644168482647057
211,mu1_b,14200.0,14298.72970928909,98.72970928908944,0.6952796428809115
212,mu1_b,13500.0,13796.35674441986,296.35674441985975,2.195235143850813
213,mu1_b,21700.0,21537.70840717441,162.29159282558976,0.7478875245418883
215,mu1_b,23500.0,23305.585821932174,194.41417806782556,0.8272943747567045
217,mu1_b,21900.0,21763.11689409765,136.8831059023505,0.6250370132527421
219,mu1_b,22200.0,22019.91921429859,180.08078570141151,0.8111747103667185
221,mu1_b,22500.0,22644.682009142714,144.68200914271438,0.6430311517453973
223,mu1_b,21700.0,21882.476670749937,182.4766707499366,0.8409063168199843
225,mu1_b,21200.0,20988.296324255734,211.70367574426564,0.9986022440767247
228,mu1_b,19300.0,19381.298906662436,81.29890666243591,0.4212378583545902
345,mu1_b,26800.0,27070.64209666141,270.6420966614096,1.0098585696321254
351,mu1_b,23100.0,23183.448517518143,83.44851751814349,0.36124899358503676
352,mu1_b,17800.0,17672.36597818249,127.63402181751007,0.717045066390506
353,mu1_b,16400.0,16139.545502510966,260.4544974890341,1.5881371798111836
354,mu1_b,13200.0,13507.645646403598,307.6456464035982,2.3306488363908953
355,mu1_b,13500.0,14007.986133886174,507.9861338861738,3.762860251008694
356,mu1_b,15400.0,15310.782985585729,89.21701441427103,0.5793312624303313
357,mu1_b,16700.0,16629.049396134786,70.95060386521436,0.42485391536056505
358,mu1_b,15100.0,15327.606171600562,227.60617160056245,1.507325639738824
359,mu1_b,13200.0,13381.985407234872,181.98540723487167,1.3786773275369064
360,mu1_b,39100.0,39041.57557800919,58.42442199080688,0.14942307414528613
361,mu1_b,35900.0,35720.24710490144,179.75289509855793,0.5007044431714706
362,mu1_b,38800.0,38633.63986818879,166.36013181121234,0.4287632263175576
363,mu1_b,36300.0,36385.612174108566,85.61217410856625,0.23584620966547176
364,mu1_b,42300.0,42136.12881949106,163.8711805089406,0.38740231798803926
365,mu1_b,32700.0,33196.62814832856,496.62814832855656,1.518740514766228
366,mu1_b,45700.0,45338.59516056221,361.40483943778963,0.7908202175881611
369,mu1_b,32435.32905,32773.21699063254,337.8879406325432,1.0417281110719707
370,mu1_b,33200.0,33380.51352504807,180.5135250480671,0.5437154368917684
375,mu1_b,74100.0,74016.83788595485,83.16211404514615,0.11222957361018375
377,mu1_b,74700.0,74274.59215286042,425.4078471395769,0.5694884165188446
379,mu1_b,47900.0,47840.51741215502,59.48258784497739,0.12418076794358536
380,mu1_b,45100.0,44803.99671073414,296.00328926585644,0.6563265837380409
383,mu1_b,39500.0,39326.517866051305,173.48213394869526,0.4391952758194817
384,mu1_b,43000.0,42877.746045494525,122.25395450547512,0.2843115221057561
386,mu1_b,36200.0,36315.973253730444,115.97325373044441,0.320368104227747
388,mu1_b,30100.0,30021.846477107443,78.1535228925568,0.2596462554569993
389,mu1_b,22700.0,22891.20245384772,191.20245384771988,0.8423015588005281
390,mu1_b,22100.0,22279.93476285604,179.93476285603901,0.8141844473123937
391,mu1_b,29500.0,29452.54399720211,47.456002797891415,0.16086780609454718
518,mu1_b,16000.0,15880.056847334852,119.94315266514786,0.7496447041571741
519,mu1_b,15800.0,15993.473392385407,193.47339238540735,1.2245151416797933
520,mu1_b,15900.0,15687.924092719752,212.07590728024843,1.3338107376116253
521,mu1_b,15000.0,15147.268395124707,147.26839512470724,0.9817893008313815
522,mu1_b,17700.0,17374.247143439345,325.75285656065535,1.8404116189867534
523,mu1_b,18000.0,17894.16168565082,105.83831434918102,0.5879906352732279
524,mu1_b,15000.0,15202.57557089841,202.57557089841066,1.3505038059894043
525,mu1_b,17500.0,17214.997843622634,285.0021563773662,1.6285837507278067
526,mu1_b,17100.0,16878.962595855075,221.03740414492495,1.292616398508333
527,mu1_b,16200.0,16262.20736189137,62.207361891369146,0.3839960610578342
549,mu1_b,36400.0,36826.1162472765,426.11624727649905,1.170649030979393
552,mu1_b,34000.0,33870.788530104954,129.21146989504632,0.38003373498543036
554,mu1_b,4740.0,14303.264856084626,9563.264856084626,201.7566425334309
557,mu1_b,26700.0,26645.149718643355,54.8502813566447,0.20543176538069177
558,mu1_b,29800.0,29893.81766936235,93.81766936234999,0.3148243938333892
559,mu1_b,29800.0,29915.310302896003,115.31030289600312,0.3869473251543729
560,mu1_b,39400.0,39226.332561144925,173.66743885507458,0.44078030166262583
561,mu1_b,46900.0,47409.23739737886,509.23739737886353,1.0857940242619692
562,mu1_b,47800.0,47554.483808119185,245.5161918808153,0.5136322005874797
563,mu1_b,25800.0,25628.006865627664,171.9931343723365,0.6666400557067306
564,mu1_b,29700.0,29898.93801653865,198.93801653865012,0.6698249715106065
565,mu1_b,34200.0,34017.40586691133,182.5941330886708,0.5339009739434818
566,mu1_b,41000.0,41254.7897866921,254.78978669209755,0.6214385041270672
567,mu1_b,34900.0,34810.77022271036,89.22977728964179,0.25567271429696786
568,mu1_b,41300.0,41285.779948245174,14.220051754826272,0.03443111805042681
569,mu1_b,52400.0,52177.81950048848,222.18049951152352,0.4240085868540525
570,mu1_b,51400.0,51427.32752144918,27.327521449180495,0.053166384142374505
573,mu1_b,60600.0,60534.67021836164,65.32978163835651,0.10780492019530777
574,mu1_b,53000.0,52952.62977035857,47.370229641426704,0.0893777917762768
575,mu1_b,40400.0,40342.70054076088,57.29945923911873,0.141830344651284
576,mu1_b,48200.0,48558.151957893875,358.1519578938751,0.743053854551608
577,mu1_b,62700.0,62774.7581949991,74.75819499909994,0.11923157097145126
578,mu1_b,32300.0,32515.814653040765,215.81465304076482,0.6681568205596434
579,mu1_b,39700.0,40065.7592277089,365.75922770889883,0.9213078783599467
580,mu1_b,53500.0,52864.66087448633,635.3391255136667,1.1875497673152648
581,mu1_b,76600.0,76888.15421742969,288.1542174296919,0.37618044050873617
583,mu1_b,50000.0,50386.192006901605,386.19200690160505,0.7723840138032101
584,mu1_b,36600.0,37039.0889276717,439.0889276716989,1.1996965236931665
585,mu1_b,42700.0,42934.75773467601,234.7577346760081,0.5497839219578644
586,mu1_b,57700.0,58175.54422602515,475.54422602515115,0.8241667695409899
587,mu1_b,53600.0,53002.557237600755,597.4427623992451,1.1146320194015766
588,mu1_b,47500.0,47872.450149797136,372.45014979713596,0.7841055785202863
589,mu1_b,57200.0,56824.1629152842,375.8370847158003,0.6570578404122382
590,mu1_b,59400.0,58943.36234275231,456.63765724768746,0.7687502647267466
591,mu1_b,49400.0,49647.96859213192,247.96859213191783,0.5019607128176474
592,mu1_b,55900.0,56154.20615298906,254.2061529890634,0.4547516153650508
593,mu1_b,70000.0,70202.5124925656,202.51249256559822,0.28930356080799746
594,mu1_b,39600.0,39404.021476161586,195.97852383841382,0.4948952622182167
685,mu1_b,36100.0,36574.79293985512,474.7929398551205,1.31521589987568
686,mu1_b,47600.0,47288.1849495137,311.8150504863006,0.6550736354754214
687,mu1_b,46300.0,46276.97747375992,23.02252624007815,0.04972467870427246
689,mu1_b,40700.0,40657.69937099502,42.3006290049816,0.10393274939798919
690,mu1_b,38800.0,38602.88412020502,197.1158797949829,0.5080306180283064
691,mu1_b,42800.0,42463.32620099727,336.67379900273227,0.7866210257073184
692,mu1_b,37800.0,37753.116186416715,46.88381358328479,0.12403125286583278
693,mu1_b,37200.0,37331.79853551218,131.7985355121782,0.35429713847359734
694,mu1_b,47700.0,47626.35885090809,73.64114909191267,0.15438396036040392
695,mu1_b,37100.0,37100.19290775235,0.1929077523527667,0.0005199669874737647
696,mu1_b,39200.0,38902.25691660886,297.74308339114214,0.7595486821202605
697,mu1_b,39600.0,39885.740925358885,285.74092535888485,0.7215679933305174
698,mu1_b,39500.0,39197.37728542143,302.62271457856696,0.7661334546292834
699,mu1_b,40400.0,40186.49298022367,213.50701977632707,0.5284827222186314
700,mu1_b,49200.0,49003.58570410072,196.41429589928157,0.39921604857577553
701,mu1_b,41200.0,41044.8079258038,155.19207419620216,0.37667979173835475
702,mu1_b,40300.0,39875.46582795893,424.53417204107245,1.053434670077103
703,mu1_b,44500.0,44719.26857082143,219.2685708214267,0.4927383613964645
704,mu1_b,43100.0,43481.34576759214,381.34576759213815,0.8847929642509006
705,mu1_b,40400.0,40298.26576657781,101.7342334221903,0.25181740946086706
706,mu1_b,36800.0,36914.19121338286,114.19121338285913,0.3103022102795085
707,mu1_b,36000.0,36665.47431425924,665.4743142592415,1.8485397618312265
708,mu1_b,33700.0,33833.47088190773,133.47088190772774,0.39605602939978557
709,mu1_b,36200.0,36309.58633250189,109.58633250188723,0.302724675419578
710,mu1_b,49000.0,49251.29741800445,251.29741800444754,0.5128518734784644
711,mu1_b,46200.0,46043.01396832382,156.98603167617694,0.33979660535969036
712,mu1_b,45200.0,45568.811949621755,368.81194962175505,0.8159556407560953
713,mu1_b,43500.0,44027.244365475344,527.2443654753442,1.2120560125869984
714,mu1_b,41600.0,41852.313896741034,252.3138967410341,0.6065237902428705
715,mu1_b,35600.0,35684.460900916456,84.46090091645601,0.23724972167543823
716,mu1_b,39800.0,39834.29659417439,34.29659417438961,0.0861723471718332
717,mu1_b,38400.0,38116.95039337698,283.0496066230189,0.7371083505807784
718,mu1_b,54000.0,53911.94429997622,88.05570002378226,0.16306611115515235
719,mu1_b,49100.0,49323.1497366008,223.14973660079704,0.4544801152765724
720,mu1_b,48000.0,48483.86469586106,483.8646958610625,1.0080514497105468
721,mu1_b,48900.0,49254.64942733357,354.6494273335702,0.725254452624888
722,mu1_b,46700.0,46727.38163445803,27.381634458026383,0.05863305023131988
723,mu1_b,45700.0,46001.3255943105,301.3255943105032,0.659355786237425
724,mu1_b,42200.0,42626.20188205559,426.2018820555895,1.0099570664824395
725,mu1_b,34400.0,34235.928924868866,164.07107513113442,0.47695079979980937
726,mu1_b,45700.0,45446.98681142615,253.01318857385195,0.5536393623060217
727,mu1_b,57300.0,56840.39652967983,459.6034703201731,0.8021002972428849
728,mu1_b,58500.0,57990.297129586004,509.7028704139957,0.8712869579726422
729,mu1_b,55500.0,55085.92754630912,414.07245369088196,0.7460764931367242
730,mu1_b,54800.0,54871.97864963379,71.97864963379106,0.13134790079158953
731,mu1_b,52200.0,52698.176105136256,498.1761051362555,0.9543603546671562
732,mu1_b,47400.0,46982.4899804407,417.5100195592968,0.8808228260744658
733,mu1_b,49000.0,49236.159478251895,236.15947825189505,0.4819581188814185
734,mu1_b,47900.0,47913.406492573136,13.406492573136347,0.027988502240368158
739,mu1_b,40600.0,40973.68571019056,373.68571019056253,0.9204081531787255
740,mu1_b,48800.0,48972.539165881695,172.53916588169523,0.35356386451167054
742,mu1_b,39500.0,39103.862870224984,396.13712977501564,1.0028788095570016
743,mu1_b,39900.0,39901.8920643406,1.8920643406017916,0.0047420158912325604
744,mu1_b,40500.0,40991.48743704839,491.48743704838853,1.2135492272799717
745,mu1_b,35400.0,35480.676068405126,80.67606840512599,0.22789849831956493
746,mu1_b,35400.0,35500.38518422882,100.38518422882044,0.28357396674808033
747,mu1_b,41200.0,41295.33606094661,95.33606094661081,0.23139820618109422
748,mu1_b,45700.0,45708.45954028191,8.45954028191045,0.018511029063261377
749,mu1_b,39600.0,39560.48383608838,39.516163911619515,0.09978829270610988
750,mu1_b,37000.0,37082.68143443605,82.6814344360464,0.22346333631363893
751,mu1_b,52000.0,52672.94894567513,672.9489456751326,1.2941325878367933
752,mu1_b,57400.0,57323.90335409205,76.09664590795,0.1325725538466028
753,mu1_b,57200.0,57014.27953380235,185.72046619765024,0.3246861297161717
754,mu1_b,57600.0,57462.07794536564,137.92205463435675,0.23944801151798048
757,mu1_b,87900.0,87401.3861891746,498.61381082539447,0.5672512068548288
759,mu1_b,58800.0,59029.40010938239,229.40010938238993,0.3901362404462414
760,mu1_b,37100.0,37248.42706356507,148.42706356506824,0.40007294761473916
761,mu1_b,44500.0,44719.26857082143,219.2685708214267,0.4927383613964645
762,mu1_b,37900.0,37966.1654496606,66.16544966059882,0.17457902285118423
763,mu1_b,37800.0,37584.8593941874,215.14060581260128,0.5691550418322785
764,mu1_b,37900.0,38148.35787477026,248.35787477026315,0.6552978226128315
765,mu1_b,33300.0,33422.341935673336,122.34193567333568,0.36739320022022726
767,mu1_b,39300.0,39019.46074314279,280.53925685721333,0.713840348237184
769,mu1_b,26400.0,26411.238780907726,11.238780907726323,0.042571139801993646
770,mu1_b,29000.0,28795.797265523488,204.20273447651198,0.7041473602638344
771,mu1_b,28600.0,28497.461452754214,102.5385472457856,0.3585263889712783
772,mu1_b,26300.0,26277.002127544314,22.997872455685865,0.08744438196078276
773,mu1_b,25300.0,25447.928674946663,147.9286749466628,0.5846983199472838
784,mu1_b,32400.0,32511.873311216445,111.87331121644456,0.34528799758161904
785,mu1_b,27500.0,27597.112199168794,97.11219916879418,0.3531352697047061
786,mu1_b,31600.0,31183.502720609868,416.49727939013246,1.318029365158647
788,mu1_b,29900.0,30023.77730502226,123.7773050222604,0.413970919806891
789,mu1_b,33900.0,33866.970912356264,33.02908764373569,0.09743093700217019
791,mu1_b,38800.0,38679.09284769435,120.9071523056482,0.3116163719217737
795,mu1_b,33400.0,33551.30190057484,151.30190057484288,0.45299970231988884
796,mu1_b,35500.0,35533.66783693224,33.66783693223988,0.09483897727391516
797,mu1_b,37500.0,37271.78777594654,228.21222405345907,0.6085659308092242
798,mu1_b,38600.0,37997.98900256374,602.0109974362567,1.5596139829954838
806,mu1_b,12920.41,13035.09455195747,114.68455195747083,0.8876231633320523
814,mu1_b,12027.11,11849.481347363348,177.628652636653,1.476902203743484
816,mu1_b,12742.17,12661.808568863098,80.36143113690196,0.6306730418515994
817,mu1_b,15031.69,15025.46084845867,6.229151541330793,0.04144012776561246
819,mu1_b,13358.06,13366.589346883182,8.52934688318237,0.06385168866723438
821,mu1_b,13109.53,13023.61003379117,85.91996620883037,0.6554008130637052
822,mu1_b,12737.15,12611.327423021057,125.82257697894238,0.9878393280988476
826,mu1_b,21087.71,20991.12157185548,96.58842814451782,0.4580318495679134
827,mu1_b,12409.11,12460.256182328725,51.146182328724535,0.4121664029791381
828,mu1_b,11354.31,11435.756793027427,81.4467930274277,0.717320497920417
829,mu1_b,23057.15,23103.582140847848,46.43214084784631,0.2013784914781155
830,mu1_b,19561.36,19782.374540810728,221.01454081072734,1.129852631978182
832,mu1_b,19324.55,19315.96862417869,8.58137582130803,0.04440660104016926
833,mu1_b,17719.12,17601.436068777824,117.68393122217458,0.6641635206611535
835,mu1_b,17098.2,17212.658442494547,114.45844249454603,0.6694180819884317
837,mu1_b,15811.6,15926.32950959564,114.72950959563968,0.7256034151865698
838,mu1_b,12920.41,13020.56953301294,100.1595330129403,0.7752039835650748
848,mu1_b,12196.56,12258.027344382252,61.46734438225212,0.5039727954624265
888,mu1_b,18002.8,18258.46548859688,255.66548859688191,1.4201429144182123
889,mu1_b,18111.58,18169.989300548317,58.409300548315514,0.3224969911422168
891,mu1_b,16748.83,17303.8370719874,555.0070719873984,3.3137065215146273
893,mu1_b,15490.26,15623.334051880644,133.0740518806433,0.8590821063083725
894,mu1_b,12196.56,12262.463644672653,65.90364467265317,0.5403461686955434
895,mu1_b,28292.68,28407.515247135296,114.8352471352955,0.4058832430695696
896,mu1_b,24015.31,24253.918435385534,238.60843538553308,0.9935680005193898
899,mu1_b,21228.72,20891.12576866678,337.5942313332198,1.5902712520265931
903,mu1_b,18775.6,18616.212650498823,159.38734950117578,0.8489068232236295
905,mu1_b,14976.46,14788.376228989833,188.08377101016595,1.2558626738906653
906,mu1_b,12196.56,12262.463644672653,65.90364467265317,0.5403461686955434
909,mu1_b,22004.02,21974.80057454112,29.219425458879414,0.1327913056745059
927,mu1_b,8848.05,9329.90354165079,481.85354165079116,5.445872725072656
928,mu1_b,12130.04,11916.181117948008,213.85888205199262,1.7630517463420778
929,mu1_b,14626.25,14554.398604856153,71.85139514384718,0.4912496035815549
930,mu1_b,15530.85,15441.620960497792,89.22903950220825,0.5745277270864649
931,mu1_b,17558.87,17398.04944847143,160.82055152856992,0.9158935143808795
932,mu1_b,16709.08,16646.955884498784,62.1241155012176,0.3717985400825036
933,mu1_b,15068.09,15030.530313035066,37.55968696493437,0.24926640977678238
934,mu1_b,16590.26,16366.256790064674,224.00320993532478,1.3502091584780758
935,mu1_b,16184.4,15875.777479939961,308.62252006003837,1.9069135714641157
936,mu1_b,17386.07,17329.26329591774,56.806704082260694,0.32673688810789725
937,mu1_b,17895.27,17685.763998530536,209.50600146946454,1.170733950756063
939,mu1_b,14712.86,14547.587958576738,165.27204142326264,1.1233168902800856
941,mu1_b,19223.71,18966.86377778605,256.84622221394966,1.3360908077262383
942,mu1_b,9393.24,9922.735112960549,529.4951129605488,5.636980562197375
943,mu1_b,12409.11,12431.771485850593,22.661485850592726,0.1826197515421551
944,mu1_b,13001.58,13240.057386264938,238.4773862649381,1.8342185047120279
945,mu1_b,13234.63,13269.94060539592,35.31060539591999,0.26680462843252883
946,mu1_b,16004.49,15698.839131608418,305.65086839158175,1.909781994875074
947,mu1_b,15146.33,15264.405116231346,118.07511623134633,0.7795625490224122
971,mu1_b,22020.76,21946.682386636778,74.07761336322073,0.33639898606233726
974,mu1_b,18351.33,18067.332851242856,283.9971487571456,1.5475562193974257
977,mu1_b,16744.65,16779.196793795447,34.54679379544541,0.2063154129554539
981,mu1_b,15263.49,15083.875757649754,179.61424235024606,1.1767573625052072
984,mu1_b,14301.15,14394.009243000886,92.85924300088664,0.6493131181820108
985,mu1_b,12380.66,12169.647801685625,211.01219831437447,1.7043695434199344
986,mu1_b,7850.15,7970.155000770541,120.0050007705413,1.5286969136964426
987,mu1_b,13311.62,13323.271657654876,11.651657654874725,0.08752997497580853
988,mu1_b,23995.22,24076.93829716913,81.71829716912907,0.3405607332174036
989,mu1_b,41252.84,40967.36245486851,285.4775451314854,0.692019131607631
990,mu1_b,40552.84,40700.926726252816,148.08672625281906,0.36516980377408603
999,mu1_b,41056.19,41065.653476469604,9.463476469602028,0.02305006009959041
1000,mu1_b,39634.86,39614.386183491166,20.473816508834716,0.05165608383335961
1002,mu1_b,37654.96,37225.528381234544,429.4316187654549,1.140438387839092
1008,mu1_b,18527.06,18322.17309703678,204.88690296322238,1.105879200279064
1011,mu1_b,16430.84,16403.0825834144,27.75741658559855,0.16893486021164195
1014,mu1_b,15372.27,15638.786078802554,266.51607880255324,1.7337457564988983
1018,mu1_b,15426.67,15281.31017553913,145.35982446086928,0.9422631356013271
1021,mu1_b,14301.15,14391.318686972492,90.16868697249265,0.630499554039309
1022,mu1_b,18690.24,18666.584418905237,23.655581094764784,0.12656649189504673
1025,mu1_b,16481.05,16278.214270591665,202.83572940833437,1.2307209152835188
1028,mu1_b,16012.44,15803.243995829582,209.19600417041875,1.3064592539951358
1031,mu1_b,14660.98,14634.69250062804,26.28749937195971,0.17930247072132768
1034,mu1_b,14301.15,14391.318686972492,90.16868697249265,0.630499554039309
1046,mu1_b,16234.19,16067.640275132015,166.5497248679858,1.0259195245835226
1048,mu1_b,15493.61,15391.752234964812,101.857765035189,0.6574178970245733
1050,mu1_b,15296.96,15006.69607135371,290.26392864628906,1.8975268853830372
1052,mu1_b,14824.16,14613.382779728658,210.77722027134223,1.4218493342715015
1054,mu1_b,14301.15,14391.318686972492,90.16868697249265,0.630499554039309
1055,mu1_b,15865.99,16078.261612986524,212.2716129865239,1.3379033579784425
1058,mu1_b,15008.26,14653.732188259128,354.5278117408725,2.362217950254543
1061,mu1_b,14648.43,14867.334634002686,218.90463400268527,1.4943897332525413
1064,mu1_b,14271.86,14033.534967603662,238.32503239633843,1.6698946906453567
1067,mu1_b,14301.15,14373.379807725734,72.22980772573464,0.5050629335804089
1070,mu1_b,3774.03,3830.3022330946405,56.27223309464034,1.4910383090394175
1073,mu1_b,3241.82,3529.043902642745,287.22390264274463,8.859958376552202
1075,mu1_b,3568.17,3570.901811062522,2.731811062521956,0.07656056360885147
1077,mu1_b,10153.48,10167.191973360732,13.711973360732372,0.13504703176381272
1078,mu1_b,10317.92,10182.207404978486,135.71259502151406,1.3153096265673123
1079,mu1_b,10284.44,10192.196679353343,92.2433206466576,0.8969211804109662
1081,mu1_b,11033.39,10530.087887302187,503.30211269781284,4.561627139961633
1082,mu1_b,10401.6,10413.78406662797,12.184066627969514,0.11713646581265874
1083,mu1_b,10100.34,9464.131457821273,636.2085421787269,6.298882435430162
1085,mu1_b,9857.67,9409.024121923972,448.64587807602766,4.551236530295978
1086,mu1_b,4790.76,4613.141256994437,177.61874300556337,3.707527469661668
1088,mu1_b,4301.22,4278.077625824379,23.142374175621626,0.5380420944667238
1090,mu1_b,3834.28,4287.6418344041485,453.36183440414834,11.823910470913658
1092,mu1_b,43767.63,43799.337957798605,31.707957798607822,0.07244613838722322
1093,mu1_b,44371.56,44902.24398040454,530.6839804045449,1.1960002767640914
1094,mu1_b,45458.37,45628.7829911694,170.41299116939626,0.3748770384186592
1095,mu1_b,48825.71,48725.04075591749,100.66924408250634,0.2061808094188622
1114,mu1_b,49593.78,49709.37935208464,115.59935208463867,0.23309244039199808
1117,mu1_b,51100.05,50903.635205416664,196.41479458333924,0.3843729988196474
1120,mu1_b,51459.88,51830.528153762665,370.6481537626678,0.7202662613334267
1122,mu1_b,48623.08,48209.05336152644,414.0266384735587,0.8515022875423743
1124,mu1_b,51493.35,51183.18937344333,310.1606265566661,0.6023314205750182
1125,mu1_b,13066.85,13352.046443298066,285.1964432980658,2.182595218419632
1126,mu1_b,36907.26,36635.45075009585,271.80924990415224,0.7364655352474072
1127,mu1_b,33688.88,33485.80343881103,203.07656118896557,0.6027999778828076
1128,mu1_b,33201.85,33448.14371787779,246.29371787779382,0.7418072121818328
1129,mu1_b,32222.36,32467.70290513863,245.34290513863016,0.7614057602814635
1130,mu1_b,31465.46,31405.027932790606,60.4320672093927,0.19205842599915177
1131,mu1_b,32376.33,31850.1876943179,526.1423056821004,1.625083218765377
1132,mu1_b,26146.25,25773.262454014075,372.98754598592495,1.4265431791783716
1133,mu1_b,20695.67,20657.63568328794,38.03431671205908,0.18377910312668827
1134,mu1_b,13004.51,13295.856718915013,291.3467189150124,2.2403513774453043
1135,mu1_b,25284.34,25179.870151344065,104.4698486559355,0.41318005000698255
1136,mu1_b,26562.15,26606.30770775993,44.1577077599286,0.16624297265066493
1138,mu1_b,27365.49,27510.39240877253,144.90240877253018,0.5295078172272091
1139,mu1_b,26257.55,25895.553240895166,361.9967591048335,1.3786387500160278
1140,mu1_b,26634.95,26607.394141279958,27.555858720043034,0.1034575199879971
1141,mu1_b,26349.18,26472.81070963539,123.63070963538848,0.46920135516698613
1143,mu1_b,12184.01,12413.70546831769,229.69546831769003,1.8852206155255125
1144,mu1_b,25518.64,25536.87158829466,18.23158829466047,0.07144420037533532
1145,mu1_b,26212.36,25803.75665074539,408.6033492546121,1.5588193861774067
1146,mu1_b,24968.86,25076.293199195712,107.4331991957115,0.43026873952479805
1147,mu1_b,25398.56,25474.39258582868,75.83258582867711,0.2985704143411166
1148,mu1_b,23944.18,24159.029611435537,214.84961143553664,0.8972936698418431
1149,mu1_b,13071.45,13311.51529432526,240.06529432525895,1.8365620824411897
1152,mu1_b,26641.65,26498.65373656338,142.9962634366202,0.5367395166463796
1154,mu1_b,26713.19,26504.15138168702,209.03861831297763,0.7825295979738012
1155,mu1_b,23560.92,23743.869066555224,182.94906655522573,0.7764937301057249
1156,mu1_b,24448.36,24609.03424377464,160.67424377463976,0.657198453289463
1158,mu1_b,16297.37,16256.841725026447,40.52827497355429,0.2486798481813586
1160,mu1_b,15009.1,15427.007050904012,417.90705090401207,2.784357828943854
1162,mu1_b,16685.65,16984.26013263606,298.61013263605855,1.7896224158846585
1165,mu1_b,18743.38,19039.430664178857,296.0506641788561,1.5794945424937021
1168,mu1_b,26544.58,26423.55186494524,121.02813505476297,0.45594292716163887
1170,mu1_b,30747.89,31106.43450258985,358.5445025898516,1.1660783962406904
1174,mu1_b,31080.95,31279.975587054698,199.0255870546971,0.6403458937217077
1177,mu1_b,32180.94,31919.65014788955,261.2898521104471,0.8119397758749344
1181,mu1_b,25714.88,25697.086632883827,17.793367116173613,0.06919482850463861
1185,mu1_b,17211.17,17722.516559223135,511.34655922313686,2.9710156789058324
1187,mu1_b,12147.61,12068.96147808431,78.64852191569116,0.6474402941458538
1188,mu1_b,43861.61,43464.08776656823,397.5222334317732,0.9063101729092324
1196,mu1_b,12147.61,12068.96147808431,78.64852191569116,0.6474402941458538
1197,mu1_b,19424.96,19317.43415946255,107.52584053744795,0.553544720490791
1203,mu1_b,21390.22,21322.70140940134,67.51859059866183,0.3156516884756764
1204,mu1_b,26800.64,26697.82772537323,102.81227462676907,0.38361872935410896
1205,mu1_b,27650.43,27839.34369114502,188.91369114501867,0.6832215308948855
1206,mu1_b,29800.62,29905.201084299413,104.58108429941421,0.35093593455241606
1207,mu1_b,31900.6,31594.23840232742,306.3615976725778,0.960363120670388
1228,mu1_b,13501.99,13733.226751165112,231.23675116511185,1.7126123716956674
1229,mu1_b,14225.42,14259.448544247349,34.02854424734869,0.23920941699681758
1230,mu1_b,14903.24,14926.277893422719,23.037893422719208,0.15458312033302293
1232,mu1_b,15064.33,15121.773460669692,57.443460669692286,0.3813210456070219
1233,mu1_b,13941.32,13866.423591798542,74.89640820145723,0.5372260890751897
1234,mu1_b,12857.65,12818.395976065598,39.25402393440163,0.3052970327734977
1236,mu1_b,13840.9,13902.169553751612,61.269553751611966,0.4426703014371317
1237,mu1_b,13953.87,14031.117873407313,77.247873407312,0.5535946186062504
1244,mu1_b,23472.63,23535.847151387727,63.21715138772561,0.2693228299842225
1246,mu1_b,30373.0,30160.236324151378,212.76367584862237,0.7005026696362637
1249,mu1_b,54072.83,54291.27129298673,218.44129298672487,0.403976068918022
1250,mu1_b,48079.15,48077.29247366142,1.8575263385791914,0.003863475828044363
1251,mu1_b,49932.69,49756.856968712396,175.833031287606,0.35214011359613506
1252,mu1_b,43137.76,43766.92192114082,629.1619211408179,1.4584946486345556
1255,mu1_b,20769.72,20701.7811829397,67.93881706030152,0.32710511774015977
1256,mu1_b,29279.29,28942.099069959677,337.190930040324,1.1516362932308946
1257,mu1_b,29747.06,29940.44506051925,193.38506051924924,0.6500980618563623
1258,mu1_b,30503.54,30388.069251902198,115.47074809780315,0.3785486802443361
1259,mu1_b,28367.58,28657.37894189184,289.7989418918369,1.021584999114612
1260,mu1_b,41133.59,40978.58815558955,155.00184441044985,0.37682547137376016
1261,mu1_b,33773.39,33747.29080806817,26.099191931833047,0.07727738296876045
1262,mu1_b,40507.24,40614.58593147245,107.34593147245323,0.2650043090382194
1264,mu1_b,44654.07,44815.502722968755,161.43272296875512,0.3615184975720133
1266,mu1_b,53685.38,53143.22270189482,542.1572981051795,1.0098788498939182
1268,mu1_b,53945.21,53100.162969337274,845.0470306627249,1.566491317139603
1269,mu1_b,46785.43,46558.75581188635,226.6741881136477,0.48449739184538365
1272,mu1_b,38494.28,38145.03604308217,349.2439569178314,0.9072619540301349
1277,mu1_b,14547.17,14827.525818597855,280.3558185978545,1.9272189614739808
1326,mu1_b,47347.35,47155.98637253605,191.36362746395025,0.40416966834247375
1332,mu1_b,24950.45,25035.847067672414,85.39706767241296,0.3422666431764275
1335,mu1_b,26082.66,26049.64874614466,33.01125385534033,0.1265639848671122
1337,mu1_b,28783.47,28859.31603546912,75.84603546911967,0.2635055310187398
1340,mu1_b,34798.07,35014.87596367899,216.80596367899125,0.6230401964217879
1343,mu1_b,37533.62,37502.796600043155,30.823399956847425,0.0821221080110243
1345,mu1_b,38659.13,38352.03787167536,307.09212832463527,0.7943586115999902
1347,mu1_b,39556.2,39478.34274252156,77.8572574784339,0.1968269385796257
1349,mu1_b,38229.85,38313.80955230346,83.95955230345862,0.21961779160383477
1351,mu1_b,32592.65,33017.41941574202,424.7694157420192,1.3032675027713891
1354,mu1_b,47347.35,47155.98637253605,191.36362746395025,0.40416966834247375
1355,mu1_b,22013.65,22116.35332519666,102.7033251966568,0.46654382711025566
1356,mu1_b,23928.7,24211.57159217645,282.87159217644876,1.1821435856375346
1357,mu1_b,24998.56,25115.05497069478,116.4949706947773,0.4660067247664557
1358,mu1_b,26673.03,26730.32631973789,57.29631973789219,0.21480993999516437
1359,mu1_b,27116.96,27318.640127985112,201.68012798511336,0.743741658302086
1360,mu1_b,30380.53,30338.82580636819,41.704193631809176,0.1372727652605441
1362,mu1_b,30902.7,31446.72103614654,544.0210361465397,1.7604320533368918
1363,mu1_b,37916.88,38320.24420617559,403.36420617558906,1.0638117012148391
1364,mu1_b,47347.35,46831.47057330287,515.8794266971308,1.0895634638414418
1365,mu1_b,17047.16,17144.476310271908,97.31631027190815,0.570865236625386
1366,mu1_b,18078.53,18057.127826976906,21.402173023092473,0.11838447607793595
1368,mu1_b,18670.99,18883.347846169076,212.35784616907404,1.1373678962340723
1369,mu1_b,18609.49,18537.422997098063,72.0670029019384,0.3872594192637111
1371,mu1_b,18868.48,18890.64308839372,22.16308839372141,0.11746091043752019
1397,mu1_b,39521.55,39415.97540772197,105.57459227803338,0.2671317098596421
1402,mu1_b,28342.89,28473.61255684684,130.72255684684205,0.4612181638740511
1403,mu1_b,19196.51,19427.59656210822,231.086562108223,1.2037946590720032
1404,mu1_b,24368.02,24485.952918864095,117.93291886409497,0.483965947434773
1405,mu1_b,30539.53,31112.318375215338,572.7883752153393,1.8755638191397817
1406,mu1_b,33849.13,33920.041572142865,70.91157214286795,0.20949304204529912
1407,mu1_b,37560.4,37438.929430616554,121.47056938344758,0.32340062774477263
1408,mu1_b,44836.49,44899.214318675455,62.72431867545674,0.13989569360905982
1410,mu1_b,44723.52,44930.55189701443,207.03189701443625,0.46291503221221464
1412,mu1_b,47623.08,47087.688572854386,535.391427145616,1.124226797480583
1413,mu1_b,48146.09,48201.40049490764,55.31049490764417,0.11488055397155651
1435,mu1_b,16355.53,16399.1299527007,43.59995270069885,0.2665762142877598
1436,mu1_b,15941.31,16085.45066656404,144.14066656404066,0.9041958694990603
1437,mu1_b,17066.82,17375.30794708589,308.4879470858905,1.8075303254261221
1438,mu1_b,24355.47,24378.31472503633,22.844725036327873,0.09379710199116614
1440,mu1_b,25778.06,25922.02179120235,143.96179120234956,0.5584663516275064
1441,mu1_b,32221.52,32309.26575753851,87.74575753850877,0.27232035465275617
1442,mu1_b,48146.09,48201.40049490764,55.31049490764417,0.11488055397155651
1443,mu1_b,21195.035000000003,20756.791511453677,438.24348854632626,2.0676705112604257
1445,mu1_b,25641.65,25484.540414488743,157.10958551125805,0.6127124639454092
1447,mu1_b,25083.5,25109.975432242754,26.475432242754323,0.10554919466085005
1448,mu1_b,27239.97,27335.975089404692,96.0050894046908,0.3524419792117642
1450,mu1_b,29317.78,28947.1700080915,370.60999190849907,1.2641134216454966
1451,mu1_b,40446.99,40648.51724524643,201.52724524643418,0.49825029068030574
1453,mu1_b,43978.34,43952.078682745174,26.261317254822643,0.059714207618620084
1455,mu1_b,38730.26,38662.115527682,68.14447231800295,0.17594633322369368
1458,mu1_b,50146.08,49735.99853618055,410.0814638194497,0.8177737199387264
1460,mu1_b,44154.49,43864.245926606476,290.24407339352183,0.6573376193304958
1463,mu1_b,33039.93,33375.92764114268,335.9976411426833,1.0169441676864426
1465,mu1_b,30870.49,31098.95999706577,228.46999706576753,0.7400919035161655
1468,mu1_b,24745.01,24824.615554123735,79.60555412373651,0.321703463137564
1471,mu1_b,30223.63,30029.846364744833,193.7836352551676,0.6411659858698893
1473,mu1_b,34609.79,34524.82862633909,84.96137366090989,0.2454836439657966
1474,mu1_b,30586.81,30843.956914037553,257.14691403755205,0.8407117775196303
1475,mu1_b,23744.18,24376.4075922783,632.227592278301,2.6626634075310287
1511,mu1_b,58040.16,57179.439075303584,860.7209246964194,1.4829747621240523
1514,mu1_b,38284.24,37925.709192269314,358.5308077306836,0.9364971270963812
1515,mu1_b,49581.23,49751.87964352532,170.64964352531388,0.34418194854245016
1516,mu1_b,58702.5,59298.600949774875,596.1009497748746,1.0154609254714444
1518,mu1_b,64685.72,64418.07774258309,267.6422574169119,0.4137578702330466
1538,mu1_b,22125.36,22173.75380964302,48.393809643021086,0.21872552420851496
1539,mu1_b,22682.26,22878.90948124614,196.6494812461424,0.8669748131188973
1541,mu1_b,30049.57,30086.545772643956,36.97577264395659,0.1230492570907224
1543,mu1_b,36166.68,36389.671434551885,222.9914345518846,0.6165659511790538
1545,mu1_b,42941.53,43431.01579236201,489.48579236201476,1.1398890360031764
1546,mu1_b,39485.91,39259.793570695954,226.11642930404923,0.5726509261254185
1549,mu1_b,45111.39,44941.439938634154,169.9500613658456,0.37673426016322176
1550,mu1_b,47929.78,48480.8182793677,551.0382793676981,1.1496782988941283
1552,mu1_b,74659.29,74577.85599549641,81.43400450357876,0.10907417483286912
1554,mu1_b,74051.76,74456.32341782449,404.56341782449454,0.546325189063021
1556,mu1_b,29519.87,29559.03099757191,39.16099757191114,0.13265979007330025
1557,mu1_b,55752.73,55921.464525068746,168.7345250687431,0.302648004983331
1578,mu1_b,19635.84,19646.582284391283,10.742284391282737,0.05470753678621713
1591,mu1_b,19388.98,19166.8382996122,222.14170038779775,1.1457111224406737
1593,mu1_b,23632.46,23565.882776962222,66.577223037777,0.28171939373969956
1595,mu1_b,32022.57,31544.0134102931,478.5565897068991,1.494435298937278
1598,mu1_b,39372.1,39322.34315594988,49.75684405011998,0.126375895748817
1600,mu1_b,44949.465,44640.122535865456,309.34246413454093,0.6882005472913659
1601,mu1_b,19784.37,20024.628234195116,240.25823419511653,1.2143840526391112
1602,mu1_b,24674.72,24755.77365832065,81.05365832064854,0.3284886650006506
1603,mu1_b,26468.85,26397.723142606224,71.12685739377412,0.2687191071534053
1604,mu1_b,30093.92,30062.686507193324,31.233492806673894,0.10378672106084516
1605,mu1_b,29493.93,29552.36229163765,58.43229163765136,0.1981163298266842
1606,mu1_b,30821.95,31262.555943278632,440.60594327863146,1.4295200118053253
1607,mu1_b,31771.74,31492.91104864674,278.8289513532618,0.8776005070961231
1608,mu1_b,33094.32,33689.41974215143,595.099742151433,1.7981929894659658
1609,mu1_b,35079.24,34998.06482355323,81.17517644676991,0.23140517424770296
1610,mu1_b,40643.22,41472.822954653806,829.6029546538048,2.0411841253075047
1611,mu1_b,49609.26,49262.4339634147,346.8260365852984,0.6991155211452427
1612,mu1_b,16129.59,15837.5963114425,291.9936885575007,1.8102982689423641
1614,mu1_b,17464.31,17296.33499532489,167.97500467511054,0.9618187301709058
1617,mu1_b,18382.71,18285.89534055087,96.81465944912998,0.5266615175299506
1619,mu1_b,23682.25,24002.228059764315,319.9780597643148,1.351130318125663
1621,mu1_b,27321.14,27421.43725051767,100.29725051766945,0.36710492504218145
1623,mu1_b,28401.05,28524.15027469371,123.10027469371198,0.4334356465472649
1625,mu1_b,29548.32,29587.772883288006,39.45288328800598,0.1335198863691945
1626,mu1_b,28796.86,28824.31965746997,27.45965746996808,0.09535642938142588
1628,mu1_b,32003.53,31597.379907206985,406.15009279301375,1.26907904469605
1629,mu1_b,40359.54,40768.75376375781,409.21376375781256,1.0139207824415555
1630,mu1_b,64433.84,63957.636210413635,476.2037895863614,0.7390585282304476
1633,mu1_b,30350.99,30218.58139179276,132.40860820724265,0.436257954706725
1698,mu1_b,42290.07,42593.260986298366,303.1909862983666,0.7169318620148102
1699,mu1_b,52052.34,52080.27717118098,27.93717118097993,0.05367130695945645
1701,mu1_b,44631.47,44792.99299521342,161.52299521341774,0.3619038208094372
1702,mu1_b,37282.99,37137.94896519995,145.04103480005142,0.38902736824501316
1704,mu1_b,25498.98,25601.361662578165,102.38166257816556,0.4015127765038663
1705,mu1_b,23409.45,23677.41420016881,267.964200168808,1.1446838783858997
1707,mu1_b,20722.86,20736.760675790516,13.900675790515379,0.06707894465587945
1710,mu1_b,22546.28,22710.16050479596,163.88050479596131,0.7268627232339939
1712,mu1_b,22346.7,22681.076316672825,334.37631667282403,1.4963118342879442
1713,mu1_b,28610.25,28587.19730633029,23.052693669709697,0.0805749466352433
1761,mu1_b,20769.72,20692.052897543363,77.66710245663853,0.3739439070754855
1762,mu1_b,30804.8,31170.25695377564,365.4569537756397,1.1863636633759664
1763,mu1_b,35979.24,35965.46364948977,13.77635051022662,0.03828972071179553
1764,mu1_b,38316.46,38112.493270562045,203.9667294379542,0.5323214342816487
1788,mu1_b,41798.86,41300.864441953265,497.9955580467358,1.1914094261105108
1809,mu1_b,43871.35,44001.16288052119,129.81288052118907,0.29589442887257644
1810,mu1_b,45921.8,45619.739630605545,302.06036939445767,0.657771187964012
1811,mu1_b,49859.18,50236.26496783666,377.0849678366576,0.7562999789339848
1812,mu1_b,52655.73,53489.47527707387,833.7452770738673,1.5833894565204343
1813,mu1_b,19062.62,18882.860773655626,179.75922634437302,0.9429932839471858
1814,mu1_b,16368.08,16271.822128162243,96.2578718377572,0.5880828529537807
1815,mu1_b,17238.37,17240.736334863068,2.3663348630689143,0.013727138140490746
1816,mu1_b,17558.03,17345.33926120941,212.6907387905885,1.211358784502524
1818,mu1_b,17871.42,17773.46041627963,97.95958372036694,0.5481354236001781
1819,mu1_b,17711.59,17499.740545246394,211.84945475360655,1.1961063617304069
1821,mu1_b,18017.02,17920.200633216635,96.8193667833657,0.537377250973611
1822,mu1_b,17858.45,17768.75324410249,89.69675589751205,0.5022650672231467
1824,mu1_b,18156.35,17914.31476794229,242.03523205770762,1.3330610615994274
1825,mu1_b,18448.4,18205.78896477099,242.6110352290125,1.3150790053826482
1826,mu1_b,18291.08,18111.61061884566,179.46938115434023,0.9811852616375862
1827,mu1_b,19062.62,18882.860773655626,179.75922634437302,0.9429932839471858
1839,mu1_b,16242.14,16454.70635568822,212.56635568822094,1.3087336748003706
1840,mu1_b,16635.44,16875.889013697626,240.44901369762738,1.4454021877246854
1842,mu1_b,15754.7,15774.216010153821,19.51601015382039,0.12387420994255928
1843,mu1_b,16424.99,16353.833352676158,71.15664732384357,0.433221860858628
1849,mu1_b,24719.07,24754.615673822656,35.54567382265668,0.143798588792607
1850,mu1_b,23832.04,24129.295149842088,297.2551498420871,1.24729209015295
1851,mu1_b,23547.11,23641.794852157713,94.68485215771216,0.40210816596054527
1852,mu1_b,21914.9,21890.818162896423,24.081837103578437,0.10988796254410668
1877,mu1_b,16368.08,16267.910393293994,100.16960670600565,0.6119814095850316
1878,mu1_b,32126.96,31779.458573942597,347.50142605740257,1.0816505080387393
1879,mu1_b,27084.32,26896.83033959763,187.48966040237065,0.6922442963396188
1880,mu1_b,25837.47,25721.519912509328,115.95008749067347,0.4487671876955192
1882,mu1_b,24837.89,25041.225408634305,203.33540863430608,0.8186500891754738
1883,mu1_b,25659.65,25602.037568956548,57.6124310434534,0.2245253970473229
1884,mu1_b,24703.59,24757.420612516577,53.830612516576366,0.21790603113384074
1899,mu1_b,18265.98,18311.218396917044,45.238396917044156,0.24766476760099462
1900,mu1_b,20585.21,20563.985094449752,21.22490555024706,0.10310754930480213
1902,mu1_b,21440.43,21284.07102411046,156.35897588953958,0.7292716418912287
1903,mu1_b,22530.8,22725.6818491375,194.8818491375023,0.8649575209823988
1905,mu1_b,19741.28,20145.013723886743,403.733723886744,2.0451243479994408
1907,mu1_b,23154.64,23095.38387759746,59.25612240254122,0.2559146780193569
1912,mu1_b,25309.44,25142.408803075235,167.0311969247632,0.6599561148913734
1914,mu1_b,23670.12,23654.67512403141,15.44487596858744,0.0652505182423555
1915,mu1_b,23564.68,23667.749133518293,103.0691335182928,0.4373882162553992
1917,mu1_b,23803.17,24174.38026345433,371.2102634543335,1.5594992744845897
1918,mu1_b,24016.56,24363.85147038333,347.2914703833303,1.446050018750938
1919,mu1_b,23292.72,23185.14168558832,107.57831441167946,0.4618538084503633
1921,mu1_b,23815.73,24177.54746474909,361.8174647490887,1.519237347539163
1922,mu1_b,22058.42,22186.79327312557,128.37327312557318,0.5819694843310318
1924,mu1_b,16368.08,16271.822128162243,96.2578718377572,0.5880828529537807
1930,mu1_b,12186.52,11670.311249342772,516.2087506572279,4.235899589523735
1931,mu1_b,14089.02,13877.409813358634,211.61018664136645,1.5019510699918548
1933,mu1_b,21322.02,21346.518518475343,24.49851847534228,0.11489773705935122
1936,mu1_b,23359.24,23191.571457524722,167.66854247527954,0.7177825240687605
1937,mu1_b,23987.27,24158.234204615033,170.96420461503294,0.7127288958478099
1939,mu1_b,23205.69,23107.86147855102,97.82852144897697,0.42157126743043183
1941,mu1_b,21531.22,21450.96647244033,80.25352755967106,0.3727309811504924
1943,mu1_b,16368.08,16271.822128162243,96.2578718377572,0.5880828529537807
1944,mu1_b,27741.22,28112.478356870615,371.2583568706141,1.3382913832578887
1945,mu1_b,28643.72,28343.535377801847,300.1846221981541,1.0479945419036147
1946,mu1_b,29481.79,29314.823322400644,166.96667759935735,0.5663383315577424
1947,mu1_b,30638.69,30962.365246220576,323.6752462205768,1.0564265189555324
1948,mu1_b,31551.65,31314.31983654997,237.33016345003125,0.7521957281157443
1951,mu1_b,29284.31,28902.43796325333,381.87203674667035,1.3040158253572316
1953,mu1_b,25725.34,25569.64093543042,155.69906456958051,0.6052361779069996
1955,mu1_b,24578.06,24655.13917360635,77.07917360634747,0.3136096730431428
1956,mu1_b,24489.36,24578.763868179616,89.40386817961553,0.3650722933535851
1958,mu1_b,19499.44,19708.90629617207,209.46629617207145,1.0742169835239959
1960,mu1_b,16368.08,16267.910393293994,100.16960670600565,0.6119814095850316
2001,mu1_b,29472.59,29555.85848939909,83.26848939908814,0.2825285779060752
2045,mu1_b,23775.56,24438.289398677232,662.7293986772311,2.787439701429666
2046,mu1_b,32112.32,31770.301653538354,342.0183464616457,1.065068940710748
2047,mu1_b,27473.02,27659.645597809533,186.62559780953234,0.6793049974467035
2048,mu1_b,26272.19,26217.50503217881,54.684967821187456,0.20814773272113005
2049,mu1_b,21236.67,21217.70547526969,18.964524730308767,0.08930084015200485
2050,mu1_b,22570.97,22948.262876962697,377.292876962696,1.671584681396927
2051,mu1_b,20826.63,20801.311926572133,25.318073427868512,0.12156586748729156
2052,mu1_b,21341.69,21306.37032277764,35.31967722236004,0.1654961590312672
2053,mu1_b,19686.05,19852.321117993673,166.27111799367412,0.8446139169293694
2054,mu1_b,21389.8,21204.026690840372,185.7733091596274,0.8685135399098046
2055,mu1_b,20240.44,20358.842672373423,118.40267237342414,0.5849807236079064
2056,mu1_b,21254.66,20934.206823683035,320.45317631696525,1.5076843210710746
2057,mu1_b,29434.1,29183.412030527263,250.68796947273586,0.85169232105869
2058,mu1_b,28248.75,28329.57155060694,80.82155060693913,0.2861066440353613
2059,mu1_b,27859.21,28077.623478291654,218.41347829165534,0.78399020751721
2060,mu1_b,27430.34,27694.055536832093,263.71553683209277,0.9614009043711917
2061,mu1_b,27551.26,27644.211723408003,92.95172340800491,0.33737739547303797
2062,mu1_b,25231.2,25078.734144894588,152.46585510541263,0.6042750844407425
2063,mu1_b,22894.81,22759.667790182026,135.14220981797553,0.5902744325809016
2064,mu1_b,21232.9,20825.962314024626,406.93768597537564,1.9165431287076924
2065,mu1_b,21232.9,20807.423330064554,425.4766699354477,2.0038556670800864
2066,mu1_b,20621.19,20424.471617157076,196.71838284292244,0.9539623214902847
2067,mu1_b,23775.56,24093.647325098464,318.0873250984623,1.3378752176540207
2068,mu1_b,28444.14,28353.027051391473,91.1129486085265,0.32032238840241434
2069,mu1_b,16565.57,16137.439539274239,428.1304607257607,2.5844595792705034
2070,mu1_b,10761.01,10540.192586309193,220.81741369080737,2.052013832259308
2071,mu1_b,8361.45,8833.83250898926,472.3825089892598,5.649528598380181
2072,mu1_b,9080.27,8796.487744357644,283.7822556423562,3.1252623065432648
2073,mu1_b,7386.98,7227.936354808666,159.04364519133378,2.153026611569732
2074,mu1_b,9069.81,8758.202611537294,311.6073884627058,3.435655084976485
2075,mu1_b,10179.42,10201.75082143463,22.330821434630707,0.21937223765824285
2076,mu1_b,8561.03,8668.22009810885,107.19009810884927,1.2520701143302762
2077,mu1_b,8297.43,8647.923439765145,350.493439765145,4.224120477848501
2078,mu1_b,23775.56,24093.647325098464,318.0873250984623,1.3378752176540207
2084,mu1_b,29468.41,29723.05008830132,254.64008830131934,0.8641120722201141
2118,mu1_b,22920.34,22688.604506706193,231.73549329380694,1.0110473635810242
2146,mu1_b,23619.41,23543.747784040646,75.66221595935349,0.3203391446244995
2161,mu1_b,26878.47,26679.771453688692,198.69854631130875,0.7392479791867198
2162,mu1_b,26192.28,25854.056493551714,338.22350644828475,1.2913099067675085
2163,mu1_b,25560.48,25506.21094009904,54.26905990095838,0.21231627849304233
2164,mu1_b,24853.38,24834.679877178565,18.700122821435798,0.07524176921382845
2165,mu1_b,22552.14,22617.202471544304,65.06247154430457,0.28849799417839983
2166,mu1_b,61851.01,61872.248960417084,21.238960417082126,0.03433890637692436
2168,mu1_b,55936.83,56464.0592082832,527.2292082831991,0.9425439523176395
2169,mu1_b,46556.15,46801.83821841137,245.68821841137105,0.5277245184822436
2170,mu1_b,43033.16,43308.88403757288,275.72403757287975,0.6407245890677787
2171,mu1_b,39547.83,39217.556776324614,330.27322367538727,0.8351235040592296
2172,mu1_b,34284.27,34068.140678984106,216.12932101589104,0.630403742053983
2173,mu1_b,31472.57,31397.688004655112,74.8819953448874,0.23792780616545584
2174,mu1_b,23623.26,23768.964108566946,145.70410856694798,0.6167823939919723
2175,mu1_b,28342.89,28473.61255684684,130.72255684684205,0.4612181638740511
2176,mu1_b,26317.8,26245.11097618259,72.68902381740918,0.27619718904091217
2179,mu1_b,20439.18,20562.526533979977,123.34653397997681,0.6034808342603608
2180,mu1_b,23388.95,23472.07187064799,83.12187064798854,0.35538949225163396
2181,mu1_b,26317.8,26354.94803535682,37.14803535682222,0.14115175036219677
2182,mu1_b,23221.59,23139.457216239956,82.13278376004382,0.3536914731508214
2184,mu1_b,28284.31,28490.810436107768,206.5004361077663,0.730088293148273
2185,mu1_b,26819.89,26698.310337619874,121.57966238012523,0.4533190195042755
2186,mu1_b,25773.870000000003,25511.71133219214,262.1586678078638,1.0171490265445733
2187,mu1_b,25439.15,25422.241723202824,16.908276797177678,0.06646557293454253
2188,mu1_b,24602.33,24709.915493801607,107.58549380160548,0.4372979868232215
2189,mu1_b,25397.305,25347.083517382547,50.22148261745315,0.19774335354657963
2218,mu1_b,24602.33,24740.29138294363,137.96138294362754,0.5607655166954818
2220,mu1_b,25200.65,25105.688589535515,94.96141046448611,0.3768212743103297
2222,mu1_b,22552.14,22617.202471544304,65.06247154430457,0.28849799417839983
2254,mu1_b,67497.42,67606.31538536308,108.895385363081,0.16133266332710347
2256,mu1_b,56164.86,56380.422171275386,215.56217127538548,0.383802561379812
2258,mu1_b,47593.38,47416.285262249185,177.09473775081278,0.3720995183590928
2259,mu1_b,42273.33,42814.6658972186,541.3358972185961,1.2805612834820348
2261,mu1_b,42193.84,42294.357183914886,100.51718391488976,0.23822715333539152
2265,mu1_b,26321.57,26356.328028363132,34.758028363132325,0.13205150134711693
2267,mu1_b,26125.33,25764.8555777832,360.47442221680103,1.3797889719165308
2270,mu1_b,26978.46,26718.033605181703,260.4263948182961,0.9653123077384554
2273,mu1_b,23799.83,24150.55653767596,350.72653767595693,1.4736514406865802
2274,mu1_b,23342.93,23067.85015119676,275.0798488032415,1.1784289667288617
2278,mu1_b,22177.04,22044.728626949975,132.3113730500263,0.596614214746541
2288,mu1_b,22701.3,22707.301787771343,6.0017877713435155,0.026438079631314136
2319,mu1_b,17627.49,17468.717065364202,158.77293463579917,0.9007120959126862
2320,mu1_b,23193.14,22946.330257962312,246.8097420376871,1.0641497530635657
2321,mu1_b,18665.14,18636.51309825039,28.626901749608805,0.15337094578239865
2322,mu1_b,19351.32,19217.101743653853,134.21825634614652,0.6935870852538562
2323,mu1_b,18690.24,18697.974088639134,7.734088639132096,0.04138036022615063
2324,mu1_b,18583.97,18495.867041643323,88.10295835667785,0.4740803948600748
2325,mu1_b,22020.76,21944.479088133572,76.28091186642632,0.3464045376564039
2326,mu1_b,18690.24,18619.96799863509,70.27200136491228,0.3759823381878043
2328,mu1_b,17485.23,17456.684070618354,28.545929381645692,0.1632573857000777
2330,mu1_b,15669.34,15951.35786158488,282.01786158487994,1.7998068941313412
2333,mu1_b,16203.65,16318.96335836716,115.31335836716062,0.7116505131076061
2335,mu1_b,17380.63,17269.212303440516,111.4176965594852,0.6410452127424908
2337,mu1_b,22020.76,21897.781337477507,122.9786625224915,0.5584669308529384
2338,mu1_b,16313.69,16244.258225054087,69.43177494591328,0.4256043540481232
2339,mu1_b,18853.42,18559.63589345455,293.7841065454486,1.5582536566068577
2341,mu1_b,17786.48,17663.19207847904,123.28792152095775,0.6931552590560794
2342,mu1_b,17146.32,17088.146381203806,58.173618796194205,0.33927757557420024
2343,mu1_b,22020.76,21944.479088133572,76.28091186642632,0.3464045376564039
2344,mu1_b,16594.02,16678.731145851678,84.71114585167743,0.5104920076731101
2348,mu1_b,16175.61,15968.79300261309,206.81699738690986,1.2785730948440883
2351,mu1_b,17217.45,17121.541489504638,95.90851049536286,0.5570424801312788
2354,mu1_b,19499.44,19545.251706972573,45.81170697257403,0.23493857758260767
2357,mu1_b,22020.76,21944.479088133572,76.28091186642632,0.3464045376564039
2360,mu1_b,32361.27,32401.347258381444,40.077258381443244,0.12384328050612119
2361,mu1_b,29434.1,29183.412030527263,250.68796947273586,0.85169232105869
2362,mu1_b,27565.91,27799.974931937973,234.0649319379736,0.8491101216610429
2363,mu1_b,18994.0,19385.50734798571,391.5073479857092,2.06121589968258
2364,mu1_b,19867.22,20170.356747774586,303.13674777458436,1.5258136154660005
2365,mu1_b,16154.28,16024.337275298938,129.94272470106262,0.804385739884802
2366,mu1_b,18193.59,18028.59052929964,164.9994707003607,0.9069099100307344
2367,mu1_b,20826.21,20855.58690632401,29.376906324010633,0.14105738069485824
2368,mu1_b,21301.1,21137.020429910524,164.07957008947415,0.7702868400668236
2369,mu1_b,26898.97,26790.61210101599,108.35789898400981,0.40283289279853396
2370,mu1_b,29353.34,28907.086968475047,446.25303152495326,1.5202802526899946
2371,mu1_b,32361.27,32241.394530183257,119.87546981674313,0.3704288175857843
2372,mu1_b,28444.14,28353.027051391473,91.1129486085265,0.32032238840241434
2373,mu1_b,44033.57,43818.00768372664,215.56231627336092,0.48954085774412776
2374,mu1_b,28071.76,28364.693843101348,292.93384310134934,1.043517909462568
2375,mu1_b,16154.28,15889.520369559395,264.7596304406052,1.6389441710841037
2376,mu1_b,13198.65,13069.334026753691,129.3159732463082,0.9797666673963488
2377,mu1_b,15761.81,15696.695131864011,65.11486813598822,0.41311796130005507
2378,mu1_b,16524.57,16331.067638439265,193.50236156073515,1.1709978629443014
2379,mu1_b,16840.46,17133.758756763506,293.2987567635064,1.7416315039108576
2380,mu1_b,19235.43,19041.028995742054,194.40100425794662,1.0106402833622468
2381,mu1_b,21187.71,21091.848679761817,95.86132023818209,0.4524383250392897
2382,mu1_b,32112.32,31770.301653538354,342.0183464616457,1.065068940710748
2383,mu1_b,21234.16,21051.86846360864,182.29153639135984,0.8584824471105043
2399,mu1_b,44100.1,44152.01688993192,51.916889931919286,0.11772510704492573
2400,mu1_b,46736.06,46448.21423409886,287.8457659011401,0.6158965173810974
2401,mu1_b,52844.8,53683.93455763016,839.1345576301537,1.58792266718798
2402,mu1_b,58451.46,58703.68830580349,252.22830580348818,0.43151754601764986
2403,mu1_b,62677.37,62552.790791793486,124.57920820651634,0.19876266060065434
2404,mu1_b,65982.78,65738.19980453246,244.58019546754076,0.3706727656330042
2405,mu1_b,61463.99,61146.73103001049,317.25896998951066,0.5161704763870856
2406,mu1_b,63974.43,64079.219215644625,104.78921564462507,0.16379859210097703
2408,mu1_b,19004.05,18905.10765859874,98.94234140125991,0.5206381871299008
2413,mu1_b,29434.1,29417.185505430225,16.914494569773524,0.057465642128597526
2414,mu1_b,28444.14,28353.027051391473,91.1129486085265,0.32032238840241434
2415,mu1_b,24330.79,24555.85099560846,225.06099560845905,0.9250048831478922
2416,mu1_b,23059.25,23168.426862777796,109.17686277779649,0.4734623319396619
2417,mu1_b,20043.37,19982.83433755613,60.535662443868205,0.3020233745316691
2418,mu1_b,20043.37,19982.83433755613,60.535662443868205,0.3020233745316691
2419,mu1_b,21348.38,21291.548451776333,56.831548223668506,0.2662101209724977
2420,mu1_b,22108.21,22425.021390402286,316.81139040228663,1.4330033521587078
2421,mu1_b,23251.71,23529.621001738018,277.91100173801897,1.1952282293991237
2422,mu1_b,25350.86,25408.678162432054,57.818162432053214,0.22807179887409426
2423,mu1_b,26316.96,26360.89606975661,43.93606975661169,0.1669496391551748
2424,mu1_b,29434.1,29183.412030527263,250.68796947273586,0.85169232105869
2425,mu1_b,16177.71,16079.693114602596,98.0168853974028,0.6058761431463587
2426,mu1_b,13359.74,13362.639136826447,2.89913682644692,0.021700548262517983
2446,mu1_b,21087.71,21077.615565345797,10.094434654201905,0.04786880440883294
2448,mu1_b,33527.37,33449.19338957628,78.17661042372492,0.23317251076873885
2449,mu1_b,64530.91,63845.42983174178,685.4801682582256,1.0622508938092234
2450,mu1_b,20025.38,20148.4948930312,123.11489303119743,0.6147942912004537
2451,mu1_b,9688.21,10271.488007281212,583.2780072812129,6.020493024833409
2452,mu1_b,12837.56,12837.356658590397,0.20334140960221703,0.0015839568391673887
2453,mu1_b,21087.71,20991.12157185548,96.58842814451782,0.4580318495679134
2454,mu1_b,29094.35,28705.450504808647,388.8994951913519,1.3366839100765335
2455,mu1_b,22447.12,22858.95026644374,411.8302664437397,1.8346686187080556
2456,mu1_b,22182.27,22183.94156123565,1.6715612356492784,0.007535573391042839
2457,mu1_b,11745.1,11716.011655837014,29.088344162986687,0.2476636568695599
2458,mu1_b,15771.85,15782.046344916114,10.196344916113958,0.0646490102056129
2459,mu1_b,15270.18,15307.267709937209,37.087709937208274,0.24287670438205883
2460,mu1_b,21087.71,20991.12157185548,96.58842814451782,0.4580318495679134
2461,mu1_b,23127.87,23174.65605882213,46.786058822130144,0.20229298600402953
2462,mu1_b,16772.26,17072.06180660673,299.8018066067307,1.7874860430659356
2463,mu1_b,24864.25,24772.47591932612,91.77408067388023,0.3691005386202288
2464,mu1_b,17326.65,17283.77955270953,42.87044729047193,0.24742490493241293
2465,mu1_b,21087.71,20991.12157185548,96.58842814451782,0.4580318495679134
2466,mu1_b,21719.09,22070.73001769254,351.6400176925381,1.6190366064717172
2467,mu1_b,15301.14,15448.783598542695,147.64359854269605,0.9649189442270056
2468,mu1_b,16807.41,16921.131006766096,113.72100676609625,0.6766123201974382
2469,mu1_b,18895.26,18966.660370443136,71.40037044313794,0.3778745063213629
2470,mu1_b,20916.17,20744.746908968682,171.4230910313163,0.8195720872000768
2471,mu1_b,22201.51,22321.736638833696,120.2266388336975,0.541524602757639
2472,mu1_b,23121.17,23038.539338183906,82.63066181609247,0.35738097084227344
2473,mu1_b,18958.02,18961.133577179506,3.113577179505228,0.016423535683078864
2474,mu1_b,24196.06,24365.283383626702,169.22338362670052,0.6993840469345031
2478,mu1_b,19597.35,19853.54990687892,256.1999068789228,1.3073191369186283
2480,mu1_b,51024.73,50760.144261638125,264.5857383618786,0.5185441223537657
2481,mu1_b,58764.43,58919.90897874156,155.4789787415575,0.26458008482607165
2482,mu1_b,64260.62,64517.68787218077,257.0678721807708,0.4000395143725205
2483,mu1_b,71960.15,71595.08100845912,365.06899154087296,0.5073210541402053
2484,mu1_b,27037.88,27095.701211142306,57.8212111423054,0.21385260657383418
2485,mu1_b,28787.66,28871.115559253354,83.4555592533543,0.28990046170252914
2486,mu1_b,29167.57,28930.334737515408,237.23526248459166,0.813352852104552
2487,mu1_b,31389.31,31340.336774624768,48.973225375233596,0.15601880186354397
2488,mu1_b,31201.03,31342.11062606012,141.08062606012027,0.4521665664887354
2489,mu1_b,31729.06,31523.19803639198,205.86196360802205,0.648812046773595
2490,mu1_b,32437.0,32467.706536554982,30.70653655498245,0.09466515570176788
2491,mu1_b,32538.68,32425.30669375968,113.37330624031893,0.34842626142277106
2493,mu1_b,33414.4,33558.788679169775,144.38867916977324,0.43211513350463643
2494,mu1_b,33631.55,33583.3936851898,48.15631481019955,0.1431879137601435
2496,mu1_b,33045.78,33345.484124921684,299.70412492168543,0.9069361501580094
2497,mu1_b,31651.65,31435.87517226354,215.7748277364626,0.6817174704524491
2498,mu1_b,30284.72,30095.248485413074,189.4715145869268,0.6256340312438972
2499,mu1_b,24932.87,25007.647274328985,74.7772743289861,0.2999144275367661
2528,mu1_b,29465.06,29412.893056419194,52.16694358080713,0.17704679230521547
2530,mu1_b,28951.25,28920.368347679476,30.881652320524154,0.10666776847467434
2531,mu1_b,28097.7,28565.961899389087,468.26189938908647,1.6665488612558552
2533,mu1_b,27547.5,27903.488152601913,355.9881526019126,1.2922702699043926
2534,mu1_b,26761.73,26772.426821410525,10.696821410525445,0.039970590131973696
2535,mu1_b,26763.4,26712.593199914172,50.80680008582931,0.1898368670865036
2548,mu1_b,28782.22,28598.694280639444,183.52571936055756,0.6376357326174199
2550,mu1_b,21360.1,21148.64624218891,211.45375781109033,0.9899474150921126
2596,mu1_b,25550.02,25493.870457023637,56.14954297636359,0.2197632055722993
2597,mu1_b,32134.91,31831.810950908857,303.09904909114266,0.9432080223381446
2598,mu1_b,33578.42,33513.63547160328,64.78452839671809,0.1929350112266095
2600,mu1_b,36065.43,36217.45097139328,152.02097139327816,0.4215143737182065
2620,mu1_b,18653.84,18638.98634960325,14.853650396751618,0.07962784282888466
2629,mu1_b,39786.32,40018.12189094073,231.80189094073285,0.5826170677276331
2630,mu1_b,25446.26,25494.666869149816,48.406869149817794,0.19023176352759816
2631,mu1_b,25156.3,25214.233149616848,57.93314961684882,0.2302928078328245
2632,mu1_b,26831.6,26791.597729993424,40.00227000657469,0.14908641305987974
2633,mu1_b,25415.71,25383.711772691542,31.99822730845699,0.12589940359115284
2634,mu1_b,30156.68,29949.095961287712,207.58403871228802,0.6883517638953891
2635,mu1_b,30819.02,31107.0361585546,288.01615855460113,0.9345402889339153
2636,mu1_b,28473.85,28494.9483349765,21.098334976501064,0.07409723299273216
2637,mu1_b,28690.59,28660.997074184248,29.592925815752096,0.10314505841724446
2638,mu1_b,24113.63,24297.564125933783,183.93412593378162,0.7627807424007983
2639,mu1_b,18653.84,18638.98634960325,14.853650396751618,0.07962784282888466
2666,mu1_b,18955.34,19265.78753405776,310.4475340577592,1.6377840442733245
2685,mu1_b,23543.34,23596.549167327325,53.209167327324394,0.22600517737638073
2686,mu1_b,26304.41,26100.323692052283,204.0863079477167,0.7758634690826242
2687,mu1_b,25388.94,25387.934569656172,1.005430343826447,0.003960111543949637
2688,mu1_b,24709.03,24688.41976286389,20.61023713610848,0.08341176135246298
2689,mu1_b,23921.58,24147.22516038227,225.64516038226793,0.9432703039776967
2690,mu1_b,22325.36,22766.56415891031,441.20415891031007,1.976246559564146
2691,mu1_b,20578.51,20502.668925451213,75.8410745487854,0.3685450236619921
2692,mu1_b,20326.63,20431.254839805744,104.62483980574325,0.5147180806938644
2723,mu1_b,20311.15,20366.96708554581,55.81708554580837,0.2748100700640208
2724,mu1_b,20900.68,20890.019546731448,10.660453268552374,0.051005293935663214
2725,mu1_b,20743.36,20726.13922516577,17.220774834229815,0.08301825178866787
2726,mu1_b,21602.77,21440.142652527407,162.6273474725931,0.7528078458114079
2727,mu1_b,20974.74,20752.479540627635,222.2604593723663,1.0596577567701257
2728,mu1_b,20733.32,20702.47493090763,30.845069092370977,0.14877052537833294
2729,mu1_b,21857.16,21837.416223510125,19.743776489875017,0.09033093270065744
2730,mu1_b,20992.32,20732.5619689063,259.758031093701,1.2373955384335842
2731,mu1_b,21405.7,21206.324576106213,199.37542389378723,0.9314127727371084
2732,mu1_b,24984.34,25015.554788474165,31.21478847416438,0.12493741469322135
2733,mu1_b,28499.79,28486.37550026065,13.414499739352323,0.04706876696057172
2734,mu1_b,20253.83,20432.807671052316,178.9776710523147,0.8836732166326797
2737,mu1_b,26080.56,25741.252182511187,339.3078174888142,1.3009989719883859
2738,mu1_b,26205.25,25942.464211735944,262.78578826405646,1.0027982494502303
2739,mu1_b,21666.79,21812.659384881583,145.86938488158194,0.6732394825517851
2773,mu1_b,25047.27,24978.84510341611,68.42489658388877,0.2731830518211716
2802,mu1_b,18653.84,18638.98634960325,14.853650396751618,0.07962784282888466
2803,mu1_b,26159.22,25779.13728622456,380.08271377544224,1.452958894704973
2804,mu1_b,28617.78,28538.508411535862,79.27158846413658,0.2770011806091758
2805,mu1_b,30897.26,30989.53091357499,92.27091357499012,0.29863785194865217
2806,mu1_b,31922.36,31405.216040605133,517.1439593948671,1.6200054112379758
2807,mu1_b,35798.9,35555.83959347518,243.06040652481897,0.6789605449464061
2808,mu1_b,35401.0,35224.96491379755,176.03508620244975,0.4972602079106515
2809,mu1_b,34723.18,34615.545126423196,107.63487357680424,0.3099798854160369
2810,mu1_b,31252.49,31129.029535463407,123.46046453659437,0.3950420095697795
2811,mu1_b,39977.95,39681.240702466144,296.7092975338528,0.7421823718671238
2812,mu1_b,34556.23,34666.83497698343,110.60497698342806,0.3200724644541029
2854,mu1_b,23787.69,23990.04481183862,202.35481183862066,0.8506702913928199
2856,mu1_b,20836.67,20892.943068501278,56.27306850127934,0.270067474799377
2858,mu1_b,20852.57,20895.103810938286,42.53381093828648,0.20397395111627237
2860,mu1_b,21962.18,22100.824879463173,138.6448794631724,0.6312892411553516
2862,mu1_b,22330.38,22670.113835970264,339.7338359702626,1.5213974682484694
2863,mu1_b,21326.2,21313.723022805832,12.476977194168285,0.05850539333856142
2864,mu1_b,23878.49,24109.132684799184,230.64268479918246,0.9659014652902359
2866,mu1_b,26273.45,26101.63322635871,171.81677364129064,0.6539558894674686
2867,mu1_b,23451.71,23518.128150942342,66.41815094234335,0.2832124008967506
2873,mu1_b,16840.88,17075.05705004566,234.1770500456587,1.390527395514122
2876,mu1_b,17027.91,17162.57785559439,134.66785559439086,0.790865441468688
2877,mu1_b,22882.68,22752.993990699124,129.68600930087632,0.5667430969662484
2879,mu1_b,18526.23,18347.216334349087,179.01366565091303,0.9662714197703096
2881,mu1_b,18801.12,18811.584308897916,10.464308897917363,0.05565790175222201
2882,mu1_b,18861.79,18862.095824365664,0.30582436566328397,0.0016213963025952678
2884,mu1_b,19295.26,19400.74598431166,105.48598431166101,0.546693769929304
2886,mu1_b,16040.47,16330.482211443692,290.01221144369265,1.8080032034204274
2888,mu1_b,27288.5,27388.35591056003,99.85591056002886,0.36592671110551644
2902,mu1_b,13805.76,13580.891568473293,224.86843152670735,1.6288015402752716
2904,mu1_b,15285.66,15454.13020649258,168.47020649258047,1.1021454519633465
2906,mu1_b,12912.88,13140.838487833922,227.95848783392285,1.7653574402760874
2918,mu1_b,39083.4,39158.786519826375,75.38651982637384,0.19288628887551706
2919,mu1_b,35902.25,35686.93787978885,215.3121202111506,0.5997176227427268
2921,mu1_b,36397.22,36731.60299218584,334.38299218584143,0.9187047587311378
2922,mu1_b,35487.19,35362.53078101152,124.65921898848319,0.35127948701625344
2923,mu1_b,33500.59,33702.28947020221,201.69947020221298,0.6020773670022319
2924,mu1_b,32013.99,31347.07371434389,666.9162856561124,2.0832026425200745
2925,mu1_b,31116.51,31029.67320042278,86.83679957721688,0.27906985576858356
2926,mu1_b,28475.94,28455.46661945119,20.473380548810383,0.0718971192831927
2943,mu1_b,16294.86,16092.22957859924,202.6304214007614,1.2435235491483903
2944,mu1_b,20745.46,20929.525792364035,184.0657923640356,0.887258187401174
2945,mu1_b,20878.09,20801.690817023944,76.39918297605618,0.3659299436684878
2946,mu1_b,18620.37,18318.194459627855,302.1755403721436,1.6228224271168812
2947,mu1_b,17770.58,17749.399401308117,21.18059869188437,0.11918912433856614
2948,mu1_b,16410.76,16447.141539307835,36.38153930783665,0.22169320194699485
2949,mu1_b,29284.31,28902.43796325333,381.87203674667035,1.3040158253572316
2950,mu1_b,28383.89,28380.2921407353,3.5978592647006735,0.01267570887817235
2952,mu1_b,27137.88,27288.425998055867,150.54599805586622,0.5547448734236654
2953,mu1_b,26267.59,25819.20017720814,448.38982279186166,1.7070078480433937
2955,mu1_b,27116.96,27294.806655690783,177.84665569078425,0.6558502711616061
2956,mu1_b,27051.69,26973.349772250032,78.34022774996629,0.28959457893376084
2957,mu1_b,26514.45,26423.907024331533,90.54297566846799,0.34148540010623635
2958,mu1_b,26720.73,26596.65310104803,124.07689895197109,0.4643469656404263
2960,mu1_b,26920.31,26748.584746897086,171.7252531029153,0.6379022125039248
2961,mu1_b,25965.92,25657.69451668142,308.2254833185798,1.1870385617708898
2962,mu1_b,28916.11,28736.506706360677,179.60329363932397,0.6211184479493402
2970,mu1_b,24602.33,24740.29138294363,137.96138294362754,0.5607655166954818
2971,mu1_b,23556.31,23648.572172414766,92.26217241476479,0.3916664894237034
2972,mu1_b,23656.73,23718.92312890651,62.19312890651054,0.2628982488556556
2973,mu1_b,24539.57,24633.562508248517,93.99250824851697,0.38302426753409685
2974,mu1_b,26878.47,26679.771453688692,198.69854631130875,0.7392479791867198
3019,mu1_b,67979.0,67572.59779003268,406.4022099673166,0.5978349342698724
3022,mu1_b,56637.66,56880.96831650765,243.30831650764594,0.42958751563473124
3024,mu1_b,48379.15,48942.647701743466,563.4977017434649,1.1647532082383938
3025,mu1_b,49127.68,49062.73234430983,64.94765569017181,0.13220175609793056
3026,mu1_b,45860.75,45496.1277551303,364.6222448697008,0.7950638506123445
3028,mu1_b,43861.19,44108.38465444113,247.19465444112575,0.5635840122922469
3031,mu1_b,40260.8,39967.424645218634,293.3753547813685,0.7286873454610154
3033,mu1_b,27463.4,27724.294241626463,260.89424162646173,0.9499706577716587
3035,mu1_b,24206.52,24302.533957597974,96.01395759797379,0.3966450262077068
3037,mu1_b,25529.1,25614.78585979563,85.68585979563068,0.3356399551712778
3039,mu1_b,28506.07,28511.198700882785,5.128700882785779,0.017991609796740762
3042,mu1_b,21062.19,20954.869301355968,107.32069864403093,0.5095419737645085
3043,mu1_b,25282.24,25044.420318981232,237.8196810187692,0.9406590595563098
3057,mu1_b,18893.59,18656.11887940246,237.47112059754,1.2568872331702974
3058,mu1_b,18939.61,19020.044889774195,80.43488977419474,0.4246913731285636
3059,mu1_b,19034.17,19125.324076943347,91.15407694334863,0.4788970411809322
3060,mu1_b,19277.27,19311.182273803224,33.9122738032238,0.17591844593774844
3066,mu1_b,18861.79,18803.95256612653,57.83743387347204,0.3066380967738058
3068,mu1_b,18999.86,19205.09657765368,205.23657765367898,1.0802004733386403
3069,mu1_b,19250.91,19201.52294064704,49.38705935296093,0.25654402494718914
3070,mu1_b,19874.33,19920.768596958682,46.43859695868014,0.23366119491162787
3071,mu1_b,20104.46,20191.630783252498,87.17078325249895,0.43358927945589665
3072,mu1_b,16891.09,16954.447597192495,63.35759719249472,0.3750947818790541
3073,mu1_b,17037.53,17228.378458730127,190.8484587301282,1.1201650634225042
3074,mu1_b,17723.72,17630.123431017208,93.59656898279354,0.5280864794907251
3075,mu1_b,18627.48,18401.677779462785,225.80222053721445,1.2121995059837103
3076,mu1_b,19225.8,19206.807620768464,18.99237923153487,0.0987858982800969
3077,mu1_b,23778.99,24051.069202758186,272.0792027581847,1.1441999965439436
3160,mu1_b,20521.27,20535.751537007833,14.48153700783223,0.0705684248968618
3218,mu1_b,14326.26,14756.083325831263,429.823325831263,3.0002479770104893
3248,mu1_b,19916.17,19833.319529127035,82.85047087296334,0.4159960016055464
3249,mu1_b,19504.04,19503.493993308963,0.5460066910382011,0.0027994543235052897
3250,mu1_b,18307.82,18097.454526196918,210.36547380308184,1.1490470946463416
3251,mu1_b,18660.95,18733.986210477397,73.0362104773958,0.3913852750122357
3253,mu1_b,18192.34,18037.63876373512,154.7012362648784,0.8503646934087555
3254,mu1_b,18054.26,18039.751824203377,14.5081757966218,0.08035873969147338
3255,mu1_b,17158.87,17236.570914567845,77.70091456784576,0.45283235182646503
3256,mu1_b,16506.16,16572.834143531058,66.67414353105778,0.40393491600140663
3257,mu1_b,16018.71,16042.95220271293,24.24220271293052,0.15133679748825293
3258,mu1_b,15102.82,15207.30551053744,104.48551053744086,0.6918278211449309
3259,mu1_b,16225.82,16285.563739087434,59.74373908743473,0.3682016630742528
3272,mu1_b,18198.49,18101.052922474126,97.4370775258758,0.5354129794608002
3302,mu1_b,19522.87,19632.434055531332,109.564055531333,0.5612087543037115
3303,mu1_b,20213.24,20354.812048243148,141.57204824314613,0.7003926547309888
3304,mu1_b,19623.29,20003.390301817904,380.1003018179035,1.9369856013843934
3305,mu1_b,19874.33,20035.589898658614,161.25989865861266,0.8113979120735776
3306,mu1_b,19455.93,19590.409632945593,134.47963294559304,0.6912012581541619
3307,mu1_b,19121.2,19036.543034386523,84.65696561347795,0.44273876960377984
3308,mu1_b,18895.26,18933.806119788802,38.54611978880348,0.20399888537550415
3309,mu1_b,18690.24,18626.46644071429,63.77355928571342,0.3412131641204897
3311,mu1_b,17882.72,17802.22089483048,80.4991051695215,0.45015022977221303
3313,mu1_b,18924.55,18911.730094689367,12.819905310632748,0.06774219366184532
3316,mu1_b,16991.51,17223.648944276298,232.1389442762993,1.3662055007253582
3318,mu1_b,17075.19,17242.728332386432,167.53833238643347,0.981179901286214
3320,mu1_b,18665.14,18599.09620447053,66.04379552946921,0.353834986126379
3327,mu1_b,19447.56,19181.919425174696,265.6405748253055,1.3659326662332216
3328,mu1_b,19305.3,19162.66154706423,142.63845293577106,0.7388564432346094
3329,mu1_b,19050.07,19050.358198097805,0.2881980978054344,0.0015128453481033633
3330,mu1_b,18857.6,18835.775822592965,21.824177407033858,0.11573146851685187
3331,mu1_b,18895.26,18933.806119788802,38.54611978880348,0.20399888537550415
3344,mu1_b,16313.69,16228.4418137637,85.24818623630017,0.5225561245573512
3347,mu1_b,16284.4,16448.546704446606,164.14670444660624,1.0079997079819105
3354,mu1_b,17326.23,17555.07114250549,228.841142505491,1.3207786258493106
3357,mu1_b,18665.14,18577.075872719666,88.0641272803332,0.47181069780528406
3366,mu1_b,16594.02,16678.731145851678,84.71114585167743,0.5104920076731101
3369,mu1_b,16824.15,17061.67461203291,237.52461203291023,1.4118075031006632
3372,mu1_b,17727.9,17558.0480237651,169.8519762349024,0.9581054509270832
3375,mu1_b,18556.35,18402.14455051531,154.20544948468887,0.8310117533064901
3378,mu1_b,18665.14,18642.47700871375,22.662991286248143,0.12141881221489978
3379,mu1_b,19614.5,19948.373340001886,333.8733400018864,1.7021761452083224
3381,mu1_b,19546.3,19801.407632369428,255.10763236942876,1.3051453849036838
3384,mu1_b,19067.64,19280.096238507795,212.4562385077952,1.1142240912236396
3385,mu1_b,18849.65,18941.924816865303,92.27481686530155,0.4895306643110166
3387,mu1_b,17385.65,17374.418441052363,11.231558947638405,0.06460246782627284
3388,mu1_b,17047.16,17147.636309379162,100.47630937916256,0.5894020433853062
3394,mu1_b,25845.0,25906.255845632582,61.25584563258235,0.23701236460662545
3396,mu1_b,25246.26,25413.447075847438,167.1870758474397,0.662225121057296
3402,mu1_b,23236.65,23425.665642918117,189.0156429181152,0.813437577783868
3404,mu1_b,25845.0,25906.255845632582,61.25584563258235,0.23701236460662545
3449,mu1_b,27003.99,27010.522767394286,6.532767394284747,0.02419185977436944
3459,mu1_b,23299.83,23444.51581453132,144.68581453131992,0.6209736917879655
3470,mu1_b,54597.93,54601.838525765415,3.9085257654151064,0.007158743500742805
3471,mu1_b,57765.27,57880.94226178601,115.67226178601413,0.20024534081813197
3472,mu1_b,54597.93,54455.491897480024,142.43810251997638,0.26088553635637174
3475,mu1_b,30263.38,30068.958984337733,194.42101566226847,0.6424299455720691
3477,mu1_b,35221.5,35134.59102596474,86.90897403525742,0.2467497807738382
3479,mu1_b,43819.77,44102.711496740274,282.9414967402772,0.6456937056955736
3481,mu1_b,61851.01,61872.248960417084,21.238960417082126,0.03433890637692436
3505,mu1_b,36862.49,36740.63234429823,121.8576557017659,0.3305735876815861
3507,mu1_b,27579.72,27965.245106592865,385.5251065928642,1.3978572175238333
3508,mu1_b,30013.17,30161.186452053902,148.01645205390378,0.49317167114937804
3509,mu1_b,30785.13,31305.214860617652,520.0848606176514,1.6894028403247003
3510,mu1_b,31015.67,31228.586628655372,212.91662865537364,0.6864808293851903
3511,mu1_b,31562.53,31487.93673573853,74.593264261468,0.23633487005467557
3513,mu1_b,32003.11,31645.749947401735,357.3600525982656,1.1166416407601187
3514,mu1_b,31942.86,31599.354502979506,343.50549702049466,1.0753748944850106
3515,mu1_b,31732.82,31478.11577723977,254.70422276022873,0.8026523415196908
3516,mu1_b,30775.93,31151.302473822092,375.3724738220917,1.2196949818318787
3517,mu1_b,28698.95,28803.150050598408,104.20005059840696,0.36307966179392265
3519,mu1_b,29457.11,29491.875611366228,34.76561136622695,0.11802112076244733
3548,mu1_b,55018.85,55171.166072512715,152.31607251271635,0.2768434318651087
3564,mu1_b,48079.15,48077.29247366142,1.8575263385791914,0.003863475828044363
3565,mu1_b,52430.58,52201.5690635277,229.010936472303,0.43678886724560934
3568,mu1_b,48355.3,48614.94908192368,259.64908192367875,0.5369609575861979
3571,mu1_b,54091.66,54634.490987412966,542.8309874129627,1.0035391544888115
3576,mu1_b,46577.07,46676.55455234963,99.4845523496333,0.213591263575904
3590,mu1_b,17246.23,17530.691779907684,284.4617799076841,1.649414277251806
3618,mu1_b,19111.37,19192.985275104176,81.61527510417727,0.427050887006935
3620,mu1_b,34256.65,33745.179927245044,511.4700727549571,1.4930533859993813
3621,mu1_b,28716.95,28803.71041646325,86.7604164632503,0.3021226713256467
3622,mu1_b,26998.97,27067.423981747277,68.45398174727598,0.2535429379242096
3623,mu1_b,27260.47,27399.044715450014,138.57471545001317,0.5083357530153118
3625,mu1_b,24086.02,24397.025424901378,311.0054249013774,1.291227960872645
3626,mu1_b,23301.09,23211.25536471892,89.83463528108041,0.3855383386832136
3627,mu1_b,20645.46,20712.083547382183,66.62354738218346,0.3227031385214157
3646,mu1_b,21555.49,21448.33494869798,107.15505130202291,0.49711257457855473
3648,mu1_b,22762.6,22728.55373198899,34.04626801100676,0.1495710859524253
3650,mu1_b,23262.17,22975.667969557304,286.5020304426944,1.2316221162629901
3652,mu1_b,19736.26,20117.681848347544,381.42184834754516,1.9325943636106597
3653,mu1_b,14485.67,14980.037000979772,494.36700097977155,3.412800381202744
3654,mu1_b,20752.99,20776.32672902959,23.33672902959006,0.1124499603651814
3655,mu1_b,22683.52,22708.698368080197,25.17836808019638,0.11099850499479966
3657,mu1_b,21132.48,20893.07619801301,239.4038019869913,1.132871305152028
3658,mu1_b,19333.33,19299.973195172337,33.356804827664746,0.17253522713192576
3659,mu1_b,19393.58,19317.086059798545,76.49394020145701,0.39442918842966074
3661,mu1_b,16057.21,16239.94010184072,182.73010184072155,1.1379940963636992
3662,mu1_b,22363.02,22615.10468731854,252.0846873185401,1.1272390192314816
3682,mu1_b,24602.33,24740.29138294363,137.96138294362754,0.5607655166954818
3683,mu1_b,25472.62,25447.299356701293,25.320643298706273,0.09940337232175675
3684,mu1_b,24229.95,24343.253571787853,113.30357178785198,0.46761785223598057
3685,mu1_b,21171.39,20962.30681493701,209.0831850629911,0.987574198307202
3686,mu1_b,25941.23,25556.333658097115,384.89634190288416,1.4837243334370966
3710,mu1_b,96325.38,95478.7209833271,846.6590166729002,0.8789573596002426
3713,mu1_b,65879.02,65672.69836781587,206.3216321841319,0.31318260682100596
3716,mu1_b,57798.74,58192.82842552016,394.08842552015994,0.6818287483778366
3719,mu1_b,51366.15,51234.77661476613,131.37338523387007,0.2557586761590465
3721,mu1_b,41895.51,42182.63930805377,287.12930805376527,0.6853462532232338
3722,mu1_b,24385.6,24462.173972293007,76.57397229300841,0.3140130744907175
3724,mu1_b,25812.36,25616.191989733135,196.16801026686517,0.7599770430400985
3726,mu1_b,22255.07,22340.549048489567,85.4790484895675,0.38408797855754895
3729,mu1_b,19815.76,20165.44173696056,349.6817369605633,1.7646647767260166
3731,mu1_b,18889.4,18864.216194155626,25.183805844375456,0.13332242339288414
3732,mu1_b,32690.14,33029.867111346306,339.72711134630663,1.0392341891050532
3734,mu1_b,35142.0,34961.59551603258,180.40448396741704,0.5133586135320045
3736,mu1_b,34535.31,34703.166249137634,167.85624913763604,0.4860423987438829
3738,mu1_b,35154.56,34950.55623326836,204.00376673163555,0.5803052768449828
3740,mu1_b,35489.28,35592.34613030185,103.06613030184963,0.2904148247072063
3741,mu1_b,33489.3,33658.030333855706,168.73033385570307,0.5038335643196574
3742,mu1_b,32690.14,33029.867111346306,339.72711134630663,1.0392341891050532
3745,mu1_b,19522.87,19657.74033143567,134.8703314356717,0.6908325027809522
3746,mu1_b,18860.95,18707.385624004044,153.56437599595665,0.8141921589101113
3747,mu1_b,19060.53,19213.10151874571,152.5715187457099,0.8004579030368512
3749,mu1_b,19465.97,19735.239057399092,269.26905739909125,1.3832809636462566
3751,mu1_b,19453.42,19348.96020354201,104.45979645798798,0.5369739431831935
3752,mu1_b,19676.84,20130.129254912947,453.2892549129465,2.3036689575813316
3754,mu1_b,19446.3,19339.745943522877,106.55405647712178,0.5479400013222144
3755,mu1_b,19522.87,19657.74033143567,134.8703314356717,0.6908325027809522
3761,mu1_b,16891.09,16954.447597192495,63.35759719249472,0.3750947818790541
3762,mu1_b,17405.73,17417.377454288027,11.647454288027802,0.06691735588238933
3763,mu1_b,17594.01,17537.967927342543,56.04207265745572,0.3185292759152446
3764,mu1_b,18075.18,17912.94535906692,162.23464093307848,0.897554773634777
3765,mu1_b,18284.39,18376.95953983003,92.56953983003041,0.506276336427031
3766,mu1_b,18786.47,18746.39396556296,40.076034437042836,0.21332392108279433
3767,mu1_b,19522.87,19632.434055531332,109.564055531333,0.5612087543037115
3768,mu1_b,21832.02,21761.38930864765,70.63069135235128,0.32351881022622403
3778,mu1_b,69041.34,69585.66356665082,544.3235666508263,0.7884023784167953
3781,mu1_b,72254.7,71460.26534312472,794.4346568752808,1.0994920148796976
3783,mu1_b,64363.55,64640.44595805974,276.8959580597366,0.43020616181011856
3785,mu1_b,47660.74,47508.68062774073,152.05937225926755,0.3190453447832903
3786,mu1_b,26839.97,26704.786978985332,135.18302101466907,0.5036630853710681
3793,mu1_b,26811.1,26630.787741606255,180.31225839374383,0.6725283870999095
3798,mu1_b,38518.55,38251.89661046646,266.6533895335451,0.6922726570277051
3814,mu1_b,43023.54,42993.17420724891,30.365792751093977,0.07057948451265046
3816,mu1_b,36424.84,36264.61965851956,160.22034148043895,0.43986560127769664
3818,mu1_b,42879.19,42525.23633422734,353.95366577266395,0.8254672389395974
3828,mu1_b,17386.23,17531.943182516752,145.71318251675257,0.8380953347376203
3841,mu1_b,34342.85,34139.03147189444,203.81852810555574,0.5934816944591255
3842,mu1_b,18575.18,18309.779157871082,265.40084212891816,1.428792841463276
3856,mu1_b,17573.09,17475.22371811022,97.8662818897792,0.556909922442662
3857,mu1_b,17870.16,17834.77941842078,35.380581579218415,0.1979869322894614
3859,mu1_b,18368.07,18335.02734516903,33.042654830969695,0.179891816782981
3861,mu1_b,18451.75,18371.787551617534,79.96244838246639,0.43335969966245147
3862,mu1_b,18861.79,18793.268382873855,68.52161712614543,0.3632826848679019
3863,mu1_b,16899.46,16962.590329433784,63.13032943378494,0.3735641815406228
3864,mu1_b,16861.8,16979.3175351581,117.51753515810196,0.6969453745039199
3865,mu1_b,15978.96,15955.721667630714,23.238332369284763,0.14543081883479753
3866,mu1_b,16824.15,16851.04196951638,26.891969516378595,0.15984147500098722
3867,mu1_b,17422.47,17498.52637232423,76.05637232423032,0.436541846961024
3868,mu1_b,18690.24,18626.46644071429,63.77355928571342,0.3412131641204897
3869,mu1_b,16594.02,16678.731145851678,84.71114585167743,0.5104920076731101
3870,mu1_b,17621.63,17344.534731564636,277.09526843536514,1.5724724014484763
3871,mu1_b,18020.79,17826.823958813406,193.96604118659525,1.0763459381447498
3872,mu1_b,18163.05,17902.256663780303,260.79333621969636,1.435845500726455
3875,mu1_b,17440.46,17387.99158943357,52.46841056642734,0.30084304293824443
3877,mu1_b,17087.74,17160.14050192006,72.40050192005947,0.4236985225668196
3878,mu1_b,17393.18,17214.449158993106,178.73084100689448,1.0275915100452848
3879,mu1_b,18163.05,17885.24154889515,277.808451104851,1.5295253336022914
3881,mu1_b,18154.68,17960.038383469113,194.6416165308874,1.0721291508904998
3883,mu1_b,17542.13,17406.210881933963,135.9191180660382,0.7748153620229596
3884,mu1_b,18690.24,18808.314617996002,118.0746179960006,0.6317447929828648
3902,mu1_b,60213.37,59917.29977328448,296.07022671552113,0.49170180429283583
3903,mu1_b,20558.68,20360.672789803917,198.00721019608318,0.9631319238204163
3908,mu1_b,19262.62,19301.645493585656,39.02549358565739,0.2025970173613838
3911,mu1_b,21217.42,20924.48739524055,292.9326047594477,1.3806231142120378
3913,mu1_b,21740.85,21844.71041344874,103.8604134487432,0.4777201142031853
3915,mu1_b,22532.05,22688.36518650401,156.31518650400903,0.693745959661944
3917,mu1_b,22166.78,22065.64968155098,101.13031844901707,0.4562246679446319
3919,mu1_b,21902.77,21842.08616687044,60.68383312956212,0.27706008477266625
3921,mu1_b,23450.88,23421.461907787212,29.418092212788906,0.1254455790690537
3923,mu1_b,21741.26,21680.12443891087,61.135561089129624,0.28119603504640317
3924,mu1_b,23736.65,24117.650396506247,381.00039650624603,1.6051144390899559
3939,mu1_b,49263.24,49772.82434270566,509.5843427056607,1.0344109374569368
3940,mu1_b,53459.86,52477.78501324842,982.0749867515842,1.8370324702526049
3941,mu1_b,54447.3,54507.2223159502,59.922315950199845,0.11005562433802933
3942,mu1_b,55275.75,55227.09467881923,48.65532118076953,0.08802290548887991
3943,mu1_b,55882.44,55775.64494830214,106.79505169785989,0.19110663689319915
3944,mu1_b,54907.55,55002.091334843615,94.54133484361228,0.1721827596452806
3978,mu1_b,37225.67,37188.16216719797,37.50783280203177,0.10075797910966215
3979,mu1_b,25259.23,25408.176754112854,148.94675411285425,0.5896725834986033
3980,mu1_b,27033.28,27208.4154034794,175.13540347940216,0.6478511060418941
3981,mu1_b,44100.1,44152.01688993192,51.916889931919286,0.11772510704492573
3982,mu1_b,34455.82,33999.95817142932,455.86182857067615,1.3230328826035083
3983,mu1_b,30313.59,30486.466681053993,172.8766810539928,0.5702943170175251
3986,mu1_b,29953.76,30209.734653157717,255.97465315771842,0.8545660149434275
3987,mu1_b,44146.12,44500.048990289244,353.9289902892415,0.8017216242089712
3988,mu1_b,41175.43,41456.63486906759,281.2048690675874,0.6829433695472942
3989,mu1_b,12029.2,11904.29609608435,124.90390391565052,1.0383392404785896
3990,mu1_b,15305.33,15454.789164728692,149.45916472869249,0.9765171004394709
3991,mu1_b,15581.48,15623.666452693506,42.186452693506,0.2707474045694375
3992,mu1_b,17435.02,17389.851701849184,45.168298150816554,0.2590665118297344
3993,mu1_b,21497.75,21472.419239018425,25.330760981574713,0.11782982396564623
3994,mu1_b,22175.57,22122.813872397142,52.756127602857305,0.23790201380554055
3995,mu1_b,24598.15,24900.82971604682,302.6797160468195,1.2304978872265577
3996,mu1_b,28070.93,28265.912205947247,194.98220594724626,0.6946054368246661
4015,mu1_b,28834.1,28959.95327707005,125.85327707005126,0.43647374833981734
4018,mu1_b,29570.08,29699.198984312272,129.1189843122702,0.43665415958384346
4024,mu1_b,8443.45,8725.729157323767,282.2791573237664,3.3431731972566467
4025,mu1_b,11225.86,11543.656243584424,317.7962435844238,2.8309300453098802
4026,mu1_b,7974.84,7605.735393246192,369.1046067538082,4.628363788537552
4028,mu1_b,9292.82,9478.232212483515,185.41221248351576,1.9952200998568328
4030,mu1_b,9347.21,9471.25446069918,124.04446069918049,1.3270747174737754
4031,mu1_b,6016.69,6029.166309433382,12.476309433382085,0.2073616794846017
4033,mu1_b,8213.33,8200.317225356379,13.012774643621015,0.15843482051276414
4036,mu1_b,3105.0,3527.887171821778,422.8871718217779,13.619554648044373
4037,mu1_b,41798.86,41316.509562005085,482.3504379949154,1.153979888434554
4042,mu1_b,38682.98,38198.46402127197,484.5159787280354,1.2525301275342162
4052,mu1_b,51799.92,52145.17221739097,345.2522173909747,0.6665111015441234
4084,mu1_b,19620.36,19888.44907395108,268.0890739510796,1.366382033515591
4085,mu1_b,18623.3,18611.729732349857,11.570267650142341,0.06212791315256878
4086,mu1_b,19620.36,20176.111584798688,555.751584798687,2.8325249118705615
4099,mu1_b,20478.3,20468.73493398282,9.565066017177742,0.04670830106589777
4105,mu1_b,22954.23,23064.471699818547,110.2416998185472,0.48026747060801955
4106,mu1_b,31857.09,31441.235770883733,415.85422911626665,1.3053741855149565
4107,mu1_b,21222.44,20948.500294206387,273.9397057936112,1.2908021216863435
4109,mu1_b,18978.94,19106.21474981029,127.27474981029081,0.6706104229756289
4110,mu1_b,19431.66,19253.60911392314,178.05088607686048,0.9162927206263412
4111,mu1_b,13327.52,13505.078191719025,177.55819171902476,1.3322673064382926
4138,mu1_b,21123.395,20837.027458094726,286.36754190527427,1.3556889974612236
4162,mu1_b,47572.88,47367.411852007914,205.4681479920837,0.431901848263304
4163,mu1_b,35004.35,34864.0150366075,140.3349633924954,0.4009072112251632
4164,mu1_b,31167.97,31239.813060343113,71.84306034311157,0.23050285386924965
4165,mu1_b,32693.07,33287.213748506496,594.1437485064962,1.8173385017268069
4166,mu1_b,26872.61,26829.645984052095,42.964015947905864,0.15988032404707195
4167,mu1_b,37412.28,37283.48266433897,128.79733566103096,0.34426486613761836
4168,mu1_b,57572.8,57730.928486723074,158.12848672307155,0.27465832254653505
4169,mu1_b,59556.05,59872.24393037586,316.1939303758554,0.5309182364778312
4170,mu1_b,47698.4,47306.41319753356,391.98680246643926,0.8218028329387134
4190,mu1_b,16958.04,16967.385180506717,9.345180506716133,0.055107668732448635
4192,mu1_b,15575.62,15516.192202338098,59.42779766190324,0.3815437052387207
4194,mu1_b,13985.67,13929.346655499103,56.32334450089729,0.40272181812453234
4196,mu1_b,15615.79,15769.234686998934,153.44468699893332,0.9826251953883428
4200,mu1_b,17227.07,17201.586165863017,25.483834136983205,0.14792901019722568
4202,mu1_b,32234.91,32614.286546910804,379.3765469108039,1.1769120711390348
4204,mu1_b,6893.26,6721.745457768688,171.5145422313126,2.4881484556118956
4283,mu1_b,64872.33,65257.61566328524,385.28566328524175,0.593913712187063
4284,mu1_b,64719.19,63987.68759512281,731.5024048771957,1.130271260930793
4287,mu1_b,52690.41,52847.55608262496,157.14608262495312,0.2982441826225173
4288,mu1_b,49300.06,49242.27139759745,57.78860240255017,0.11721811779245334
4291,mu1_b,39704.105,40010.19245929872,306.08745929871657,0.7709214432581128
4292,mu1_b,39683.39,40025.32714475594,341.9371447559388,0.861663141067179
4293,mu1_b,37283.62,37077.92838266623,205.69161733377405,0.551694329396593
4294,mu1_b,42698.43,42955.08936222836,256.6593622283617,0.6010978910193225
4299,mu1_b,28180.13,28445.84194208761,265.7119420876079,0.9429053098321686
4301,mu1_b,23324.935,23218.921114882847,106.01388511715413,0.4545088126382951
4302,mu1_b,24552.12,24773.40480669698,221.28480669698183,0.901285944745227
4304,mu1_b,21338.34,21332.322846514297,6.017153485703602,0.0281987890609279
4305,mu1_b,14626.25,14257.975450031949,368.27454996805136,2.5179013757323396
4306,mu1_b,21224.53,20990.425312738764,234.10468726123509,1.1029911487379702
4307,mu1_b,21853.82,21884.239576919706,30.419576919706742,0.13919569631170542
4308,mu1_b,25109.86,25124.066542128963,14.20654212896261,0.05657754415581214
4309,mu1_b,22214.48,22335.252007232226,120.77200723222631,0.5436634448892178
4310,mu1_b,24468.44,24564.34055507844,95.90055507844227,0.39193571424431745
4311,mu1_b,25606.09,25475.612732499918,130.47726750008223,0.5095556076702153
4312,mu1_b,25109.86,25124.066542128963,14.20654212896261,0.05657754415581214
4313,mu1_b,16891.09,16954.447597192495,63.35759719249472,0.3750947818790541
4314,mu1_b,16950.5,17075.966569297776,125.466569297776,0.7401939134407599
4315,mu1_b,17232.93,17298.027134535114,65.09713453511358,0.37774849973343816
4316,mu1_b,17598.2,17726.661309623996,128.46130962399548,0.7299684605470756
4317,mu1_b,17847.15,17806.72950392018,40.42049607981971,0.22648151710396175
4318,mu1_b,18063.47,17973.19118063236,90.27881936764243,0.4997866930752642
4319,mu1_b,26468.43,26469.19416534962,0.7641653496211802,0.0028870822697877442
4327,mu1_b,30331.16,30115.497946285243,215.66205371475735,0.7110247472063626
4328,mu1_b,63677.36,61824.233427698586,1853.1265723014149,2.910181220297787
4351,mu1_b,39139.46,39063.270410114725,76.18958988527447,0.1946618320367079
4353,mu1_b,35893.88,35512.938735785276,380.94126421472174,1.0612986509530922
4354,mu1_b,38810.6,38619.74320652582,190.85679347418045,0.4917646041910727
4356,mu1_b,36343.25,36502.36089637604,159.11089637604164,0.43780040688722566
4357,mu1_b,42283.37,42236.12583684085,47.24416315915005,0.11173225587068875
4359,mu1_b,43984.62,43990.099238637056,5.479238637053641,0.012457169431163985
4361,mu1_b,45669.96,45069.82558110118,600.1344188988223,1.314068194714474
4371,mu1_b,32435.33,32629.756165965948,194.42616596594598,0.5994271245766452
4372,mu1_b,33234.07,33389.477982716155,155.40798271615495,0.46761646321427064
4374,mu1_b,19095.26,19203.64741696874,108.38741696874058,0.567614250702743
4385,mu1_b,19581.45,19613.724451022408,32.27445102240745,0.16482155827279107
4428,mu1_b,16259.3,16251.815658476362,7.48434152363734,0.04603114232246985
4477,mu1_b,16594.02,16678.731145851678,84.71114585167743,0.5104920076731101
4478,mu1_b,18673.5,18620.045051132493,53.45494886750748,0.286261005529266
4479,mu1_b,18117.02,17768.521404057792,348.49859594220834,1.9235977878382224
4481,mu1_b,22213.23,22233.02815080905,19.79815080904882,0.0891277441824031
4482,mu1_b,17664.31,17342.695941288373,321.6140587116279,1.820699810587721
4483,mu1_b,16614.94,16432.986653731285,181.95334626871409,1.095118888594928
4496,mu1_b,20656.75,20541.991280535734,114.7587194642656,0.5555507011716054
4499,mu1_b,21464.28,21585.55005937302,121.27005937302238,0.5649854519835856
4506,mu1_b,20974.74,20963.998836553976,10.741163446025894,0.051209995671106734
4507,mu1_b,20652.57,20534.21380464288,118.35619535711885,0.5730821653533621
4509,mu1_b,126358.91,73598.30158330203,52760.60841669797,41.75456120719779
4510,mu1_b,68217.08,68635.80998999748,418.72998999747506,0.613819867396076
4512,mu1_b,14528.76,14216.346312099487,312.41368790051274,2.1503121250575594
4513,mu1_b,18288.15,17899.04132953594,389.108670464062,2.1276546313545217
4514,mu1_b,22789.79,22833.88095915292,44.09095915291982,0.1934680361377609
4515,mu1_b,25126.6,25231.236412659015,104.63641265901606,0.41643681460689497
4516,mu1_b,26199.81,25823.228579156785,376.5814208432166,1.437344090828203
4544,mu1_b,21561.35,21662.623998663043,101.27399866304404,0.4697015662889571
4593,mu1_b,19397.35,19306.19561706391,91.15438293608895,0.46993214504088937
4598,mu1_b,49008.01,48922.53422823467,85.47577176533377,0.17441183954486986
4600,mu1_b,36567.1,36078.812309026114,488.2876909738843,1.3353197026121413
4611,mu1_b,27121.56,27257.52887825322,135.96887825321755,0.5013313329071689
4613,mu1_b,28444.14,28501.89043582751,57.750435827510955,0.2030310490227898
4615,mu1_b,24573.04,24655.84400428883,82.80400428882785,0.33697094168579816
4616,mu1_b,26790.6,26747.72099647632,42.879003523677966,0.1600524195937305
4618,mu1_b,29652.92,29620.248811261536,32.67118873846266,0.11017865605971575
4620,mu1_b,29652.5,29312.95899673464,339.5410032653599,1.1450670374010956
4621,mu1_b,27167.17,27220.364383329957,53.19438332995924,0.1958039182217332
4623,mu1_b,24573.04,24655.84400428883,82.80400428882785,0.33697094168579816
4624,mu1_b,28292.68,28407.515247135296,114.8352471352955,0.4058832430695696
4665,mu1_b,31429.06,31335.150002140483,93.90999785951863,0.29879989366375775
4666,mu1_b,28317.79,28599.49399161713,281.70399161713067,0.9947951150747663
4670,mu1_b,23550.33,23574.580718750538,24.25071875053618,0.10297400822211909
4693,mu1_b,24805.18,24760.938880954604,44.24111904539677,0.17835435600707905
4725,mu1_b,24324.51,24433.77230724156,109.26230724156267,0.4491860565395261
4726,mu1_b,23081.34,23045.09215143173,36.247848568269546,0.1570439522500407
4727,mu1_b,18807.39,18861.29366155914,53.90366155913944,0.28660894233138906
4728,mu1_b,16635.86,16741.908314421995,106.04831442199429,0.6374681827209071
4737,mu1_b,16297.37,16243.272119286374,54.09788071362709,0.3319423975379284
4744,mu1_b,18599.86,18560.62741401759,39.232585982412274,0.21092946926703895
4745,mu1_b,10132.56,10303.810690423306,171.25069042330688,1.6901029001881742
4746,mu1_b,11396.57,11242.054835889441,154.51516411055854,1.355804106942339
4747,mu1_b,12475.22,12313.506254184962,161.71374581503733,1.296279711420218
4748,mu1_b,12604.93,12318.069199354275,286.86080064572525,2.275782575910578
4749,mu1_b,13892.37,13617.849058488358,274.5209415116424,1.9760555003332212
4750,mu1_b,14344.67,14437.143077062274,92.47307706227366,0.6446511286929127
4751,mu1_b,14341.32,14437.287860116665,95.96786011666518,0.6691703421767673
4752,mu1_b,14826.67,14637.39959243868,189.2704075613201,1.2765537208376532
4753,mu1_b,14960.56,14711.308675172522,249.25132482747722,1.666056115730141
4754,mu1_b,15981.47,15847.149688585087,134.3203114149128,0.8404753218252938
4755,mu1_b,16188.17,15934.634650409824,253.53534959017634,1.5661767178759323
4756,mu1_b,17265.15,17251.856840163397,13.2931598366049,0.07699417518298364
4757,mu1_b,17270.59,17252.476904999196,18.113095000804606,0.10487826415197515
4758,mu1_b,17187.32,17231.349094227255,44.02909422725497,0.25617195832308337
4759,mu1_b,17744.22,17807.41695080236,63.196950802357605,0.3561551356011005
4760,mu1_b,18326.65,18327.900113628333,1.2501136283317464,0.006821288278718403
4761,mu1_b,17950.08,18023.20283445384,73.12283445383946,0.4073677357083615
4762,mu1_b,18230.41,18317.49789136112,87.08789136111955,0.4777067074252282
4763,mu1_b,17524.98,17427.058716164855,97.921283835145,0.558752613898247
4764,mu1_b,17997.36,18239.397531893384,242.03753189338386,1.3448501996591937
4765,mu1_b,18295.26,18276.6501539826,18.609846017399832,0.10171949465271242
4767,mu1_b,18014.09,18229.39280432567,215.30280432567088,1.1951911216479483
4768,mu1_b,18620.37,18560.62741401759,59.742585982410674,0.32084532145392747
4769,mu1_b,9991.56,9698.841456983944,292.71854301605526,2.929658061564513
4784,mu1_b,8066.89,8423.471330974324,356.58133097432346,4.420307342412298
4785,mu1_b,6877.36,7248.244598832978,370.88459883297855,5.392833861146988
4786,mu1_b,7304.97,7303.915255493794,1.054744506206589,0.014438724679315436
4787,mu1_b,7724.63,7697.8714885670015,26.758511432998603,0.3464050890851549
4788,mu1_b,8011.24,7733.430490183091,277.80950981690876,3.4677466886138566
4789,mu1_b,8231.32,8294.723307883778,63.403307883778325,0.770269019838596
4790,mu1_b,8262.28,8396.569500793026,134.28950079302558,1.6253322423474579
4793,mu1_b,34917.82,34704.438723653366,213.38127634663397,0.6110956421295315
4800,mu1_b,6874.43,7003.731239262157,129.30123926215674,1.8809012421707214
4802,mu1_b,20983.13,20753.429242029575,229.7007579704259,1.0946925361965822
4804,mu1_b,11771.46,11648.618340892248,122.84165910775118,1.043554997491825
4805,mu1_b,12696.98,12406.74188993243,290.23811006757023,2.28588302153402
4806,mu1_b,12696.98,12465.825682268693,231.15431773130695,1.8205456551975896
4808,mu1_b,12714.97,12691.968040191248,23.001959808751053,0.18090455430686073
4810,mu1_b,12729.61,12723.46800925866,6.141990741340123,0.04824963798058324
4812,mu1_b,12816.22,12763.61478258903,52.60521741097,0.41045813360702293
4814,mu1_b,12908.69,13099.57514842178,190.88514842177938,1.4787336935179274
4816,mu1_b,12879.4,12753.328562165152,126.07143783484753,0.9788611102601636
4818,mu1_b,12960.58,13014.090043746311,53.51004374631157,0.4128676629156377
4820,mu1_b,12946.35,12976.738542533194,30.388542533193686,0.23472671859785715
4822,mu1_b,13443.84,13413.110023846588,30.72997615341228,0.22858034723272722
4824,mu1_b,13089.86,13233.511395494843,143.6513954948423,1.0974249953386992
4825,mu1_b,14110.78,14089.289452146786,21.490547853214593,0.1522987946322924
4826,mu1_b,13975.21,14042.51042561995,67.30042561995106,0.48157004882181415
4827,mu1_b,13913.71,13745.6922442794,168.01775572059887,1.2075697691025533
4828,mu1_b,13688.6,13613.109974871586,75.49002512841435,0.5514809778093767
4829,mu1_b,13693.21,13638.028046126494,55.181953873505336,0.4029877134251599
4831,mu1_b,11686.11,11568.13382039742,117.9761796025814,1.0095419228689562
4832,mu1_b,13517.89,13475.871891724963,42.018108275036866,0.3108333347514802
4833,mu1_b,13414.55,13472.781937437652,58.23193743765296,0.43409534749695633
4834,mu1_b,13343.0,13326.217810177737,16.782189822262808,0.12577523662042123
4835,mu1_b,13209.95,13262.55973422044,52.60973422043935,0.3982583902319035
4836,mu1_b,13089.86,13262.332026475835,172.47202647583435,1.317600237709451
4837,mu1_b,14225.84,14036.14868799229,189.6913120077097,1.3334278468456673
4856,mu1_b,14522.91,14365.976889863372,156.93311013662787,1.080589979120079
4864,mu1_b,15301.14,15448.783598542695,147.64359854269605,0.9649189442270056
4867,mu1_b,58222.17,58302.22525636063,80.05525636063248,0.13749960944539252
4871,mu1_b,82480.57,82669.8324973729,189.26249737289618,0.2294631297684972
4872,mu1_b,96325.38,95501.8094281324,823.5705718676036,0.8549881369454276
4875,mu1_b,80116.57,82013.88425461372,1897.3142546137096,2.36819206640238
2,mu2_a,-8.12,-8.162145631336127,0.04214563133612792,0.5190348686714622
3,mu2_a,-0.545,-0.5466080798865488,0.0016080798865487633,0.29506052964143353
5,mu2_a,6.38,6.339163693686832,0.04083630631316826,0.6400674970715025
23,mu2_a,-0.439,-0.3862764295078901,0.052723570492109906,12.009924941227746
30,mu2_a,11.4,11.413913840783184,0.013913840783184028,0.12205123494020007
67,mu2_a,-1.0987,-1.1161719134759376,0.017471913475937573,1.590235139339371
68,mu2_a,-1.2881,-1.3138042475492995,0.025704247549299453,1.9955164621752577
71,mu2_a,-1.2779,-1.301507797971266,0.023607797971265887,1.8473900908715402
73,mu2_a,-1.2387,-1.2703895425535507,0.03168954255355083,2.5582903490373172
76,mu2_a,-1.2151,-1.2517732914607178,0.03667329146071774,3.018129492279446
79,mu2_a,-1.2414,-1.2481794482110522,0.0067794482110521415,0.5461131151157306
83,mu2_a,-1.0585,-1.06824817112434,0.0097481711243399,0.9209420051328001
85,mu2_a,-0.9033,-0.8954464661686318,0.00785353383136822,0.8694269712564515
87,mu2_a,-0.7024,-0.6818314434188459,0.020568556581154085,2.9283252535769932
246,mu2_a,-1.2006,-1.2305579383109024,0.029957938310902543,2.495247235621988
247,mu2_a,-1.3481,-1.3684608616181468,0.020360861618146764,1.510337632084538
248,mu2_a,-1.3106,-1.3366462625377196,0.026046262537719578,1.987354077346231
249,mu2_a,-1.3073,-1.3308409916034734,0.02354099160347345,1.8007336956670574
250,mu2_a,-1.3057,-1.3332783395166983,0.02757833951669819,2.112149767686074
251,mu2_a,-1.2675,-1.2963235031814313,0.02882350318143123,2.274043643503628
253,mu2_a,-1.2179,-1.2397931006154885,0.021893100615488548,1.7976106918031505
255,mu2_a,-1.163,-1.1366112075246535,0.026388792475346534,2.2690277278868307
257,mu2_a,-1.0927,-1.0609041072515755,0.03179589274842454,2.909846503925637
262,mu2_a,-1.1696,-1.189348826781456,0.019748826781456064,1.6885111817235958
263,mu2_a,-1.0227,-1.0142791878873973,0.008420812112602594,0.8233902525270714
264,mu2_a,-1.0053,-1.0114172980798894,0.006117298079889366,0.6085047329039371
265,mu2_a,-1.0042,-1.006655778896227,0.0024557788962269456,0.24455077636173073
267,mu2_a,-0.7081,-0.754709381733963,0.04660938173396301,6.582316301920236
269,mu2_a,-0.4374,-0.5099506320424398,0.07255063204243983,16.586792876605845
270,mu2_a,-0.5628,-0.6193446677798108,0.05654466777981082,10.047026968676324
273,mu2_a,-0.9208,-0.9489741360067804,0.028174136006780426,3.059745439481954
275,mu2_a,-1.0165,-1.0250895428507776,0.00858954285077762,0.8450115937795544
278,mu2_a,-1.7954,-1.699495086128206,0.095904913871794,5.341701786328428
281,mu2_a,-1.6411,-1.5769713327824095,0.06412866721759047,3.907663592563
282,mu2_a,-1.3062,-1.2848152118093403,0.021384788190659698,1.637175638542591
284,mu2_a,-1.1585,-1.1664599329208856,0.007959932920885482,0.6870895917892629
286,mu2_a,-1.1028,-1.1431515975652493,0.04035159756524931,3.6590131996021684
288,mu2_a,-1.116,-1.16339517842329,0.047395178423289996,4.246879787029347
289,mu2_a,-1.1429,-1.1795627197022927,0.03666271970229262,3.2078676789098384
290,mu2_a,-1.3937,-1.3405062811324102,0.05319371886758972,3.816726617460828
291,mu2_a,-1.1001,-1.0975782029911954,0.002521797008804727,0.22923343412439182
293,mu2_a,-1.2092,-1.1431649294668416,0.06603507053315849,5.4610544602302244
295,mu2_a,-0.9109,-0.9119630253926194,0.0010630253926193767,0.11670055907544293
298,mu2_a,-0.8306,-0.8519642386555621,0.02136423865556214,2.5721452751669176
300,mu2_a,-0.5816,-0.6478462431953181,0.06624624319531813,11.390344428336354
302,mu2_a,-0.8741,-0.923098279442229,0.04899827944222901,5.6055690930297395
304,mu2_a,-1.138,-1.1574945920501198,0.01949459205011994,1.7130572979000713
307,mu2_a,-1.4978,-1.4520665763331349,0.04573342366686517,3.0533731918036207
309,mu2_a,-1.692,-1.6276302997764436,0.06436970022355637,3.8043558051724777
311,mu2_a,-1.7511,-1.676288038270926,0.07481196172907412,4.272283806123658
313,mu2_a,-1.1119,-1.0888064357171932,0.023093564282806955,2.0769461536816425
314,mu2_a,-1.2701,-1.2473191745475383,0.02278082545246174,1.7936245533771988
315,mu2_a,-1.3567,-1.3487888626390947,0.007911137360905318,0.5831161908232835
316,mu2_a,-1.3732,-1.358230383731541,0.01496961626845894,1.090126439589866
317,mu2_a,-1.262,-1.2491183379180435,0.012881662081956513,1.020733920914921
319,mu2_a,-1.2302,-1.2461897508743967,0.01598975087439669,1.299768401429336
322,mu2_a,-1.383,-1.3500531493090344,0.03294685069096559,2.382274091897452
324,mu2_a,-1.6419,-1.557484043746209,0.08441595625379095,5.141357954427159
325,mu2_a,-1.9735,-1.8481806524070636,0.1253193475929364,6.350106287959102
326,mu2_a,-2.3328,-2.2196558023909643,0.11314419760903593,4.850145645104056
327,mu2_a,-2.266,-2.1859834617550047,0.08001653824499533,3.5311799755057374
328,mu2_a,-2.1551,-2.101006338176863,0.05409366182313713,2.5100302456086503
330,mu2_a,-2.0699,-2.0420007838942293,0.02789921610577073,1.3478533313569374
332,mu2_a,-1.9342,-1.9320042149753793,0.002195785024620589,0.11352419732289597
333,mu2_a,-1.8569,-1.8505283760729854,0.006371623927014625,0.3431323133723514
335,mu2_a,-1.702,-1.7128052671204568,0.010805267120456818,0.6348570576057855
336,mu2_a,-1.8277,-1.8471932614041728,0.019493261404172735,1.0665460088724663
337,mu2_a,-1.4953,-1.527039949748385,0.03173994974838501,2.1226476124098026
338,mu2_a,-1.5054,-1.5430855112643496,0.03768551126434949,2.503355338403378
339,mu2_a,-1.4521,-1.4834889594415466,0.03138895944154663,2.1616251939621933
340,mu2_a,-1.0548,-1.1012172885076434,0.046417288507643484,4.400577219150501
466,mu2_a,-0.9731,-0.9472472288541537,0.025852771145846276,2.656743515139216
467,mu2_a,-0.6816,-0.7536647424632394,0.07206474246323946,10.572878882502016
468,mu2_a,-0.8875,-0.8823810740275397,0.00511892597246022,0.5767803912624735
469,mu2_a,-1.0651,-1.024441447583604,0.04065855241639604,3.8173460159945423
470,mu2_a,-1.2142,-1.181734189205613,0.03246581079438693,2.673843748506028
471,mu2_a,-1.0839,-1.0837131460024687,0.00018685399753137766,0.017239043964499053
472,mu2_a,-1.0859,-1.0910320791728676,0.00513207917286751,0.4726106614663213
473,mu2_a,-1.0694,-1.0473643812729145,0.02203561872708537,2.0605590730376626
474,mu2_a,-1.058,-1.0255233051864163,0.03247669481358373,3.0696308897498135
475,mu2_a,-1.1352,-1.1040767444640842,0.031123255535915773,2.741653940793548
476,mu2_a,-1.1417,-1.1810229566731243,0.039322956673124354,3.444246007978445
477,mu2_a,-1.2786,-1.2620067688638157,0.016593231136184272,1.2977656136533156
478,mu2_a,-1.2429,-1.198367234458535,0.0445327655414649,3.5829725272692152
479,mu2_a,-1.0553,-1.0169103378123818,0.03838966218761808,3.637796094720146
480,mu2_a,-1.0878,-1.0485545254504736,0.03924547454952654,3.6077840181550336
481,mu2_a,-1.3571,-1.3235817998591553,0.03351820014084472,2.469840110590231
482,mu2_a,-1.3954,-1.351580539776867,0.04381946022313299,3.140279505740403
483,mu2_a,-1.4507,-1.4019836478428735,0.04871635215712655,3.358127259743087
484,mu2_a,-1.285,-1.2255344952916267,0.059465504708373196,4.62766573605657
485,mu2_a,-1.213,-1.1603580191647658,0.0526419808352343,4.339817051540882
555,mu2_a,0.213,0.21022039656796898,0.0027796034320310137,1.3049781370976357
638,mu2_a,-1.2811,-1.3020539847196497,0.02095398471964982,1.6356244414669787
639,mu2_a,-1.0468,-1.0651092734288903,0.018309273428890327,1.7490708281307639
640,mu2_a,-1.082,-1.0968414202915664,0.01484142029156632,1.3716654613264883
641,mu2_a,-1.1611,-1.1764225142411542,0.015322514241154161,1.3196550031126486
642,mu2_a,-1.138,-1.1378170733425153,0.00018292665748464998,0.016074398724471813
643,mu2_a,-1.5062,-1.4982097040282785,0.007990295971721517,0.5304936908588641
644,mu2_a,-1.297,-1.2787578998147437,0.018242100185256183,1.4064842085768787
645,mu2_a,-1.1637,-1.14198014491219,0.021719855087809936,1.8664479752334167
646,mu2_a,-1.042,-1.0489783897401832,0.006978389740183166,0.6697111075025401
647,mu2_a,-0.9907,-1.0023177976257749,0.011617797625774862,1.1726857399579222
648,mu2_a,-1.125,-1.158537364445027,0.033537364445026974,2.9810990617775253
649,mu2_a,-0.9319,-0.937904031970989,0.006004031970989088,0.644278567548304
650,mu2_a,-0.9531,-0.9693763320929013,0.016276332092901358,1.7077255369724353
651,mu2_a,-0.9471,-1.0322483146604675,0.08514831466046746,8.990424945663348
652,mu2_a,-1.15,-1.126606737793556,0.023393262206443888,2.0341967136020473
653,mu2_a,-1.045,-1.1228249502264696,0.07782495022646962,7.447363658028244
654,mu2_a,-1.2429,-1.2963649171600347,0.053464917160034764,4.301626611955245
655,mu2_a,-1.2202,-1.2559077679262924,0.03570776792629249,2.9263864879743666
656,mu2_a,-1.073,-1.1382796363916499,0.06527963639164991,6.083843093344741
657,mu2_a,-1.1649,-1.16334931946589,0.001550680534110116,0.13311705160174991
658,mu2_a,-1.5961,-1.6125540433047365,0.016454043304736432,1.0308905021443595
659,mu2_a,-1.348,-1.3303878852056434,0.017612114794356648,1.3065367058118382
660,mu2_a,-1.1239,-1.1344728536816229,0.010572853681622973,0.940729040093742
661,mu2_a,-1.2618,-1.2680935314039887,0.006293531403988695,0.4987740849567052
662,mu2_a,-1.1993,-1.1569100974747881,0.04238990252521191,3.5345537000897655
663,mu2_a,-1.33,-1.386174663422982,0.05617466342298183,4.22365890398042
664,mu2_a,-1.0858,-1.1583039455904867,0.07250394559048656,6.677467820079183
665,mu2_a,-1.2381,-1.262301771602754,0.024201771602754052,1.9547509573325663
666,mu2_a,-1.4281,-1.4228437997183172,0.005256200281682721,0.3680554780252812
667,mu2_a,-1.437,-1.3961124668098863,0.040887533190113734,2.845339818377542
668,mu2_a,-1.3357,-1.3666232709910395,0.03092327099103942,2.315135958000768
669,mu2_a,-1.2204,-1.2474528363526667,0.027052836352666754,2.2167188096234502
670,mu2_a,-1.3677,-1.3596439014261472,0.008056098573852699,0.5890252667870738
671,mu2_a,-1.4828,-1.46119399547542,0.021606004524579836,1.4571084788619681
672,mu2_a,-1.3963,-1.423311275607626,0.02701127560762595,1.9344894082651725
673,mu2_a,-1.3106,-1.3152674695371158,0.0046674695371158315,0.3561322704953662
674,mu2_a,-1.513,-1.502680707516101,0.010319292483898845,0.6820418032975561
675,mu2_a,-1.5581,-1.5111243056356578,0.046975694364342235,3.0149344948534806
676,mu2_a,-1.5178,-1.5067675784883034,0.011032421511696588,0.7268692523184425
677,mu2_a,-1.319,-1.352502720175337,0.033502720175337064,2.5400091110926204
678,mu2_a,-1.1691,-1.1818744037246887,0.012774403724688632,1.0926698934802588
679,mu2_a,-1.331,-1.3528190624050875,0.021819062405087575,1.6392984526725154
680,mu2_a,-1.3167,-1.3099429001147742,0.00675709988522577,0.5131844676251719
681,mu2_a,-1.5042,-1.4848278979919383,0.01937210200806172,1.2878674383758038
682,mu2_a,-1.5051,-1.5624234261448073,0.05732342614480723,3.8086124606185066
683,mu2_a,-1.09,-1.097820884967716,0.007820884967715935,0.7175123823586017
2,mu2_b,11500.0,11499.999918372054,8.162794620147906e-05,7.098082278389483e-07
3,mu2_b,597.0,597.0000229514471,2.2951447135710623e-05,3.844463506819193e-06
5,mu2_b,-15500.0,-15500.000007206589,7.206588634289801e-06,4.6494120221224516e-08
23,mu2_b,398.0,398.0000043010268,4.301026820030529e-06,1.0806600050327935e-06
30,mu2_b,-35400.0,-35399.999997913605,2.0863953977823257e-06,5.8937723101195646e-09
67,mu2_b,1729.0,1729.0000044417777,4.4417777189664776e-06,2.568986534971935e-07
68,mu2_b,1947.0,1946.9999911277007,8.872299304130138e-06,4.556907706281527e-07
71,mu2_b,1871.0,1870.9999913773795,8.6226204984996e-06,4.6085625326026704e-07
73,mu2_b,1781.0,1780.9999889166006,1.1083399385825032e-05,6.22313272645987e-07
76,mu2_b,1657.0,1656.9999885602638,1.143973622674821e-05,6.903884264784674e-07
79,mu2_b,1638.0,1637.9999998304593,1.695407263468951e-07,1.0350471693949634e-08
83,mu2_b,1346.0,1345.9999953988622,4.601137788995402e-06,3.4183787436815743e-07
85,mu2_b,1057.0,1057.0000063873238,6.387323765011388e-06,6.04287962631162e-07
87,mu2_b,789.0,789.000008649374,8.649373967273277e-06,1.0962451162577017e-06
246,mu2_b,1876.0,1875.999992276808,7.723192084085895e-06,4.11684013010975e-07
247,mu2_b,2015.0,2014.999992386175,7.613824891450349e-06,3.7785731471217595e-07
248,mu2_b,1944.0,1943.9999902491738,9.750826166055049e-06,5.015857081304035e-07
249,mu2_b,1873.0,1872.9999909510973,9.04890271158365e-06,4.831234763258754e-07
250,mu2_b,1821.0,1820.9999896913669,1.0308633136446588e-05,5.660973715786152e-07
251,mu2_b,1704.0,1703.999996430655,3.569344926290796e-06,2.0946859896072735e-07
253,mu2_b,1557.0,1556.999993026299,6.973700919843395e-06,4.478934437921253e-07
255,mu2_b,1348.0,1348.0000073388344,7.33883439352212e-06,5.444239164333914e-07
257,mu2_b,1275.0,1275.0000075223586,7.522358600908774e-06,5.899889098751975e-07
262,mu2_b,1611.0,1610.999986215799,1.3784200973532279e-05,8.55630103881581e-07
263,mu2_b,1253.0,1253.000001631437,1.6314370441250503e-06,1.302024775838028e-07
264,mu2_b,1254.0,1254.00000009127,9.127006705966778e-08,7.27831475754926e-09
265,mu2_b,1292.0,1292.0000021586166,2.1586165530607104e-06,1.6707558460222206e-07
267,mu2_b,1110.0,1109.999986800569,1.3199430895838304e-05,1.1891379185439905e-06
269,mu2_b,883.0,882.9999826268046,1.737319541916804e-05,1.9675193000190285e-06
270,mu2_b,1032.0,1031.9999878659487,1.2134051303291926e-05,1.1757801650476663e-06
273,mu2_b,1453.0,1452.9999944111164,5.588883595919469e-06,3.846444319283872e-07
275,mu2_b,1579.0,1579.0000081923918,8.192391760530882e-06,5.188341836941658e-07
278,mu2_b,1954.0,1954.0000360161293,3.601612934289733e-05,1.8432000687255534e-06
281,mu2_b,1849.0,1849.0000254416354,2.5441635443712585e-05,1.3759673036080353e-06
282,mu2_b,1520.0,1520.0000139360843,1.3936084314991604e-05,9.168476523020786e-07
284,mu2_b,1385.0,1385.000005293435,5.29343492416956e-06,3.8219746744906547e-07
286,mu2_b,1361.0,1360.9999949957255,5.004274498787709e-06,3.676909991761723e-07
288,mu2_b,1413.0,1412.9999906576038,9.342396197098424e-06,6.611745362419262e-07
289,mu2_b,1451.0,1450.999995693167,4.3068330342066474e-06,2.9681826562416575e-07
290,mu2_b,1613.0,1613.0000104693302,1.0469330163687118e-05,6.490595265770064e-07
291,mu2_b,1356.0,1355.9999998740113,1.2598866305779666e-07,9.29119934054547e-09
293,mu2_b,1270.0,1270.0000133391604,1.3339160432224162e-05,1.050327593088516e-06
295,mu2_b,1162.0,1162.0000003287491,3.2874913813429885e-07,2.8291664211213305e-08
298,mu2_b,1144.0,1143.9999975822132,2.4177868453989504e-06,2.1134500396843956e-07
300,mu2_b,978.0,977.9999883171135,1.1682886452035746e-05,1.1945691668748194e-06
302,mu2_b,1275.0,1274.9999879626564,1.2037343594784033e-05,9.441053799830607e-07
304,mu2_b,1514.0,1513.9999967907206,3.2092793844640255e-06,2.1197353926446654e-07
307,mu2_b,1736.0,1736.0000176762842,1.7676284187473357e-05,1.0182191352231192e-06
309,mu2_b,1917.0,1917.000025403456,2.5403455993000534e-05,1.32516724011479e-06
311,mu2_b,1990.0,1990.0000285898614,2.8589861358341295e-05,1.4366764501679036e-06
313,mu2_b,1350.0,1350.0000000006266,6.266418495215476e-10,4.641791477937386e-11
314,mu2_b,1580.0,1580.0000027700908,2.770090759440791e-06,1.753221999646069e-07
315,mu2_b,1691.0,1691.0000007806373,7.806372650520643e-07,4.616423802791626e-08
316,mu2_b,1701.0,1701.0000046706562,4.670656153393793e-06,2.7458296022303294e-07
317,mu2_b,1526.0,1526.0000081772196,8.177219569915906e-06,5.35859735905367e-07
319,mu2_b,1449.0,1449.0000056403053,5.6403052894893335e-06,3.8925502342921534e-07
322,mu2_b,1529.0,1529.0000166310228,1.663102284510387e-05,1.0877058760695788e-06
324,mu2_b,1789.0,1789.0000371691528,3.716915284712741e-05,2.077649684020536e-06
325,mu2_b,2130.0,2130.0000492843496,4.9284349643130554e-05,2.313819232071856e-06
326,mu2_b,2717.0,2717.0000417016013,4.1701601276145084e-05,1.5348399439140621e-06
327,mu2_b,2709.0,2709.0000247482208,2.4748220766923623e-05,9.135555838657665e-07
328,mu2_b,2710.0,2710.0000232941543,2.329415428903303e-05,8.595628888942075e-07
329,mu2_b,2670.0,2669.999805955566,0.00019404443401072058,7.267581798154326e-06
330,mu2_b,2670.0,2670.0000084204676,8.420467565883882e-06,3.153733170743026e-07
332,mu2_b,2667.0,2666.9999987806973,1.219302703248104e-06,4.57181366047283e-08
333,mu2_b,2623.0,2623.0000074422765,7.44227645554929e-06,2.837314699027559e-07
335,mu2_b,2510.0,2510.000002741359,2.7413589123170823e-06,1.0921748654649726e-07
336,mu2_b,2676.0,2675.999990429421,9.570579095452558e-06,3.5764495872393704e-07
337,mu2_b,2330.0,2329.999997415853,2.58414684140007e-06,1.1090758975965961e-07
338,mu2_b,2323.0,2322.9999878260933,1.2173906725365669e-05,5.24059695452676e-07
339,mu2_b,2290.0,2289.9999974488455,2.5511544663459063e-06,1.1140412516794346e-07
340,mu2_b,1793.0,1792.9999979657944,2.0342056359368144e-06,1.134526288866042e-07
466,mu2_b,1011.0,1011.0000091987603,9.198760267281614e-06,9.098674843997631e-07
467,mu2_b,1014.0,1013.9999786720656,2.1327934405235283e-05,2.103346588287501e-06
468,mu2_b,985.0,985.000002813956,2.8139560299678124e-06,2.8568081522515834e-07
469,mu2_b,1141.0,1141.0000112516275,1.1251627483943594e-05,9.861198496006648e-07
470,mu2_b,1429.0,1429.000005062846,5.062845957581885e-06,3.5429292915198615e-07
471,mu2_b,1314.0,1313.999999520646,4.793539574166061e-07,3.6480514263059805e-08
472,mu2_b,1291.0,1290.9999986270973,1.372902715957025e-06,1.0634412981851465e-07
473,mu2_b,1186.0,1186.0000069227106,6.922710554135847e-06,5.837024075999866e-07
474,mu2_b,1178.0,1178.0000087880658,8.788065770204412e-06,7.460157699664181e-07
475,mu2_b,1326.0,1326.0000058869728,5.886972758162301e-06,4.439647630589968e-07
476,mu2_b,1517.0,1516.999989105455,1.0894545084738638e-05,7.181638157375499e-07
477,mu2_b,1411.0,1411.000007147093,7.147092901504948e-06,5.065267825304708e-07
478,mu2_b,1349.0,1349.0000135316916,1.3531691593016149e-05,1.0030905554496768e-06
479,mu2_b,1174.0,1174.0000111265922,1.112659219870693e-05,9.477506131777617e-07
480,mu2_b,1232.0,1232.0000098074026,9.807402648220886e-06,7.960554097581882e-07
481,mu2_b,1705.0,1705.0000103847517,1.0384751703895745e-05,6.090763462695448e-07
482,mu2_b,1616.0,1616.0000140549973,1.4054997336643282e-05,8.697399341982225e-07
483,mu2_b,1500.0,1500.0000179253288,1.7925328847923083e-05,1.1950219231948716e-06
484,mu2_b,1365.0,1365.000018018855,1.80188549165905e-05,1.3200626312520503e-06
485,mu2_b,1357.0,1357.0000130747383,1.3074738262730534e-05,9.63503188115735e-07
555,mu2_b,-1200.0,-1199.9999639405794,3.6059420608580695e-05,3.0049517173817223e-06
638,mu2_b,1907.0,1907.0000021635856,2.163585577363847e-06,1.1345493326501551e-07
639,mu2_b,1537.0,1537.0000032900462,3.2900461519602686e-06,2.1405635341315983e-07
640,mu2_b,1539.0,1539.0000009590078,9.59007820711122e-07,6.231369855172979e-08
641,mu2_b,1535.0,1534.9999993017527,6.98247276886832e-07,4.548842194702486e-08
642,mu2_b,1452.0,1452.0000021106434,2.1106434360262938e-06,1.4536111818362897e-07
643,mu2_b,2057.0,2057.0000100230654,1.0023065442510415e-05,4.872661858293831e-07
644,mu2_b,1730.0,1730.0000136819237,1.3681923746844404e-05,7.908626443262657e-07
645,mu2_b,1528.0,1528.0000131237898,1.3123789813107578e-05,8.588867678735321e-07
646,mu2_b,1406.0,1406.0000031996517,3.1996517009247327e-06,2.2757124473148866e-07
647,mu2_b,1292.0,1291.9999999845934,1.540661287435796e-08,1.1924622967769312e-09
648,mu2_b,1589.0,1589.0000035463365,3.5463365293253446e-06,2.231803983212928e-07
649,mu2_b,1276.0,1276.000009216626,9.216626040142728e-06,7.223061159986459e-07
650,mu2_b,1347.0,1347.0000015234366,1.523436594652594e-06,1.1309848512639889e-07
651,mu2_b,1407.0,1406.9999802158625,1.9784137521128287e-05,1.4061220697319314e-06
652,mu2_b,1418.0,1418.000006380617,6.380616923706839e-06,4.499729847466033e-07
653,mu2_b,1799.0,1798.9999782323162,2.1767683847428998e-05,1.2099879848487485e-06
654,mu2_b,1924.0,1923.999982091435,1.7908565041580005e-05,9.307985988347191e-07
655,mu2_b,1729.0,1728.9999877380155,1.2261984466022113e-05,7.091951686536788e-07
656,mu2_b,1496.0,1495.9999809096273,1.9090372688879143e-05,1.2760944310748082e-06
657,mu2_b,1497.0,1496.9999964227748,3.5772252431343077e-06,2.389596020797799e-07
658,mu2_b,2326.0,2325.9999909259686,9.07403136807261e-06,3.9011312846399857e-07
659,mu2_b,1740.0,1740.0000054630384,5.463038405650877e-06,3.139677244626939e-07
660,mu2_b,1458.0,1457.9999985334816,1.4665183698525652e-06,1.0058425033282334e-07
661,mu2_b,1512.0,1511.9999990426134,9.573866464052116e-07,6.33192226458473e-08
662,mu2_b,1363.0,1363.0000108134107,1.0813410654009203e-05,7.933536796778574e-07
663,mu2_b,2089.0,2088.999981833047,1.8166952941101044e-05,8.696482978028261e-07
664,mu2_b,1790.0,1789.9999783325875,2.1667412511305884e-05,1.210469972698652e-06
665,mu2_b,1747.0,1746.999990921023,9.078976972887176e-06,5.196895805888479e-07
666,mu2_b,1838.0,1837.9999982781148,1.7218851553479908e-06,9.368254381653917e-08
667,mu2_b,1716.0,1716.0000061533165,6.1533164625870995e-06,3.5858487544213847e-07
668,mu2_b,1967.0,1966.9999915195035,8.48049648993765e-06,4.3113861158808574e-07
669,mu2_b,1783.0,1782.9999916959587,8.304041330120526e-06,4.657342305171353e-07
670,mu2_b,1818.0,1818.0000000653572,6.53571987641044e-08,3.595005432568997e-09
671,mu2_b,1870.0,1870.0000025772667,2.5772667413548334e-06,1.3782175087458994e-07
672,mu2_b,1789.0,1788.999989991669,1.0008330946220667e-05,5.594371685981365e-07
673,mu2_b,1691.0,1690.9999939337076,6.066292371542659e-06,3.5873993918052367e-07
674,mu2_b,2005.0,2005.000004764258,4.764257937495131e-06,2.376188497503805e-07
675,mu2_b,1947.0,1947.0000120089348,1.200893484565313e-05,6.167917229405816e-07
676,mu2_b,1978.0,1977.9999979302754,2.0697245872725034e-06,1.046372389925431e-07
677,mu2_b,1781.0,1780.999985385124,1.4614875908591785e-05,8.205994333852766e-07
678,mu2_b,1564.0,1563.9999911327452,8.867254791766754e-06,5.669600250490249e-07
679,mu2_b,1788.0,1787.9999990199021,9.800978659768589e-07,5.481531688908604e-08
680,mu2_b,1728.0,1728.000003026606,3.02660600937088e-06,1.751508107274814e-07
681,mu2_b,1960.0,1960.000001941222,1.9412220808590064e-06,9.904194290096967e-08
682,mu2_b,2059.0,2058.9999776611903,2.2338809685606975e-05,1.0849349045948015e-06
683,mu2_b,1443.0,1442.9999932309827,6.769017318219994e-06,4.6909336924601454e-07
2,mu2_c,639000.0,638999.9999992207,7.792841643095016e-07,1.219537033348203e-10
3,mu2_c,546000.0,546000.0000006291,6.291083991527557e-07,1.1522131852614574e-10
5,mu2_c,9800000.0,9799999.99999962,3.7997961044311523e-07,3.877342963705257e-12
23,mu2_c,879000.0,878999.9999997874,2.1257437765598297e-07,2.4183660711715925e-11
30,mu2_c,27700000.0,27699999.999999877,1.2293457984924316e-07,4.438071474701919e-13
67,mu2_c,4.0987,4.09870005959904,5.959904036956232e-08,1.4540961858527771e-06
68,mu2_c,0.0,-3.079362880353741e-08,3.079362880353741e-08,3079362.8803537413
71,mu2_c,0.0,-3.580576336262117e-08,3.580576336262117e-08,3580576.3362621167
73,mu2_c,0.0,-4.9794495559146034e-08,4.9794495559146034e-08,4979449.555914604
76,mu2_c,0.0,-5.231446275270251e-08,5.231446275270251e-08,5231446.275270251
79,mu2_c,0.0,-1.4727775816690575e-08,1.4727775816690575e-08,1472777.5816690575
83,mu2_c,0.0,-1.859822416348392e-08,1.859822416348392e-08,1859822.4163483921
85,mu2_c,0.0,4.566775567456089e-08,4.566775567456089e-08,4566775.567456089
87,mu2_c,0.0,6.885542019541485e-08,6.885542019541485e-08,6885542.019541485
246,mu2_c,0.0,-5.233934717294027e-09,5.233934717294027e-09,523393.4717294027
247,mu2_c,0.0,-2.984782148846466e-08,2.984782148846466e-08,2984782.148846466
248,mu2_c,0.0,-4.292522987604664e-08,4.292522987604664e-08,4292522.987604664
249,mu2_c,0.0,-4.442221741261228e-08,4.442221741261228e-08,4442221.741261228
250,mu2_c,0.0,-5.4615373584305316e-08,5.4615373584305316e-08,5461537.358430532
251,mu2_c,0.0,-2.2769117879635296e-08,2.2769117879635296e-08,2276911.7879635296
253,mu2_c,0.0,-3.393752629693186e-08,3.393752629693186e-08,3393752.6296931854
255,mu2_c,0.0,3.5815559901875925e-08,3.5815559901875925e-08,3581555.9901875923
257,mu2_c,0.0,3.960439529493922e-08,3.960439529493922e-08,3960439.529493922
262,mu2_c,0.0,-1.1330745387172899e-07,1.1330745387172899e-07,11330745.387172898
263,mu2_c,0.0,-1.1840558037040292e-08,1.1840558037040292e-08,1184055.8037040294
264,mu2_c,0.0,-8.536235686999092e-09,8.536235686999092e-09,853623.5686999091
265,mu2_c,0.0,5.387285434860047e-09,5.387285434860047e-09,538728.5434860047
267,mu2_c,0.0,-2.2976323017858856e-08,2.2976323017858856e-08,2297632.301785886
269,mu2_c,0.0,-3.74816836479589e-09,3.74816836479589e-09,374816.83647958905
270,mu2_c,0.0,1.8407714120595353e-08,1.8407714120595353e-08,1840771.4120595353
273,mu2_c,0.0,2.187107813007942e-08,2.187107813007942e-08,2187107.8130079424
275,mu2_c,0.0,8.488285811818317e-08,8.488285811818317e-08,8488285.811818317
278,mu2_c,0.0,1.6455563325111565e-07,1.6455563325111565e-07,16455563.325111564
281,mu2_c,0.0,1.1909319509918692e-07,1.1909319509918692e-07,11909319.509918693
282,mu2_c,0.0,9.034653226324236e-08,9.034653226324236e-08,9034653.226324236
284,mu2_c,0.0,5.7727338601307286e-08,5.7727338601307286e-08,5772733.860130729
286,mu2_c,0.0,7.655060844343549e-09,7.655060844343549e-09,765506.0844343549
288,mu2_c,0.0,-2.2556315586812963e-08,2.2556315586812963e-08,2255631.558681296
289,mu2_c,0.0,-1.2577687662509716e-08,1.2577687662509716e-08,1257768.7662509717
290,mu2_c,0.0,1.6606863081859968e-08,1.6606863081859968e-08,1660686.3081859967
291,mu2_c,0.0,3.1054788678522632e-09,3.1054788678522632e-09,310547.88678522635
293,mu2_c,0.0,2.046105481851848e-08,2.046105481851848e-08,2046105.481851848
295,mu2_c,0.0,-4.801487986160899e-09,4.801487986160899e-09,480148.7986160899
298,mu2_c,0.0,2.286575423537245e-09,2.286575423537245e-09,228657.54235372454
300,mu2_c,0.0,-3.5611523324578213e-09,3.5611523324578213e-09,356115.23324578215
302,mu2_c,0.0,-2.2864517772653166e-08,2.2864517772653166e-08,2286451.7772653163
304,mu2_c,0.0,1.3623212216553956e-09,1.3623212216553956e-09,136232.12216553956
307,mu2_c,0.0,7.926576751077977e-08,7.926576751077977e-08,7926576.751077978
309,mu2_c,0.0,1.334826718746341e-07,1.334826718746341e-07,13348267.18746341
311,mu2_c,0.0,1.297958468397098e-07,1.297958468397098e-07,12979584.68397098
313,mu2_c,0.0,-2.116537887277932e-08,2.116537887277932e-08,2116537.8872779324
314,mu2_c,0.0,-2.462585870854351e-08,2.462585870854351e-08,2462585.870854351
315,mu2_c,0.0,-3.4122953711241465e-08,3.4122953711241465e-08,3412295.3711241465
316,mu2_c,0.0,-1.0624872155269388e-08,1.0624872155269388e-08,1062487.2155269387
317,mu2_c,0.0,2.7944524834448804e-08,2.7944524834448804e-08,2794452.4834448807
319,mu2_c,0.0,3.742286660450952e-08,3.742286660450952e-08,3742286.6604509526
322,mu2_c,0.0,8.94082621774413e-08,8.94082621774413e-08,8940826.21774413
324,mu2_c,0.0,1.6658845006781004e-07,1.6658845006781004e-07,16658845.006781004
325,mu2_c,0.0,2.0173765173980708e-07,2.0173765173980708e-07,20173765.17398071
326,mu2_c,0.0,1.329800153298543e-07,1.329800153298543e-07,13298001.53298543
327,mu2_c,0.0,6.250253189435782e-08,6.250253189435782e-08,6250253.189435782
328,mu2_c,0.0,6.078414060030778e-08,6.078414060030778e-08,6078414.060030778
329,mu2_c,0.0,-7.792919324476715e-07,7.792919324476715e-07,77929193.24476714
330,mu2_c,0.0,1.0285652713872445e-09,1.0285652713872445e-09,102856.52713872444
332,mu2_c,0.0,-3.720958322962319e-08,3.720958322962319e-08,3720958.322962319
333,mu2_c,0.0,5.333508949020858e-09,5.333508949020858e-09,533350.8949020858
335,mu2_c,0.0,-3.0401892362857865e-09,3.0401892362857865e-09,304018.92362857866
336,mu2_c,0.0,-7.20463691675501e-08,7.20463691675501e-08,7204636.91675501
337,mu2_c,0.0,-7.750271095015845e-09,7.750271095015845e-09,775027.1095015845
338,mu2_c,0.0,-5.0094773225291874e-08,5.0094773225291874e-08,5009477.322529188
339,mu2_c,0.0,-4.7012148583457e-09,4.7012148583457e-09,470121.48583457
340,mu2_c,0.0,4.3687189881222225e-08,4.3687189881222225e-08,4368718.988122223
466,mu2_c,0.0,5.781839520509977e-08,5.781839520509977e-08,5781839.520509977
467,mu2_c,0.0,-6.080866446819966e-08,6.080866446819966e-08,6080866.446819966
468,mu2_c,0.0,3.7171680933877145e-08,3.7171680933877145e-08,3717168.0933877146
469,mu2_c,0.0,5.839826526753224e-08,5.839826526753224e-08,5839826.526753224
470,mu2_c,0.0,1.0439665059680964e-08,1.0439665059680964e-08,1043966.5059680964
471,mu2_c,0.0,1.8580795518273583e-09,1.8580795518273583e-09,185807.95518273584
472,mu2_c,0.0,-9.824008999969284e-10,9.824008999969284e-10,98240.08999969283
473,mu2_c,0.0,3.9587412356085724e-08,3.9587412356085724e-08,3958741.2356085726
474,mu2_c,0.0,4.7700374352347307e-08,4.7700374352347307e-08,4770037.435234731
475,mu2_c,0.0,2.4128488104086174e-08,2.4128488104086174e-08,2412848.8104086174
476,mu2_c,0.0,-4.226958779195621e-08,4.226958779195621e-08,4226958.779195621
477,mu2_c,0.0,2.935674881296593e-08,2.935674881296593e-08,2935674.8812965928
478,mu2_c,0.0,5.758143780497022e-08,5.758143780497022e-08,5758143.780497022
479,mu2_c,0.0,6.163782846784086e-08,6.163782846784086e-08,6163782.846784086
480,mu2_c,0.0,5.0084143653964317e-08,5.0084143653964317e-08,5008414.365396432
481,mu2_c,0.0,4.7084745149652454e-08,4.7084745149652454e-08,4708474.5149652455
482,mu2_c,0.0,5.644796836166768e-08,5.644796836166768e-08,5644796.836166768
483,mu2_c,0.0,7.094712752180654e-08,7.094712752180654e-08,7094712.752180655
484,mu2_c,0.0,7.62577608898677e-08,7.62577608898677e-08,7625776.08898677
485,mu2_c,0.0,5.273072368362771e-08,5.273072368362771e-08,5273072.36836277
555,mu2_c,1350000.0,1350000.0000004151,4.1513703763484955e-07,3.075089167665552e-11
638,mu2_c,0.0,2.5597567038453284e-08,2.5597567038453284e-08,2559756.7038453287
639,mu2_c,0.0,4.782393436272238e-08,4.782393436272238e-08,4782393.436272238
640,mu2_c,0.0,1.9346769804963015e-08,1.9346769804963015e-08,1934676.9804963013
641,mu2_c,0.0,-4.031387302216345e-09,4.031387302216345e-09,403138.73022163456
642,mu2_c,0.0,6.6661678573006395e-09,6.6661678573006395e-09,666616.7857300639
643,mu2_c,0.0,4.27061966247245e-08,4.27061966247245e-08,4270619.66247245
644,mu2_c,0.0,7.467436325034508e-08,7.467436325034508e-08,7467436.325034508
645,mu2_c,0.0,7.474497872753131e-08,7.474497872753131e-08,7474497.872753131
646,mu2_c,0.0,3.009775722168222e-08,3.009775722168222e-08,3009775.722168222
647,mu2_c,0.0,1.2734314549629046e-08,1.2734314549629046e-08,1273431.4549629046
648,mu2_c,0.0,6.169587311199026e-08,6.169587311199026e-08,6169587.311199026
649,mu2_c,0.0,8.795394316920105e-08,8.795394316920105e-08,8795394.316920105
650,mu2_c,0.0,3.4205604435551477e-08,3.4205604435551477e-08,3420560.443555148
651,mu2_c,0.0,-6.981459362600812e-08,6.981459362600812e-08,6981459.362600812
652,mu2_c,0.0,2.1442630096665402e-08,2.1442630096665402e-08,2144263.00966654
653,mu2_c,0.0,-5.972888472228189e-08,5.972888472228189e-08,5972888.472228189
654,mu2_c,0.0,-7.679458648902312e-08,7.679458648902312e-08,7679458.648902312
655,mu2_c,0.0,-5.673124393719303e-08,5.673124393719303e-08,5673124.3937193025
656,mu2_c,0.0,-7.640217622224564e-08,7.640217622224564e-08,7640217.622224564
657,mu2_c,0.0,-2.406681988851897e-08,2.406681988851897e-08,2406681.988851897
658,mu2_c,0.0,-6.401399655594464e-08,6.401399655594464e-08,6401399.655594464
659,mu2_c,0.0,2.4449226336472452e-08,2.4449226336472452e-08,2444922.6336472454
660,mu2_c,0.0,8.756919099824303e-09,8.756919099824303e-09,875691.9099824303
661,mu2_c,0.0,-7.4054213715326035e-09,7.4054213715326035e-09,740542.1371532604
662,mu2_c,0.0,4.504258577010316e-08,4.504258577010316e-08,4504258.577010316
663,mu2_c,0.0,-7.600564731230175e-08,7.600564731230175e-08,7600564.731230175
664,mu2_c,0.0,-7.365964919802631e-08,7.365964919802631e-08,7365964.91980263
665,mu2_c,0.0,-4.296881076499834e-08,4.296881076499834e-08,4296881.076499834
666,mu2_c,0.0,-3.2753272140918605e-08,3.2753272140918605e-08,3275327.21409186
667,mu2_c,0.0,-8.654865139305772e-09,8.654865139305772e-09,865486.5139305772
668,mu2_c,0.0,-2.6077374075987467e-08,2.6077374075987467e-08,2607737.407598747
669,mu2_c,0.0,-2.6451435744960467e-08,2.6451435744960467e-08,2645143.574496047
670,mu2_c,0.0,-1.1795410600253365e-08,1.1795410600253365e-08,1179541.0600253365
671,mu2_c,0.0,-1.916045738634128e-08,1.916045738634128e-08,1916045.738634128
672,mu2_c,0.0,-6.755228651885924e-08,6.755228651885924e-08,6755228.651885925
673,mu2_c,0.0,-5.060604747669604e-08,5.060604747669604e-08,5060604.747669604
674,mu2_c,0.0,2.2551745354868242e-08,2.2551745354868242e-08,2255174.5354868243
675,mu2_c,0.0,3.157087284068172e-08,3.157087284068172e-08,3157087.284068172
676,mu2_c,0.0,-4.74824429255546e-08,4.74824429255546e-08,4748244.29255546
677,mu2_c,0.0,-9.121488385152867e-08,9.121488385152867e-08,9121488.385152867
678,mu2_c,0.0,-5.264083602957606e-08,5.264083602957606e-08,5264083.602957606
679,mu2_c,0.0,2.114457854061696e-08,2.114457854061696e-08,2114457.8540616957
680,mu2_c,0.0,1.8644643432933238e-08,1.8644643432933238e-08,1864464.3432933239
681,mu2_c,0.0,-1.9895462506229495e-08,1.9895462506229495e-08,1989546.2506229496
682,mu2_c,0.0,-1.440099201594385e-07,1.440099201594385e-07,14400992.01594385
683,mu2_c,0.0,-3.419526681240772e-08,3.419526681240772e-08,3419526.681240772
2,k_a,0.801,0.8013440580439812,0.000344058043981188,0.04295356354316585
3,k_a,0.568,0.5696076127168859,0.00160761271688592,0.28303040790195244
4,k_a,0.667,0.6680707375554372,0.0010707375554371845,0.16053036813127125
7,k_a,0.566,0.5718451049833906,0.0058451049833906366,1.0327040606678994
8,k_a,0.855,0.8500603794284293,0.004939620571570713,0.5777334001830334
11,k_a,0.882,0.8814481379394702,0.0005518620605298175,0.0625693946178222
12,k_a,1.88,1.874558724240249,0.005441275759750841,0.2894295616887206
13,k_a,0.224,0.22746054500998336,0.003460545009983357,1.5448861651642445
14,k_a,0.867,0.8670063778034318,6.377803431822926e-06,0.0007356174661840335
15,k_a,0.712,0.7130273383700991,0.0010273383700991623,0.144289096923837
16,k_a,1.26,1.2598165743303276,0.00018342566967244345,0.01455759283113475
23,k_a,0.516,0.5178896077511823,0.0018896077511822984,0.3662030525539993
24,k_a,0.517,0.5188567747124997,0.0018567747124996759,0.3591440449702291
61,k_a,0.505,0.5069361823162915,0.001936182316291446,0.3834024388688341
139,k_a,1.1,1.0987224880247624,0.0012775119752377329,0.11613745229423375
555,k_a,1.24,1.2379633691967487,0.002036630803251338,0.1642444196169109
790,k_a,1.16,1.168114357691508,0.008114357691508145,0.6995135940949267
793,k_a,1.24,1.230029788134034,0.009970211865965917,0.804049344028861
2,k_b,-2.12e-06,-2.9143887200106433e-05,2.7023887200106433e-05,1274.7110591035776
3,k_b,-0.000115,-0.0001251283448116667,1.0128344811666696e-05,8.807256281386204
4,k_b,-6.04e-05,-7.87006793675311e-05,1.8300679367531108e-05,30.299137524072403
7,k_b,-0.00017,-0.00021466321486265333,4.466321486265332e-05,26.272479176428547
8,k_b,-0.000254,-0.00021985575466885212,3.414424533114787e-05,13.442616219181774
11,k_b,-0.00029,-0.0002427214285845723,4.7278571415427715e-05,16.302955604275226
12,k_b,-0.000399,-0.0003462709509009333,5.272904909906672e-05,13.21530049296083
13,k_b,-2e-05,-5.206150950412428e-05,3.206150950412428e-05,160.30753950524442
14,k_b,-0.000141,-0.0001484859009224334,7.48590092243339e-06,5.309149552724747
15,k_b,-0.00018,-0.00019952323308955783,1.9523233089557823e-05,10.846240545053009
16,k_b,-0.00028,-0.0003050318217564882,2.5031821756488226e-05,8.939936309674595
23,k_b,-0.000118,-0.00012767931374181094,9.679313741810946e-06,8.202808186256666
24,k_b,-7.25e-05,-8.621972189778386e-05,1.3719721897783856e-05,18.92375408075354
61,k_b,-0.0001,-0.0001056636075262167,5.663607526216701e-06,5.6636074695806276
555,k_b,-0.000538,-0.0004848149639620033,5.318503603799667e-05,9.885694412479504
0,cp_a,125.52,121.93125385098718,3.5887461490128203,2.85910305052007
2,cp_a,51.1,61.28584344347094,10.185843443470937,19.933157423621793
3,cp_a,102.533,103.49878258545735,0.9657825854573474,0.9419236591705481
4,cp_a,99.914,101.34927442936059,1.4352744293605895,1.436509827812494
7,cp_a,73.59656,76.0709676538257,2.4744076538257076,3.3621240637139485
8,cp_a,71.965,75.36614662369311,3.4011466236931085,4.726112170767819
10,cp_a,135.0,142.5801837998884,7.5801837998884025,5.614950962880257
11,cp_a,73.3832,76.85375765245628,3.4705576524562787,4.72936265038351
12,cp_a,64.183,70.85608151912074,6.6730815191207284,10.396961063086213
13,cp_a,92.048,94.58962293234961,2.541622932349611,2.7611929996844946
15,cp_a,77.7638,79.87906077009214,2.115260770092135,2.720109832714075
16,cp_a,72.989,75.33372310020182,2.3447231002018185,3.2124335176557923
18,cp_a,184.0,148.9914702560315,35.008529743968495,19.02637486085234
21,cp_a,144.0,131.71002270921483,12.289977290785174,8.534706451934088
22,cp_a,130.0,141.9617127452198,11.961712745219813,9.201317496322863
27,cp_a,150.0,142.45668383891396,7.5433161610860395,5.028877440723993
29,cp_a,130.0,139.64295551644494,9.642955516444943,7.417658089572976
30,cp_a,174.74,162.76170126850934,11.978298731490668,6.854926594649536
61,cp_a,76.7,83.37674298303688,6.676742983036874,8.705010408131406
108,cp_a,70.9,80.47179851955914,9.571798519559138,13.500421043101555
139,cp_a,79.9,86.3544708115841,6.454470811584088,8.07818624728912
141,cp_a,117.0,119.1114708040918,2.1114708040917947,1.8046759009331426
345,cp_a,125.0,120.14333914355359,4.85666085644641,3.8853286851570976
555,cp_a,40.3,52.42188950857596,12.121889508575961,30.07913029423241
767,cp_a,116.0,115.51669031494413,0.4833096850558718,0.41664628022057554
784,cp_a,147.0,140.21370742846972,6.786292571530282,4.616525558864106
785,cp_a,108.0,110.20353697567155,2.203536975671554,2.0403120145106795
786,cp_a,133.0,132.2174259768916,0.7825740231083955,0.5884015211341276
788,cp_a,170.0,158.69237023040716,11.307629769592836,6.651546923289865
796,cp_a,82.0,86.80391472751643,4.803914727516428,5.858432594532158
798,cp_a,127.0,122.22128719572915,4.778712804270853,3.7627659876148156
2,cp_b,0.0346,0.034599956127010265,4.3872989734239365e-08,0.00012680054836118891
11,cp_b,-0.0094726,-0.009472606501817025,6.501817025744705e-09,6.863814607455529e-05
15,cp_b,-0.0075312,-0.00753121096507221,1.0965072209587201e-08,0.000145595286383727
18,cp_b,-0.00444,-0.004439976908867405,2.3091132595430552e-08,0.0005200705538340054
61,cp_b,0.00849,0.008489958291686996,4.1708313002972175e-08,0.0004912639929100063
141,cp_b,-0.0479,-0.04789983566564564,1.6433435436058463e-07,0.00034307798404416257
345,cp_b,-0.0666,-0.06659997758952188,2.241047812601149e-08,3.364936655506756e-05
555,cp_b,0.0439,0.043899948480884576,5.151911542516929e-08,0.00011735561599999029
784,cp_b,-0.0396,-0.039599850843538564,1.4915646143892625e-07,0.00037665773089686785
786,cp_b,-0.0283,-0.02830020866369856,2.0866369856292755e-07,0.0007373275567334074
788,cp_b,-0.0646,-0.064599903057113,9.694288700956566e-08,0.00015006638855737613
798,cp_b,-0.0437,-0.04370014674710972,1.4674710971385174e-07,0.00033580574304460794
